OBJECTID,ULAND,UREGBEZ,UKREIS,UGEMEINDE,UJAHR,UMONAT,USTUNDE,UWOCHENTAG,UKATEGORIE,UART,UTYP1,ULICHTVERH,IstRad,IstPKW,IstFuss,IstKrad,IstGkfz,IstSonstig,LINREFX,LINREFY,XGCSWGS84,YGCSWGS84,STRZUSTAND,Teilnehmer,color,symbol
53125,9,1,77,117,2019,1,6,6,3,6,2,1,0,1,1,0,0,0,"714495,000969","5355416,92659","11,893267963","48,315527533",1,2,#fc8d62,car
53127,9,1,77,115,2019,1,13,6,3,4,6,0,0,1,0,0,0,0,"728797,027993","5353197,73994","12,084700097","48,290579583",1,2,#fc8d62,car
53128,9,1,62,0,2019,1,7,5,3,5,3,1,1,1,0,0,0,0,"692035,115879","5340944,78984","11,584085407","48,192677234",0,1,#66c2a5,bicycle
53129,9,1,62,0,2019,1,22,5,1,9,1,2,0,0,0,1,0,0,"693297,435339","5338594,9866","11,599984545","48,17117517",1,4,#e78ac3,marker
53131,9,1,84,119,2019,1,7,5,3,6,4,0,0,1,1,0,0,0,"696494,718303","5346840,04404","11,646761119","48,244295335",0,2,#fc8d62,car
53133,9,1,84,142,2019,1,17,5,3,4,6,2,0,1,0,0,0,0,"683030,845186","5316702,37908","11,452651674","47,977426737",1,2,#fc8d62,car
53134,9,1,62,0,2019,1,19,5,3,2,6,2,0,1,0,0,0,0,"693439,756241","5337350,64512","11,601330844","48,159948178",1,2,#fc8d62,car
53135,9,1,84,119,2019,1,17,5,3,3,6,1,0,1,0,0,0,0,"695890,528074","5346869,28151","11,638645247","48,244745068",0,2,#fc8d62,car
53137,9,1,62,0,2019,1,11,5,3,5,2,0,0,1,0,0,0,0,"686253,267517","5331794,80819","11,502356958","48,112155979",0,2,#fc8d62,car
53138,9,1,84,145,2019,1,17,5,3,2,6,2,0,1,0,0,0,0,"694314,188183","5323242,64722","11,606655812","48,032883236",1,2,#fc8d62,car
53146,9,7,62,0,2019,1,8,5,2,4,7,0,0,1,0,0,0,0,"623276,054","5306198,699","10,649344535","47,897267738",1,2,#fc8d62,car
53147,9,7,62,0,2019,1,14,5,3,5,3,0,0,1,0,0,0,1,"622750,378035","5303673,50929","10,641596406","47,874657809",0,2,#fc8d62,car
53150,9,1,84,114,2019,1,14,7,3,2,6,0,0,1,0,0,0,0,"700266,803176","5317552,4521","11,683762315","47,979905141",0,2,#fc8d62,car
53151,9,7,73,182,2019,1,7,5,2,4,6,0,0,1,0,0,0,0,"623436,331039","5379296,283","10,672778747","48,554606547",2,2,#fc8d62,car
53152,9,7,72,163,2019,1,19,5,3,9,7,2,0,1,0,0,0,0,"638513,367364","5347472,83922","10,866486524","48,265309468",1,2,#fc8d62,car
53154,9,7,61,0,2019,1,18,5,3,1,6,2,0,1,0,0,0,0,"642119,228028","5362188,98622","10,920010981","48,396832768",0,2,#fc8d62,car
53156,9,7,72,159,2019,1,11,5,3,2,6,0,0,1,0,0,0,0,"621644,431593","5361570,24046","10,643348405","48,395551334",1,2,#fc8d62,car
53158,9,7,72,177,2019,1,14,5,3,5,3,0,0,1,0,0,0,0,"636852,257","5378576,699","10,854257211","48,545352027",1,2,#fc8d62,car
53166,9,1,81,127,2019,1,8,7,3,8,1,0,0,1,0,0,0,0,"636794,886745","5328835,64476","10,83734145","48,098092527",1,2,#fc8d62,car
53184,9,1,62,0,2019,1,23,6,3,4,2,2,0,1,0,0,0,0,"686248,276123","5331794,63676","11,502289889","48,112155898",2,2,#fc8d62,car
53208,9,1,73,126,2019,1,18,5,3,2,6,2,0,1,0,0,0,0,"683718,955785","5306189,70112","11,457380157","47,882731116",1,2,#fc8d62,car
53213,9,1,84,114,2019,1,6,5,2,3,7,2,0,1,0,0,1,1,"699221,123393","5320377,11166","11,671075771","48,005617947",0,2,#fc8d62,car
53215,9,1,87,124,2019,1,9,5,2,8,1,0,0,1,0,0,0,0,"735836,197445","5328701,26677","12,16586336","48,067942246",0,2,#fc8d62,car
53219,9,1,87,179,2019,1,7,5,3,5,3,0,0,1,0,0,0,0,"722966,122798","5312787,30555","11,985079105","47,929584525",0,2,#fc8d62,car
53227,9,1,74,146,2019,1,18,5,3,2,6,2,0,1,0,0,0,0,"666588,508576","5351045,79881","11,245934738","48,290669487",0,2,#fc8d62,car
53228,9,1,74,146,2019,1,16,5,3,2,6,1,0,1,0,0,0,0,"666680,479873","5351007,21742","11,247158473","48,290298434",1,2,#fc8d62,car
53230,9,1,62,0,2019,1,10,5,2,9,1,0,0,1,0,0,0,0,"680656,998189","5339418,20549","11,430476078","48,182293637",0,2,#fc8d62,car
53232,9,1,74,146,2019,1,16,5,3,2,6,2,0,1,0,0,0,0,"665388,659106","5351545,05971","11,229966748","48,295472467",2,2,#fc8d62,car
53233,9,1,79,142,2019,1,19,5,3,4,2,2,0,1,0,0,0,0,"670855,191","5341470,643","11,299546245","48,203455942",2,2,#fc8d62,car
53236,9,1,81,141,2019,1,9,5,3,5,2,0,0,1,0,0,0,0,"643866,263","5319447,194","10,929107927","48,012114277",1,2,#fc8d62,car
53237,9,1,88,120,2019,1,13,5,2,6,4,0,0,1,1,0,0,0,"677259,667788","5326487,68416","11,379433715","48,067015478",0,2,#fc8d62,car
53238,9,1,81,135,2019,1,9,7,3,4,6,0,0,1,0,0,0,0,"643968,027794","5309402,723","10,927107621","47,921770121",2,2,#fc8d62,car
53239,9,1,75,132,2019,1,1,5,3,9,1,2,0,1,0,0,0,0,"705180,043744","5335806,25991","11,758282517","48,14238989",0,2,#fc8d62,car
53240,9,1,77,113,2019,1,8,5,3,9,1,0,0,1,0,0,0,0,"725219,803943","5355581,18225","12,037813478","48,313275377",0,2,#fc8d62,car
53242,9,1,62,0,2019,1,12,4,3,2,6,0,0,1,0,0,0,0,"693815,859","5336968,179","11,606208933","48,156396191",0,2,#fc8d62,car
53244,9,1,84,135,2019,1,18,4,3,4,2,2,0,1,0,0,0,0,"692108,729478","5344756,41148","11,586800818","48,226912621",0,2,#fc8d62,car
53245,9,1,62,0,2019,1,17,4,3,0,7,2,1,0,1,0,0,0,"687296,903374","5335089,79845","11,517812508","48,141466281",0,1,#66c2a5,bicycle
53247,9,1,62,0,2019,1,14,4,3,5,3,0,0,1,0,0,0,0,"682554,284319","5341773,71947","11,456989672","48,202924115",0,2,#fc8d62,car
53257,9,7,61,0,2019,1,17,4,3,2,6,2,0,1,0,0,0,0,"639768,279696","5352879,52437","10,885176326","48,313649977",0,2,#fc8d62,car
53258,9,7,71,122,2019,1,19,4,3,2,3,2,0,1,0,0,0,0,"652462,994564","5362333,42055","11,059715523","48,395715221",0,2,#fc8d62,car
53271,9,7,72,147,2019,1,14,6,3,2,6,0,0,1,0,0,0,0,"638512,68637","5363997,38332","10,87191132","48,413895999",0,2,#fc8d62,car
53280,9,2,61,0,2019,1,20,7,3,0,1,2,1,0,0,0,0,0,"731674,333901","5379743,87999","12,138085263","48,527999772",0,1,#66c2a5,bicycle
53294,9,1,73,147,2019,1,7,6,3,2,6,1,0,1,0,0,0,0,"682478,513438","5307589,80588","11,441395719","47,895670683",1,2,#fc8d62,car
53314,9,2,74,126,2019,1,19,4,3,5,3,2,0,1,0,0,1,0,"731900,795","5383988,756","12,143510973","48,566046966",2,2,#fc8d62,car
53315,9,1,85,158,2019,1,16,7,3,5,3,0,0,1,0,1,0,0,"667081,529486","5382284,82833","11,265029066","48,571363103",1,2,#fc8d62,car
53317,9,1,73,118,2019,1,7,4,3,8,1,1,0,1,0,0,0,0,"688977,026047","5306194,81091","11,527643262","47,881250934",2,2,#fc8d62,car
53325,9,1,84,114,2019,1,12,4,2,2,6,0,0,1,0,0,0,0,"701803,788298","5313188,27533","11,702287995","47,940200429",0,2,#fc8d62,car
53326,9,1,87,177,2019,1,7,4,3,2,6,2,0,1,0,0,0,0,"735947,740001","5305600,19621","12,154683773","47,860371703",0,2,#fc8d62,car
53328,9,1,87,167,2019,1,11,4,3,5,3,0,0,1,0,0,1,0,"742004,588701","5305231,85942","12,235327538","47,854810681",1,2,#fc8d62,car
53330,9,1,87,122,2019,1,16,4,3,5,3,2,0,1,0,0,0,0,"719700,043554","5305384,50676","11,937644337","47,864194404",0,2,#fc8d62,car
53332,9,1,74,111,2019,1,10,7,3,9,1,0,0,1,0,0,0,0,"663535,860686","5362175,93016","11,209132547","48,391525139",2,2,#fc8d62,car
53334,9,1,62,0,2019,1,6,4,3,3,1,2,0,1,0,0,0,0,"680793,201","5339316,883","11,432263663","48,181344128",2,2,#fc8d62,car
53336,9,1,79,123,2019,1,8,4,3,1,6,0,0,1,0,0,0,1,"677368,355483","5332261,5053","11,383289927","48,118887623",2,2,#fc8d62,car
53338,9,1,74,122,2019,1,11,4,3,0,1,0,1,0,0,0,0,0,"684203,095876","5352577,9322","11,483860956","48,299559871",0,1,#66c2a5,bicycle
53339,9,1,78,142,2019,1,16,4,2,9,1,1,0,1,0,0,0,0,"712083,689419","5378299,42411","11,872354092","48,521945828",2,2,#fc8d62,car
53340,9,1,77,133,2019,1,7,4,3,3,3,0,0,1,0,0,1,0,"713380,700585","5354432,62228","11,877759452","48,307060156",2,2,#fc8d62,car
53342,9,1,84,135,2019,1,17,3,3,6,2,2,0,1,1,0,0,0,"689797,40507","5348163,42069","11,557237384","48,25823001",0,2,#fc8d62,car
53343,9,1,62,0,2019,1,9,3,3,2,6,0,0,1,0,0,0,1,"694995,28","5332997,891","11,620233608","48,12035251",1,2,#fc8d62,car
53345,9,1,62,0,2019,1,15,3,3,1,6,0,0,1,0,0,0,0,"688674,119467","5335987,31966","11,536705259","48,149126422",0,2,#fc8d62,car
53346,9,1,62,0,2019,1,7,3,2,3,2,0,1,0,0,0,1,0,"681977,774714","5335422,21297","11,446518695","48,145997886",0,1,#66c2a5,bicycle
53347,9,1,62,0,2019,1,13,3,3,2,6,0,0,1,0,0,1,1,"692606,504044","5339154,1322","11,590954254","48,176410351",0,2,#fc8d62,car
53348,9,1,62,0,2019,1,16,3,3,5,2,0,1,1,0,0,0,0,"692105,638606","5341874,99307","11,58545427","48,201016303",0,1,#66c2a5,bicycle
53355,9,7,73,182,2019,1,18,3,3,6,2,2,0,1,1,0,0,0,"624591,657866","5379768,7522","10,688569826","48,558626688",1,2,#fc8d62,car
53357,9,7,72,223,2019,1,21,3,3,9,1,2,0,1,0,0,0,0,"618365,766585","5364682,03373","10,599951527","48,424159798",0,2,#fc8d62,car
53359,9,7,71,113,2019,1,16,3,2,4,1,1,0,1,0,0,1,0,"658801,24711","5369354,01679","11,147940832","48,457267485",0,2,#fc8d62,car
53363,9,7,72,223,2019,1,14,7,2,4,6,0,0,1,0,0,0,0,"620725,976256","5361662,36866","10,630972322","48,396556356",1,2,#fc8d62,car
53386,9,1,81,145,2019,1,11,7,3,2,6,0,0,1,0,0,0,0,"643571,875946","5331703,13789","10,929278636","48,12238575",1,2,#fc8d62,car
53406,9,1,62,0,2019,1,16,6,3,2,6,2,0,1,0,0,1,0,"687524,401264","5340447,08045","11,523229863","48,189551597",0,2,#fc8d62,car
53414,9,2,74,126,2019,1,18,3,3,1,5,2,0,1,0,0,0,0,"734199,215362","5384291,28241","12,174787677","48,567910111",1,2,#fc8d62,car
53420,9,1,90,159,2019,1,17,3,3,5,3,1,0,1,0,0,0,0,"663276,334059","5305794,85164","11,18401365","47,884706127",0,2,#fc8d62,car
53424,9,7,72,111,2019,1,3,6,3,2,6,2,0,1,0,0,0,0,"626073,422783","5364198,16574","10,703944054","48,418313145",1,2,#fc8d62,car
53425,9,1,82,133,2019,1,4,3,3,8,1,2,0,0,0,0,1,0,"704934,600374","5307408,4411","11,74141527","47,887263405",0,5,#a6d854,bus
53426,9,1,87,174,2019,1,17,3,2,6,4,1,0,1,1,0,0,0,"740408,630861","5312516,60647","12,218081733","47,920849734",0,2,#fc8d62,car
53435,9,1,81,123,2019,1,20,3,3,5,3,2,0,1,0,0,0,0,"656008,787","5326792,067","11,094495972","48,075304136",2,2,#fc8d62,car
53436,9,1,62,0,2019,1,21,3,3,8,1,2,0,1,0,0,0,0,"694556,275234","5341791,84667","11,61836254","48,199522867",1,2,#fc8d62,car
53439,9,1,78,138,2019,1,13,3,2,4,6,0,0,1,0,0,1,0,"711085,82586","5368426,47132","11,85387285","48,433571183",0,2,#fc8d62,car
53441,9,1,62,0,2019,1,17,2,3,5,3,2,0,1,0,0,0,0,"695441,324019","5329906,23203","11,624804613","48,09242928",1,2,#fc8d62,car
53447,9,7,78,203,2019,1,14,2,3,2,6,0,0,1,0,0,0,0,"620980,445","5322137,505","10,623130406","48,041052444",0,2,#fc8d62,car
53454,9,1,63,0,2019,1,16,6,3,2,6,0,0,1,0,0,0,0,"730993,809403","5303260,90181","12,087300091","47,841154531",0,2,#fc8d62,car
53456,9,7,61,0,2019,1,20,2,3,9,1,2,0,1,0,0,0,0,"643424,439427","5363347,97982","10,938029742","48,406958213",1,2,#fc8d62,car
53458,9,7,71,130,2019,1,18,2,3,0,1,2,0,1,0,0,0,0,"644842,64175","5358490,93434","10,955507401","48,362962614",1,2,#fc8d62,car
53460,9,7,71,113,2019,1,6,2,3,2,5,2,0,1,0,0,1,0,"658440,812165","5367467,93918","11,142355484","48,440402163",1,2,#fc8d62,car
53468,9,1,63,0,2019,1,7,6,3,2,6,0,0,1,0,0,0,0,"732602,65143","5306843,32267","12,110696523","47,872759601",1,2,#fc8d62,car
53471,9,1,88,127,2019,1,0,7,2,4,2,2,0,1,0,0,0,0,"672532,548245","5327800,41842","11,31656393","48,080112677",1,2,#fc8d62,car
53499,9,1,78,124,2019,2,11,1,3,0,1,0,0,0,0,1,0,0,"705799,153785","5365591,0678","11,781094692","48,40984213",2,4,#e78ac3,marker
53500,9,2,61,0,2019,1,5,5,3,3,2,2,1,1,0,0,0,0,"732397,670809","5380575,05812","12,148330955","48,535198711",0,1,#66c2a5,bicycle
53502,9,2,74,146,2019,1,9,5,3,4,2,0,1,1,0,0,0,0,"733338,502366","5377624,76417","12,159406149","48,508348151",0,1,#66c2a5,bicycle
53505,9,1,73,120,2019,1,14,5,3,4,2,0,0,1,0,0,0,0,"684273,611863","5310490,32263","11,466628912","47,921230446",0,2,#fc8d62,car
53510,9,1,82,127,2019,1,16,5,3,2,6,0,0,1,0,0,0,0,"702352,292619","5311976,37778","11,709054955","47,929135861",0,2,#fc8d62,car
53511,9,1,87,182,2019,1,7,5,3,6,4,0,0,1,1,0,0,0,"740838,82874","5327867,99184","12,232439857","48,058588399",0,2,#fc8d62,car
53512,9,1,73,118,2019,2,7,6,3,2,6,1,0,1,0,0,0,0,"688182,12994","5303404,74028","11,515807049","47,856405279",0,2,#fc8d62,car
53513,9,1,63,0,2019,1,14,5,2,6,2,0,0,0,1,0,1,0,"733680,089423","5305028,82261","12,124102819","47,856067068",0,3,#8da0cb,toilet
53515,9,1,82,125,2019,1,6,5,3,4,2,2,0,1,0,0,0,0,"712619,303879","5296734,18265","11,838843581","47,788841552",0,2,#fc8d62,car
53516,9,7,61,0,2019,1,11,5,3,2,2,0,0,1,0,0,0,0,"642049,146","5364856,775","10,919967817","48,420835955",1,2,#fc8d62,car
53517,9,1,82,133,2019,1,8,5,3,4,6,0,0,1,0,0,0,0,"706019,020489","5303778,7068","11,754174037","47,854295972",0,2,#fc8d62,car
53518,9,1,87,129,2019,1,17,5,3,5,2,1,0,1,0,0,0,0,"725581,650934","5296644,27637","12,011627193","47,783625423",0,2,#fc8d62,car
53519,9,1,79,145,2019,2,23,7,3,5,2,2,0,1,0,0,0,0,"676216,102","5338914,505","11,37057516","48,179013038",1,2,#fc8d62,car
53521,9,7,61,0,2019,2,18,7,3,2,6,2,0,1,0,0,0,0,"641459,556412","5358562,09482","10,909883304","48,364369621",0,2,#fc8d62,car
53524,9,1,62,0,2019,1,19,5,3,2,6,2,0,1,0,0,0,0,"681132,244138","5340139,5953","11,437171405","48,188642717",0,2,#fc8d62,car
53525,9,1,79,118,2019,1,16,5,3,0,1,0,1,0,0,0,0,0,"672660,342319","5337951,82071","11,322390882","48,171335159",0,1,#66c2a5,bicycle
53526,9,1,63,0,2019,2,22,7,3,5,2,2,0,1,0,0,0,0,"733676,342402","5305031,02181","12,12405399","47,856088187",1,2,#fc8d62,car
53527,9,1,81,140,2019,1,6,5,3,9,1,2,0,1,0,0,0,0,"645081,20978","5322925,34944","10,946567275","48,043115009",2,2,#fc8d62,car
53528,9,1,75,132,2019,1,12,5,3,2,6,0,0,1,0,1,0,0,"705308,971644","5334324,53367","11,759299539","48,12903273",0,2,#fc8d62,car
53530,9,1,78,116,2019,1,6,5,2,9,1,2,0,1,0,0,0,0,"702084,265892","5382805,12839","11,739277696","48,565732292",1,2,#fc8d62,car
53531,9,1,78,143,2019,1,6,5,2,5,3,2,0,1,0,0,0,0,"720690,039228","5373918,93006","11,986437485","48,479625137",0,2,#fc8d62,car
53532,9,1,87,150,2019,2,11,6,3,5,3,0,0,1,0,0,0,0,"728972,429115","5304213,56353","12,060827769","47,850436736",0,2,#fc8d62,car
53533,9,1,75,112,2019,1,8,5,3,1,5,0,0,1,0,0,1,0,"723533,79578","5319792,70897","11,996309259","47,992330012",0,2,#fc8d62,car
53536,9,1,62,0,2019,1,17,4,3,2,2,2,0,1,0,0,0,0,"684244,214555","5335412,39125","11,476955225","48,145257237",0,2,#fc8d62,car
53541,9,1,62,0,2019,2,19,6,3,2,6,2,0,1,0,0,0,0,"687721,907942","5333466,52856","11,52280478","48,126750688",1,2,#fc8d62,car
53550,9,1,78,150,2019,2,17,6,3,2,6,2,0,1,0,0,0,0,"691406,873726","5370944,37071","11,589262106","48,4624888",0,2,#fc8d62,car
53551,9,7,77,130,2019,1,18,4,3,9,1,2,0,1,0,0,0,0,"625765,08842","5313752,77728","10,684837165","47,964721572",2,2,#fc8d62,car
53556,9,7,61,0,2019,1,17,4,3,2,6,2,0,1,0,0,0,1,"639830,25317","5364065,13222","10,889729955","48,414214189",0,2,#fc8d62,car
53558,9,7,71,130,2019,1,12,4,3,5,3,0,0,1,0,0,0,0,"648369,762093","5355778,05125","11,00214072","48,33775162",0,2,#fc8d62,car
53559,9,7,61,0,2019,1,6,4,3,1,1,2,0,1,0,0,0,0,"638394,429738","5355388,82225","10,867480097","48,336515477",1,2,#fc8d62,car
53562,9,1,78,124,2019,2,13,1,3,8,1,0,0,1,0,0,0,0,"705692,453156","5363094,20274","11,778431533","48,387440211",1,2,#fc8d62,car
53571,9,1,62,0,2019,1,18,5,3,2,6,2,0,1,0,0,0,0,"679426,970362","5334805,32185","11,411997338","48,141177246",0,2,#fc8d62,car
53584,9,1,62,0,2019,2,12,7,3,1,6,0,0,1,0,0,0,0,"692089,323174","5341853,72259","11,585225295","48,200830066",1,2,#fc8d62,car
53586,9,7,62,0,2019,1,16,5,2,6,3,0,0,1,1,0,0,0,"622453,368524","5306815,88802","10,638517458","47,90297607",1,2,#fc8d62,car
53589,9,1,82,137,2019,2,11,7,3,2,6,0,0,1,0,0,0,0,"713421,229335","5304492,41986","11,853358268","47,858294297",1,2,#fc8d62,car
53600,9,2,61,0,2019,2,10,6,3,2,6,0,0,1,0,0,0,0,"734220,849894","5382250,19586","12,173932155","48,549567997",0,2,#fc8d62,car
53602,9,7,71,146,2019,2,12,7,3,5,3,0,0,1,0,0,0,0,"646723,323","5346844,46","10,976832357","48,257811056",1,2,#fc8d62,car
53604,9,7,61,0,2019,1,8,5,3,2,6,0,0,1,0,0,0,0,"639671,350877","5356264,86145","10,884991587","48,34411166",0,2,#fc8d62,car
53611,9,1,90,157,2019,1,10,4,3,2,6,0,0,0,0,0,1,1,"660770,003282","5301389,11895","11,148874487","47,845726524",0,5,#a6d854,bus
53617,9,1,84,145,2019,1,18,4,3,3,6,2,0,1,0,0,0,0,"693398,393137","5325273,39089","11,595301101","48,051413288",2,2,#fc8d62,car
53621,9,1,81,141,2019,1,6,4,3,5,3,2,0,1,0,0,0,0,"642980,082","5320936,443","10,917728764","48,025704655",0,2,#fc8d62,car
53623,9,1,62,0,2019,1,7,3,3,5,3,0,1,1,0,0,0,0,"691666,28666","5331692,62873","11,574961164","48,109631715",0,1,#66c2a5,bicycle
53625,9,1,62,0,2019,1,13,3,3,3,6,0,0,1,0,1,0,0,"687597,681987","5333289,93969","11,521059251","48,12520008",0,2,#fc8d62,car
53627,9,1,74,118,2019,2,21,7,2,1,5,2,0,1,0,0,0,0,"670847,639151","5355745,42217","11,305211467","48,331781019",1,2,#fc8d62,car
53633,9,1,78,144,2019,2,11,6,3,0,3,0,0,1,0,0,0,0,"708692,959303","5377400,25508","11,826040632","48,515002539",0,2,#fc8d62,car
53640,9,7,61,0,2019,2,15,6,3,3,3,0,0,1,0,0,1,0,"640986,696618","5363889,61702","10,905290722","48,412378361",0,2,#fc8d62,car
53641,9,7,72,147,2019,1,18,3,3,6,4,2,0,1,1,0,0,0,"639012,014689","5365293,34674","10,879085236","48,42543894",0,2,#fc8d62,car
53642,9,7,61,0,2019,1,8,3,3,2,6,0,0,1,0,0,0,0,"644967,681356","5355558,79985","10,95618484","48,336569964",1,2,#fc8d62,car
53644,9,7,61,0,2019,1,16,3,3,3,1,0,1,0,0,0,1,0,"642793,39604","5357573,43119","10,927545753","48,355179718",0,1,#66c2a5,bicycle
53646,9,7,61,0,2019,1,11,3,3,3,1,0,0,1,0,0,1,0,"641307,540076","5357414,46168","10,907446659","48,354084576",0,2,#fc8d62,car
53669,9,1,75,132,2019,2,11,1,3,4,1,0,0,1,0,0,0,0,"707005,293146","5330383,01628","11,780157248","48,093063318",2,2,#fc8d62,car
53684,9,7,61,0,2019,2,23,7,3,1,3,2,0,1,0,0,0,0,"642447,093841","5359295,82588","10,923457037","48,370744918",1,2,#fc8d62,car
53686,9,7,71,130,2019,1,11,5,3,5,3,0,0,1,0,0,0,0,"646966,55379","5358145,09561","10,984043589","48,359362227",0,2,#fc8d62,car
53689,9,1,79,142,2019,2,10,7,3,5,3,0,0,1,0,0,0,0,"670874,50022","5341481,88926","11,299810439","48,203551845",1,2,#fc8d62,car
53694,9,1,63,0,2019,2,16,7,3,0,7,0,1,0,0,0,0,0,"733535,968634","5302683,80548","12,120913714","47,83505167",0,1,#66c2a5,bicycle
53701,9,1,87,165,2019,2,16,6,3,8,1,0,0,1,0,0,0,0,"733486,580271","5300048,64936","12,118834894","47,811395056",1,2,#fc8d62,car
53707,9,1,87,182,2019,1,14,3,3,5,3,0,0,1,0,0,0,0,"740996,733299","5327242,89587","12,234203647","48,052913713",0,2,#fc8d62,car
53708,9,1,63,0,2019,1,8,3,3,0,1,1,1,0,0,0,0,0,"732591,06879","5306191,61581","12,110191181","47,866908783",2,1,#66c2a5,bicycle
53709,9,1,62,0,2019,2,21,6,3,2,6,2,0,1,0,0,0,1,"692116,83459","5341995,27628","11,585659233","48,202093985",0,2,#fc8d62,car
53710,9,1,87,130,2019,1,6,3,1,4,6,0,0,1,0,0,0,0,"713768,827947","5307866,03332","11,859668396","47,88849464",1,2,#fc8d62,car
53715,9,1,84,120,2019,1,12,5,3,4,3,0,0,1,0,0,0,0,"682124,504","5333126,6","11,447507984","48,125321199",0,2,#fc8d62,car
53719,9,1,81,146,2019,1,17,3,3,2,6,1,0,1,0,0,0,0,"651707,078722","5326446,69999","11,036659146","48,073236746",0,2,#fc8d62,car
53720,9,1,88,120,2019,2,15,6,3,0,1,0,1,0,0,0,0,0,"677417,85616","5326400,15275","11,381518926","48,066184655",0,1,#66c2a5,bicycle
53721,9,1,81,146,2019,1,19,3,3,2,6,2,0,1,0,0,0,0,"650521,357744","5325625,78321","11,020462147","48,066136465",0,2,#fc8d62,car
53724,9,1,74,135,2019,1,19,3,3,2,6,2,0,1,0,0,1,0,"662330,387908","5354032,62573","11,189719989","48,318627923",0,2,#fc8d62,car
53726,9,7,71,111,2019,1,17,3,3,2,6,2,0,1,0,0,0,0,"658668,070802","5357073,93654","11,141499391","48,346900093",0,2,#fc8d62,car
53728,9,1,81,130,2019,1,6,3,3,2,6,2,0,1,0,0,0,0,"638914,539543","5325452,90396","10,864695668","48,067215348",1,2,#fc8d62,car
53729,9,1,79,121,2019,1,16,3,3,2,6,0,0,1,0,0,0,0,"668377,140513","5338088,70175","11,264880623","48,173714879",0,2,#fc8d62,car
53731,9,1,84,118,2019,1,11,3,3,2,6,0,0,1,0,0,1,0,"704574,478319","5335839,15652","11,750167307","48,142880507",1,2,#fc8d62,car
53732,9,1,79,128,2019,2,22,1,3,9,1,2,0,1,0,0,0,0,"655887,803721","5345709,71735","11,099805689","48,245420532",2,2,#fc8d62,car
53733,9,1,62,0,2019,1,6,3,3,8,1,2,0,1,0,0,0,0,"685832,501223","5343151,36067","11,501671164","48,214355684",1,2,#fc8d62,car
53735,9,1,78,116,2019,1,8,3,3,9,1,0,0,1,0,0,0,0,"702376,469649","5383388,38611","11,743517538","48,570879173",2,2,#fc8d62,car
53736,9,1,78,124,2019,1,18,3,3,2,6,1,0,1,0,0,0,0,"703605,737414","5362324,86721","11,749906026","48,381203736",1,2,#fc8d62,car
53738,9,1,78,133,2019,1,4,3,3,9,1,2,0,1,0,0,0,0,"686597,925742","5368984,80589","11,52340201","48,446321383",1,2,#fc8d62,car
53740,9,1,77,113,2019,1,11,3,3,4,6,0,0,1,0,0,0,0,"724973,550166","5353574,95638","12,033427594","48,295338913",0,2,#fc8d62,car
53742,9,1,77,117,2019,1,5,3,3,9,7,2,0,0,0,0,0,1,"714891,816729","5351792,73344","11,896768927","48,282828738",1,6,#ffd92f,circle
53743,9,1,62,0,2019,1,14,2,3,6,4,0,0,1,1,0,0,0,"685421,688666","5328776,24719","11,489884181","48,085266216",0,2,#fc8d62,car
53745,9,1,62,0,2019,1,19,2,3,6,4,2,0,1,1,0,0,0,"691757,538296","5331916,11543","11,576286274","48,111612929",1,2,#fc8d62,car
53746,9,1,62,0,2019,1,15,2,3,5,3,0,1,1,0,0,0,0,"684300,225279","5342589,31549","11,480819687","48,209750618",0,1,#66c2a5,bicycle
53748,9,1,62,0,2019,1,15,2,3,6,4,0,0,1,1,0,0,0,"690051,126122","5339312,76328","11,556685841","48,178605476",0,2,#fc8d62,car
53749,9,1,62,0,2019,1,7,2,3,5,3,0,1,1,0,0,0,0,"691734,237989","5331926,08572","11,575978041","48,111709556",1,1,#66c2a5,bicycle
53752,9,1,84,122,2019,2,18,7,3,3,7,2,0,1,0,0,0,0,"688678,811","5324781,756","11,531815016","48,048406954",1,2,#fc8d62,car
53762,9,7,73,116,2019,1,7,2,3,4,6,0,0,1,0,0,0,0,"619508,374295","5381741,29164","10,620272968","48,577354708",1,2,#fc8d62,car
53763,9,7,72,147,2019,1,7,2,3,2,6,2,0,1,0,0,0,1,"638129,697222","5365850,4273","10,867348754","48,430642157",1,2,#fc8d62,car
53764,9,1,87,170,2019,2,14,6,3,5,3,0,0,1,0,0,0,0,"734197,711","5318662,926","12,138418348","47,978365228",0,2,#fc8d62,car
53765,9,7,72,184,2019,1,11,2,3,2,6,0,0,1,0,0,0,0,"635624,806175","5361833,76576","10,832205301","48,395069037",0,2,#fc8d62,car
53767,9,7,71,145,2019,1,17,2,3,1,6,2,0,1,0,0,0,0,"647497,43877","5346297,75991","10,987065119","48,252715743",1,2,#fc8d62,car
53770,9,2,61,0,2019,2,20,6,3,3,2,2,1,1,0,0,0,0,"732142,35906","5380696,38538","12,144945204","48,536383045",0,1,#66c2a5,bicycle
53772,9,7,72,159,2019,2,2,7,3,8,1,2,0,1,0,0,0,0,"628751,007905","5360631,08427","10,739021674","48,385695034",2,2,#fc8d62,car
53774,9,7,72,223,2019,1,12,5,3,2,6,0,0,1,0,0,1,0,"617656,874503","5363063,46198","10,589919227","48,40973669",0,2,#fc8d62,car