OBJECTID,ULAND,UREGBEZ,UKREIS,UGEMEINDE,UJAHR,UMONAT,USTUNDE,UWOCHENTAG,UKATEGORIE,UART,UTYP1,ULICHTVERH,IstRad,IstPKW,IstFuss,IstKrad,IstGkfz,IstSonstig,LINREFX,LINREFY,XGCSWGS84,YGCSWGS84,STRZUSTAND,Teilnehmer,color,symbol
53783,9,1,85,158,2019,2,12,6,2,4,2,0,0,1,0,0,0,0,"668157,153872","5384748,5967","11,280595362","48,593222596",0,2,#fc8d62,car
53792,9,7,71,158,2019,1,13,5,3,3,6,0,1,0,0,0,0,1,"641870,429","5372089,89","10,920005043","48,485912224",0,1,#66c2a5,bicycle
53795,9,1,79,121,2019,2,21,7,3,4,2,2,0,1,0,0,0,1,"668398,827391","5338056,93281","11,265159516","48,173423534",0,2,#fc8d62,car
53801,9,1,84,119,2019,2,6,6,3,2,6,2,0,0,0,0,1,0,"695802,926827","5345981,26416","11,637056045","48,23679128",0,5,#a6d854,bus
53808,9,7,77,112,2019,2,15,6,3,1,6,0,0,1,0,0,0,0,"625306,139657","5298665,62677","10,674310032","47,8291254",0,2,#fc8d62,car
53813,9,1,75,118,2019,2,11,1,3,2,1,0,0,1,0,0,1,0,"717672,670832","5339578,50194","11,927932571","48,172133469",1,2,#fc8d62,car
53820,9,1,62,0,2019,1,12,5,3,3,6,0,0,1,0,0,1,0,"687814,522","5333587,188","11,524101347","48,127807887",0,2,#fc8d62,car
53836,9,1,62,0,2019,2,6,7,3,5,3,2,0,1,0,0,1,0,"688712,87647","5336279,45179","11,537355333","48,151740643",1,2,#fc8d62,car
53838,9,7,62,0,2019,1,15,5,3,3,6,0,0,1,0,0,0,0,"622548,715221","5306618,09254","10,639736534","47,901178958",0,2,#fc8d62,car
53841,9,1,63,0,2019,2,18,7,3,5,3,2,0,1,0,0,0,0,"733739,301","5302012,733","12,123264687","47,828948851",1,2,#fc8d62,car
53842,9,2,61,0,2019,1,0,2,3,8,1,2,0,1,0,0,0,0,"727661,211344","5380452,9543","12,084196492","48,5358377",1,2,#fc8d62,car
53843,9,2,61,0,2019,1,5,2,3,4,6,2,0,1,0,0,0,0,"731770,375","5383975,412","12,141738415","48,565975324",1,2,#fc8d62,car
53846,9,1,73,120,2019,1,13,2,3,2,6,0,0,1,0,0,0,0,"682768,945101","5309942,52527","11,446274705","47,916736927",0,2,#fc8d62,car
53848,9,1,90,120,2019,1,7,2,3,8,1,1,0,1,0,0,0,0,"665827,778298","5296530,78193","11,214566445","47,800761681",2,2,#fc8d62,car
53852,9,1,73,126,2019,1,15,2,2,4,7,0,0,0,0,0,1,1,"688005,113969","5303414,19638","11,513446988","47,85654209",0,5,#a6d854,bus
53854,9,1,79,142,2019,1,13,1,3,2,6,0,0,1,0,0,0,0,"677205,294348","5342581,63339","11,385401009","48,211702046",1,2,#fc8d62,car
53855,9,1,73,147,2019,2,14,6,3,4,2,0,0,1,0,0,0,0,"680555,71","5307915,466","11,415830407","47,899142036",0,2,#fc8d62,car
53857,9,7,61,0,2019,2,1,7,3,9,1,2,0,1,0,0,0,0,"640807,245394","5354467,35225","10,899712026","48,327696814",1,2,#fc8d62,car
53858,9,1,87,137,2019,1,13,2,2,6,3,0,0,1,1,0,0,0,"729818,903738","5308159,58022","12,074224189","47,885587421",0,2,#fc8d62,car
53859,9,7,71,122,2019,1,8,5,3,2,6,0,0,1,0,0,0,0,"655973,389505","5359439,71132","11,106032647","48,368840827",0,2,#fc8d62,car
53861,9,1,88,139,2019,1,0,1,2,6,4,2,0,1,1,0,0,0,"674743,407411","5319008,36379","11,342635097","48,00047369",1,2,#fc8d62,car
53862,9,1,81,122,2019,1,18,2,3,9,1,2,0,1,0,0,0,0,"648570,053141","5332334,40522","10,996621219","48,126914999",1,2,#fc8d62,car
53863,9,1,79,142,2019,2,19,7,3,6,2,2,0,1,1,0,0,0,"672733,078002","5340869,1838","11,324554558","48,197540995",0,2,#fc8d62,car
53864,9,1,81,138,2019,1,14,2,3,2,6,0,0,1,0,0,0,0,"639023,452975","5334680,77098","10,869164411","48,150170724",0,2,#fc8d62,car
53865,9,1,74,121,2019,1,18,2,1,0,4,2,0,1,1,0,0,0,"690669,587032","5355609,56955","11,572337789","48,324891657",1,2,#fc8d62,car
53866,9,1,77,144,2019,1,14,1,3,5,3,0,0,1,0,0,0,0,"718081,251659","5347304,0977","11,937391008","48,241408223",1,2,#fc8d62,car
53868,9,1,74,113,2019,1,6,2,3,2,6,2,0,1,0,0,0,0,"674243,277872","5344672,24419","11,346422809","48,23131525",1,2,#fc8d62,car
53869,9,1,77,116,2019,1,4,2,2,9,1,2,0,0,0,0,0,1,"712195,66611","5365329,20308","11,867291532","48,405368553",2,6,#ffd92f,circle
53870,9,1,75,115,2019,1,15,1,2,5,3,0,0,1,0,0,0,0,"723125,862","5329904,856","11,996116833","48,083328404",1,2,#fc8d62,car
53871,9,1,81,123,2019,2,19,6,3,2,6,2,0,1,0,0,0,0,"653283,61884","5326328,15942","11,057767521","48,071793926",2,2,#fc8d62,car
53872,9,1,84,123,2019,1,13,1,3,4,2,0,0,1,0,0,0,0,"703701,867844","5331713,32853","11,736478771","48,106082852",0,2,#fc8d62,car
53873,9,1,62,0,2019,1,10,7,3,5,7,0,0,1,0,0,0,0,"692106,620306","5342036,72363","11,585540666","48,202469591",2,2,#fc8d62,car
53876,9,1,62,0,2019,1,17,1,2,5,3,1,0,1,0,0,0,0,"682472,461337","5335537,568","11,453212415","48,146893076",1,2,#fc8d62,car
53878,9,7,61,0,2019,1,16,1,3,3,6,0,0,1,0,0,0,0,"642121,462457","5362192,38249","10,920042299","48,396862802",0,2,#fc8d62,car
53881,9,7,71,156,2019,1,13,1,3,5,3,0,0,1,0,0,0,0,"655693,16515","5383448,03515","11,111192303","48,584753219",0,2,#fc8d62,car
53890,9,1,62,0,2019,2,20,6,3,2,6,2,0,1,0,0,0,0,"692072,013829","5331417,01616","11,580282139","48,10703233",0,2,#fc8d62,car
53896,9,1,62,0,2019,1,20,5,3,2,6,2,0,1,0,0,0,0,"688747,429822","5338761,2245","11,538920719","48,17403679",0,2,#fc8d62,car
53903,9,7,61,0,2019,2,12,6,3,2,2,0,0,1,0,0,0,0,"644639,370692","5357640,24369","10,952472291","48,355360327",1,2,#fc8d62,car
53928,9,2,61,0,2019,2,7,6,3,4,3,0,0,1,0,0,0,0,"729425,59399","5380844,10182","12,108277935","48,538708965",0,2,#fc8d62,car
53929,9,1,84,135,2019,2,10,4,3,2,6,0,0,1,0,0,0,0,"688616,134462","5345504,32441","11,540153301","48,234682915",1,2,#fc8d62,car
53934,9,1,86,152,2019,2,20,5,3,2,6,2,0,1,0,0,0,0,"691688,560496","5374737,46442","11,594807761","48,496492348",1,2,#fc8d62,car
53940,9,7,72,177,2019,2,8,3,3,8,7,0,0,0,0,0,1,0,"635309,448174","5377299,0965","10,83294945","48,534198874",0,5,#a6d854,bus
53946,9,2,74,113,2019,2,11,3,3,2,6,0,0,1,0,0,0,0,"729177,932851","5381833,07825","12,105471709","48,547683534",1,2,#fc8d62,car
53948,9,1,90,157,2019,2,7,3,3,0,3,0,0,1,0,0,0,0,"664226,339076","5297727,00991","11,193649137","47,811927325",0,2,#fc8d62,car
53949,9,1,62,0,2019,2,13,4,3,5,3,0,0,1,0,0,0,0,"695103,612546","5341629,2","11,625645908","48,197893158",1,2,#fc8d62,car
53950,9,1,90,130,2019,2,16,3,2,5,3,0,0,1,0,0,0,0,"648702,105","5295941,928","10,985807906","47,799650279",1,2,#fc8d62,car
53958,9,1,82,123,2019,2,8,3,3,2,6,0,0,1,0,0,0,0,"718867,797724","5300840,41324","11,924233508","47,82364662",1,2,#fc8d62,car
53960,9,1,82,133,2019,2,13,1,3,2,6,0,0,1,0,0,0,0,"707682,791538","5305879,42827","11,777398396","47,872639314",1,2,#fc8d62,car
53962,9,1,87,170,2019,2,6,4,3,5,2,1,0,1,0,0,0,0,"735335,42","5320958,021","12,15489821","47,998566007",1,2,#fc8d62,car
53966,9,1,73,126,2019,2,7,4,3,5,3,1,0,1,0,0,0,0,"685052,839147","5303867,30588","11,474210176","47,861472054",1,2,#fc8d62,car
53972,9,1,84,129,2019,2,12,3,3,2,6,0,0,1,0,0,1,0,"701960,091777","5326954,28759","11,710857524","48,063868073",0,2,#fc8d62,car
53973,9,1,78,113,2019,2,17,3,3,2,6,2,0,1,0,0,0,0,"691515,941767","5368013,62854","11,589395594","48,436116216",0,2,#fc8d62,car
53975,9,1,62,0,2019,2,10,2,3,4,2,0,0,1,0,0,0,0,"694983,297819","5332991,30855","11,620069763","48,120297019",1,2,#fc8d62,car
53977,9,1,84,120,2019,2,10,2,3,9,6,0,0,1,0,0,0,0,"681764,099938","5331965,36163","11,442174124","48,114986048",1,2,#fc8d62,car
53981,9,1,74,146,2019,2,6,5,2,5,2,2,0,1,0,0,1,0,"668396,370716","5349723,50215","11,269761434","48,278304058",1,2,#fc8d62,car
53982,9,7,77,167,2019,2,0,2,3,8,1,2,0,1,0,0,0,0,"618911,726621","5297071,59844","10,588466773","47,816002829",2,2,#fc8d62,car
53985,9,1,87,150,2019,2,18,5,3,5,3,2,0,1,0,0,0,0,"728443,646306","5304454,51902","12,053896789","47,852789761",0,2,#fc8d62,car
53987,9,7,72,147,2019,2,7,2,3,3,6,0,0,1,0,0,0,0,"634436,752091","5364476,22061","10,817010375","48,419084454",0,2,#fc8d62,car
53990,9,1,62,0,2019,2,16,3,3,2,6,0,0,1,0,0,0,0,"690521,656123","5331987,54345","11,559731187","48,112625809",0,2,#fc8d62,car
53995,9,1,77,126,2019,2,8,5,2,4,2,0,0,1,0,0,0,0,"719082,407","5370485,194","11,962915198","48,449337178",0,2,#fc8d62,car
53999,9,7,71,122,2019,2,22,5,3,9,1,2,0,1,0,0,0,0,"653529,658","5361523,67","11,073819961","48,38817622",2,2,#fc8d62,car
54003,9,7,62,0,2019,2,18,3,3,2,6,2,0,1,0,0,0,0,"620859,75375","5304819,74753","10,616643496","47,885325484",0,2,#fc8d62,car
54018,9,7,72,217,2019,2,6,4,3,2,6,2,0,1,0,0,1,0,"636302,839618","5380896,27914","10,847576555","48,566328466",2,2,#fc8d62,car
54025,9,1,82,133,2019,2,18,4,3,8,1,2,0,1,0,0,0,0,"703580,385572","5308414,56905","11,723795629","47,896736541",1,2,#fc8d62,car
54030,9,1,87,169,2019,2,11,5,3,2,6,0,0,1,0,0,0,0,"736849,05758","5299313,14545","12,16327784","47,803559113",0,2,#fc8d62,car
54035,9,1,79,123,2019,2,19,4,3,1,6,2,0,1,0,0,0,0,"676992,000074","5332954,62247","11,378525161","48,125222941",0,2,#fc8d62,car
54038,9,1,87,150,2019,2,8,4,3,1,6,0,0,1,0,0,0,0,"730301,332137","5303403,90584","12,078134834","47,842687718",0,2,#fc8d62,car
54043,9,1,81,135,2019,2,16,5,3,5,3,0,0,1,0,0,0,1,"646520,002317","5310941,93668","10,961770504","47,935032593",1,2,#fc8d62,car
54053,9,1,62,0,2019,2,7,4,3,2,6,1,0,1,0,0,0,1,"688840,851063","5339818,57302","11,540645915","48,183512542",1,2,#fc8d62,car
54057,9,1,62,0,2019,2,8,5,3,3,1,0,0,1,0,0,0,1,"695284,455098","5344240,66064","11,629278959","48,221307754",1,2,#fc8d62,car
54061,9,2,61,0,2019,2,9,2,3,2,6,0,0,1,0,0,0,0,"732715,307464","5378699,94636","12,151580918","48,518237401",1,2,#fc8d62,car
54063,9,7,61,0,2019,2,20,3,3,2,6,2,0,1,0,0,0,0,"639545,742231","5352482,73564","10,882045199","48,310131264",0,2,#fc8d62,car
54071,9,1,84,142,2019,2,5,2,3,9,1,2,0,0,0,0,0,1,"681186,364","5318579,584","11,428750334","47,994826075",1,6,#ffd92f,circle
54073,9,1,73,137,2019,2,20,2,3,9,1,2,0,1,0,0,0,0,"675299,635379","5303821,82081","11,34390454","47,863798409",2,2,#fc8d62,car
54080,9,1,73,112,2019,2,14,2,2,4,1,0,0,1,0,0,1,0,"691286,468516","5297220,3756","11,554535615","47,799900603",1,2,#fc8d62,car
54090,9,1,82,133,2019,2,3,2,3,3,6,2,0,0,0,0,1,0,"703426,394","5308644,719","11,7218462","47,898853773",2,5,#a6d854,bus
54095,9,1,84,114,2019,2,11,2,3,2,6,0,0,1,0,0,0,0,"700734,033113","5315606,71231","11,689107829","47,962271777",0,2,#fc8d62,car
54097,9,1,87,170,2019,2,7,5,3,2,6,0,0,1,0,0,0,0,"734626,817301","5319043,34708","12,144367456","47,981625631",0,2,#fc8d62,car
54098,9,1,82,133,2019,2,11,2,3,2,6,0,0,0,0,0,1,0,"707134,394551","5306184,57547","11,770219684","47,875558716",1,5,#a6d854,bus
54101,9,1,84,114,2019,2,10,2,3,1,6,0,0,1,0,0,1,0,"701804,185925","5313187,44862","11,702292926","47,940192873",0,2,#fc8d62,car
54104,9,1,87,165,2019,2,10,2,3,3,3,0,0,1,0,0,0,0,"729285,782579","5300275,6291","12,062925706","47,814944395",0,2,#fc8d62,car
54106,9,1,87,165,2019,2,15,2,3,3,6,0,0,1,0,0,1,0,"731441,282883","5299879,53372","12,091465521","47,81061427",0,2,#fc8d62,car
54111,9,1,85,131,2019,2,19,4,3,1,1,2,0,1,0,0,0,0,"665950,699574","5374139,97174","11,246468197","48,498446068",1,2,#fc8d62,car
54116,9,1,85,158,2019,2,7,2,3,4,6,1,0,1,0,0,0,0,"669367,60083","5382014,79429","11,295884328","48,568322157",2,2,#fc8d62,car
54117,9,2,61,0,2019,2,8,7,3,0,7,0,1,0,0,0,0,0,"730666,955188","5380937,01236","12,125121436","48,539088552",2,1,#66c2a5,bicycle
54118,9,1,88,139,2019,2,14,2,3,9,1,0,0,1,0,0,0,0,"668595,215273","5319155,55699","11,260337029","48,003447806",2,2,#fc8d62,car
54119,9,2,61,0,2019,2,8,7,3,0,7,0,1,0,0,0,0,0,"732398,215922","5380574,56677","12,148338055","48,535194096",2,1,#66c2a5,bicycle
54120,9,1,74,131,2019,2,19,5,2,4,6,2,0,1,0,0,0,0,"677014,421526","5356546,20357","11,388681121","48,337282088",1,2,#fc8d62,car
54122,9,1,88,137,2019,2,17,2,3,4,1,0,0,1,0,0,0,0,"673431,330967","5315250,04891","11,323542657","47,967044441",2,2,#fc8d62,car
54124,9,1,88,121,2019,2,7,2,3,5,3,0,0,1,0,0,0,0,"671949,838","5329723,875","11,30952105","48,09756145",1,2,#fc8d62,car
54127,9,1,79,128,2019,2,13,2,3,8,1,0,0,1,0,0,0,0,"658244,688386","5343083,56997","11,130549398","48,221225944",1,2,#fc8d62,car
54128,9,1,82,120,2019,2,13,7,3,2,6,0,0,1,0,0,0,0,"703484,214707","5307159,69245","11,721918935","47,885489226",0,2,#fc8d62,car
54129,9,1,63,0,2019,2,9,7,2,0,3,0,1,1,0,0,0,0,"733756,230639","5303288,521","12,12417917","47,840404455",1,1,#66c2a5,bicycle
54130,9,1,74,131,2019,2,9,2,1,5,7,0,0,1,0,0,0,1,"675656,790952","5357899,3154","11,370941598","48,349823977",2,2,#fc8d62,car
54131,9,1,82,127,2019,2,13,7,3,5,3,0,0,1,0,0,0,0,"699996,015809","5309251,54383","11,676281254","47,905385946",1,2,#fc8d62,car
54133,9,1,87,117,2019,2,10,7,3,2,6,0,0,1,0,0,0,0,"723464,562","5306242,493","11,988353636","47,870605311",0,2,#fc8d62,car
54134,9,1,84,119,2019,2,7,2,3,2,6,1,0,1,0,0,0,0,"696341,151871","5349233,63878","11,645805303","48,265854594",1,2,#fc8d62,car
54136,9,1,84,129,2019,2,16,3,3,5,3,1,0,1,0,0,0,0,"701758,740539","5326520,58856","11,707953388","48,060034112",2,2,#fc8d62,car
54138,9,1,78,130,2019,2,7,2,3,1,1,0,0,1,0,0,0,0,"704053,070192","5356532,73007","11,753132661","48,329009814",2,2,#fc8d62,car
54139,9,1,62,0,2019,2,12,7,3,2,6,0,0,1,0,0,1,0,"686913,530959","5333230,58609","11,511848337","48,124867826",0,2,#fc8d62,car
54141,9,1,75,131,2019,2,12,2,3,0,7,0,0,1,0,0,1,0,"709592,38914","5323747,05101","11,811607895","48,032585536",0,2,#fc8d62,car
54142,9,1,81,128,2019,2,12,7,3,2,6,0,0,1,0,0,0,0,"638566,812704","5326996,49013","10,860531065","48,081171409",0,2,#fc8d62,car
54143,9,1,75,116,2019,2,17,2,3,4,1,1,0,1,0,0,0,0,"709092,865259","5321778,60725","11,803955008","48,015060111",2,2,#fc8d62,car
54144,9,1,78,145,2019,2,0,7,3,2,1,2,0,1,0,0,0,0,"698004,695065","5356691,61898","11,671694807","48,332361258",0,2,#fc8d62,car
54145,9,1,77,117,2019,2,18,5,3,6,7,2,0,1,1,0,0,0,"715972,006195","5353083,70727","11,911970466","48,294060759",1,2,#fc8d62,car
54146,9,1,78,143,2019,2,16,7,3,8,1,0,0,1,0,0,0,0,"713796,734382","5372226,40664","11,892415984","48,466799317",0,2,#fc8d62,car
54147,9,1,62,0,2019,2,20,1,3,4,1,2,0,1,0,0,0,0,"682396,971108","5334066,99816","11,451568631","48,133696186",2,2,#fc8d62,car
54148,9,1,75,124,2019,2,11,7,3,2,6,0,0,1,0,0,0,0,"714170,032302","5329093,75609","11,875612385","48,079111324",1,2,#fc8d62,car
54150,9,1,84,120,2019,2,9,6,3,5,3,0,0,1,0,0,0,0,"681579,039","5331973,537","11,439693474","48,115112327",1,2,#fc8d62,car
54152,9,1,62,0,2019,2,13,6,3,0,6,0,0,1,0,0,0,0,"684091,5808","5335415,07243","11,474906383","48,145325523",1,2,#fc8d62,car
54154,9,1,84,129,2019,2,14,6,3,2,6,0,0,1,0,0,0,0,"699256,711444","5324812,98783","11,673614821","48,045473617",0,2,#fc8d62,car
54158,9,7,78,216,2019,2,12,6,3,2,6,0,0,1,0,0,0,0,"623133,201968","5321522,27151","10,651823551","48,03510782",0,2,#fc8d62,car
54161,9,7,78,203,2019,2,11,6,3,2,6,0,0,1,0,0,1,1,"621988,295912","5322019,44642","10,636612876","48,039798899",0,2,#fc8d62,car
54168,9,7,77,112,2019,2,4,1,3,9,1,2,0,1,0,0,0,0,"624280,95844","5296984,47955","10,660135526","47,81420462",2,2,#fc8d62,car
54170,9,7,77,112,2019,2,9,1,3,8,1,0,0,1,0,0,0,0,"623121,989426","5297649,32424","10,644849626","47,820406881",2,2,#fc8d62,car
54175,9,7,72,121,2019,2,15,6,3,2,6,0,0,1,0,0,0,0,"634761,258804","5376315,29691","10,82520937","48,525470728",0,2,#fc8d62,car
54177,9,7,61,0,2019,2,13,6,3,1,1,0,0,1,0,0,0,0,"642794,496546","5358743,54573","10,927957724","48,365700579",0,2,#fc8d62,car
54189,9,7,72,147,2019,2,21,4,3,0,1,2,1,0,0,0,0,0,"638977,004","5365583,745","10,878708519","48,428057832",2,1,#66c2a5,bicycle
54193,9,1,87,134,2019,2,22,4,3,8,1,2,0,1,0,0,0,0,"736202,39094","5320353,8026","12,166170014","47,992818441",1,2,#fc8d62,car
54194,9,7,71,130,2019,2,21,1,3,3,6,2,0,1,0,0,0,0,"644395,595298","5363132,03469","10,951070349","48,404794854",1,2,#fc8d62,car
54196,9,7,77,112,2019,2,7,4,3,2,6,0,0,1,0,0,0,0,"622826,226614","5296660,19384","10,64061972","47,811567394",0,2,#fc8d62,car
54198,9,7,72,185,2019,2,21,1,2,8,1,2,0,1,0,0,0,0,"635692,002541","5384048,53981","10,840330131","48,594804962",2,2,#fc8d62,car
54202,9,7,72,177,2019,2,1,1,3,8,1,2,0,1,0,0,0,0,"635175,78762","5376824,92899","10,830986019","48,529964085",1,2,#fc8d62,car
54234,9,1,82,133,2019,2,16,1,3,2,6,0,0,1,0,0,0,0,"704973,619879","5307386,60464","11,741926251","47,887054702",2,2,#fc8d62,car
54244,9,1,62,0,2019,2,12,3,3,2,6,0,0,1,0,0,0,1,"687443,870591","5331671,12644","11,518282671","48,110695009",0,2,#fc8d62,car
54246,9,1,82,125,2019,2,16,1,3,4,1,1,0,1,0,0,0,0,"715230,997649","5296350,35594","11,873479003","47,78452512",2,2,#fc8d62,car
54254,9,1,77,117,2019,2,14,5,3,4,2,0,0,1,0,0,0,0,"714485,793696","5355425,59738","11,893148342","48,315608564",1,2,#fc8d62,car
54261,9,1,62,0,2019,2,10,5,3,2,6,0,0,0,0,0,1,1,"691570,78483","5344866,44303","11,579614598","48,22806423",0,5,#a6d854,bus
54265,9,1,73,123,2019,2,8,6,3,5,3,0,0,1,0,0,0,0,"681944,121397","5299649,79463","11,430911785","47,824447366",2,2,#fc8d62,car
54268,9,1,73,134,2019,2,9,6,3,4,1,0,0,1,0,0,0,0,"686766,731394","5298291,05143","11,49469768","47,810851754",2,2,#fc8d62,car
54270,9,1,73,118,2019,2,5,6,3,2,1,2,0,1,0,0,0,1,"688852,1787","5302151,69564","11,524208984","47,844945501",2,2,#fc8d62,car
54294,9,1,87,124,2019,2,14,6,3,5,3,0,0,1,0,0,0,0,"732993,491141","5329598,38782","12,128251116","48,077046158",0,2,#fc8d62,car
54297,9,1,87,182,2019,2,16,6,3,2,6,0,0,1,0,0,0,0,"738521,582662","5328442,74155","12,201709762","48,064621634",1,2,#fc8d62,car
54302,9,1,87,174,2019,2,12,6,3,2,2,0,0,1,0,0,0,1,"742858,00403","5310292,12712","12,249561941","47,899944719",1,2,#fc8d62,car
54303,9,7,71,162,2019,2,8,5,3,8,1,0,0,1,0,0,0,0,"667123,083469","5368053,24766","11,259893659","48,44341914",2,2,#fc8d62,car
54304,9,1,87,182,2019,2,15,6,3,1,6,0,0,1,0,0,0,0,"740608,501236","5327754,89539","12,229289987","48,057659352",0,2,#fc8d62,car
54311,9,7,71,129,2019,2,10,1,3,3,1,0,0,1,0,0,0,0,"658841,345652","5356954,66297","11,14379134","48,345784234",2,2,#fc8d62,car
54313,9,1,85,158,2019,2,13,6,3,2,6,0,0,1,0,0,0,0,"668429,198","5380347,115","11,282499313","48,553583985",0,2,#fc8d62,car
54315,9,1,85,113,2019,2,7,6,3,8,1,0,0,1,0,0,0,0,"670091,999172","5376832,14199","11,303579439","48,521538913",2,2,#fc8d62,car
54317,9,1,74,113,2019,2,10,1,3,3,1,0,0,1,0,0,0,0,"674001,378354","5345227,44138","11,343396142","48,236372486",2,2,#fc8d62,car
54318,9,1,86,126,2019,2,7,6,3,5,3,1,0,1,0,0,0,0,"689054,301794","5375322,24865","11,55945095","48,502546057",1,2,#fc8d62,car
54321,9,1,87,165,2019,2,11,4,3,1,6,0,0,1,0,0,0,0,"732936,559755","5299685,05971","12,111303815","47,808327755",0,2,#fc8d62,car
54324,9,1,88,121,2019,2,13,6,3,5,3,0,0,1,0,0,0,0,"671949,838","5329723,875","11,30952105","48,09756145",0,2,#fc8d62,car
54327,9,1,74,150,2019,2,5,6,3,2,6,2,0,1,0,0,0,1,"679386,390958","5358683,08485","11,421569913","48,35582077",2,2,#fc8d62,car
54329,9,1,84,147,2019,2,7,6,3,5,3,0,0,1,0,0,1,0,"700641,40952","5341126,10855","11,699849509","48,19164644",1,2,#fc8d62,car
54330,9,1,87,124,2019,2,8,5,3,4,1,0,0,1,0,0,0,0,"735991,565707","5327598,28018","12,167337189","48,05797631",2,2,#fc8d62,car
54331,9,2,61,0,2019,2,10,1,3,4,1,0,0,1,0,0,0,0,"731336,979","5384756,585","12,136307087","48,573152502",2,2,#fc8d62,car
54332,9,1,75,111,2019,2,15,6,3,9,6,0,0,1,0,0,1,0,"713108,860226","5338352,61239","11,866010646","48,162664569",0,2,#fc8d62,car
54335,9,1,78,120,2019,2,15,6,3,2,6,2,0,1,0,0,0,0,"694840,565015","5353603,17644","11,627621193","48,305588109",0,2,#fc8d62,car
54337,9,2,74,113,2019,2,18,1,3,4,2,2,0,1,0,0,0,0,"728394,308889","5383929,86441","12,096019654","48,566805077",1,2,#fc8d62,car
54338,9,1,84,135,2019,2,11,6,3,3,6,0,0,1,0,0,1,0,"688041,741218","5347950,40247","11,533511899","48,256838831",0,2,#fc8d62,car
54340,9,1,62,0,2019,2,15,6,3,2,6,0,0,1,0,0,0,0,"695149,610231","5343735,43187","11,627232909","48,216808562",0,2,#fc8d62,car
54342,9,1,62,0,2019,2,17,6,3,2,6,1,0,1,0,0,0,0,"695107,113784","5343593,00666","11,626595899","48,215541599",0,2,#fc8d62,car
54344,9,1,75,127,2019,2,17,6,3,1,3,2,0,1,0,0,0,0,"713000,192447","5341501,8377","11,866129198","48,190998804",1,2,#fc8d62,car
54346,9,1,75,132,2019,2,6,6,3,5,3,1,0,1,0,0,1,0,"707289,554","5336510,7","11,786949477","48,148036466",1,2,#fc8d62,car
54348,9,1,78,143,2019,2,17,6,3,5,3,1,0,1,0,0,0,0,"721352,944","5369961,183","11,99330209","48,44383511",1,2,#fc8d62,car
54351,9,1,78,124,2019,2,11,6,3,2,6,0,0,1,0,0,0,0,"702841,475104","5363990,40991","11,740400254","48,39641691",0,2,#fc8d62,car
54353,9,1,84,136,2019,2,8,5,3,2,6,0,0,1,0,0,0,0,"697842,120403","5326783,16716","11,655566079","48,063620409",0,2,#fc8d62,car
54354,9,1,81,135,2019,2,8,5,3,8,1,0,0,1,0,0,0,0,"642618,807496","5309047,31803","10,908940215","47,918875787",2,2,#fc8d62,car
54355,9,1,79,118,2019,2,9,1,3,5,3,0,0,1,0,0,0,1,"672826,985813","5337365,81185","11,32439224","48,166021935",2,2,#fc8d62,car
54356,9,1,84,147,2019,2,19,5,3,6,2,2,0,1,1,0,0,0,"696027,001425","5340693,18062","11,63762688","48,189196467",1,2,#fc8d62,car
54358,9,1,62,0,2019,2,19,5,3,6,2,2,0,1,1,0,0,0,"698199,616635","5329800,64923","11,661758713","48,090628624",1,2,#fc8d62,car
54361,9,1,62,0,2019,2,15,5,3,2,6,0,0,1,0,0,0,0,"690573,083888","5331999,31955","11,560426685","48,112716266",1,2,#fc8d62,car
54362,9,1,82,133,2019,2,7,1,3,2,1,0,0,1,0,0,0,0,"704526,589757","5307632,50905","11,736069884","47,889407245",1,2,#fc8d62,car
54363,9,1,84,130,2019,2,6,5,3,4,6,1,0,1,0,0,0,0,"700491,994218","5342831,88691","11,698646872","48,207023256",1,2,#fc8d62,car
54366,9,1,79,123,2019,2,16,1,3,4,6,2,0,1,0,0,0,0,"677423,298957","5335098,98553","11,385209132","48,144378933",2,2,#fc8d62,car
54368,9,1,87,167,2019,2,7,5,3,5,3,0,1,1,0,0,0,0,"739944,45","5303459,349","12,206847921","47,839660014",2,1,#66c2a5,bicycle
54369,9,1,87,179,2019,2,17,5,3,5,3,1,0,1,0,0,0,0,"725616,585353","5314466,42601","12,021392491","47,943743715",1,2,#fc8d62,car
54370,9,1,87,130,2019,2,18,5,3,8,1,2,0,1,0,0,0,0,"714205,467608","5307628,66338","11,865384196","47,886216063",0,2,#fc8d62,car
54373,9,1,86,143,2019,2,7,5,3,5,3,0,1,1,0,0,0,0,"683028,133636","5377329,02404","11,478828593","48,522367308",0,1,#66c2a5,bicycle
54374,9,1,81,130,2019,2,10,5,3,6,4,0,0,0,1,0,0,1,"636430,391125","5320703,69725","10,829854073","48,025044226",0,3,#8da0cb,toilet
54375,9,1,74,115,2019,2,19,5,3,2,2,2,0,1,0,1,0,0,"683285,566331","5348151,25979","11,469580936","48,260037726",0,2,#fc8d62,car
54376,9,1,75,132,2019,2,17,5,3,2,6,1,0,1,0,0,0,0,"705195,298692","5335834,80466","11,758501101","48,142641488",0,2,#fc8d62,car
54377,9,1,75,132,2019,2,10,5,3,3,6,0,0,1,0,0,1,0,"706402,79044","5336032,59117","11,77480995","48,144028324",0,2,#fc8d62,car