OBJECTID,ULAND,UREGBEZ,UKREIS,UGEMEINDE,UJAHR,UMONAT,USTUNDE,UWOCHENTAG,UKATEGORIE,UART,UTYP1,ULICHTVERH,IstRad,IstPKW,IstFuss,IstKrad,IstGkfz,IstSonstig,LINREFX,LINREFY,XGCSWGS84,YGCSWGS84,STRZUSTAND,Teilnehmer,color,symbol
54958,9,7,62,0,2019,2,8,3,3,2,6,0,0,1,0,0,0,0,"623206,564109","5306008,67958","10,648360951","47,895572123",0,2,#fc8d62,car
54959,9,7,62,0,2019,2,15,3,3,2,6,0,0,1,0,0,1,0,"623281,154","5306067,483","10,64937525","47,896086652",0,2,#fc8d62,car
54961,9,7,62,0,2019,2,19,3,3,2,6,2,0,1,0,0,0,0,"620651,481896","5303835,7058","10,613583832","47,87651439",0,2,#fc8d62,car
54964,9,7,72,200,2019,2,12,3,3,3,6,0,1,1,0,0,0,0,"630858,579893","5337478,07649","10,760304197","48,177058448",0,1,#66c2a5,bicycle
54966,9,7,72,185,2019,2,8,3,3,9,1,0,0,1,0,0,0,0,"635644,906345","5384489,50854","10,839835751","48,598780183",0,2,#fc8d62,car
54968,9,7,72,171,2019,2,8,3,2,8,7,0,0,0,0,0,1,0,"637488,807","5372458,274","10,860860621","48,49019829",0,5,#a6d854,bus
54971,9,7,72,125,2019,2,13,3,3,5,3,0,1,1,0,0,0,0,"633172,767246","5347852,81866","10,79467828","48,269871717",0,1,#66c2a5,bicycle
55017,9,2,74,113,2019,2,9,5,3,4,2,0,0,1,0,0,0,0,"728393,52086","5383930,20068","12,096009172","48,566808385",0,2,#fc8d62,car
55023,9,1,82,120,2019,2,11,5,3,2,6,0,0,1,0,0,0,0,"703012,222838","5309910,32666","11,716906633","47,910359222",0,2,#fc8d62,car
55025,9,1,87,182,2019,2,21,5,3,0,3,2,0,1,0,0,0,0,"739933,142","5326932,1","12,219779312","48,050522526",0,2,#fc8d62,car
55031,9,2,74,126,2019,2,15,3,3,5,3,0,0,1,0,0,1,0,"733072,442595","5382814,77047","12,158710727","48,555067067",0,2,#fc8d62,car
55034,9,1,81,145,2019,2,0,5,2,8,1,2,0,1,0,0,0,0,"641849,033194","5334258,21113","10,906991784","48,145747157",0,2,#fc8d62,car
55036,9,1,79,119,2019,2,10,5,3,4,6,0,0,1,0,0,1,0,"671701,055355","5339188,83173","11,309998526","48,182715259",0,2,#fc8d62,car
55038,9,1,81,120,2019,2,11,5,3,4,6,0,0,1,0,0,0,1,"648419,399762","5321810,24147","10,990941859","48,032320933",0,2,#fc8d62,car
55039,9,1,82,120,2019,2,15,3,3,5,3,0,1,1,0,0,0,0,"702478,342648","5307527,4938","11,708651886","47,889112795",0,1,#66c2a5,bicycle
55040,9,1,74,115,2019,2,15,5,3,5,3,0,1,0,0,0,1,0,"681375,926825","5346969,30755","11,443368428","48,249963156",0,1,#66c2a5,bicycle
55042,9,1,75,132,2019,2,14,5,3,2,6,0,0,1,0,0,0,0,"704496,646851","5335839,70561","11,749122504","48,142910461",0,2,#fc8d62,car
55044,9,1,84,129,2019,2,13,5,2,2,6,0,0,1,0,0,1,0,"700996,516061","5326175,91256","11,697572838","48,057177021",0,2,#fc8d62,car
55046,9,1,75,132,2019,2,21,5,3,4,2,2,0,1,0,0,0,1,"707244,106","5330273,179","11,783307363","48,091998669",0,2,#fc8d62,car
55048,9,1,77,130,2019,2,16,5,3,2,6,0,0,1,0,0,0,0,"710039,924676","5350838,72177","11,83097465","48,275884334",0,2,#fc8d62,car
55049,9,1,88,126,2019,2,16,3,3,8,1,0,0,1,0,0,0,0,"660782,384076","5324312,25367","11,157605107","48,051823178",0,2,#fc8d62,car
55050,9,1,77,133,2019,2,8,5,2,9,1,0,0,1,0,0,0,0,"708888,522917","5354486,38904","11,817279221","48,30904252",0,2,#fc8d62,car
55051,9,1,79,125,2019,2,22,3,2,9,1,2,0,1,0,0,0,0,"662199,812161","5331172,52903","11,179216766","48,113142165",0,2,#fc8d62,car
55052,9,1,78,145,2019,2,16,3,3,2,1,0,0,1,0,0,0,0,"698991,474123","5354801,25841","11,684102226","48,315063085",0,2,#fc8d62,car
55053,9,1,84,145,2019,2,11,4,3,5,2,0,0,1,0,0,0,0,"694334,614756","5323232,33215","11,606924854","48,032784311",0,2,#fc8d62,car
55054,9,1,77,112,2019,2,14,3,3,5,7,0,0,1,0,0,0,1,"717113,79551","5362228,96614","11,932056074","48,375839248",0,2,#fc8d62,car
55055,9,1,84,147,2019,2,8,4,3,0,1,0,0,0,0,1,0,0,"695623,545","5339976,81","11,631874279","48,182882542",0,4,#e78ac3,marker
55056,9,1,62,0,2019,2,9,2,3,2,6,0,0,1,0,0,0,0,"695628,130474","5343044,00225","11,633349133","48,210447121",0,2,#fc8d62,car
55057,9,1,62,0,2019,2,18,4,2,6,4,2,0,1,1,0,0,0,"690245,600522","5329102,36677","11,554740103","48,086776152",0,2,#fc8d62,car
55058,9,1,84,145,2019,2,17,2,2,5,3,0,0,1,0,0,0,0,"696496,653051","5322569,34309","11,635592106","48,026164133",0,2,#fc8d62,car
55059,9,1,62,0,2019,2,7,4,3,5,2,0,0,1,0,0,0,0,"694058,070344","5340288,10929","11,610977716","48,186160435",1,2,#fc8d62,car
55060,9,1,62,0,2019,2,7,2,3,3,6,0,0,1,0,0,1,0,"694618,652256","5340371,57246","11,618550206","48,186739074",0,2,#fc8d62,car
55061,9,1,62,0,2019,2,22,4,3,4,3,2,0,1,0,0,1,0,"683030,107088","5338909,21346","11,462153174","48,177039315",0,2,#fc8d62,car
55065,9,7,62,0,2019,2,17,2,3,4,2,0,1,1,0,0,0,0,"622145,368","5304705,665","10,633800654","47,884056098",0,1,#66c2a5,bicycle
55067,9,7,62,0,2019,2,19,2,3,5,3,2,1,1,0,0,0,0,"622165,197072","5308177,3159","10,635048854","47,915275239",0,1,#66c2a5,bicycle
55075,9,7,73,125,2019,2,17,2,3,4,6,1,0,1,0,0,0,1,"615642,927642","5379387,97141","10,567232498","48,556916866",0,2,#fc8d62,car
55077,9,7,61,0,2019,2,7,2,3,2,6,0,0,1,0,0,1,0,"640228,670128","5364032,11296","10,895100247","48,413828758",0,2,#fc8d62,car
55078,9,7,72,200,2019,2,16,2,3,5,1,0,1,1,0,0,0,0,"630684,742436","5337484,41909","10,757968836","48,177151264",0,1,#66c2a5,bicycle
55079,9,7,62,0,2019,2,8,4,3,1,6,0,0,1,0,0,0,0,"622712,435159","5304712,12915","10,641384296","47,884006078",0,2,#fc8d62,car
55080,9,7,72,147,2019,2,8,2,2,5,3,0,0,1,0,0,0,0,"636042,792","5364150,664","10,838600014","48,415812346",0,2,#fc8d62,car
55082,9,7,71,146,2019,2,5,2,3,8,6,2,0,1,0,0,0,0,"648453,825078","5349118,44958","11,000931372","48,277854039",0,2,#fc8d62,car
55083,9,7,72,149,2019,2,18,4,3,2,6,2,0,1,0,0,1,0,"637159,28837","5338395,05555","10,845312514","48,183975287",0,2,#fc8d62,car
55084,9,7,72,125,2019,2,10,2,3,5,3,0,1,1,0,0,0,0,"636198,44874","5348170,58217","10,83553419","48,272085649",0,1,#66c2a5,bicycle
55085,9,7,61,0,2019,2,16,4,3,2,6,0,0,1,0,0,0,0,"642085,230099","5364005,7262","10,920166959","48,413175636",0,2,#fc8d62,car
55086,9,7,71,112,2019,2,13,2,3,5,3,0,0,1,0,0,0,0,"647066,492172","5368571,43993","10,989045469","48,453083581",0,2,#fc8d62,car
55087,9,7,61,0,2019,2,16,4,3,2,1,0,0,1,0,0,0,0,"641315,459608","5355824,04508","10,907019713","48,339782333",0,2,#fc8d62,car
55140,9,1,90,142,2019,2,15,2,3,0,6,0,0,0,0,1,0,0,"659075,271576","5298426,81811","11,125150434","47,819513366",0,4,#e78ac3,marker
55142,9,1,90,140,2019,2,16,2,2,4,6,0,0,1,0,0,0,1,"647291,853","5295979,934","10,96699945","47,800316217",0,2,#fc8d62,car
55147,9,2,74,113,2019,2,6,4,2,5,3,2,0,1,0,0,0,0,"728396,358","5383928,99","12,096046908","48,566796475",1,2,#fc8d62,car
55150,9,1,90,142,2019,2,19,4,3,3,7,2,0,1,0,0,0,1,"659670,171374","5298285,90204","11,133040335","47,818098998",0,2,#fc8d62,car
55151,9,1,87,173,2019,2,16,2,2,8,6,0,0,1,0,0,0,0,"740307,625591","5318865,60347","12,220276761","47,977920988",0,2,#fc8d62,car
55153,9,1,82,127,2019,2,14,2,3,2,6,0,0,1,0,0,0,0,"699842,065","5309863,623","11,674507061","47,910934993",0,2,#fc8d62,car
55157,9,1,85,158,2019,2,16,2,2,2,6,0,0,1,0,1,0,0,"667814,368956","5379873,35657","11,273983258","48,549490086",0,2,#fc8d62,car
55159,9,1,86,128,2019,2,6,2,3,4,6,2,0,1,0,0,1,1,"676921,758222","5384092,36328","11,399078086","48,584909585",0,2,#fc8d62,car
55160,9,1,86,143,2019,2,15,2,3,5,3,0,0,1,0,0,0,1,"688339,360785","5377144,73537","11,550604413","48,519140308",0,2,#fc8d62,car
55167,9,1,74,118,2019,2,20,4,3,5,3,2,1,1,0,0,0,0,"671643,117568","5354668,99692","11,315497305","48,321889159",0,1,#66c2a5,bicycle
55168,9,1,81,133,2019,2,9,2,2,4,6,0,0,1,0,0,0,0,"645871,067591","5312166,97649","10,953502207","47,946196261",0,2,#fc8d62,car
55169,9,1,78,145,2019,2,12,4,2,5,1,0,0,1,0,0,0,0,"699426,750689","5354892,99311","11,690010117","48,315750379",0,2,#fc8d62,car
55170,9,1,77,135,2019,2,21,2,3,9,1,2,0,1,0,0,0,0,"719145,364","5344440,283","11,950223529","48,21531033",0,2,#fc8d62,car
55171,9,1,75,123,2019,2,14,4,2,9,1,0,0,1,0,0,0,0,"725016,494857","5336604,40112","12,025001704","48,142855894",0,2,#fc8d62,car
55172,9,1,84,131,2019,2,9,2,2,1,6,0,0,0,0,0,1,0,"704146,599882","5337972,52984","11,745445317","48,162189731",0,5,#a6d854,bus
55173,9,1,78,113,2019,2,4,2,3,9,1,2,0,1,0,0,0,0,"691736,902366","5364090,64956","11,590586721","48,400791927",0,2,#fc8d62,car
55174,9,1,84,132,2019,2,16,3,2,5,3,0,1,1,0,0,0,0,"680765,796299","5322446,31622","11,424747876","48,029703561",0,1,#66c2a5,bicycle
55175,9,1,78,145,2019,2,18,2,3,5,3,2,0,1,0,0,0,0,"700008,545","5356869,311","11,69878624","48,333327206",0,2,#fc8d62,car
55176,9,1,84,141,2019,2,16,3,3,2,6,0,0,1,0,0,0,0,"698186,054609","5312406,86751","11,653538749","47,934306607",0,2,#fc8d62,car
55178,9,1,84,118,2019,2,8,3,3,5,3,0,1,1,0,0,0,0,"702752,380811","5336784,91463","11,726151504","48,151963054",0,1,#66c2a5,bicycle
55180,9,1,84,135,2019,2,23,3,2,6,4,2,0,1,1,0,0,0,"689798,738689","5348148,65283","11,55724871","48,25809688",1,2,#fc8d62,car
55183,9,7,78,116,2019,2,9,1,3,5,3,0,0,1,0,0,0,0,"622190,879617","5318003,30619","10,638184544","48,003641127",0,2,#fc8d62,car
55185,9,7,72,111,2019,2,12,1,2,2,6,0,0,1,0,0,0,0,"625991,68672","5364191,14353","10,702837749","48,418266347",0,2,#fc8d62,car
55191,9,7,72,111,2019,2,0,3,3,1,5,2,0,1,0,0,1,0,"627872,451296","5364071,4428","10,728208742","48,416811042",0,2,#fc8d62,car
55193,9,7,72,147,2019,2,7,3,3,2,6,0,0,1,0,0,0,0,"638123,779534","5365812,93671","10,867256443","48,43030635",0,2,#fc8d62,car
55195,9,7,61,0,2019,2,14,3,3,2,2,0,0,1,0,0,0,0,"641788,644312","5361839,48119","10,915429432","48,393764607",0,2,#fc8d62,car
55197,9,7,61,0,2019,2,7,3,3,6,2,0,0,1,1,0,0,0,"642783,654467","5357573,29563","10,927414285","48,355180702",0,2,#fc8d62,car
55228,9,2,61,0,2019,2,20,1,3,0,7,2,1,0,0,0,0,0,"731681,246546","5381854,28054","12,139351846","48,546954588",0,1,#66c2a5,bicycle
55230,9,1,88,139,2019,2,9,1,3,8,6,0,0,1,0,0,0,0,"680299,36945","5320404,80033","11,417638415","48,011483936",0,2,#fc8d62,car
55236,9,1,82,120,2019,2,11,1,3,2,6,0,0,1,0,0,0,1,"703267,898962","5306052,03246","11,718507506","47,875602952",0,2,#fc8d62,car
55238,9,1,86,143,2019,2,16,1,3,8,1,0,0,1,0,0,0,0,"680454,92684","5382280,36752","11,446156833","48,567615491",0,2,#fc8d62,car
55242,9,1,62,0,2019,2,21,1,3,2,6,2,0,1,0,0,0,0,"686814,911738","5333247,26403","11,510531667","48,12504668",0,2,#fc8d62,car
55244,9,1,79,142,2019,2,17,1,3,0,1,0,1,0,0,0,0,0,"672678,40316","5341307,43727","11,323997679","48,201495529",0,1,#66c2a5,bicycle
55246,9,1,88,132,2019,2,15,1,3,4,1,0,0,1,0,1,0,0,"664735,975072","5323945,85337","11,210478507","48,047520846",0,2,#fc8d62,car
55247,9,1,74,126,2019,2,18,1,3,5,2,1,1,1,0,0,0,0,"682915,463509","5344602,75926","11,463066209","48,228249067",0,1,#66c2a5,bicycle
55249,9,1,84,147,2019,2,14,1,3,2,6,0,0,1,0,0,0,0,"698041,414384","5342045,0113","11,665331873","48,20072073",0,2,#fc8d62,car
55251,9,1,77,117,2019,2,1,1,2,8,1,2,0,1,0,0,0,0,"717327,914646","5353663,87288","11,930526104","48,298809405",0,2,#fc8d62,car
55253,9,1,62,0,2019,2,11,7,3,5,6,0,0,1,0,0,0,1,"687344,639818","5331601,97339","11,516920482","48,110102633",0,2,#fc8d62,car
55255,9,1,62,0,2019,2,18,7,3,5,2,2,0,1,0,1,0,0,"680299,804","5335018,743","11,42381015","48,142848928",0,2,#fc8d62,car
55257,9,1,62,0,2019,2,13,7,3,2,6,0,0,1,0,0,0,0,"701642,737386","5332247,98721","11,709101866","48,111542875",0,2,#fc8d62,car
55259,9,1,62,0,2019,2,12,7,2,5,3,0,0,1,0,0,0,0,"689425,140753","5339018,8293","11,548142351","48,176150512",0,2,#fc8d62,car
55263,9,7,72,223,2019,2,7,7,3,3,6,0,0,1,0,0,0,0,"619532,270352","5363150,54798","10,615276214","48,410166945",0,2,#fc8d62,car
55265,9,7,72,130,2019,2,16,7,3,5,3,0,1,1,0,0,0,0,"631724,976306","5357293,51798","10,778125228","48,355068711",0,1,#66c2a5,bicycle
55266,9,7,72,217,2019,2,4,7,3,0,7,2,0,0,0,0,0,1,"636272,672443","5381444,2259","10,847347375","48,57126195",0,6,#ffd92f,circle
55269,9,7,61,0,2019,2,15,7,3,0,1,0,0,0,0,1,0,0,"644065,395837","5357588,20908","10,9447111","48,355023673",0,4,#e78ac3,marker
55288,9,1,63,0,2019,2,6,3,3,4,2,0,0,1,0,0,0,0,"732932,955676","5303176,88293","12,113132762","47,839700215",0,2,#fc8d62,car
55293,9,1,87,179,2019,2,19,3,3,5,2,2,0,1,0,1,0,0,"723300,25583","5312350,18787","11,989319665","47,925540703",0,2,#fc8d62,car
55301,9,1,85,158,2019,2,10,3,3,1,6,0,0,1,0,0,0,0,"667205,997218","5380622,63883","11,266047102","48,556388065",0,2,#fc8d62,car
55303,9,1,85,113,2019,2,12,3,2,8,1,0,0,0,0,1,0,0,"669407,433359","5376102,11591","11,294019556","48,515161684",0,4,#e78ac3,marker
55309,9,1,84,120,2019,2,19,3,3,3,6,2,0,1,0,0,1,0,"680746,592388","5333436,69673","11,429139548","48,128501337",0,2,#fc8d62,car
55312,9,1,79,142,2019,2,9,3,3,4,2,0,0,1,0,0,1,0,"672676,511644","5341203,77256","11,323930071","48,200564154",0,2,#fc8d62,car
55314,9,1,79,121,2019,2,16,3,3,2,6,0,0,1,0,0,0,0,"669250,644166","5337251,21439","11,276287342","48,165953995",0,2,#fc8d62,car
55317,9,1,86,152,2019,2,7,3,3,2,6,0,0,1,0,0,0,0,"691522,069617","5373813,62244","11,59213292","48,488240363",0,2,#fc8d62,car
55318,9,2,74,126,2019,2,12,7,3,4,2,0,0,1,0,0,0,0,"731900,795","5383988,756","12,143510973","48,566046966",0,2,#fc8d62,car
55319,9,1,90,152,2019,2,14,7,2,5,3,0,0,1,0,0,0,0,"671148,77306","5299593,88377","11,286778123","47,826907463",0,2,#fc8d62,car
55320,9,1,78,124,2019,2,6,3,3,0,1,0,1,0,0,0,0,0,"702718,863282","5364195,00703","11,738844491","48,3982949",0,1,#66c2a5,bicycle
55322,9,1,78,124,2019,2,16,3,3,8,1,0,0,1,0,0,0,0,"702434,715052","5362012,5426","11,733958531","48,378773858",0,2,#fc8d62,car
55324,9,1,62,0,2019,2,9,2,3,2,6,0,0,1,0,0,0,0,"688139,704921","5333831,87299","11,528575205","48,129911142",0,2,#fc8d62,car
55325,9,1,82,120,2019,2,9,7,3,2,6,0,0,1,0,0,0,0,"703024,404431","5309809,46891","11,717021989","47,909448937",0,2,#fc8d62,car
55330,9,1,88,141,2019,2,19,7,3,9,1,2,0,1,0,0,0,0,"666426,36204","5306135,2201","11,226247596","47,886957315",2,2,#fc8d62,car
55332,9,1,81,139,2019,2,16,7,3,5,3,0,0,1,0,0,0,0,"656030,059508","5325918,6823","11,094462553","48,067446281",0,2,#fc8d62,car
55334,9,1,77,133,2019,2,6,7,1,4,3,2,0,1,0,0,0,0,"711301,144","5359987,149","11,852534519","48,357668413",0,2,#fc8d62,car
55335,9,1,62,0,2019,2,9,6,3,5,3,0,1,1,0,0,0,0,"694781,315674","5332286,67131","11,61703672","48,114025836",1,1,#66c2a5,bicycle
55336,9,7,61,0,2019,2,12,2,3,2,6,0,0,1,0,0,1,0,"637891,084518","5361700,06906","10,862760696","48,393375357",0,2,#fc8d62,car
55337,9,1,62,0,2019,2,11,6,3,5,7,0,0,1,0,0,0,1,"694543,013926","5334677,80392","11,614929753","48,135589249",0,2,#fc8d62,car
55338,9,7,61,0,2019,2,15,2,3,2,1,0,0,1,0,0,0,0,"641367,499472","5357476,8053","10,908276498","48,354631727",0,2,#fc8d62,car
55339,9,1,84,122,2019,2,9,6,3,1,7,0,0,1,0,0,0,0,"688237,100215","5323979,69831","11,525541155","48,041328176",1,2,#fc8d62,car
55341,9,7,71,112,2019,2,14,2,3,2,6,0,0,1,0,0,0,0,"642527,752924","5366529,97326","10,927001887","48,435772292",0,2,#fc8d62,car
55350,9,7,77,121,2019,2,18,6,2,4,3,2,0,1,0,1,0,0,"628936,277","5321846,144","10,729732994","48,036875007",0,2,#fc8d62,car
55355,9,7,61,0,2019,2,11,6,3,5,3,0,0,1,0,1,0,0,"636380,623","5360896,534","10,842106126","48,386478511",0,2,#fc8d62,car
55402,9,1,73,147,2019,2,10,6,3,0,7,0,0,0,0,0,0,1,"681182,089053","5309499,80572","11,424869108","47,913207529",1,6,#ffd92f,circle
55404,9,1,73,147,2019,2,7,6,3,4,2,0,0,1,0,0,0,0,"681428,746746","5308018,67698","11,427544192","47,899823567",1,2,#fc8d62,car
55414,9,1,83,118,2019,2,13,6,3,1,4,0,0,1,1,0,0,0,"743728,061","5338793,182","12,277392613","48,155625088",0,2,#fc8d62,car
55422,9,1,84,148,2019,2,14,6,3,3,7,0,0,1,0,0,1,0,"693491,873054","5327300,59676","11,597471245","48,069605157",0,2,#fc8d62,car
55425,9,1,82,127,2019,2,18,6,3,2,6,2,0,1,0,0,0,0,"702359,478498","5311958,15675","11,709142488","47,928969836",0,2,#fc8d62,car
55427,9,1,87,169,2019,2,11,6,3,2,7,0,0,1,0,0,1,0,"736778,034927","5299324,8207","12,16233715","47,803690121",1,2,#fc8d62,car
55429,9,1,87,182,2019,2,15,6,3,5,3,0,0,1,0,0,0,0,"738383,307953","5328315,68851","12,19978587","48,063531985",0,2,#fc8d62,car
55431,9,1,63,0,2019,2,5,6,3,3,2,2,1,1,0,0,0,0,"733756,230639","5303288,521","12,12417917","47,840404455",0,1,#66c2a5,bicycle
55436,9,1,86,125,2019,2,6,6,2,8,1,1,0,1,0,0,0,0,"676374,974886","5371990,42647","11,386550175","48,476285229",0,2,#fc8d62,car
55437,9,1,86,143,2019,2,18,6,3,2,6,1,0,0,0,0,0,1,"684528,160246","5383574,81907","11,5018916","48,578063855",0,6,#ffd92f,circle
55440,9,1,62,0,2019,2,15,6,3,2,6,0,0,1,0,0,0,0,"686824,966626","5333245,56361","11,510665911","48,125028445",0,2,#fc8d62,car
55441,9,1,81,145,2019,2,11,6,2,4,6,0,0,1,0,0,0,0,"647051,167616","5329067,07666","10,975095092","48,097889023",1,2,#fc8d62,car
55443,9,1,88,144,2019,2,6,6,3,8,1,1,0,1,0,0,0,0,"666929,10195","5326091,38399","11,240720619","48,066239856",1,2,#fc8d62,car
55444,9,1,79,145,2019,2,10,6,3,5,6,0,0,1,0,0,0,0,"672450,938515","5335699,35964","11,318663487","48,151143389",0,2,#fc8d62,car
55447,9,1,79,145,2019,2,13,6,3,5,7,0,0,1,0,0,0,0,"673654,504812","5335646,60019","11,334810443","48,150341638",0,2,#fc8d62,car
55449,9,1,78,130,2019,2,4,6,3,4,2,2,0,1,0,0,0,0,"702780,855549","5358695,82782","11,737029188","48,348857622",1,2,#fc8d62,car
55451,9,1,77,118,2019,2,14,6,3,2,6,0,0,1,0,0,0,0,"708143,838912","5344721,53641","11,802443353","48,221541238",0,2,#fc8d62,car
55453,9,1,75,115,2019,2,10,6,2,6,4,0,0,1,1,0,0,0,"721192,899476","5329250,88944","11,969858943","48,078126023",1,2,#fc8d62,car
55455,9,1,62,0,2019,2,14,5,3,5,3,0,0,1,0,0,1,0,"685306,475","5328846,686","11,488369137","48,08593286",0,2,#fc8d62,car
55457,9,1,62,0,2019,2,11,5,2,3,2,0,1,0,0,0,1,0,"686107,390732","5335233,46382","11,501900667","48,143106648",0,1,#66c2a5,bicycle
55458,9,1,84,129,2019,2,13,5,3,3,6,0,0,1,0,0,0,1,"701953,765251","5324407,32217","11,709570731","48,040980426",0,2,#fc8d62,car
55459,9,2,61,0,2019,2,14,2,3,5,3,0,1,0,0,0,0,0,"732724,005584","5382083,66232","12,153587453","48,548629136",0,1,#66c2a5,bicycle
55469,9,1,90,148,2019,2,17,2,2,5,3,0,0,1,0,0,0,1,"641117,977402","5298816,40428","10,885521437","47,827206391",0,2,#fc8d62,car
55470,9,7,62,0,2019,2,23,5,2,7,1,2,1,0,0,0,0,0,"621412,863729","5304114,95673","10,623840775","47,878882382",0,1,#66c2a5,bicycle
55471,9,1,90,142,2019,2,15,2,2,5,3,0,0,1,0,0,0,0,"659710,166639","5298621,18919","11,133697826","47,821103714",0,2,#fc8d62,car
55474,9,1,84,129,2019,2,17,3,3,5,3,0,1,1,0,0,0,0,"701536,751804","5325578,69374","11,704533688","48,051639395",0,1,#66c2a5,bicycle
55478,9,2,74,134,2019,3,21,1,3,3,6,2,0,1,0,0,0,0,"739482,642674","5374974,38455","12,240941726","48,482230585",1,2,#fc8d62,car
55480,9,1,86,125,2019,3,11,2,2,3,6,0,0,0,0,0,0,1,"674786,879","5377280,466","11,367294968","48,524279328",0,6,#ffd92f,circle
55481,9,1,87,130,2019,3,11,1,2,5,3,0,0,1,0,0,0,0,"711131,539","5310491,937","11,825717872","47,912964851",1,2,#fc8d62,car
55482,9,1,86,152,2019,3,14,1,3,2,6,0,0,1,0,0,0,0,"691282,994039","5380685,55957","11,592051695","48,550072394",0,2,#fc8d62,car
55488,9,1,88,121,2019,3,14,1,3,7,7,0,0,0,0,0,0,1,"671241,10274","5329333,34053","11,299853077","48,094241489",0,6,#ffd92f,circle
55490,9,1,78,124,2019,3,13,1,2,9,1,0,0,1,0,0,0,0,"706156,853791","5365890,10476","11,786069484","48,412412363",0,2,#fc8d62,car
55491,9,1,62,0,2019,3,12,7,2,3,6,0,0,1,0,1,0,0,"685491,822721","5335314,0817","11,493668654","48,144011044",0,2,#fc8d62,car
55493,9,1,62,0,2019,3,20,7,3,5,3,2,0,1,0,0,0,0,"690157,004545","5339068,81965","11,557999568","48,176381252",0,2,#fc8d62,car
55495,9,1,84,131,2019,3,22,7,2,6,4,2,0,1,1,0,0,0,"704626,717007","5339067,03964","11,752421038","48,17187125",0,2,#fc8d62,car
55497,9,1,84,137,2019,3,11,7,3,2,2,0,0,1,0,0,0,0,"706361,314318","5316880,44031","11,765014728","47,971929588",0,2,#fc8d62,car
55498,9,1,73,123,2019,3,13,1,3,4,6,0,1,0,0,0,0,0,"680019,067338","5303153,26723","11,406672191","47,856483386",0,1,#66c2a5,bicycle
55501,9,1,78,130,2019,3,15,2,2,4,6,0,0,1,0,0,0,0,"701508,023356","5354404,41139","11,717817791","48,310699997",1,2,#fc8d62,car
55504,9,1,86,151,2019,3,16,1,3,0,1,0,1,0,0,0,0,0,"678127,423406","5376338,44562","11,412095299","48,514873158",0,1,#66c2a5,bicycle
55508,9,1,81,114,2019,3,14,1,2,2,6,0,1,1,0,0,0,0,"657565,541516","5310941,53947","11,109560045","47,932408351",0,1,#66c2a5,bicycle
55510,9,1,74,115,2019,3,21,1,2,0,1,2,1,0,0,0,0,0,"681012,696223","5347509,60928","11,43871091","48,254923565",0,1,#66c2a5,bicycle
55512,9,1,75,116,2019,3,17,1,2,9,1,0,0,1,0,0,0,0,"709010,747222","5321725,95437","11,802829499","48,014613812",0,2,#fc8d62,car
55514,9,1,84,145,2019,3,11,7,3,5,3,0,0,1,0,0,0,0,"695898,186209","5325113,28908","11,628737326","48,04921203",1,2,#fc8d62,car
55516,9,1,62,0,2019,3,15,7,3,5,2,0,0,1,0,0,0,0,"682678,193133","5337596,09902","11,456859472","48,165337472",0,2,#fc8d62,car
55518,9,1,62,0,2019,3,12,7,3,0,6,0,0,1,0,0,0,0,"692236,52803","5331146,87705","11,582368177","48,104554731",1,2,#fc8d62,car
55520,9,1,84,134,2019,3,19,7,3,6,6,2,0,0,1,0,0,1,"691607,795","5315817,793","11,567073462","47,966965321",0,3,#8da0cb,toilet
55522,9,1,62,0,2019,3,1,7,3,9,1,2,0,1,0,0,0,0,"683912,813989","5335433,61548","11,472513395","48,145543904",0,2,#fc8d62,car
55541,9,7,72,147,2019,3,6,7,2,8,7,1,0,1,0,0,0,0,"636291,999634","5364275,80171","10,842006874","48,416883716",0,2,#fc8d62,car
55543,9,7,61,0,2019,3,18,7,3,4,2,1,0,1,0,0,0,0,"643415,344","5360543,58","10,936949218","48,381744754",0,2,#fc8d62,car
55544,9,1,73,120,2019,3,9,2,2,4,1,0,0,1,0,0,1,0,"690528,450445","5311837,42332","11,550865472","47,931510587",2,2,#fc8d62,car
55547,9,2,61,0,2019,3,14,7,3,1,6,0,0,1,0,0,0,0,"732382,897753","5380318,55562","12,147988152","48,532900082",0,2,#fc8d62,car
55548,9,7,71,112,2019,3,17,7,3,2,2,0,0,1,0,0,0,0,"642942,255623","5367041,85777","10,932777375","48,440280879",0,2,#fc8d62,car
55551,9,2,61,0,2019,3,12,2,3,5,3,0,0,1,0,0,0,1,"723939,328","5378186,941","12,032632401","48,516819441",0,2,#fc8d62,car
55552,9,1,90,138,2019,3,14,7,2,2,6,0,0,1,0,0,0,1,"664055,527959","5308417,71052","11,195425525","47,908088911",0,2,#fc8d62,car
55558,9,1,87,181,2019,3,10,7,3,3,2,0,0,1,0,0,0,0,"737606,165499","5313447,96592","12,181141938","47,93026102",0,2,#fc8d62,car
55560,9,1,62,0,2019,3,12,2,3,8,7,0,0,1,0,0,0,0,"685923,321505","5343219,72548","11,50292254","48,214943565",0,2,#fc8d62,car
55563,9,1,86,162,2019,3,11,7,3,2,6,0,0,1,0,0,0,0,"690479,427293","5384328,53725","11,582841983","48,583056921",0,2,#fc8d62,car