OBJECTID,ULAND,UREGBEZ,UKREIS,UGEMEINDE,UJAHR,UMONAT,USTUNDE,UWOCHENTAG,UKATEGORIE,UART,UTYP1,ULICHTVERH,IstRad,IstPKW,IstFuss,IstKrad,IstGkfz,IstSonstig,LINREFX,LINREFY,XGCSWGS84,YGCSWGS84,STRZUSTAND,Teilnehmer,color,symbol
55569,9,1,74,113,2019,3,13,7,3,2,6,0,0,1,0,0,0,0,"669203,080765","5349478,064","11,280527647","48,27588261",0,2,#fc8d62,car
55572,9,1,74,113,2019,3,13,7,3,2,6,0,0,1,0,0,0,0,"670006,525377","5348527,09048","11,290965175","48,267118591",0,2,#fc8d62,car
55573,9,1,88,139,2019,3,16,7,3,0,1,0,1,0,0,0,0,0,"677981,626776","5319425,51005","11,386181525","48,003330376",1,1,#66c2a5,bicycle
55575,9,1,86,152,2019,3,10,7,3,2,6,0,0,1,0,0,0,0,"691332,916832","5373346,94094","11,589361915","48,484103793",0,2,#fc8d62,car
55577,9,1,78,124,2019,3,11,7,3,2,6,0,0,1,0,0,0,0,"702603,458941","5362791,60934","11,736610317","48,385720642",0,2,#fc8d62,car
55579,9,1,62,0,2019,3,20,6,3,6,4,2,0,0,1,0,0,1,"695091,389967","5334057,8762","11,622008837","48,129849752",0,3,#8da0cb,toilet
55587,9,1,78,145,2019,3,8,2,3,3,6,0,0,1,0,0,1,0,"696248,995708","5356135,44113","11,647772459","48,327910435",0,2,#fc8d62,car
55591,9,7,73,139,2019,3,11,6,3,5,2,0,0,1,0,0,0,1,"617796,991686","5384238,00179","10,597787672","48,600131121",0,2,#fc8d62,car
55595,9,7,61,0,2019,3,6,6,3,5,1,0,0,1,0,0,0,0,"638417,44","5355479,451","10,867820201","48,337325358",0,2,#fc8d62,car
55610,9,1,82,136,2019,3,12,7,2,5,3,0,0,1,0,0,0,0,"703074,506291","5299414,56373","11,712809478","47,816011068",0,2,#fc8d62,car
55612,9,1,86,152,2019,3,15,7,3,1,7,0,0,1,0,0,0,1,"691012,243891","5381370,69052","11,588701001","48,55631226",0,2,#fc8d62,car
55618,9,1,62,0,2019,3,14,7,1,2,6,0,0,1,0,0,0,0,"680033,365763","5340039,48282","11,422357095","48,188055225",0,2,#fc8d62,car
55620,9,1,62,0,2019,3,14,7,3,2,6,0,0,1,0,0,0,1,"680451,754","5339651,774","11,427816593","48,184451468",0,2,#fc8d62,car
55622,9,1,74,135,2019,3,19,7,3,3,6,2,0,1,0,0,0,0,"661258,536897","5354732,32975","11,175539961","48,325192665",0,2,#fc8d62,car
55624,9,1,88,139,2019,3,13,7,2,6,4,0,0,1,1,0,0,0,"675128,584369","5320122,14943","11,348249027","48,010380808",0,2,#fc8d62,car
55625,9,1,79,121,2019,3,8,2,3,8,1,0,0,1,0,0,0,0,"666230,974837","5339194,62799","11,236467619","48,184222209",2,2,#fc8d62,car
55628,9,1,81,130,2019,3,17,7,3,5,3,1,0,1,0,1,0,0,"641871,342","5324151,464","10,903931591","48,054861835",0,2,#fc8d62,car
55630,9,1,78,124,2019,3,22,7,3,2,6,2,0,1,0,0,0,0,"703101,089827","5360982,92341","11,742450166","48,369307293",0,2,#fc8d62,car
55632,9,1,78,138,2019,3,13,7,3,4,2,0,0,1,0,0,0,0,"711340,5051","5369223,66639","11,857713691","48,440648816",0,2,#fc8d62,car
55634,9,1,75,119,2019,3,15,7,3,1,1,0,0,1,0,1,0,0,"727135,518646","5325050,92487","12,04730266","48,038303364",0,2,#fc8d62,car
55636,9,1,62,0,2019,3,12,6,2,8,6,0,0,0,0,1,0,0,"688894,412823","5340105,84409","11,54149352","48,186078622",1,4,#e78ac3,marker
55638,9,1,62,0,2019,3,19,6,2,6,4,2,0,1,1,0,0,0,"684711,39244","5332049,17868","11,4817719","48,114891435",1,2,#fc8d62,car
55642,9,1,62,0,2019,3,12,6,3,5,2,0,0,1,0,0,0,0,"692203,999107","5342912,80497","11,587246699","48,21031406",1,2,#fc8d62,car
55644,9,1,62,0,2019,3,7,6,3,4,2,0,0,1,0,0,1,0,"698788,649813","5333039,41629","11,671169178","48,119552769",1,2,#fc8d62,car
55648,9,1,75,115,2019,3,6,2,3,5,3,0,0,1,0,0,1,0,"724018,356576","5330170,41905","12,008223343","48,08540146",0,2,#fc8d62,car
55650,9,2,61,0,2019,3,14,6,3,5,3,0,1,1,0,0,0,0,"732232,218692","5381560,2363","12,146642061","48,544109568",0,1,#66c2a5,bicycle
55652,9,1,90,148,2019,3,9,6,2,5,3,0,0,1,0,0,1,0,"641116,560377","5298805,47231","10,885498953","47,827108395",1,2,#fc8d62,car
55653,9,1,83,118,2019,3,18,6,2,5,3,1,0,1,0,0,0,1,"742668,251","5338491,942","12,262993707","48,153324463",0,2,#fc8d62,car
55654,9,7,71,130,2019,3,16,6,3,2,6,0,0,1,0,0,0,0,"644777,066556","5363046,55081","10,956192173","48,403938746",0,2,#fc8d62,car
55655,9,1,62,0,2019,3,13,1,2,2,6,0,0,1,0,0,0,0,"679610,229042","5334851,82563","11,414478191","48,141543561",0,2,#fc8d62,car
55658,9,7,71,130,2019,3,13,6,2,5,3,0,0,1,0,0,0,0,"648688,254771","5356900,78497","11,00683219","48,34777139",0,2,#fc8d62,car
55660,9,7,61,0,2019,3,11,6,3,5,2,0,1,1,0,0,0,0,"641391,374127","5357510,66643","10,908609964","48,354930849",1,1,#66c2a5,bicycle
55661,9,1,87,182,2019,3,16,6,3,5,3,0,0,1,0,0,0,0,"739964,149073","5326940,2626","12,220199306","48,050584195",0,2,#fc8d62,car
55662,9,7,71,158,2019,3,15,6,2,4,6,0,0,1,0,0,0,0,"641664,512","5374816,027","10,918144738","48,510470342",1,2,#fc8d62,car
55663,9,1,87,165,2019,3,11,6,3,5,3,0,0,1,0,0,0,0,"733157,666","5297699,805","12,113185833","47,790411788",0,2,#fc8d62,car
55671,9,1,88,141,2019,3,14,6,2,0,1,0,0,1,0,0,0,0,"668838,788011","5312289,35291","11,26090242","47,941654916",0,2,#fc8d62,car
55673,9,1,81,130,2019,3,14,6,3,0,1,0,0,0,0,1,0,0,"636806,602","5318125,491","10,834074652","48,001779117",0,4,#e78ac3,marker
55675,9,1,79,136,2019,3,5,6,3,8,1,1,0,1,0,0,0,0,"658646,401912","5342893,64918","11,135882963","48,219418122",0,2,#fc8d62,car
55676,9,1,74,122,2019,3,16,6,3,0,1,0,1,0,0,0,0,0,"683582,134006","5351647,3403","11,47509125","48,291375882",0,1,#66c2a5,bicycle
55677,9,1,62,0,2019,3,16,1,2,3,7,0,1,1,0,0,0,0,"694676,939506","5332115,61384","11,615557785","48,112520349",0,1,#66c2a5,bicycle
55679,9,1,62,0,2019,3,17,5,2,5,3,0,1,1,0,0,0,0,"692535,378773","5339192,74315","11,590015977","48,176778927",0,1,#66c2a5,bicycle
55680,9,1,62,0,2019,3,15,5,3,2,6,0,0,1,0,0,0,0,"690525,078691","5331978,06625","11,55977289","48,112539603",1,2,#fc8d62,car
55682,9,1,62,0,2019,3,21,5,3,3,6,2,1,0,0,0,0,0,"692031,773176","5341263,61228","11,584184655","48,195543732",0,1,#66c2a5,bicycle
55692,9,7,62,0,2019,3,21,5,2,5,3,2,0,1,0,0,0,0,"621423,728857","5304221,09693","10,624015871","47,879834927",0,2,#fc8d62,car
55698,9,7,72,141,2019,3,7,5,3,2,6,0,0,1,0,0,0,0,"622699,389141","5352536,46898","10,65496032","48,314107435",0,2,#fc8d62,car
55700,9,7,61,0,2019,3,8,5,3,6,2,0,0,1,1,0,0,0,"644034,492969","5357582,56051","10,944292265","48,354979933",0,2,#fc8d62,car
55713,9,1,81,140,2019,3,9,2,3,2,6,0,0,1,0,0,0,1,"643411,127992","5324321,35606","10,924640653","48,056045311",2,2,#fc8d62,car
55743,9,1,77,133,2019,3,22,2,3,1,6,2,0,1,0,0,0,0,"709300,544393","5360099,90196","11,825617101","48,359347789",1,2,#fc8d62,car
55745,9,2,74,111,2019,3,7,5,3,5,3,0,0,1,0,0,0,0,"740390,407751","5381608,6408","12,257026859","48,541472122",0,2,#fc8d62,car
55755,9,1,90,157,2019,3,12,5,3,4,2,0,1,1,0,0,0,0,"659910,580609","5301022,56445","11,137260158","47,842645145",1,1,#66c2a5,bicycle
55756,9,2,61,0,2019,3,18,6,3,6,4,2,0,1,1,0,0,0,"732048,329793","5381389,67356","12,144059369","48,542645472",0,2,#fc8d62,car
55759,9,1,87,165,2019,3,7,5,3,3,6,0,0,1,0,0,1,0,"730655,594796","5300037,24797","12,081070332","47,812313245",0,2,#fc8d62,car
55760,9,2,61,0,2019,3,18,6,2,6,4,2,0,1,1,0,0,0,"732051,22727","5381392,09822","12,144099916","48,542666181",0,2,#fc8d62,car
55769,9,1,79,142,2019,3,2,5,2,2,6,2,0,1,0,0,1,0,"676134,314443","5343452,22864","11,371358718","48,219826061",0,2,#fc8d62,car
55772,9,1,81,130,2019,3,10,5,3,3,6,0,1,1,0,0,0,0,"639424,033843","5322995,91442","10,870730207","48,045010205",1,1,#66c2a5,bicycle
55773,9,1,79,123,2019,3,17,5,3,5,2,0,1,1,0,0,0,0,"675945,994744","5333554,63365","11,364728495","48,130906589",0,1,#66c2a5,bicycle
55775,9,1,83,144,2019,3,8,6,3,4,6,0,0,0,0,0,1,0,"742975,503288","5352854,19608","12,275345348","48,282211327",1,5,#a6d854,bus
55776,9,1,78,123,2019,3,17,5,3,2,1,0,0,1,0,1,0,0,"689545,650737","5358625,33535","11,558547265","48,352334366",0,2,#fc8d62,car
55778,9,1,78,124,2019,3,22,5,3,4,2,2,0,1,0,1,0,0,"703099,135069","5363983,12187","11,743873581","48,396268493",0,2,#fc8d62,car
55780,9,1,78,140,2019,3,18,5,3,5,3,2,0,1,0,0,0,0,"707646,938194","5366272,17346","11,806370999","48,415356411",0,2,#fc8d62,car
55782,9,1,62,0,2019,3,22,4,2,6,4,2,0,1,1,0,0,0,"694119,913787","5340365,3908","11,611844213","48,186836111",0,2,#fc8d62,car
55784,9,1,62,0,2019,3,17,4,3,0,7,0,1,0,0,0,0,0,"688008,436503","5342850,06756","11,530800505","48,211006777",0,1,#66c2a5,bicycle
55786,9,1,88,113,2019,3,9,2,3,2,6,0,0,1,0,0,0,0,"679435,074962","5311852,30889","11,402488749","47,934846269",2,2,#fc8d62,car
55787,9,1,84,142,2019,3,16,4,3,5,3,0,0,1,0,0,0,0,"681048,19","5318589,936","11,42690424","47,994958263",0,2,#fc8d62,car
55788,9,1,84,123,2019,3,9,4,3,6,4,0,0,0,1,0,1,0,"704154,788035","5332889,43374","11,743118841","48,116507169",0,3,#8da0cb,toilet
55789,9,1,86,143,2019,3,18,6,3,6,2,2,0,1,1,0,0,0,"685840,721078","5378570,64649","11,517436066","48,532700399",0,2,#fc8d62,car
55796,9,1,62,0,2019,3,14,6,3,2,6,0,0,1,0,0,1,0,"678355,954041","5334365,51765","11,397428829","48,137524943",1,2,#fc8d62,car
55798,9,1,74,146,2019,3,5,6,3,4,6,2,0,1,0,0,0,1,"666163,308297","5352113,44325","11,240626906","48,300379208",1,2,#fc8d62,car
55801,9,7,72,184,2019,3,13,4,3,4,2,0,1,1,0,0,0,0,"633129,19989","5358911,7692","10,797582975","48,369325834",0,1,#66c2a5,bicycle
55803,9,1,74,115,2019,3,6,6,2,6,4,1,0,1,1,0,0,0,"680637,055684","5348406,11324","11,434037538","48,26308911",1,2,#fc8d62,car
55804,9,7,72,217,2019,3,16,4,3,3,6,0,0,1,0,0,0,1,"635975,703771","5382178,65243","10,843563922","48,577930139",0,2,#fc8d62,car
55805,9,7,71,142,2019,3,15,4,3,2,6,0,0,1,0,0,0,0,"645469,442611","5352639,53161","10,961944174","48,310206354",0,2,#fc8d62,car
55806,9,1,74,113,2019,3,7,6,2,4,1,1,0,1,0,0,0,0,"677224,050599","5347773,64679","11,387825126","48,25836783",1,2,#fc8d62,car
55807,9,7,71,130,2019,3,7,4,3,8,1,0,0,0,0,1,0,0,"648402,808982","5353924,268","11,001933633","48,32107618",0,4,#e78ac3,marker
55808,9,1,84,119,2019,3,14,6,3,2,6,0,0,1,0,0,0,0,"696270,668855","5349502,9098","11,644981511","48,268296419",1,2,#fc8d62,car
55810,9,1,84,119,2019,3,14,6,3,2,6,0,0,1,0,0,0,0,"696305,598263","5349367,85496","11,645389021","48,267071835",1,2,#fc8d62,car
55812,9,1,75,135,2019,3,15,6,2,2,2,0,0,1,0,0,1,0,"706690,418299","5338444,93619","11,779843645","48,16561312",0,2,#fc8d62,car
55816,9,1,77,130,2019,3,13,6,3,8,1,0,0,1,0,0,0,0,"713040,273832","5352780,05592","11,872340456","48,292325923",1,2,#fc8d62,car
55818,9,1,62,0,2019,2,13,5,3,2,6,0,0,1,0,0,0,0,"690392,12987","5339034,60857","11,561143882","48,176003367",0,2,#fc8d62,car
55820,9,1,84,140,2019,2,17,5,2,4,2,0,0,1,0,0,0,0,"702032,272","5327277,528","11,711977967","48,066750181",0,2,#fc8d62,car
55822,9,1,62,0,2019,2,12,5,3,8,1,0,0,0,0,1,0,0,"694514,59714","5335139,47679","11,614759035","48,139747262",0,4,#e78ac3,marker
55842,9,7,62,0,2019,2,10,5,3,0,1,0,1,0,0,0,0,0,"621500,726489","5304374,56436","10,625088446","47,881200607",0,1,#66c2a5,bicycle
55850,9,7,71,122,2019,2,11,5,3,9,7,0,0,1,0,0,1,1,"654456,943062","5360705,62818","11,086036069","48,380595134",0,2,#fc8d62,car
55859,9,1,77,115,2019,3,9,2,3,5,3,0,0,1,0,0,0,0,"733892,717","5351673,71","12,152451205","48,275026941",0,2,#fc8d62,car
55868,9,1,79,142,2019,3,9,2,3,5,3,0,0,1,0,0,0,0,"672736,668321","5340856,53651","11,324597687","48,197426326",2,2,#fc8d62,car
55870,9,2,74,113,2019,3,9,4,3,5,3,0,1,1,0,0,0,0,"729622,446854","5381796,39194","12,111465621","48,547191447",0,1,#66c2a5,bicycle
55878,9,1,90,148,2019,3,14,4,3,2,6,0,0,1,0,0,0,0,"642186,595148","5297514,66859","10,899364304","47,815265166",0,2,#fc8d62,car
55894,9,1,87,169,2019,3,11,4,3,2,6,0,0,1,0,0,0,0,"735186,149752","5299491,35155","12,141199821","47,805769634",0,2,#fc8d62,car
55896,9,1,87,165,2019,3,16,4,3,8,7,0,0,1,0,0,0,0,"732410,202546","5299733,00965","12,104309701","47,808948781",0,2,#fc8d62,car
55898,9,1,87,129,2019,3,8,4,3,0,6,0,0,1,0,0,0,0,"725279,72742","5300767,99049","12,00974349","47,820782955",0,2,#fc8d62,car
55907,9,1,74,146,2019,3,9,4,3,2,6,0,0,1,0,0,0,0,"666864,742965","5350929,79284","11,249610102","48,289553851",0,2,#fc8d62,car
55910,9,1,74,146,2019,3,9,4,3,2,6,0,0,1,0,0,0,0,"666680,479873","5351007,21742","11,247158473","48,290298434",0,2,#fc8d62,car
55911,9,1,88,139,2019,3,8,4,3,2,6,0,0,1,0,0,0,0,"680670,391","5322124,965","11,423333817","48,026841901",0,2,#fc8d62,car
55913,9,1,81,115,2019,3,17,4,3,0,1,1,1,0,0,0,0,0,"657793,093635","5327092,45153","11,118545223","48,07756584",0,1,#66c2a5,bicycle
55916,9,1,78,123,2019,3,23,4,3,0,6,2,0,1,0,0,0,0,"692227,409069","5360583,77746","11,595602812","48,36912515",0,2,#fc8d62,car
55917,9,1,75,123,2019,3,15,4,3,4,6,0,0,1,0,0,1,0,"725390,318903","5336358,59289","12,029889828","48,140515159",0,2,#fc8d62,car
55918,9,7,61,0,2019,3,12,1,3,0,1,0,1,0,0,0,0,0,"641370,467814","5355556,1444","10,907671699","48,337361155",0,1,#66c2a5,bicycle
55920,9,1,77,115,2019,3,17,4,3,2,6,1,0,1,0,0,0,0,"734306,573222","5350372,01492","12,157299354","48,263180746",0,2,#fc8d62,car
55921,9,1,62,0,2019,3,8,3,3,5,2,0,0,1,0,0,0,1,"686444,267941","5335211,26122","11,506415202","48,142808451",0,2,#fc8d62,car
55923,9,1,84,136,2019,3,9,3,3,3,2,0,0,0,0,1,1,0,"699136,326306","5327361,89006","11,67318773","48,068418924",0,4,#e78ac3,marker
55945,9,2,74,111,2019,2,14,5,2,5,3,0,0,1,0,0,1,0,"741108,545367","5382956,95377","12,267520751","48,553306748",0,2,#fc8d62,car
55948,9,2,74,124,2019,2,23,5,2,9,1,2,0,1,0,0,0,0,"723016,613461","5374775,08244","12,018332833","48,486495992",0,2,#fc8d62,car
55950,9,2,61,0,2019,2,17,5,3,5,3,0,1,1,0,0,0,0,"732192,492774","5379340,02847","12,144868009","48,524180639",0,1,#66c2a5,bicycle
55952,9,2,74,182,2019,2,1,5,3,7,7,2,0,1,0,0,0,0,"728965,73191","5378069,6896","12,100533994","48,513953899",0,2,#fc8d62,car
55956,9,1,90,152,2019,2,16,5,3,8,1,0,0,1,0,0,0,0,"670278,345898","5301594,98367","11,275944567","47,845129039",0,2,#fc8d62,car
55959,9,1,73,134,2019,2,16,5,3,5,3,0,0,1,0,0,0,0,"685474,279478","5300553,17791","11,478419022","47,831559849",0,2,#fc8d62,car
55967,9,1,87,142,2019,2,16,5,3,5,3,0,0,1,0,0,0,0,"734057,007478","5312656,20365","12,133268776","47,92445362",0,2,#fc8d62,car
55969,9,1,87,165,2019,2,13,5,3,0,6,0,0,0,0,1,0,1,"731222,665","5297143,374","12,087091736","47,786110014",0,4,#e78ac3,marker
55971,9,1,87,117,2019,2,12,5,3,5,2,0,0,1,0,0,0,0,"726541,746","5307957,078","12,030344205","47,884932683",0,2,#fc8d62,car
55972,9,1,87,122,2019,2,21,5,3,4,1,2,0,1,0,0,0,0,"719803,501786","5313822,24596","11,943324196","47,939976101",0,2,#fc8d62,car
55975,9,1,87,130,2019,2,13,5,3,2,6,0,0,1,0,0,0,0,"712343,102","5310163,031","11,841750522","47,909609268",0,2,#fc8d62,car
55976,9,2,61,0,2019,3,8,3,3,6,4,0,0,1,1,0,0,0,"731994,30738","5381344,46658","12,143303389","48,542259363",0,2,#fc8d62,car
55978,9,1,73,134,2019,3,15,3,3,4,2,0,0,1,0,0,0,0,"685944,342525","5299909,58344","11,484417906","47,82563886",0,2,#fc8d62,car
55979,9,1,87,142,2019,3,7,3,3,5,3,0,0,1,0,0,0,1,"733658,934","5311458,187","12,127298741","47,913835951",0,2,#fc8d62,car
55983,9,1,86,152,2019,3,16,3,3,4,2,0,0,1,0,0,0,0,"691384,629888","5375632,31944","11,591108091","48,504627215",1,2,#fc8d62,car
55984,9,1,86,143,2019,3,11,3,3,5,3,0,0,1,0,0,0,0,"685630,941585","5378275,20218","11,514465642","48,530107121",0,2,#fc8d62,car
55985,9,1,62,0,2019,2,17,5,3,2,6,0,0,1,0,0,0,0,"684591,893449","5333025,94361","11,480590769","48,123705793",0,2,#fc8d62,car
55988,9,1,81,130,2019,2,12,5,2,5,3,0,0,1,0,1,0,0,"640827,226727","5323623,30147","10,889753517","48,050343775",0,2,#fc8d62,car
55989,9,1,75,132,2019,3,17,2,3,3,6,1,0,1,0,0,1,0,"705232,204027","5335401,08278","11,758787628","48,138731934",1,2,#fc8d62,car
55990,9,1,81,130,2019,3,6,3,3,4,2,0,0,1,0,0,0,0,"637311,837324","5323307,69956","10,842505015","48,048271778",0,2,#fc8d62,car
55991,9,1,78,120,2019,3,15,3,3,2,1,0,0,1,0,0,0,0,"694526,98498","5352662,90191","11,622963589","48,297234103",1,2,#fc8d62,car
55992,9,1,88,120,2019,2,13,5,3,0,3,0,0,1,0,1,0,0,"676973,721146","5326513,68377","11,375609512","48,067328593",0,2,#fc8d62,car
55993,9,1,77,142,2019,3,13,3,3,5,3,0,0,1,0,0,0,0,"720306,278","5349466,048","11,968443911","48,260063607",0,2,#fc8d62,car
55994,9,1,74,121,2019,2,8,5,3,5,2,0,0,1,0,0,0,0,"690669,587032","5355609,56955","11,572337789","48,324891657",0,2,#fc8d62,car
55995,9,1,62,0,2019,3,9,2,3,2,6,0,0,1,0,0,0,0,"692901,529305","5338936,13599","11,594819802","48,174361587",0,2,#fc8d62,car
55997,9,1,77,127,2019,2,12,5,3,5,3,0,0,1,0,0,0,0,"726587,989609","5349033,84556","12,052730309","48,253965852",0,2,#fc8d62,car
55999,9,1,62,0,2019,2,18,4,3,2,6,2,0,1,0,0,0,1,"688739,847313","5338553,79759","11,538726735","48,172174674",0,2,#fc8d62,car
56001,9,1,84,136,2019,2,8,4,3,5,3,0,1,1,0,0,0,0,"697667,641037","5327948,0215","11,653765252","48,074143524",0,1,#66c2a5,bicycle
56004,9,1,84,119,2019,2,17,4,3,5,3,0,0,1,0,1,0,0,"693314,84678","5347289,7904","11,604180273","48,249315006",0,2,#fc8d62,car
56008,9,1,88,127,2019,2,8,4,3,2,6,0,0,1,0,0,0,0,"679981,000196","5330005,42434","11,417411915","48,097874607",0,2,#fc8d62,car
56011,9,1,62,0,2019,2,17,4,3,0,1,0,1,0,0,0,0,0,"693106,238","5337626,475","11,596975767","48,162528623",0,1,#66c2a5,bicycle
56024,9,7,72,147,2019,2,16,4,3,2,6,0,0,1,0,0,0,0,"632241,753044","5364529,78491","10,787375404","48,420030659",0,2,#fc8d62,car
56030,9,7,72,160,2019,2,13,4,3,2,6,0,0,1,0,0,0,0,"637820,546427","5340391,5922","10,85485217","48,201785352",0,2,#fc8d62,car
56032,9,7,72,216,2019,2,12,4,2,5,3,0,1,1,0,0,0,0,"623751,876804","5366264,78412","10,673191396","48,437357845",0,1,#66c2a5,bicycle
56035,9,7,72,121,2019,2,17,4,2,8,1,0,0,0,0,1,0,0,"634909,022407","5376387,87978","10,827233109","48,526091637",0,4,#e78ac3,marker
56037,9,7,61,0,2019,2,13,4,3,4,1,0,0,1,0,0,0,0,"640515,426656","5360246,94665","10,897706704","48,379730108",0,2,#fc8d62,car
56071,9,1,90,140,2019,3,20,2,2,6,4,2,0,1,1,0,0,0,"645298,436557","5299769,9149","10,941665113","47,834849858",1,2,#fc8d62,car
56078,9,1,87,182,2019,3,17,2,3,2,6,0,0,1,0,0,0,0,"740061,73478","5326802,08316","12,221429219","48,049306259",0,2,#fc8d62,car
56080,9,1,87,177,2019,3,15,2,2,6,7,0,0,1,1,0,0,0,"735717,789764","5305429,32612","12,151520961","47,85892103",0,2,#fc8d62,car
56081,9,1,63,0,2019,3,5,2,3,4,6,2,0,1,0,0,0,0,"734735,393154","5304894,44458","12,13811658","47,854475282",0,2,#fc8d62,car
56083,9,1,87,179,2019,3,14,2,3,4,1,0,0,1,0,0,0,0,"720964,562398","5317163,37017","11,960566136","47,96959761",0,2,#fc8d62,car
56085,9,1,87,179,2019,3,22,2,3,7,1,2,0,1,0,0,0,0,"727350,160945","5315438,35269","12,045087617","47,951863286",0,2,#fc8d62,car
56088,9,1,81,140,2019,3,9,2,3,3,6,0,0,1,0,0,0,0,"643361,299985","5324316,91061","10,92397084","48,056016534",2,2,#fc8d62,car
56112,9,2,74,126,2019,3,13,5,3,5,3,0,0,1,0,0,0,0,"733302,175959","5383716,84352","12,162324779","48,563084615",1,2,#fc8d62,car
56115,9,1,73,134,2019,3,18,5,3,4,2,2,0,1,0,0,0,0,"684623,998265","5295782,96344","11,465036732","47,788924353",1,2,#fc8d62,car
56117,9,1,73,126,2019,3,19,5,2,8,7,2,0,1,0,0,0,0,"684741,906126","5302733,99986","11,469572813","47,851374197",1,2,#fc8d62,car
56121,9,1,63,0,2019,3,15,5,3,2,6,0,0,1,0,0,0,1,"733555,187","5303195,185","12,121445972","47,839638965",1,2,#fc8d62,car
56123,9,1,87,122,2019,3,15,5,3,5,3,0,0,1,0,0,0,0,"722503,385208","5306635,1122","11,975720087","47,874466738",1,2,#fc8d62,car
56129,9,1,79,142,2019,3,8,5,3,2,6,0,0,1,0,0,0,0,"677157,599721","5342602,94129","11,384768457","48,211906898",0,2,#fc8d62,car
56130,9,1,74,115,2019,3,21,5,3,6,2,2,0,1,1,0,0,0,"683364,280613","5347722,02291","11,4704545","48,256156796",0,2,#fc8d62,car
56131,9,1,84,112,2019,3,11,5,3,2,7,0,0,1,0,0,0,0,"700587,701728","5341161,76499","11,699144485","48,191983844",0,2,#fc8d62,car
56132,9,1,75,133,2019,3,18,5,3,6,4,1,0,1,1,0,0,0,"708873,757","5342158,249","11,810996816","48,198267654",1,2,#fc8d62,car
56133,9,1,78,124,2019,3,16,5,3,4,2,0,1,1,0,0,0,0,"702673,454867","5365663,84797","11,738940882","48,411508886",1,1,#66c2a5,bicycle
56134,9,1,78,124,2019,3,15,5,3,2,6,0,0,1,0,0,0,0,"702864,131728","5359046,14518","11,73832066","48,351978959",1,2,#fc8d62,car
56135,9,1,77,115,2019,3,9,5,3,9,1,0,0,1,0,0,0,0,"734352,808948","5350198,76322","12,157825442","48,261607311",0,2,#fc8d62,car
56136,9,1,84,149,2019,3,13,4,3,5,3,0,0,1,0,0,0,0,"690243,037065","5350407,83693","11,56424499","48,278268628",0,2,#fc8d62,car
56137,9,1,84,138,2019,3,7,4,3,3,6,0,1,0,0,0,0,0,"682410,697935","5330183,6826","11,45009181","48,098786049",1,1,#66c2a5,bicycle
56139,9,7,77,130,2019,3,17,4,3,2,6,0,0,1,0,0,0,0,"623672,583","5308898,44","10,655421855","47,921471741",0,2,#fc8d62,car
56140,9,7,72,163,2019,3,10,4,3,2,6,0,0,1,0,0,0,0,"638802,449176","5345211,31903","10,869637983","48,244910626",0,2,#fc8d62,car
56173,9,1,77,117,2019,3,18,6,3,5,2,2,0,1,0,0,0,0,"715390,270766","5355177,11794","11,905205497","48,313068571",1,2,#fc8d62,car
56181,9,2,74,113,2019,3,16,4,3,4,2,0,0,1,0,0,0,0,"728393,914917","5383930,03253","12,096014414","48,56680673",0,2,#fc8d62,car
56183,9,1,87,165,2019,3,11,4,3,0,7,0,0,1,0,0,0,0,"729295,681669","5300274,01857","12,063056897","47,814926399",0,2,#fc8d62,car
56184,9,1,63,0,2019,3,7,4,3,5,3,1,0,1,0,1,0,0,"730914,721","5303344,65","12,086289308","47,841935361",1,2,#fc8d62,car
56186,9,1,87,150,2019,3,7,4,3,5,7,0,1,1,0,0,0,0,"728789,91442","5303478,95977","12,058003215","47,843901601",0,1,#66c2a5,bicycle
56188,9,1,88,121,2019,3,7,4,3,2,6,0,0,1,0,0,0,0,"670951,589364","5329250,67243","11,295934906","48,093576047",0,2,#fc8d62,car
56189,9,1,79,136,2019,3,15,4,2,0,1,0,1,0,0,0,0,0,"659710,984136","5341618,88592","11,149725161","48,207690271",0,1,#66c2a5,bicycle
56190,9,1,81,114,2019,3,16,4,3,6,7,0,0,0,1,0,0,1,"655738,935415","5313174,85696","11,085929512","47,952935298",0,3,#8da0cb,toilet
56191,9,1,84,135,2019,3,17,3,3,5,3,0,0,1,0,0,0,0,"692101,335365","5344764,80255","11,586705162","48,226990276",0,2,#fc8d62,car
56192,9,1,62,0,2019,3,17,3,3,2,6,1,0,1,0,0,0,1,"682881,608746","5335935,88952","11,458878992","48,150355958",0,2,#fc8d62,car
56193,9,1,84,139,2019,3,18,3,3,5,3,0,1,1,0,0,0,0,"687462,532199","5326612,24702","11,516312649","48,065218516",0,1,#66c2a5,bicycle
56194,9,1,62,0,2019,3,11,3,3,3,2,0,0,0,0,0,1,1,"694593,673309","5334183,40213","11,615384136","48,131130279",0,5,#a6d854,bus
56195,9,1,88,120,2019,3,17,3,3,6,7,0,0,1,1,0,0,0,"679039,702","5328995,095","11,404356781","48,089057823",0,2,#fc8d62,car
56196,9,1,62,0,2019,3,15,3,3,5,3,0,1,1,0,0,0,0,"682700,692272","5337966,77029","11,457321029","48,168662837",0,1,#66c2a5,bicycle
56199,9,7,72,121,2019,3,6,3,3,8,1,1,0,1,0,0,0,0,"631441,376048","5376295,16259","10,780261356","48,525993655",0,2,#fc8d62,car