OBJECTID,ULAND,UREGBEZ,UKREIS,UGEMEINDE,UJAHR,UMONAT,USTUNDE,UWOCHENTAG,UKATEGORIE,UART,UTYP1,ULICHTVERH,IstRad,IstPKW,IstFuss,IstKrad,IstGkfz,IstSonstig,LINREFX,LINREFY,XGCSWGS84,YGCSWGS84,STRZUSTAND,Teilnehmer,color,symbol
56201,9,7,72,147,2019,3,10,3,3,4,2,0,1,1,0,0,0,0,"638779,8719","5365809,3859","10,876119858","48,430130191",0,1,#66c2a5,bicycle
56202,9,7,72,202,2019,3,16,3,3,8,1,0,0,1,0,0,0,0,"635172,286424","5358933,97799","10,825162535","48,369091272",0,2,#fc8d62,car
56203,9,7,61,0,2019,3,18,3,3,2,2,1,0,1,0,0,0,0,"640865,701585","5360462,11911","10,902506693","48,381586748",0,2,#fc8d62,car
56204,9,7,71,113,2019,3,18,3,2,5,2,2,0,1,0,1,0,0,"657652,797549","5369443,7945","11,132451997","48,458363397",0,2,#fc8d62,car
56215,9,1,75,116,2019,3,16,6,3,5,3,1,0,1,0,0,0,0,"708528,943494","5320110,25201","11,795591127","48,000251764",1,2,#fc8d62,car
56224,9,1,62,0,2019,3,11,5,3,5,2,0,0,1,0,0,0,0,"687427,513","5340475,332","11,521939963","48,189834123",0,2,#fc8d62,car
56242,9,1,73,126,2019,3,22,3,3,3,6,2,0,1,0,0,0,0,"683440,820203","5306512,73379","11,453800634","47,885714422",0,2,#fc8d62,car
56245,9,1,87,182,2019,3,15,3,3,5,3,0,0,1,0,0,0,1,"740441,186","5327557,822","12,226937345","48,055952132",0,2,#fc8d62,car
56246,9,1,87,122,2019,3,7,3,3,4,6,0,0,0,0,0,0,1,"718477,602028","5312098,52555","11,924719225","47,924940941",0,6,#ffd92f,circle
56248,9,1,79,142,2019,3,21,3,3,2,6,2,0,1,0,0,0,1,"677389,304248","5342411,88793","11,387804798","48,210124796",0,2,#fc8d62,car
56249,9,1,79,142,2019,3,21,3,3,0,7,2,0,1,0,0,0,1,"677350,465593","5342443,88533","11,387295845","48,210423275",0,2,#fc8d62,car
56250,9,1,79,142,2019,3,16,3,3,3,6,0,0,1,0,0,1,0,"677288,745905","5342494,73801","11,386487043","48,210897635",0,2,#fc8d62,car
56251,9,1,79,119,2019,3,19,3,3,2,7,2,0,1,0,0,0,0,"672269,878447","5339156,74103","11,317631751","48,182272794",0,2,#fc8d62,car
56252,9,1,74,141,2019,3,16,3,3,1,6,0,0,1,0,0,0,0,"679803,641844","5356354,7736","11,426203126","48,33477393",0,2,#fc8d62,car
56253,9,1,74,121,2019,3,12,3,3,2,6,0,0,1,0,0,0,0,"691050,262272","5352851,31005","11,576219084","48,299986638",0,2,#fc8d62,car
56254,9,1,84,129,2019,3,15,3,2,2,6,0,0,1,0,0,1,0,"701340,731298","5326466,50709","11,702323995","48,05968011",0,2,#fc8d62,car
56255,9,1,62,0,2019,3,19,2,3,2,6,2,0,1,0,0,0,0,"688525,743895","5334460,62329","11,534036483","48,135448237",0,2,#fc8d62,car
56256,9,1,62,0,2019,3,17,2,2,6,4,1,0,0,1,0,0,1,"686218,049973","5335256,2816","11,503396801","48,143279363",0,3,#8da0cb,toilet
56257,9,1,84,123,2019,3,18,2,3,6,4,2,0,1,1,0,0,0,"704135,913178","5333082,57354","11,742957989","48,118248905",1,2,#fc8d62,car
56258,9,1,62,0,2019,3,8,2,3,1,6,0,0,1,0,0,0,0,"689182,464581","5330687,71258","11,541180694","48,101341919",2,2,#fc8d62,car
56281,9,7,72,223,2019,3,14,2,3,1,5,0,0,1,0,0,1,0,"625553,335409","5364228,95442","10,69692725","48,41869387",0,2,#fc8d62,car
56282,9,7,72,178,2019,3,8,2,3,8,1,0,0,1,0,0,0,0,"620679,611829","5345236,43542","10,625644274","48,2488461",2,2,#fc8d62,car
56283,9,7,72,151,2019,3,7,2,3,2,6,0,0,1,0,0,0,1,"623132,033","5342687,225","10,657924922","48,225449231",2,2,#fc8d62,car
56284,9,7,72,170,2019,3,9,2,3,8,1,0,0,1,0,0,0,0,"629341,001977","5330583,24518","10,737804617","48,115365291",2,2,#fc8d62,car
56285,9,7,71,142,2019,3,13,2,3,5,3,0,0,1,0,0,0,0,"645569,607383","5352067,1072","10,963096793","48,305036402",1,2,#fc8d62,car
56286,9,7,72,125,2019,3,8,2,3,1,6,0,0,1,0,0,0,0,"636199,779","5348170,366","10,835552038","48,27208342",2,2,#fc8d62,car
56287,9,7,61,0,2019,3,22,2,3,5,3,2,1,1,0,0,0,0,"640221,64199","5354192,37634","10,891724324","48,325354482",0,1,#66c2a5,bicycle
56289,9,7,61,0,2019,3,11,2,3,3,6,0,0,1,0,0,1,0,"641660,083298","5359821,92075","10,913013501","48,375652485",0,2,#fc8d62,car
56304,9,7,71,130,2019,3,19,5,2,6,4,2,0,1,1,0,0,0,"647084,139023","5357354,12759","10,985353558","48,352223078",1,2,#fc8d62,car
56310,9,7,61,0,2019,3,17,5,3,2,6,0,0,1,0,0,0,0,"639807,552444","5360767,32034","10,888325166","48,384566408",1,2,#fc8d62,car
56376,9,1,62,0,2019,3,15,3,3,3,6,0,0,1,0,1,0,0,"679330,319296","5333443,02047","11,410125775","48,128958763",0,2,#fc8d62,car
56377,9,7,71,129,2019,3,10,3,3,9,6,0,0,1,0,0,0,0,"659301,170663","5356651,77884","11,149878228","48,342945422",0,2,#fc8d62,car
56378,9,1,74,122,2019,3,10,3,3,2,6,0,0,1,0,1,0,0,"684445,100082","5353038,50317","11,487322271","48,303629091",0,2,#fc8d62,car
56379,9,1,84,129,2019,3,13,3,3,2,6,0,0,0,0,0,1,1,"700216,868982","5325030,26317","11,686585141","48,047125923",0,5,#a6d854,bus
56380,9,1,77,133,2019,3,7,3,3,2,6,0,0,1,0,0,0,0,"712397,710791","5357548,88068","11,866089094","48,335391826",0,2,#fc8d62,car
56381,9,1,62,0,2019,3,16,2,3,5,2,0,1,0,0,0,1,0,"694055,99022","5340284,91712","11,6109483","48,186132381",0,1,#66c2a5,bicycle
56406,9,7,61,0,2019,3,5,3,3,5,2,2,0,1,0,0,0,0,"640429,039639","5352401,83691","10,89392451","48,30920833",0,2,#fc8d62,car
56443,9,1,87,165,2019,3,8,2,3,8,1,0,0,1,0,0,0,0,"729737,012356","5300182,69036","12,068895306","47,813948481",0,2,#fc8d62,car
56445,9,1,82,123,2019,3,10,2,2,2,7,0,0,1,0,0,0,0,"718111,84773","5301395,25064","11,914426315","47,828888987",0,2,#fc8d62,car
56446,9,1,87,165,2019,3,17,2,3,8,1,0,0,1,0,0,0,0,"733443,064542","5297988,04486","12,117145739","47,79289803",0,2,#fc8d62,car
56448,9,1,87,165,2019,3,6,2,2,8,1,0,0,1,0,0,0,0,"726660,975","5299942,314","12,027738716","47,812879304",1,2,#fc8d62,car
56452,9,1,86,126,2019,3,6,2,3,5,3,0,0,1,0,0,0,0,"685444,513","5375285,44","11,51061397","48,503291072",0,2,#fc8d62,car
56454,9,1,74,146,2019,3,6,2,3,2,6,0,0,1,0,0,0,0,"666265,97742","5351180,37147","11,241642832","48,291964083",0,2,#fc8d62,car
56455,9,1,74,135,2019,3,6,2,3,2,6,0,0,1,0,0,0,0,"663041,151093","5353482,36984","11,199087645","48,313498218",0,2,#fc8d62,car
56456,9,1,88,141,2019,3,9,2,2,8,1,0,0,1,0,0,0,0,"666770,853","5309495,415","11,232151134","47,917077769",1,2,#fc8d62,car
56458,9,1,81,146,2019,3,7,2,3,5,2,0,0,1,0,0,0,1,"651819,583306","5326549,02166","11,038204872","48,074129984",0,2,#fc8d62,car
56459,9,1,88,121,2019,3,20,2,3,3,6,2,1,1,0,0,0,0,"670831,194858","5331338,51287","11,295155148","48,1123776",1,1,#66c2a5,bicycle
56460,9,1,78,124,2019,3,16,2,3,5,2,0,1,1,0,0,0,0,"701958,336568","5364198,64378","11,728583244","48,398571604",0,1,#66c2a5,bicycle
56461,9,1,84,119,2019,3,3,1,2,8,1,2,0,1,0,0,0,0,"693284,921712","5347267,33605","11,603767328","48,249122323",0,2,#fc8d62,car
56465,9,7,77,121,2019,3,16,1,2,9,1,0,0,1,0,0,0,0,"628016,569385","5321463,26077","10,717286048","48,033616768",0,2,#fc8d62,car
56467,9,7,71,145,2019,3,14,1,3,2,6,0,0,1,0,0,0,0,"645901,014921","5345707,19569","10,96536797","48,247775242",0,2,#fc8d62,car
56508,9,1,83,119,2019,3,14,1,3,4,1,0,0,1,0,0,0,0,"734778,690405","5339649,93381","12,157717076","48,166687985",0,2,#fc8d62,car
56519,9,1,87,165,2019,3,11,1,2,2,6,0,0,1,0,0,0,0,"731954,571939","5299804,73067","12,098271395","47,809757472",0,2,#fc8d62,car
56520,9,1,87,167,2019,3,15,1,3,0,7,0,1,0,0,0,0,0,"742773,746431","5306208,31939","12,246141358","47,863292132",0,1,#66c2a5,bicycle
56521,9,7,73,182,2019,3,8,3,3,4,6,0,0,1,0,0,0,0,"630037,690094","5379554,36499","10,762276385","48,555593032",0,2,#fc8d62,car
56522,9,1,87,130,2019,3,14,1,3,0,3,0,0,1,0,1,0,0,"712455,356","5310413,03","11,843374043","47,911818649",0,2,#fc8d62,car
56523,9,1,86,152,2019,3,1,1,2,3,6,2,0,1,0,0,0,0,"691476,554923","5378733,62894","11,593774782","48,532471134",0,2,#fc8d62,car
56526,9,1,86,152,2019,3,1,1,2,8,1,2,0,1,0,0,0,0,"691477,418","5378735,322","11,593787239","48,532486086",0,2,#fc8d62,car
56530,9,1,88,144,2019,3,16,1,3,2,6,0,0,1,0,0,0,0,"668088,344666","5328989,15023","11,257408856","48,091986583",0,2,#fc8d62,car
56531,9,1,88,139,2019,3,17,1,3,2,6,0,0,1,0,0,0,0,"675268,840619","5319152,84269","11,349732018","48,001628681",0,2,#fc8d62,car
56532,9,1,79,117,2019,3,15,1,2,8,1,0,0,0,0,1,0,0,"660410,534216","5347011,90302","11,161175895","48,255999362",0,4,#e78ac3,marker
56533,9,1,88,124,2019,3,13,1,3,2,6,0,0,1,0,0,0,0,"660046,820822","5319099,50301","11,145794224","48,005141165",0,2,#fc8d62,car
56535,9,1,88,126,2019,3,17,1,3,0,1,1,0,0,0,1,0,0,"660212,183441","5328114,59439","11,151383935","48,086152401",1,4,#e78ac3,marker
56536,9,1,88,120,2019,3,10,1,2,5,2,0,0,1,0,1,0,0,"676553,656007","5325345,92767","11,369493693","48,056947587",0,2,#fc8d62,car
56537,9,1,79,147,2019,3,13,1,3,8,1,0,0,0,0,1,0,1,"663631,334","5332393,503","11,198903791","48,123752968",0,4,#e78ac3,marker
56538,9,1,79,147,2019,3,12,1,2,9,2,0,1,0,0,1,0,0,"663387,975138","5331671,75407","11,195359366","48,117326673",0,1,#66c2a5,bicycle
56539,9,1,62,0,2019,3,11,1,3,2,6,0,0,1,0,0,0,0,"696363,724586","5343325,59827","11,643370384","48,212750767",0,2,#fc8d62,car
56540,9,1,77,113,2019,3,14,1,3,9,1,0,0,0,0,1,0,0,"724889,34758","5355771,2771","12,033464034","48,315100778",0,4,#e78ac3,marker
56541,9,1,75,115,2019,3,12,1,2,8,1,0,0,1,0,0,0,0,"721469,528199","5330891,99254","11,974418718","48,092775197",0,2,#fc8d62,car
56542,9,1,84,119,2019,3,12,7,3,2,6,0,0,1,0,0,0,0,"696034,270193","5346714,91968","11,640507864","48,243313352",0,2,#fc8d62,car
56543,9,1,62,0,2019,3,17,7,3,6,7,0,1,0,1,0,0,0,"692076,081028","5340351,91252","11,584367947","48,187336229",0,1,#66c2a5,bicycle
56545,9,1,62,0,2019,3,13,7,3,2,6,0,0,1,0,0,0,0,"699584,371977","5332971,50708","11,681817572","48,118693554",0,2,#fc8d62,car
56546,9,1,62,0,2019,3,15,7,3,6,7,0,0,1,1,0,0,0,"694904,273844","5332748,49355","11,618898041","48,118138891",0,2,#fc8d62,car
56553,9,7,72,147,2019,3,1,7,3,9,6,2,0,1,0,0,0,1,"631127,349324","5367554,02242","10,773267037","48,447458118",1,2,#fc8d62,car
56554,9,7,71,145,2019,3,14,7,3,2,6,0,0,1,0,1,0,0,"647405,288333","5344440,13328","10,985177759","48,236034531",0,2,#fc8d62,car
56555,9,7,72,163,2019,3,10,7,2,0,1,0,0,0,0,1,0,0,"638683,50485","5346661,69931","10,868511954","48,257978483",0,4,#e78ac3,marker
56556,9,7,61,0,2019,3,18,7,2,2,6,1,0,1,0,0,0,0,"642090,976985","5363886,88552","10,920204329","48,412105787",0,2,#fc8d62,car
56557,9,7,61,0,2019,3,18,7,3,2,6,1,0,1,0,0,0,0,"642091,024865","5363885,88693","10,920204638","48,412096797",0,2,#fc8d62,car
56559,9,7,71,141,2019,3,12,7,3,8,1,0,0,1,0,0,0,0,"656326,872274","5374094,62802","11,116269236","48,500506583",0,2,#fc8d62,car
56589,9,1,63,0,2019,3,14,7,1,5,3,0,0,1,0,1,0,0,"733880,62859","5304870,64045","12,12669421","47,854573016",0,2,#fc8d62,car
56590,9,1,63,0,2019,3,13,7,3,5,3,0,1,1,0,0,0,0,"734925,987811","5304980,36361","12,140707292","47,855177536",0,1,#66c2a5,bicycle
56594,9,1,87,117,2019,3,19,7,3,2,6,2,0,1,0,0,0,1,"725435,697108","5301852,23882","12,012388412","47,830470321",0,2,#fc8d62,car
56597,9,1,81,130,2019,3,14,7,3,2,6,0,0,1,0,1,0,0,"639208,391","5322770,183","10,867764991","48,043027418",0,2,#fc8d62,car
56598,9,1,74,131,2019,3,18,7,2,5,3,1,0,1,0,0,0,0,"676347,296","5358574,555","11,380536272","48,355701205",0,2,#fc8d62,car
56599,9,1,78,150,2019,3,13,7,3,2,6,0,0,1,0,0,0,0,"691277,481226","5371373,25356","11,58770967","48,466382637",0,2,#fc8d62,car
56600,9,1,84,119,2019,3,10,7,3,2,6,0,0,1,0,0,0,1,"695779,677618","5345852,6855","11,636683854","48,235642886",0,2,#fc8d62,car
56601,9,1,73,120,2019,3,19,6,3,8,1,2,0,1,0,0,0,0,"682733,188232","5309925,6106","11,445789397","47,91659507",1,2,#fc8d62,car
56602,9,1,77,117,2019,3,10,7,3,5,3,0,0,1,0,0,0,0,"717248,42238","5353726,94961","11,929488112","48,29940344",0,2,#fc8d62,car
56603,9,1,77,126,2019,3,3,7,3,9,7,2,0,1,0,0,0,0,"720779,500916","5366985,47306","11,983991403","48,417301803",1,2,#fc8d62,car
56604,9,1,75,137,2019,3,18,7,2,4,1,2,1,1,0,0,0,0,"725999,080572","5332736,34087","12,036141141","48,107755717",0,1,#66c2a5,bicycle
56605,9,1,62,0,2019,3,0,6,3,8,1,2,0,1,0,0,0,0,"687550,085453","5331569,58269","11,519663578","48,109751037",1,2,#fc8d62,car
56606,9,1,62,0,2019,3,12,6,3,2,6,0,0,1,0,0,0,1,"678024,188954","5339073,63418","11,394943463","48,179939458",1,2,#fc8d62,car
56607,9,1,73,118,2019,3,19,6,2,3,6,2,1,1,0,0,0,0,"697887,478","5309193,673","11,648070285","47,90551968",1,1,#66c2a5,bicycle
56609,9,1,62,0,2019,3,18,6,3,2,6,2,0,1,0,0,0,0,"688357,422945","5334083,88644","11,531609753","48,132111898",1,2,#fc8d62,car
56615,9,7,62,0,2019,3,20,6,3,5,3,2,0,1,0,0,0,0,"621877,01012","5303077,93447","10,629753365","47,869467729",1,2,#fc8d62,car
56617,9,7,62,0,2019,3,12,6,3,4,2,0,0,1,0,0,0,0,"620544,917","5305369,796","10,612587501","47,890331713",1,2,#fc8d62,car
56618,9,7,77,121,2019,3,10,6,3,5,3,0,0,1,0,0,0,0,"628214,509737","5321845,904","10,720054652","48,037018193",1,2,#fc8d62,car
56621,9,7,73,116,2019,3,12,6,2,4,6,0,0,1,0,0,0,0,"620711,766266","5380305,24596","10,63616464","48,564210208",1,2,#fc8d62,car
56622,9,1,62,0,2019,3,10,6,2,2,7,0,0,1,0,0,0,1,"694672,333737","5332005,62136","11,615445771","48,111533186",1,2,#fc8d62,car
56623,9,1,87,150,2019,3,17,6,3,9,1,1,0,1,0,0,0,0,"727937,649912","5304481,48958","12,047156602","47,853211712",1,2,#fc8d62,car
56625,9,7,72,163,2019,3,13,6,3,3,6,0,0,1,0,0,0,0,"638703,30342","5345853,37109","10,868513616","48,250705665",1,2,#fc8d62,car
56626,9,7,61,0,2019,3,11,6,3,2,6,0,0,1,0,0,0,0,"636491,311","5360791,637","10,843566317","48,385511344",1,2,#fc8d62,car
56650,9,7,77,121,2019,3,17,3,3,6,2,0,0,1,1,0,0,0,"627881,228959","5319520,74032","10,714891626","48,016174583",0,2,#fc8d62,car
56654,9,1,85,113,2019,3,20,6,3,8,1,2,0,1,0,0,0,0,"672023,249969","5378723,95806","11,330492859","48,538018104",1,2,#fc8d62,car
56660,9,1,88,144,2019,3,8,6,3,4,2,0,0,1,0,0,0,0,"665829,655","5328297,394","11,226830177","48,086359238",1,2,#fc8d62,car
56663,9,1,75,133,2019,3,12,7,3,2,6,0,0,1,0,0,0,0,"708692,004619","5340575,90133","11,807776367","48,184108324",0,2,#fc8d62,car
56664,9,1,84,145,2019,3,13,6,3,0,7,0,1,1,0,0,0,0,"694998,272","5325034,892","11,616638833","48,048782963",0,1,#66c2a5,bicycle
56665,9,1,62,0,2019,3,13,6,3,4,2,0,0,1,0,0,0,0,"698789,663039","5333053,40282","11,671189298","48,119678153",0,2,#fc8d62,car
56672,9,7,77,167,2019,3,12,6,3,4,2,0,0,1,0,0,0,0,"619305,987296","5295619,5915","10,593331762","47,802870488",0,2,#fc8d62,car
56673,9,7,77,121,2019,3,16,6,3,0,1,0,1,0,0,0,0,0,"627709,853003","5321370,48943","10,713145828","48,032843881",0,1,#66c2a5,bicycle
56675,9,1,77,115,2019,3,18,1,3,5,3,1,0,1,0,0,0,0,"731946,488823","5353076,87707","12,127030324","48,288347749",0,2,#fc8d62,car
56676,9,7,61,0,2019,3,13,6,3,2,6,0,0,1,0,0,0,0,"639009,722888","5356535,1143","10,876156523","48,346687667",0,2,#fc8d62,car
56677,9,7,72,184,2019,3,15,6,3,2,6,0,0,1,0,0,0,0,"635720,356647","5361721,18984","10,833459058","48,394036201",0,2,#fc8d62,car
56679,9,7,71,130,2019,3,7,6,3,2,6,0,0,1,0,0,0,0,"645764,543366","5357780,78566","10,967700284","48,356365255",0,2,#fc8d62,car
56699,9,1,74,115,2019,3,13,4,3,5,3,0,1,1,0,0,0,0,"683253,765","5349581,37","11,469772492","48,27290133",0,1,#66c2a5,bicycle
56722,9,7,61,0,2019,3,17,7,3,5,3,0,1,1,0,0,0,0,"642316,333","5359179,257","10,921652961","48,369726284",0,1,#66c2a5,bicycle
56757,9,1,90,157,2019,3,12,6,3,2,6,0,0,0,0,0,1,1,"660873,596289","5301559,66683","11,150321525","47,847234017",0,5,#a6d854,bus
56758,9,1,90,152,2019,3,9,6,3,4,2,0,0,1,0,0,1,0,"668270,103666","5299955,80707","11,248486707","47,830920839",0,2,#fc8d62,car
56761,9,1,73,126,2019,3,14,6,3,2,6,0,0,1,0,0,0,0,"683747,175","5306171,491","11,457749503","47,882559348",0,2,#fc8d62,car
56768,9,1,73,123,2019,3,15,7,3,4,6,0,0,1,0,0,0,1,"679902,413616","5302011,34823","11,404639197","47,84625079",0,2,#fc8d62,car
56769,9,1,63,0,2019,3,6,6,3,5,3,0,0,1,0,0,1,0,"730451,398856","5303424,58043","12,08014859","47,842819702",0,2,#fc8d62,car
56771,9,1,82,136,2019,3,12,6,3,9,1,0,1,0,0,0,0,0,"704738,005277","5299681,86851","11,735131844","47,817886331",0,1,#66c2a5,bicycle
56775,9,1,84,141,2019,3,23,7,3,2,7,2,0,1,0,0,1,0,"700365,078945","5317216,37107","11,68492108","47,976853905",0,2,#fc8d62,car
56780,9,1,62,0,2019,3,16,6,3,2,6,0,0,1,0,0,0,0,"680427,427045","5339655,44958","11,427491162","48,184491417",0,2,#fc8d62,car
56781,9,1,88,132,2019,3,14,6,3,5,3,0,0,1,0,0,0,0,"664975,971662","5323525,38381","11,213534312","48,043678676",0,2,#fc8d62,car
56782,9,1,88,124,2019,3,8,6,3,1,6,0,0,1,0,0,0,0,"662514,038882","5318489,27524","11,178617218","47,999032342",0,2,#fc8d62,car
56783,9,1,79,121,2019,3,16,6,3,6,4,0,0,1,1,0,0,0,"666125,150837","5338493,56221","11,234770893","48,177947274",0,2,#fc8d62,car
56784,9,1,62,0,2019,3,11,6,3,3,6,0,0,1,0,0,1,0,"696581,829404","5343096,24838","11,646196899","48,210622028",0,2,#fc8d62,car
56786,9,1,78,120,2019,3,7,6,2,9,1,0,0,1,0,0,0,0,"694472,839","5355021,755","11,623321309","48,318450385",0,2,#fc8d62,car
56787,9,1,75,139,2019,3,5,6,3,5,3,2,0,1,0,0,0,1,"710387,960464","5331073,09943","11,825870951","48,098156904",0,2,#fc8d62,car
56788,9,1,78,143,2019,3,20,6,3,4,6,2,0,1,0,1,0,0,"717478,126809","5372122,20883","11,94209892","48,464601368",0,2,#fc8d62,car
56790,9,1,62,0,2019,3,7,5,3,5,3,0,0,1,0,0,0,0,"698743,847","5329537,702","11,668936981","48,088095988",0,2,#fc8d62,car
56791,9,1,62,0,2019,3,22,5,2,5,3,2,0,1,0,0,0,1,"688697,728788","5337859,90848","11,537852848","48,165950446",0,2,#fc8d62,car
56792,9,1,62,0,2019,3,9,5,3,3,2,0,1,1,0,0,0,0,"694566,567643","5334825,16811","11,615313315","48,136906497",0,1,#66c2a5,bicycle
56796,9,7,62,0,2019,3,20,5,3,4,6,2,0,1,0,0,0,1,"620651,041525","5303834,16825","10,613577515","47,876500645",0,2,#fc8d62,car
56801,9,7,72,147,2019,3,8,5,3,2,6,0,0,1,0,0,0,0,"638192,539095","5364932,65913","10,867895294","48,422376049",0,2,#fc8d62,car
56802,9,7,72,121,2019,3,8,5,3,2,6,0,0,1,0,0,0,0,"635970,239092","5375098,39569","10,841178337","48,514267977",0,2,#fc8d62,car
56803,9,7,72,202,2019,3,11,5,3,2,6,0,0,1,0,0,0,0,"636610,753525","5359691,633","10,844821178","48,375594341",0,2,#fc8d62,car
56805,9,7,61,0,2019,3,16,5,3,2,6,0,0,1,0,0,0,1,"642106,382573","5363549,31163","10,920298067","48,409067023",0,2,#fc8d62,car
56809,9,1,77,126,2019,3,14,1,3,1,6,0,0,1,0,1,0,0,"716875,692349","5366528,54422","11,931064948","48,414551916",0,2,#fc8d62,car
56828,9,1,87,129,2019,3,12,7,3,4,2,0,0,1,0,0,0,0,"725643,600319","5300602,54988","12,014511761","47,819168982",0,2,#fc8d62,car
56836,9,7,71,130,2019,3,15,7,3,5,3,0,1,0,0,0,0,0,"644781,846","5357675,614","10,954406556","48,355645704",0,1,#66c2a5,bicycle
56839,9,1,87,150,2019,3,15,7,3,2,6,0,0,1,0,0,0,0,"729418,231","5303355,107","12,066323229","47,842564967",0,2,#fc8d62,car
56862,9,2,61,0,2019,3,9,5,3,5,3,0,1,1,0,0,0,0,"732445,714037","5382734,33282","12,15018549","48,55457709",0,1,#66c2a5,bicycle
56863,9,2,74,126,2019,3,14,5,3,3,2,0,1,1,0,0,0,0,"732807,432249","5383068,38938","12,155266664","48,557443656",0,1,#66c2a5,bicycle
56864,9,2,61,0,2019,3,19,5,3,4,2,2,1,1,0,0,0,0,"731820,423","5381192,039","12,14086631","48,540954397",0,1,#66c2a5,bicycle
56868,9,1,73,120,2019,3,18,5,3,8,7,1,0,1,0,0,0,0,"685308,30685","5310625,70237","11,480523833","47,922149146",0,2,#fc8d62,car
56874,9,1,62,0,2019,3,12,7,3,2,6,0,0,1,0,0,0,0,"699945,164045","5332911,54456","11,6866319","48,118041484",0,2,#fc8d62,car
56878,9,1,87,150,2019,3,8,5,3,1,6,0,0,1,0,0,0,0,"728581,514","5303455,126","12,055209247","47,843761584",0,2,#fc8d62,car
56879,9,1,87,150,2019,3,17,5,2,5,7,0,1,1,0,0,0,0,"729269,179019","5303382,74737","12,064348639","47,842866465",0,1,#66c2a5,bicycle
56883,9,1,81,146,2019,3,18,5,3,4,2,2,0,1,0,0,0,0,"651819,583306","5326549,02166","11,038204872","48,074129984",0,2,#fc8d62,car
56884,9,1,88,124,2019,3,20,5,3,0,1,2,0,0,0,1,0,0,"663140,786874","5318605,31825","11,187057013","47,999916033",0,4,#e78ac3,marker
56885,9,1,74,141,2019,3,4,5,3,9,1,2,0,1,0,0,0,0,"680864,049257","5356008,42534","11,440349767","48,331358194",0,2,#fc8d62,car
56887,9,1,75,132,2019,3,6,5,3,2,6,0,0,1,0,0,0,0,"709441,160798","5337243,02516","11,816201496","48,153912472",0,2,#fc8d62,car
56888,9,1,77,133,2019,3,17,5,3,2,6,1,0,1,0,0,0,0,"708264,570226","5360282,55551","11,811739103","48,361331589",0,2,#fc8d62,car
56889,9,1,75,133,2019,3,16,5,3,5,3,0,1,1,0,0,0,0,"706381,340236","5340948,98515","11,776907651","48,18821575",0,1,#66c2a5,bicycle
56891,9,1,75,133,2019,3,10,5,3,2,6,0,0,1,0,0,0,0,"710979,004374","5341222,0237","11,838827931","48,18915898",0,2,#fc8d62,car
56892,9,1,78,123,2019,3,17,5,3,2,1,0,1,1,0,0,0,0,"693567,614309","5359488,5278","11,613175877","48,358872328",0,1,#66c2a5,bicycle
56893,9,1,86,152,2019,3,11,7,3,4,2,0,0,1,0,0,0,0,"692449,519135","5375741,52274","11,605560215","48,505283338",0,2,#fc8d62,car
56895,9,1,77,117,2019,3,7,5,3,5,3,0,0,1,0,0,0,0,"716847,93299","5354279,06306","11,924378614","48,30450153",0,2,#fc8d62,car
56896,9,1,77,127,2019,3,15,5,3,0,7,0,0,1,0,0,0,0,"726402,959539","5349450,16421","12,050463835","48,257772184",0,2,#fc8d62,car
56897,9,1,84,145,2019,3,17,4,3,2,6,0,0,1,0,0,0,0,"699088,083792","5325228,63159","11,671548052","48,04926175",0,2,#fc8d62,car
56898,9,1,62,0,2019,3,20,4,3,3,6,2,0,1,0,0,0,0,"694730,044","5332184,583","11,61630198","48,113123984",0,2,#fc8d62,car
56899,9,1,84,142,2019,3,20,4,2,5,3,2,1,1,0,0,0,0,"683868,057194","5319094,80986","11,464884169","47,998691983",0,1,#66c2a5,bicycle
56901,9,1,62,0,2019,3,17,4,3,2,6,0,0,1,0,0,0,0,"683256,709733","5335775,8398","11,463848559","48,148809371",0,2,#fc8d62,car
56915,9,7,62,0,2019,3,16,4,3,1,6,0,0,1,0,0,0,0,"622514,113601","5304680,7587","10,638723797","47,883761824",0,2,#fc8d62,car
56916,9,7,77,155,2019,3,15,4,3,3,1,0,0,1,0,0,1,0,"633884,504672","5311258,24553","10,792780719","47,940641894",0,2,#fc8d62,car
56918,9,7,71,140,2019,3,13,7,3,2,6,0,1,1,0,0,0,0,"654566,278565","5372804,89063","11,091974611","48,489346925",0,1,#66c2a5,bicycle
56920,9,7,61,0,2019,3,16,4,3,3,6,0,0,1,0,0,1,0,"639989,868531","5364055,44138","10,891882614","48,414091614",0,2,#fc8d62,car
56921,9,1,74,131,2019,3,7,4,3,2,6,0,0,1,0,0,0,1,"676350,24786","5358754,79117","11,380651606","48,357320497",0,2,#fc8d62,car
56922,9,7,61,0,2019,3,13,4,3,6,4,0,0,1,1,0,0,0,"640727,69222","5352363,8235","10,897937375","48,308800142",0,2,#fc8d62,car
56923,9,1,62,0,2019,3,12,7,3,2,6,0,0,1,0,0,0,0,"687456,463566","5333139,10461","11,519097033","48,123885929",0,2,#fc8d62,car
56925,9,7,61,0,2019,3,7,4,3,0,1,0,1,0,0,0,0,0,"640465,749092","5360296,04194","10,897052583","48,380182617",0,1,#66c2a5,bicycle