OBJECTID,ULAND,UREGBEZ,UKREIS,UGEMEINDE,UJAHR,UMONAT,USTUNDE,UWOCHENTAG,UKATEGORIE,UART,UTYP1,ULICHTVERH,IstRad,IstPKW,IstFuss,IstKrad,IstGkfz,IstSonstig,LINREFX,LINREFY,XGCSWGS84,YGCSWGS84,STRZUSTAND,Teilnehmer,color,symbol
56926,9,7,71,113,2019,3,7,4,3,2,2,0,0,1,0,0,0,0,"658009,864537","5368091,97541","11,136768067","48,446120692",0,2,#fc8d62,car
56930,9,1,62,0,2019,3,15,4,2,2,6,0,0,0,0,0,1,0,"686145,97058","5343414,68018","11,506002459","48,216630596",0,5,#a6d854,bus
56940,9,1,86,152,2019,3,11,4,3,2,6,0,0,1,0,0,0,0,"691402,032872","5373517,44976","11,590374374","48,485615155",0,2,#fc8d62,car
56946,9,1,75,132,2019,3,11,1,2,2,6,0,0,1,0,1,0,0,"707215,856271","5330286,27878","11,782934788","48,092125574",0,2,#fc8d62,car
56948,9,1,75,132,2019,3,15,4,2,6,4,0,0,0,1,1,0,0,"706346,454297","5332517,84683","11,772351753","48,112461576",0,3,#8da0cb,toilet
56953,9,1,78,155,2019,3,16,4,3,4,6,0,0,1,0,0,0,1,"715752,926434","5375271,74297","11,920416884","48,493493072",0,2,#fc8d62,car
56958,9,1,77,133,2019,3,16,4,2,0,3,0,0,1,0,1,0,0,"709055,062186","5354439,49652","11,819499281","48,308566139",0,2,#fc8d62,car
56962,9,1,77,115,2019,3,17,4,3,3,6,0,0,1,0,1,0,0,"734110,948436","5350940,21856","12,154981893","48,268357289",0,2,#fc8d62,car
56964,9,7,78,134,2019,3,11,3,3,9,1,0,0,0,0,0,1,0,"616397,760777","5337900,16578","10,56597357","48,183668395",0,5,#a6d854,bus
56973,9,1,79,125,2019,3,14,7,2,3,6,0,1,0,0,0,0,0,"660342,591237","5332855,87413","11,154915856","48,12874681",0,1,#66c2a5,bicycle
56986,9,1,74,115,2019,3,14,7,3,4,7,0,0,1,0,0,0,0,"683313,12264","5348599,17993","11,470145959","48,264055842",0,2,#fc8d62,car
56990,9,1,74,111,2019,3,1,7,3,8,1,2,0,1,0,0,0,0,"667716,686573","5358672,75978","11,264166649","48,358935273",0,2,#fc8d62,car
56992,9,2,61,0,2019,3,19,4,3,1,2,2,0,1,0,0,0,1,"731198,874252","5379514,79709","12,131528076","48,526117211",0,2,#fc8d62,car
56995,9,1,73,126,2019,3,15,4,3,2,6,0,0,1,0,0,0,0,"683729,252037","5306173,55392","11,457510877","47,882583021",0,2,#fc8d62,car
57000,9,1,81,115,2019,3,10,4,3,2,6,0,0,1,0,0,0,0,"657230,462998","5326951,43423","11,110944726","48,076436946",0,2,#fc8d62,car
57001,9,7,62,0,2019,3,16,3,3,2,6,0,0,1,0,0,0,0,"621988,599909","5302215,10529","10,631001405","47,861686474",0,2,#fc8d62,car
57002,9,1,81,115,2019,3,7,4,3,2,6,0,0,1,0,0,0,0,"657330,938608","5326993,05193","11,112308064","48,076786345",0,2,#fc8d62,car
57004,9,1,74,113,2019,3,7,4,3,2,6,0,0,1,0,0,0,0,"670664,166574","5347644,97655","11,299464095","48,259011971",0,2,#fc8d62,car
57005,9,1,81,130,2019,3,13,4,3,4,2,0,0,1,0,0,0,0,"642253,086276","5324564,50885","10,909189062","48,058490987",0,2,#fc8d62,car
57006,9,1,88,126,2019,3,9,4,3,2,6,0,0,1,0,0,0,0,"659263,652332","5327348,8734","11,138370477","48,079505666",0,2,#fc8d62,car
57007,9,1,79,138,2019,3,15,4,3,5,3,0,0,1,0,0,0,1,"654397,956027","5335735,58005","11,076122906","48,156108221",0,2,#fc8d62,car
57009,9,1,84,135,2019,3,15,7,3,8,7,0,0,1,0,0,0,0,"688139,533679","5348352,73431","11,53500702","48,26042595",0,2,#fc8d62,car
57011,9,1,78,136,2019,3,23,7,3,9,1,2,0,1,0,0,0,0,"695656,874758","5371463,28617","11,646933602","48,465844981",0,2,#fc8d62,car
57020,9,1,73,147,2019,3,17,7,3,4,2,0,0,1,0,0,0,0,"681868,973","5309630,048","11,434108462","47,914183885",0,2,#fc8d62,car
57030,9,2,74,113,2019,3,7,6,3,0,6,0,0,1,0,1,0,0,"728209,02615","5384012,68294","12,093557274","48,567616517",0,2,#fc8d62,car
57038,9,1,73,141,2019,3,16,7,3,5,3,0,1,1,0,0,0,0,"698547,290577","5298790,22669","11,652113588","47,811812323",0,1,#66c2a5,bicycle
57042,9,1,73,137,2019,3,12,5,3,8,1,0,1,0,0,0,0,0,"674460,724187","5307699,47217","11,334263571","47,898886485",0,1,#66c2a5,bicycle
57045,9,1,84,112,2019,3,8,5,3,4,2,0,0,1,0,0,0,0,"701972,43747","5338882,17849","11,716672592","48,17105891",0,2,#fc8d62,car
57046,9,1,73,134,2019,3,17,5,2,5,3,0,0,1,0,1,0,0,"685945,416176","5299907,61284","11,484431392","47,825620836",0,2,#fc8d62,car
57050,9,1,87,182,2019,3,11,5,3,2,6,0,0,1,0,0,0,0,"740746,782459","5327819,28195","12,231179078","48,058185577",0,2,#fc8d62,car
57051,9,1,87,117,2019,3,7,5,3,2,6,0,0,1,0,0,0,0,"723456,727791","5305520,34702","11,987875734","47,864119448",0,2,#fc8d62,car
57056,9,1,82,120,2019,3,12,7,2,9,6,0,0,1,0,0,0,0,"700875,626049","5303725,94507","11,685468939","47,855449972",0,2,#fc8d62,car
57058,9,1,88,113,2019,3,13,5,3,5,2,0,0,0,0,1,1,0,"676775,252041","5313257,69179","11,367484695","47,948219319",0,4,#e78ac3,marker
57059,9,7,71,129,2019,3,7,6,3,1,6,0,0,1,0,0,1,0,"654501,557431","5355652,24119","11,084782834","48,335150944",0,2,#fc8d62,car
57060,9,1,88,141,2019,3,8,5,3,8,1,0,0,1,0,0,0,0,"667018,083354","5306599,01192","11,234336133","47,890973352",0,2,#fc8d62,car
57061,9,1,81,113,2019,3,19,5,3,7,7,2,0,0,0,1,0,0,"636489,167809","5302678,99985","10,824925814","47,862941125",0,4,#e78ac3,marker
57063,9,1,62,0,2019,3,12,5,3,3,6,0,0,1,0,1,0,0,"701349,042578","5332310,30512","11,70519001","48,112195832",0,2,#fc8d62,car
57064,9,1,79,123,2019,3,14,5,3,2,6,0,0,1,0,0,0,0,"676728,830909","5333748,21943","11,375320818","48,132429892",0,2,#fc8d62,car
57065,9,1,87,150,2019,3,14,6,2,2,6,0,0,1,0,1,0,0,"725361,253562","5302749,35379","12,011861923","47,838556987",0,2,#fc8d62,car
57066,9,1,74,115,2019,3,17,5,2,5,3,0,0,1,0,1,0,0,"683340,024413","5347778,05026","11,470152287","48,256667411",0,2,#fc8d62,car
57067,9,1,74,131,2019,3,8,5,2,4,1,0,0,1,0,0,0,1,"673399,964891","5364607,42233","11,343273957","48,410747186",0,2,#fc8d62,car
57068,9,1,78,136,2019,3,16,7,2,4,6,0,0,1,0,1,0,0,"697663,627057","5369063,04948","11,672917948","48,443647553",0,2,#fc8d62,car
57069,9,1,84,130,2019,3,15,5,3,3,6,0,0,1,0,0,1,0,"696875,727923","5342821,98634","11,650021429","48,208066085",0,2,#fc8d62,car
57070,9,1,75,135,2019,3,15,5,3,0,2,0,0,1,0,0,0,0,"709051,957018","5338975,48548","11,81182606","48,169608559",0,2,#fc8d62,car
57072,9,1,78,130,2019,3,7,5,3,1,1,0,0,1,0,0,0,0,"702513,351663","5357770,57706","11,732977943","48,340628765",0,2,#fc8d62,car
57073,9,1,75,121,2019,3,14,5,2,4,6,0,0,1,0,0,0,0,"712958,114","5319861,901","11,854770932","47,9965604",0,2,#fc8d62,car
57075,9,1,75,116,2019,3,9,5,2,5,2,0,0,1,0,0,0,0,"708835,781226","5320622,75188","11,799949006","48,004757172",0,2,#fc8d62,car
57076,9,1,62,0,2019,3,21,4,3,5,2,2,0,1,0,0,0,0,"697123,121879","5330642,25195","11,647706339","48,098526285",0,2,#fc8d62,car
57078,9,1,62,0,2019,3,23,4,3,6,4,2,0,1,1,0,0,0,"686164,576702","5335223,99821","11,502664537","48,143004837",0,2,#fc8d62,car
57079,9,1,62,0,2019,3,17,4,3,6,2,0,0,1,1,0,0,0,"692951,751938","5338931,65398","11,59549262","48,174306059",0,2,#fc8d62,car
57082,9,1,84,141,2019,3,7,4,3,0,6,0,0,1,0,0,0,0,"692787,784283","5314493,57033","11,582272223","47,954708804",1,2,#fc8d62,car
57086,9,7,77,130,2019,3,19,4,3,5,3,2,0,1,0,0,0,0,"624646,330621","5309197,25694","10,66853672","47,923970555",0,2,#fc8d62,car
57087,9,1,84,119,2019,3,15,6,3,2,6,0,0,1,0,0,0,0,"697546,508777","5346339,22806","11,660679203","48,239467606",0,2,#fc8d62,car
57088,9,7,77,167,2019,3,5,4,2,4,1,2,0,1,0,0,0,1,"619898,850969","5295180,84946","10,601124987","47,798814295",0,2,#fc8d62,car
57089,9,7,73,182,2019,3,6,4,3,2,6,0,0,1,0,0,0,0,"624450,74201","5379145,68781","10,686474594","48,553051824",1,2,#fc8d62,car
57091,9,7,61,0,2019,3,14,4,3,0,1,0,1,0,0,0,0,0,"641861,943362","5359690,12561","10,915693413","48,374422091",0,1,#66c2a5,bicycle
57092,9,7,71,169,2019,3,16,4,3,8,6,0,0,1,0,0,0,0,"641506,244583","5376635,31492","10,916620238","48,526863846",0,2,#fc8d62,car
57099,9,7,77,121,2019,3,13,6,3,5,3,0,0,1,0,1,0,0,"628921,189","5321866,966","10,729536947","48,037065306",0,2,#fc8d62,car
57102,9,1,84,118,2019,3,19,6,3,3,6,2,0,1,0,0,0,0,"702044,849191","5335645,51879","11,716108616","48,141948636",0,2,#fc8d62,car
57123,9,1,62,0,2019,3,0,4,3,2,6,2,0,1,0,0,0,0,"685793,840959","5330366,39136","11,495568533","48,099450877",0,2,#fc8d62,car
57124,9,1,90,148,2019,3,13,4,3,0,3,0,0,1,0,0,0,0,"642862,012169","5296814,28043","10,908150713","47,808817333",0,2,#fc8d62,car
57127,9,1,73,118,2019,3,17,4,3,5,3,0,0,1,0,0,0,0,"693775,063795","5302423,86342","11,590061789","47,845926857",0,2,#fc8d62,car
57128,9,2,61,0,2019,3,16,6,3,5,2,0,1,1,0,0,0,0,"734236,123163","5382234,72272","12,174130091","48,549423307",0,1,#66c2a5,bicycle
57131,9,1,86,151,2019,3,16,7,3,0,1,0,1,0,0,0,0,0,"681853,874613","5376408,74269","11,46253927","48,514436991",0,1,#66c2a5,bicycle
57134,9,7,61,0,2019,3,14,6,3,2,2,0,0,1,0,0,0,0,"642049,201993","5364852,50266","10,919967126","48,420797528",0,2,#fc8d62,car
57138,9,7,78,137,2019,3,10,5,3,2,6,0,0,1,0,0,0,0,"624724,244665","5330871,37368","10,675886934","48,118877547",0,2,#fc8d62,car
57139,9,1,82,134,2019,3,7,4,3,5,3,0,0,1,0,0,0,0,"703869,395123","5296503,16693","11,722047483","47,789594076",0,2,#fc8d62,car
57140,9,1,87,122,2019,3,17,6,3,4,2,0,0,1,0,0,0,0,"718796,718278","5308444,997","11,927132091","47,892003086",0,2,#fc8d62,car
57143,9,1,75,139,2019,3,14,7,2,5,3,0,0,1,0,1,0,0,"710387,960464","5331073,09943","11,825870951","48,098156904",0,2,#fc8d62,car
57148,9,1,79,134,2019,3,16,7,3,5,3,0,1,1,0,0,0,0,"667644,06376","5342705,48083","11,256850649","48,21541306",0,1,#66c2a5,bicycle
57149,9,1,79,118,2019,3,11,4,3,0,7,0,1,0,0,0,0,0,"672668,836209","5337909,18751","11,322487718","48,1709496",0,1,#66c2a5,bicycle
57150,9,1,79,123,2019,3,12,4,2,4,6,0,0,1,0,0,0,0,"674995,467643","5334974,3281","11,352547824","48,143930814",0,2,#fc8d62,car
57152,9,1,77,137,2019,3,11,4,3,2,6,0,0,1,0,0,0,0,"733175,531522","5346976,05646","12,14021229","48,233091173",0,2,#fc8d62,car
57153,9,1,62,0,2019,3,7,3,3,5,2,0,1,1,0,0,0,0,"693267,465831","5331421,87385","11,596326915","48,106714432",0,1,#66c2a5,bicycle
57155,9,1,62,0,2019,3,16,3,3,0,7,0,0,0,1,0,0,1,"693293,322826","5331440,45925","11,596682325","48,106873629",0,3,#8da0cb,toilet
57156,9,7,78,116,2019,3,16,3,3,2,6,0,0,1,0,0,0,0,"620254,558659","5322125,57582","10,613392237","48,041082308",0,2,#fc8d62,car
57157,9,1,74,113,2019,3,18,6,3,3,6,1,0,1,0,0,0,0,"671173,704318","5347168,18929","11,306130778","48,254588452",0,2,#fc8d62,car
57160,9,7,77,121,2019,3,17,6,3,9,7,1,0,0,0,0,1,0,"629631,75815","5321359,50686","10,738911419","48,032357864",1,5,#a6d854,bus
57168,9,7,71,146,2019,3,8,3,2,5,2,0,0,1,0,1,0,0,"646219,375352","5348138,97872","10,970494257","48,269567148",0,2,#fc8d62,car
57188,9,1,63,0,2019,3,16,7,3,0,7,0,0,1,0,1,0,0,"733533,169395","5302714,43309","12,120892879","47,835327847",0,2,#fc8d62,car
57192,9,1,73,118,2019,3,15,7,3,4,6,0,1,1,0,0,0,0,"687869,654955","5305515,70953","11,512551165","47,875471661",0,1,#66c2a5,bicycle
57194,9,2,74,183,2019,3,23,3,1,2,1,2,0,1,0,0,1,0,"741888,137458","5363288,27766","12,266698902","48,376347128",1,2,#fc8d62,car
57208,9,1,87,159,2019,3,14,3,3,5,3,0,0,1,0,0,0,0,"732242,321","5323752,136","12,115008957","48,024798676",0,2,#fc8d62,car
57210,9,1,87,129,2019,3,17,3,3,4,2,0,0,1,0,0,0,0,"725698,834807","5297875,58695","12,013829556","47,794647786",0,2,#fc8d62,car
57213,9,7,62,0,2019,3,15,5,3,3,2,0,1,1,0,0,0,0,"621066,278329","5304492,67024","10,61931316","47,882344904",0,1,#66c2a5,bicycle
57214,9,7,71,130,2019,3,16,6,3,1,6,0,0,1,0,0,0,1,"644605,92152","5362949,65649","10,953847723","48,403106821",0,2,#fc8d62,car
57216,9,1,86,125,2019,3,15,3,3,9,1,0,0,1,0,0,0,0,"674708,303975","5377356,80384","11,366263684","48,524987376",0,2,#fc8d62,car
57218,9,7,77,140,2019,3,18,5,3,2,6,0,0,1,0,0,0,1,"629902,918205","5317366,21844","10,74133717","47,996391114",0,2,#fc8d62,car
57223,9,1,79,137,2019,3,11,7,3,8,1,0,0,1,0,0,0,0,"655394,62685","5347023,76274","11,093649648","48,257355913",0,2,#fc8d62,car
57225,9,1,79,142,2019,3,7,3,3,2,6,0,0,1,0,0,0,0,"670871,757989","5341480,2921","11,299772919","48,203538225",0,2,#fc8d62,car
57227,9,1,74,126,2019,3,15,3,3,4,1,0,1,0,0,0,0,1,"683345,17115","5344240,40035","11,468690172","48,22486796",0,1,#66c2a5,bicycle
57228,9,1,74,126,2019,3,17,3,3,5,3,1,0,1,0,0,0,0,"683842,355979","5346479,55961","11,47634975","48,244850555",0,2,#fc8d62,car
57230,9,1,75,113,2019,3,14,3,2,8,2,0,0,1,0,0,0,0,"717043,641453","5316896,84646","11,907968289","47,968544148",0,2,#fc8d62,car
57231,9,1,62,0,2019,3,18,2,3,4,2,2,0,1,0,0,0,0,"687369,470079","5335082,31438","11,518783744","48,141377647",1,2,#fc8d62,car
57233,9,1,84,118,2019,3,19,6,3,9,6,2,0,1,0,0,0,0,"701636,819802","5335643,49929","11,710628855","48,142059922",0,2,#fc8d62,car
57234,9,1,84,114,2019,3,17,2,3,2,6,0,0,1,0,0,0,0,"696765,719441","5319945,4908","11,637993138","48,002499147",0,2,#fc8d62,car
57239,9,1,86,152,2019,3,7,6,3,5,3,0,0,0,0,0,1,0,"691067,506625","5375748,97575","11,586872591","48,505772155",0,5,#a6d854,bus
57241,9,7,77,152,2019,3,15,2,3,9,1,0,0,1,0,0,0,0,"624996,3348","5303410,67481","10,671543459","47,871860713",1,2,#fc8d62,car
57242,9,1,78,124,2019,3,17,7,3,2,3,0,0,1,0,0,0,0,"703378,412851","5364793,05024","11,748034403","48,403456672",0,2,#fc8d62,car
57243,9,7,72,137,2019,3,12,2,3,4,6,0,0,1,0,0,0,1,"623715,099108","5372601,54476","10,674568491","48,494349102",0,2,#fc8d62,car
57244,9,7,61,0,2019,3,13,2,3,4,6,0,1,0,0,0,0,0,"641051,066368","5360573,54894","10,905046158","48,382547265",0,1,#66c2a5,bicycle
57246,9,7,61,0,2019,3,7,2,3,2,1,0,0,1,0,0,0,0,"637770,576364","5357021,99795","10,859600808","48,351337167",0,2,#fc8d62,car
57251,9,1,90,138,2019,3,14,7,3,5,2,0,0,1,0,0,0,0,"661005,254","5310523,959","11,155423049","47,927799001",0,2,#fc8d62,car
57276,9,7,73,182,2019,3,10,5,3,2,6,0,0,1,0,0,0,0,"624965,163802","5379467,20392","10,693539051","48,555840717",0,2,#fc8d62,car
57283,9,2,74,194,2019,3,7,6,2,2,6,0,0,1,0,0,0,1,"725032,4","5380614,555","12,048723253","48,538237496",0,2,#fc8d62,car
57289,9,7,71,130,2019,3,15,6,3,2,6,0,0,1,0,0,0,0,"648595,591957","5355216,22451","11,004988042","48,332647085",0,2,#fc8d62,car
57293,9,7,73,182,2019,3,10,5,3,2,6,0,0,1,0,0,0,0,"624826,373298","5379628,49139","10,691707374","48,557318722",0,2,#fc8d62,car
57295,9,1,87,117,2019,3,22,6,3,5,2,2,0,1,0,0,0,0,"723433,888237","5305043,76357","11,987324519","47,859845213",0,2,#fc8d62,car
57298,9,1,75,139,2019,3,13,7,3,4,6,0,0,1,0,0,0,0,"708355,23724","5329965,38593","11,798061393","48,08887051",0,2,#fc8d62,car
57317,9,1,84,135,2019,3,15,6,3,0,1,0,0,0,0,1,0,0,"692297,083467","5347369,02218","11,590520375","48,250336679",0,4,#e78ac3,marker
57326,9,1,87,165,2019,3,13,2,3,2,6,0,0,1,0,0,0,0,"733593,076258","5299426,60667","12,11992021","47,805767906",1,2,#fc8d62,car
57328,9,1,87,137,2019,3,12,2,3,5,6,0,0,1,0,0,0,0,"728217,936325","5308338,35644","12,052934519","47,887764714",0,2,#fc8d62,car
57333,9,1,86,143,2019,3,15,2,3,2,6,0,0,1,0,0,0,0,"683050,959795","5377339,48084","11,479142025","48,522454639",0,2,#fc8d62,car
57334,9,2,74,183,2019,3,15,7,3,9,1,0,0,0,0,1,0,0,"743148,669368","5358711,01261","12,281049722","48,334750498",0,4,#e78ac3,marker
57335,9,1,75,127,2019,3,12,6,3,6,4,0,0,1,1,0,0,0,"713218,313","5341392,332","11,869005439","48,189941653",0,2,#fc8d62,car
57337,9,1,74,146,2019,3,7,2,3,2,6,0,0,1,0,0,0,0,"669037,379584","5349589,8336","11,27834085","48,27693163",0,2,#fc8d62,car
57339,9,1,88,113,2019,3,13,2,3,4,6,0,0,1,0,0,0,1,"676295,70241","5316601,07374","11,362438734","47,978407124",0,2,#fc8d62,car
57341,9,1,79,142,2019,3,17,2,3,2,6,1,0,1,0,0,0,0,"670869,4689","5341478,95887","11,299741599","48,203526856",0,2,#fc8d62,car
57343,9,1,81,146,2019,3,8,2,3,4,2,0,0,1,0,0,0,0,"651817,444","5326548,606","11,038176022","48,074126756",0,2,#fc8d62,car
57344,9,1,74,113,2019,3,16,2,3,8,1,0,0,1,0,0,0,0,"676730,751132","5347746,3103","11,381173216","48,25825988",0,2,#fc8d62,car
57347,9,1,75,111,2019,3,16,2,3,2,6,0,0,1,0,0,0,0,"710043,806802","5337597,00292","11,82446935","48,156894584",0,2,#fc8d62,car
57348,9,1,78,124,2019,3,6,2,3,2,6,0,0,1,0,0,0,0,"705505,757","5363029,565","11,775881166","48,386920221",0,2,#fc8d62,car
57349,9,1,82,120,2019,3,15,7,3,5,3,0,0,1,0,0,0,0,"703155,679","5306122,001","11,71704132","47,876267286",0,2,#fc8d62,car
57350,9,1,78,115,2019,3,16,2,2,9,1,0,0,1,0,0,0,0,"705219,144338","5374839,40079","11,777798921","48,493135907",0,2,#fc8d62,car
57352,9,1,62,0,2019,3,18,1,3,5,2,0,1,1,0,0,0,0,"680520,138426","5335070,74187","11,426791445","48,14325386",0,1,#66c2a5,bicycle
57353,9,7,72,147,2019,3,14,6,3,3,6,0,0,1,0,0,0,0,"638585,621011","5363823,06435","10,872838854","48,412312535",0,2,#fc8d62,car
57354,9,1,62,0,2019,3,14,1,3,5,3,0,0,1,0,0,0,0,"684615,83289","5342642,35518","11,485086939","48,210135643",0,2,#fc8d62,car
57355,9,1,87,116,2019,3,15,1,3,4,1,0,0,1,0,0,0,0,"743069,169324","5329549,02966","12,263279878","48,072842771",0,2,#fc8d62,car
57356,9,1,84,122,2019,3,16,1,3,8,1,0,1,0,0,0,0,0,"687706,42813","5324127,47411","11,518493152","48,042812677",0,1,#66c2a5,bicycle
57358,9,1,87,122,2019,3,16,1,2,5,3,0,0,1,0,0,0,0,"716481,325508","5306151,91751","11,895047899","47,872182847",0,2,#fc8d62,car
57367,9,7,61,0,2019,3,15,5,3,2,6,0,0,1,0,0,0,0,"639409,485448","5351497,04521","10,879882911","48,301298126",0,2,#fc8d62,car
57370,9,1,74,113,2019,3,15,1,2,3,6,0,0,1,0,0,0,0,"671998,227027","5346602,75866","11,31699995","48,249282312",0,2,#fc8d62,car
57375,9,7,71,122,2019,3,4,1,3,8,1,2,0,1,0,0,0,0,"652741,979798","5362225,49207","11,063442709","48,39467735",0,2,#fc8d62,car
57376,9,7,72,209,2019,3,13,1,3,0,1,0,1,0,0,0,0,0,"636760,087906","5337236,69462","10,83957182","48,173645071",0,1,#66c2a5,bicycle
57377,9,7,61,0,2019,3,15,6,3,3,1,0,0,1,0,0,1,0,"641504,841377","5357832,35408","10,910248916","48,357797925",0,2,#fc8d62,car
57381,9,7,71,145,2019,3,11,5,3,5,3,0,0,1,0,0,0,0,"647264,896","5345339,455","10,983600915","48,244153324",0,2,#fc8d62,car
57389,9,1,87,182,2019,3,18,6,3,3,6,1,0,0,0,1,0,0,"740507,084923","5328118,00242","12,228135202","48,060959294",0,4,#e78ac3,marker
57392,9,1,79,130,2019,3,13,7,3,2,6,0,0,1,0,1,0,0,"659366,829199","5338721,46009","11,144008622","48,181727259",0,2,#fc8d62,car
57398,9,1,88,145,2019,3,11,1,3,0,1,0,1,1,0,0,0,0,"664061,472696","5326677,44677","11,20248254","48,072252796",0,1,#66c2a5,bicycle
57402,9,1,81,130,2019,3,9,6,3,1,6,0,0,1,0,0,0,0,"639659,722788","5323241,5902","10,87397099","48,047167872",0,2,#fc8d62,car
57407,9,1,88,132,2019,3,11,1,3,2,2,0,0,1,0,1,0,0,"664974,055954","5323523,54301","11,213507919","48,043662622",0,2,#fc8d62,car
57410,9,2,74,113,2019,4,17,3,3,5,3,0,0,1,0,0,0,0,"728396,358","5383928,99","12,096046908","48,566796475",0,2,#fc8d62,car
57414,9,1,62,0,2019,4,16,3,3,1,6,0,0,1,0,1,0,0,"695430,100523","5329739,7405","11,624577846","48,090936363",0,2,#fc8d62,car
57420,9,1,87,134,2019,4,13,4,3,2,6,0,0,1,0,0,0,0,"735886,129137","5320726,27157","12,16214202","47,996281211",0,2,#fc8d62,car
57426,9,7,78,203,2019,4,23,3,3,0,1,2,1,0,0,0,0,0,"621947,963309","5324657,73502","10,636823948","48,063533872",0,1,#66c2a5,bicycle
57431,9,1,88,141,2019,4,16,3,3,1,6,0,0,1,0,0,0,0,"669250,247959","5307825,72846","11,264654754","47,901417168",0,2,#fc8d62,car
57438,9,2,61,0,2019,4,17,2,2,3,6,0,1,0,0,0,1,0,"733933,291012","5382458,66686","12,170158747","48,551547888",0,1,#66c2a5,bicycle
57441,9,2,61,0,2019,4,14,2,3,2,6,0,0,1,0,1,0,0,"733547,041613","5381294,01825","12,16427988","48,541230243",0,2,#fc8d62,car
57446,9,1,78,143,2019,4,17,3,3,2,6,0,0,1,0,0,0,0,"719520,205535","5373306,15406","11,970307496","48,474529202",0,2,#fc8d62,car
57447,9,7,72,147,2019,4,8,2,3,5,3,0,1,1,0,0,0,0,"638415,292562","5366259,51348","10,871342635","48,434257836",0,1,#66c2a5,bicycle
57448,9,1,79,126,2019,4,11,4,3,0,5,0,0,1,0,0,0,1,"677300,898819","5339635,71594","11,385456427","48,185194305",0,2,#fc8d62,car
57449,9,1,73,118,2019,4,19,2,3,1,2,1,0,1,0,0,0,0,"688182,132242","5303404,50943","11,515806979","47,856403203",0,2,#fc8d62,car
57458,9,1,84,118,2019,4,10,3,3,4,2,0,0,1,0,0,0,0,"702527,824271","5337313,15877","11,72338711","48,156781804",0,2,#fc8d62,car
57460,9,1,87,177,2019,4,10,2,3,5,2,0,1,1,0,0,0,0,"735041,915511","5305111,85307","12,142326155","47,856316438",0,1,#66c2a5,bicycle
57463,9,1,77,133,2019,4,11,4,2,4,6,0,0,1,0,0,1,0,"709614,213829","5354225,13064","11,826924493","48,306454876",0,2,#fc8d62,car
57464,9,1,82,120,2019,4,7,2,2,5,3,0,0,0,0,0,0,1,"703155,679","5306122,001","11,71704132","47,876267286",0,6,#ffd92f,circle
57468,9,1,62,0,2019,4,7,3,2,1,6,0,0,1,0,0,0,0,"685603,503086","5330191,51252","11,492938397","48,097934448",0,2,#fc8d62,car
57472,9,1,62,0,2019,4,17,3,3,8,1,0,0,0,0,1,0,1,"694167,047424","5331722,00681","11,608535401","48,109138383",0,4,#e78ac3,marker
57476,9,1,62,0,2019,4,6,2,2,2,6,0,0,1,0,0,0,0,"681090,583592","5340901,05825","11,436936091","48,195499187",0,2,#fc8d62,car
57477,9,1,81,115,2019,4,10,3,3,2,6,2,0,1,0,0,0,0,"657394,160427","5327025,85755","11,113168359","48,077065697",0,2,#fc8d62,car
57479,9,1,79,142,2019,4,18,2,3,5,2,0,0,1,0,0,0,0,"672814,545","5341778,527","11,326020213","48,205693322",0,2,#fc8d62,car
57480,9,1,79,121,2019,4,10,2,3,5,3,0,0,1,0,0,0,0,"666676,662704","5338371,32686","11,24213619","48,176703949",0,2,#fc8d62,car
57483,9,1,81,114,2019,4,17,2,3,2,6,0,1,1,0,0,0,0,"656950,730856","5312670,47217","11,101964752","47,948104433",0,1,#66c2a5,bicycle
57485,9,7,62,0,2019,4,17,3,3,2,6,0,0,1,0,0,0,0,"621745,360044","5304434,43288","10,628375965","47,881692701",0,2,#fc8d62,car
57486,9,1,78,123,2019,4,0,2,3,9,7,2,0,1,0,0,0,0,"692203,828619","5360351,23658","11,59517849","48,3670424",0,2,#fc8d62,car
57487,9,1,77,122,2019,4,9,2,3,2,6,0,0,1,0,0,0,0,"726446,27513","5358203,1421","12,055740078","48,336392856",0,2,#fc8d62,car
57489,9,1,62,0,2019,3,22,1,3,2,6,2,0,1,0,0,0,0,"694132,267416","5331710,57868","11,608063451","48,109046271",0,2,#fc8d62,car
57490,9,1,81,146,2019,4,8,3,3,5,3,0,0,1,0,0,0,0,"649374,797925","5325499,61315","11,005037494","48,065271528",0,2,#fc8d62,car
57491,9,7,62,0,2019,4,12,2,3,2,6,0,0,1,0,0,0,0,"620532,024898","5304031,92603","10,612041633","47,878301595",0,2,#fc8d62,car
57493,9,1,84,127,2019,3,15,1,3,0,2,0,1,1,0,0,0,0,"702208,183123","5322002,556","11,711845324","48,019288163",0,1,#66c2a5,bicycle
57495,9,1,63,0,2019,4,17,4,2,3,6,0,1,0,0,0,1,0,"732592,592977","5306205,9489","12,110219242","47,867037001",0,1,#66c2a5,bicycle
57496,9,1,62,0,2019,3,17,1,3,3,6,0,0,1,0,1,0,0,"695024,323786","5333269,868","11,620747877","48,122788029",0,2,#fc8d62,car
57498,9,7,72,162,2019,4,7,3,3,2,6,0,0,1,0,0,0,0,"636623,718576","5335434,75686","10,837159535","48,15747085",0,2,#fc8d62,car
57504,9,1,77,115,2019,4,7,3,3,1,6,0,0,1,0,0,0,1,"734138,708883","5350834,08276","12,155296666","48,267393601",0,2,#fc8d62,car