OBJECTID,ULAND,UREGBEZ,UKREIS,UGEMEINDE,UJAHR,UMONAT,USTUNDE,UWOCHENTAG,UKATEGORIE,UART,UTYP1,ULICHTVERH,IstRad,IstPKW,IstFuss,IstKrad,IstGkfz,IstSonstig,LINREFX,LINREFY,XGCSWGS84,YGCSWGS84,STRZUSTAND,Teilnehmer,color,symbol
57505,9,7,61,0,2019,4,7,2,3,5,3,0,1,1,0,0,0,0,"641466,421103","5359945,69761","10,910441404","48,376808883",0,1,#66c2a5,bicycle
57506,9,1,78,124,2019,4,14,4,3,2,6,0,0,1,0,0,0,0,"701345,434775","5358196,49062","11,717438629","48,344829475",0,2,#fc8d62,car
57507,9,7,77,158,2019,3,16,1,3,2,6,0,0,1,0,0,0,0,"620002,864226","5309975,58105","10,606621107","47,931856757",0,2,#fc8d62,car
57510,9,7,62,0,2019,3,12,1,3,8,1,0,0,1,0,0,0,0,"622184,24923","5304216,51321","10,634182102","47,879649409",0,2,#fc8d62,car
57514,9,7,77,141,2019,3,3,1,2,6,4,2,0,1,1,0,0,0,"630827,475699","5307169,85807","10,750624246","47,9045062",0,2,#fc8d62,car
57521,9,1,77,139,2019,4,18,4,3,5,3,0,1,1,0,0,0,0,"734631,192","5357741,179","12,165760662","48,32925777",0,1,#66c2a5,bicycle
57522,9,7,72,177,2019,3,23,1,3,4,2,2,1,1,0,0,0,0,"637047,759093","5377762,14011","10,856636711","48,537985151",0,1,#66c2a5,bicycle
57524,9,7,72,177,2019,3,15,1,3,2,6,0,0,1,0,0,0,0,"636962,782308","5378094,58633","10,855595416","48,540992936",0,2,#fc8d62,car
57525,9,7,72,147,2019,3,20,1,3,1,3,2,1,1,0,0,0,0,"639008,153185","5365423,43652","10,879076203","48,426609517",0,1,#66c2a5,bicycle
57528,9,7,71,165,2019,3,16,1,2,0,7,0,1,0,0,0,0,0,"660237,118817","5362904,66432","11,164882801","48,398923299",0,1,#66c2a5,bicycle
57535,9,1,84,141,2019,4,7,3,3,4,6,0,0,1,0,0,0,0,"695348,410031","5315488,24331","11,616985182","47,962872857",0,2,#fc8d62,car
57541,9,1,87,182,2019,4,12,4,3,2,3,0,0,1,0,0,1,0,"737379,860692","5326378,67406","12,185263867","48,046505521",0,2,#fc8d62,car
57544,9,7,78,216,2019,4,18,3,3,0,6,0,0,1,0,0,0,0,"625627,868355","5321494,05396","10,685266204","48,034368113",0,2,#fc8d62,car
57551,9,1,88,113,2019,4,18,3,3,5,2,0,1,1,0,0,0,0,"675928,428","5315398,702","11,3570292","47,967699361",0,1,#66c2a5,bicycle
57552,9,1,82,137,2019,4,16,4,2,5,3,0,1,1,0,0,0,0,"710888,660587","5306346,14695","11,820445821","47,875788894",0,1,#66c2a5,bicycle
57555,9,7,61,0,2019,4,14,3,3,5,3,0,0,1,0,0,0,1,"641553,636817","5353393,87975","10,909415809","48,31787778",0,2,#fc8d62,car
57563,9,1,78,143,2019,4,23,4,3,2,6,2,0,1,0,0,0,0,"714413,186997","5370153,13585","11,899682795","48,447961334",0,2,#fc8d62,car
57567,9,1,74,115,2019,4,16,3,3,8,1,0,0,0,0,1,0,0,"681724,206935","5350178,96028","11,449434666","48,278713509",0,4,#e78ac3,marker
57568,9,7,73,182,2019,4,20,2,3,4,6,2,0,1,0,0,0,0,"625631,329641","5379969,76096","10,702714546","48,560226758",0,2,#fc8d62,car
57569,9,1,88,141,2019,4,13,4,2,8,1,0,0,1,0,0,0,0,"668905,288596","5312953,98589","11,262053026","47,947612607",0,2,#fc8d62,car
57581,9,1,84,121,2019,4,19,3,3,9,7,2,0,1,0,0,0,0,"706547,281","5328001,791","11,772862276","48,071813013",0,2,#fc8d62,car
57588,9,1,63,0,2019,4,16,6,3,1,6,0,0,1,0,0,0,1,"730548,418266","5301243,21598","12,080282233","47,823186611",0,2,#fc8d62,car
57589,9,1,87,142,2019,4,7,6,3,5,2,0,0,1,0,0,0,0,"733658,934","5311458,187","12,127298741","47,913835951",0,2,#fc8d62,car
57597,9,1,85,158,2019,4,15,6,2,5,2,0,0,1,0,0,0,0,"665061,984506","5379892,70518","11,236724361","48,550394391",0,2,#fc8d62,car
57599,9,1,73,137,2019,4,17,3,3,2,6,0,0,1,0,0,0,0,"676728,991486","5299197,74005","11,36111135","47,821837326",0,2,#fc8d62,car
57604,9,1,81,123,2019,4,21,6,3,7,7,2,0,1,0,0,1,0,"655744,608835","5326626,7349","11,090891446","48,0738822",0,2,#fc8d62,car
57606,9,1,62,0,2019,4,16,6,3,2,6,0,0,1,0,0,0,0,"680617,022437","5338986,32504","11,429755197","48,178422915",0,2,#fc8d62,car
57607,9,1,84,135,2019,4,17,3,1,8,1,0,0,0,0,1,0,0,"688829,905598","5345773,71418","11,543149351","48,237040561",0,4,#e78ac3,marker
57609,9,1,81,113,2019,4,13,6,2,4,2,0,0,1,0,0,0,0,"639710,762146","5308564,99856","10,869881619","47,915178812",0,2,#fc8d62,car
57610,9,1,88,121,2019,4,18,6,3,5,3,0,1,1,0,0,0,0,"671634,750655","5330604,68794","11,305646803","48,105564673",0,1,#66c2a5,bicycle
57611,9,2,74,134,2019,3,13,1,2,4,6,0,0,1,0,0,0,0,"741731,611","5375711,317","12,271751977","48,487989056",0,2,#fc8d62,car
57613,9,1,74,115,2019,4,7,6,3,5,2,0,1,1,0,0,0,0,"681831,426188","5346441,67111","11,449272174","48,245089956",0,1,#66c2a5,bicycle
57614,9,1,78,120,2019,4,14,6,3,2,6,0,0,1,0,0,0,0,"694209,298397","5354676,79106","11,619611338","48,315431093",0,2,#fc8d62,car
57615,9,1,84,132,2019,3,21,1,3,2,6,2,0,1,0,0,0,0,"685150,416321","5327633,44155","11,485749814","48,075072857",0,2,#fc8d62,car
57616,9,1,75,139,2019,4,15,6,3,5,3,0,0,1,0,0,0,0,"709692,592","5329402,664","11,81572246","48,083375287",0,2,#fc8d62,car
57618,9,1,62,0,2019,4,8,5,3,2,6,0,0,1,0,0,0,0,"692146,513118","5339576,72723","11,58496403","48,180347773",0,2,#fc8d62,car
57619,9,1,62,0,2019,4,8,5,3,2,6,0,0,1,0,0,0,0,"695247,03587","5340080,15806","11,626861833","48,183927189",0,2,#fc8d62,car
57620,9,1,87,124,2019,4,10,4,3,5,3,0,1,1,0,0,0,0,"736195,039207","5327665,94172","12,170101111","48,058508866",0,1,#66c2a5,bicycle
57622,9,1,84,135,2019,4,23,5,2,0,1,2,0,1,0,0,0,0,"692142,633483","5344761,00795","11,587258946","48,226943664",0,2,#fc8d62,car
57623,9,1,84,145,2019,4,8,5,3,5,3,0,0,1,0,0,0,0,"695137,54766","5325582,7385","11,618755525","48,053664282",0,2,#fc8d62,car
57625,9,7,78,116,2019,4,21,5,3,9,6,2,0,1,0,0,0,0,"617192,260772","5322195,92069","10,572342492","48,042284486",1,2,#fc8d62,car
57633,9,1,87,176,2019,3,16,1,1,5,3,0,0,1,0,0,0,0,"738016,191584","5331481,29292","12,196628967","48,092105824",0,2,#fc8d62,car
57636,9,1,82,120,2019,3,15,1,2,2,6,0,0,1,0,1,0,0,"703424,981752","5306871,98207","11,720992005","47,882922283",0,2,#fc8d62,car
57639,9,7,71,122,2019,4,19,5,2,3,1,0,0,1,0,0,0,0,"650924,794414","5362330,19361","11,038947637","48,396056244",0,2,#fc8d62,car
57640,9,1,86,152,2019,3,7,1,3,3,1,0,0,1,0,0,1,0,"691458,525868","5380114,8916","11,594165444","48,544890194",0,2,#fc8d62,car
57641,9,1,81,130,2019,4,11,3,3,0,7,0,1,0,0,0,0,0,"639895,655477","5323538,73063","10,877232137","48,049788173",0,1,#66c2a5,bicycle
57642,9,7,72,171,2019,4,16,5,3,0,7,0,1,0,0,0,0,0,"634281,093371","5371736,57072","10,817236461","48,48440237",0,1,#66c2a5,bicycle
57644,9,7,61,0,2019,4,7,5,3,0,7,0,0,1,1,0,0,0,"640876,26196","5352342,65332","10,899932862","48,308576711",0,2,#fc8d62,car
57645,9,1,85,158,2019,4,17,4,3,5,3,0,1,1,0,0,0,0,"667214,645634","5380067,67611","11,26594132","48,551397048",0,1,#66c2a5,bicycle
57646,9,1,79,142,2019,3,19,1,3,0,1,0,0,1,0,0,0,1,"670978,095","5341133,203","11,301063094","48,200389402",0,2,#fc8d62,car
57650,9,1,81,146,2019,3,12,1,2,5,3,0,0,1,0,1,0,0,"649383,354279","5325687,52876","11,005217928","48,06695918",0,2,#fc8d62,car
57653,9,1,79,113,2019,3,0,1,3,0,7,2,1,0,0,0,0,0,"671188,849","5334993,42","11,301424604","48,145138168",0,1,#66c2a5,bicycle
57656,9,7,61,0,2019,4,8,3,3,2,6,0,0,1,0,0,0,0,"639289,054896","5351011,61217","10,878099688","48,296959698",0,2,#fc8d62,car
57657,9,1,62,0,2019,3,10,1,2,7,7,0,0,1,0,0,0,0,"701354,1544","5335648,15663","11,706835552","48,142191292",0,2,#fc8d62,car
57660,9,1,62,0,2019,3,13,7,3,1,5,0,0,1,0,0,0,0,"688273,685026","5328240,0686","11,52790679","48,079611009",0,2,#fc8d62,car
57665,9,1,84,145,2019,3,11,7,3,8,2,0,0,1,0,1,0,0,"697463,250083","5324297,57723","11,649339328","48,041398614",0,2,#fc8d62,car
57666,9,1,75,121,2019,4,18,3,2,5,2,0,0,1,0,1,0,0,"713761,78874","5316170,22345","11,863693817","47,963119013",0,2,#fc8d62,car
57668,9,7,61,0,2019,4,15,2,3,2,6,0,0,1,0,0,0,0,"644944,77506","5355710,99322","10,955928295","48,337943651",0,2,#fc8d62,car
57670,9,1,74,126,2019,4,6,4,2,5,3,1,1,1,0,0,0,0,"683874,467194","5343775,4497","11,475608442","48,220535596",0,1,#66c2a5,bicycle
57683,9,7,77,167,2019,3,16,7,2,4,2,0,1,1,0,0,0,0,"618763,713615","5297287,09455","10,586549403","47,817968343",0,1,#66c2a5,bicycle
57696,9,1,75,123,2019,4,10,4,3,8,1,0,0,1,0,0,0,0,"725945,012545","5335464,03195","12,036861203","48,132281433",0,2,#fc8d62,car
57705,9,7,72,115,2019,3,17,7,2,5,3,0,0,1,0,1,0,0,"616681,672","5367079,996","10,577864418","48,446039093",0,2,#fc8d62,car
57707,9,2,74,183,2019,4,16,5,2,5,3,0,0,1,0,1,0,0,"740975,469616","5362075,55773","12,253699265","48,365803483",0,2,#fc8d62,car
57711,9,7,72,186,2019,3,13,7,3,0,1,0,1,0,0,0,0,0,"637598,991875","5343861,83274","10,852998101","48,233038291",0,1,#66c2a5,bicycle
57712,9,2,61,0,2019,4,17,5,3,5,2,0,0,1,0,0,0,0,"732107,331311","5379959,95695","12,144061403","48,529780819",0,2,#fc8d62,car
57714,9,2,61,0,2019,4,17,5,3,2,6,0,0,1,0,0,0,0,"731812,516894","5381203,79645","12,140765901","48,541062932",0,2,#fc8d62,car
57724,9,1,62,0,2019,4,6,3,3,5,3,0,1,1,0,0,0,0,"692220,308204","5343215,793","11,587603288","48,213032277",0,1,#66c2a5,bicycle
57731,9,1,87,117,2019,4,17,5,3,0,2,0,1,1,0,0,0,0,"726790,875604","5304812,10397","12,032021668","47,85658786",0,1,#66c2a5,bicycle
57735,9,1,88,137,2019,4,14,5,2,5,3,0,0,1,0,0,0,0,"672584,786","5316898,445","11,312872717","47,982092141",0,2,#fc8d62,car
57737,9,1,79,123,2019,4,16,5,3,5,2,0,0,1,0,0,0,0,"676629,899502","5334054,78066","11,374119421","48,135213109",0,2,#fc8d62,car
57740,9,1,81,114,2019,4,10,5,3,5,3,0,1,1,0,0,0,0,"657053,723","5312933,00956","11,10343894","47,950439713",0,1,#66c2a5,bicycle
57742,9,1,74,113,2019,4,21,5,3,5,2,2,0,1,0,0,0,0,"674464,105674","5344998,91226","11,349528466","48,234191045",0,2,#fc8d62,car
57746,9,1,74,126,2019,4,8,5,3,5,2,0,0,1,0,0,0,0,"683844,023655","5346469,17412","11,476367683","48,244756723",0,2,#fc8d62,car
57747,9,1,78,120,2019,4,6,5,3,1,1,2,0,1,0,0,0,0,"698586,573784","5351215,48207","11,676960386","48,282965412",0,2,#fc8d62,car
57750,9,1,78,143,2019,4,14,5,3,4,3,0,0,1,0,0,0,0,"718984,361758","5372921,66507","11,962865842","48,471261588",0,2,#fc8d62,car
57752,9,1,75,121,2019,4,18,5,2,9,1,0,0,1,0,0,0,0,"715025,173611","5318604,3298","11,881814654","47,984568476",0,2,#fc8d62,car
57754,9,1,81,130,2019,4,7,3,3,0,7,0,0,0,0,1,0,1,"636397,213","5320781,687","10,829434136","48,025752639",1,4,#e78ac3,marker
57755,9,1,84,148,2019,4,9,4,3,5,2,0,1,1,0,0,0,0,"695001,706564","5327004,50102","11,617582653","48,066484168",0,1,#66c2a5,bicycle
57758,9,1,62,0,2019,4,11,4,3,0,1,0,0,0,0,1,0,0,"679787,265599","5334894,02432","11,416873692","48,141872882",0,4,#e78ac3,marker
57761,9,1,84,147,2019,4,12,4,2,4,7,0,0,1,0,0,0,0,"695579,81707","5339884,09289","11,631243941","48,182062718",0,2,#fc8d62,car
57763,9,1,62,0,2019,4,16,4,3,3,2,0,1,1,0,0,0,0,"678052,889596","5339065,63401","11,395325868","48,179859502",0,1,#66c2a5,bicycle
57764,9,1,62,0,2019,4,7,3,3,2,6,0,0,1,0,0,0,0,"683777,491589","5333012,81339","11,469651544","48,12382338",0,2,#fc8d62,car
57765,9,1,84,119,2019,4,13,4,3,8,1,0,0,1,0,1,0,0,"696261,58736","5346468,25253","11,643452054","48,241026175",0,2,#fc8d62,car
57775,9,7,71,160,2019,4,16,3,3,4,6,0,0,1,0,0,0,0,"652026,192916","5350728,03652","11,049629","48,291478163",0,2,#fc8d62,car
57782,9,7,73,182,2019,4,16,4,3,5,3,0,0,1,0,0,0,0,"624460,13414","5378648,2247","10,686453109","48,548576563",0,2,#fc8d62,car
57785,9,1,62,0,2019,4,7,2,3,6,4,0,0,1,1,0,0,0,"693563,916437","5339527,29508","11,603989606","48,1794733",0,2,#fc8d62,car
57786,9,7,72,184,2019,4,15,4,3,2,6,0,0,1,0,0,0,0,"634395,001333","5362864,79337","10,815930188","48,404603385",0,2,#fc8d62,car
57789,9,1,77,113,2019,4,15,4,2,2,6,0,0,1,0,0,0,0,"724849,737","5353304,344","12,031616529","48,292951696",0,2,#fc8d62,car
57816,9,1,62,0,2019,4,18,3,2,0,7,0,1,0,0,0,0,0,"692196,294099","5342834,47759","11,58710761","48,209612412",0,1,#66c2a5,bicycle
57856,9,1,73,137,2019,4,12,3,3,5,3,0,0,1,0,1,0,0,"680508,666137","5307714,4853","11,415117466","47,897348587",0,2,#fc8d62,car
57861,9,1,87,113,2019,4,22,3,3,8,7,2,0,1,0,0,0,0,"744368,008348","5324949,64598","12,278061745","48,031033258",0,2,#fc8d62,car
57865,9,1,81,115,2019,4,9,3,3,2,6,0,0,1,0,0,0,0,"657585,935387","5327082,91959","11,115762348","48,077531371",0,2,#fc8d62,car
57866,9,1,74,146,2019,4,9,3,3,2,6,0,0,1,0,0,0,0,"668820,466373","5349716,55294","11,275470232","48,278128659",0,2,#fc8d62,car
57867,9,1,81,146,2019,4,10,3,3,2,6,0,0,1,0,0,1,0,"650900,481997","5325867,10433","11,025633051","48,068216716",0,2,#fc8d62,car
57868,9,1,88,137,2019,4,11,3,2,4,6,0,0,1,0,0,1,0,"670415,344331","5314977,92087","11,283061672","47,965408036",0,2,#fc8d62,car
57869,9,1,79,142,2019,4,21,3,3,2,6,2,0,1,0,0,0,0,"671020,577393","5341361,57363","11,301726372","48,202430921",0,2,#fc8d62,car
57870,9,1,79,121,2019,4,14,3,3,5,2,0,1,1,0,0,0,0,"667600,09703","5338789,88244","11,254713357","48,180223849",0,1,#66c2a5,bicycle
57871,9,1,74,115,2019,4,11,3,2,2,1,0,0,1,0,0,0,0,"681867,511631","5346404,65152","11,449741884","48,244746852",0,2,#fc8d62,car
57872,9,1,62,0,2019,4,7,3,3,2,6,0,0,1,0,0,0,0,"694993,185855","5343259,22171","11,624910395","48,212576756",0,2,#fc8d62,car
57873,9,1,75,132,2019,4,10,3,3,5,3,0,0,1,0,0,0,0,"706373,973339","5332422,3306","11,772674822","48,111594307",0,2,#fc8d62,car
57874,9,1,78,123,2019,4,19,3,3,5,1,2,0,1,0,1,0,0,"687174,731761","5360500,38201","11,527410507","48,369894102",0,2,#fc8d62,car
57875,9,1,78,157,2019,4,17,3,3,5,3,0,0,1,0,0,0,0,"705139,476","5370633,811","11,774658908","48,455371019",0,2,#fc8d62,car
57876,9,1,77,115,2019,4,8,3,3,2,6,0,0,1,0,0,0,0,"733961,387116","5351540,39732","12,153301535","48,273804017",0,2,#fc8d62,car
57877,9,1,77,123,2019,4,10,3,3,2,6,0,0,1,0,0,0,0,"727101,372","5344467,81","12,057189757","48,21276091",0,2,#fc8d62,car
57878,9,1,62,0,2019,4,22,2,3,5,3,2,0,1,0,0,0,0,"689044,573069","5331680,91403","11,539770412","48,110309912",0,2,#fc8d62,car
57879,9,1,84,114,2019,4,15,2,3,2,6,0,0,1,0,0,0,0,"700659,571707","5317540,99975","11,689014435","47,979679169",0,2,#fc8d62,car
57884,9,7,62,0,2019,4,6,2,3,2,6,0,0,1,0,0,0,0,"622647,598","5306476,854","10,641018897","47,899889811",1,2,#fc8d62,car
57885,9,7,77,152,2019,4,9,2,3,5,3,0,0,1,0,0,0,1,"624835,184506","5305684,2451","10,670046641","47,892339522",1,2,#fc8d62,car
57886,9,7,77,140,2019,4,7,2,3,2,6,0,0,1,0,0,1,0,"626813,503755","5316161,12599","10,699586945","47,98617364",1,2,#fc8d62,car
57887,9,7,72,117,2019,4,17,2,3,0,7,0,0,1,0,0,0,0,"631521,540984","5362835,40264","10,777114746","48,40494519",0,2,#fc8d62,car
57916,9,1,87,181,2019,4,10,2,2,2,2,0,0,1,0,0,1,0,"738642,854947","5315726,28035","12,196261783","47,950342669",1,2,#fc8d62,car
57917,9,1,63,0,2019,4,11,2,3,1,6,0,0,1,0,0,1,0,"733950,830873","5303432,06121","12,12685359","47,841623258",1,2,#fc8d62,car
57918,9,1,87,179,2019,4,7,2,2,6,3,0,0,1,1,0,0,0,"726664,012","5314820,667","12,035585523","47,946556773",0,2,#fc8d62,car
57922,9,1,85,158,2019,4,13,2,2,7,7,0,1,0,0,0,0,1,"666479,044738","5381340,59447","11,256490291","48,563035417",0,1,#66c2a5,bicycle
57931,9,1,74,122,2019,4,8,2,3,2,6,0,0,1,0,0,0,0,"683413,361444","5351564,00572","11,472781841","48,290675772",0,2,#fc8d62,car
57932,9,1,84,112,2019,4,8,2,3,2,6,0,0,1,0,0,0,0,"703454,54","5338884,497","11,736585524","48,170607086",0,2,#fc8d62,car
57935,9,1,78,145,2019,4,12,2,3,4,2,0,0,1,0,0,0,0,"697033,049","5354284,948","11,657474503","48,311036175",0,2,#fc8d62,car
57936,9,1,75,115,2019,4,15,2,3,0,1,0,0,0,0,1,0,0,"720552,314","5331319,472","11,962338102","48,096934127",0,4,#e78ac3,marker
57939,9,1,84,113,2019,4,15,1,3,9,1,0,0,0,0,1,0,0,"683722,116908","5317513,4395","11,462252895","47,984519182",0,4,#e78ac3,marker
57953,9,7,78,204,2019,4,7,1,3,8,1,0,0,1,0,0,0,0,"617673,031673","5328165,79117","10,580433779","48,095886999",0,2,#fc8d62,car
57956,9,2,61,0,2019,4,10,6,3,5,2,0,0,1,0,0,0,0,"731820,423","5381192,039","12,14086631","48,540954397",0,2,#fc8d62,car
57967,9,1,84,142,2019,4,14,6,3,3,6,0,0,1,0,0,1,0,"681201,196354","5318580,28358","11,428949268","47,994828161",0,2,#fc8d62,car
57969,9,1,90,148,2019,4,5,6,3,3,6,2,0,1,0,0,0,0,"639933,143533","5296489,31712","10,868947845","47,806538504",0,2,#fc8d62,car
57970,9,1,73,134,2019,4,10,6,3,4,6,0,0,1,0,0,1,0,"684627,591745","5299096,00592","11,466494938","47,818704772",0,2,#fc8d62,car
57973,9,1,73,134,2019,4,12,6,3,8,7,0,0,1,0,0,0,0,"685234,329","5300984,391","11,47540021","47,835505193",0,2,#fc8d62,car
57978,9,1,63,0,2019,4,7,6,3,2,6,0,0,1,0,1,0,0,"734145,814246","5304645,54598","12,130112124","47,852454226",0,2,#fc8d62,car
57979,9,1,87,165,2019,4,8,6,3,3,6,0,0,1,0,0,1,0,"733584,617658","5299882,12441","12,120052739","47,809863407",0,2,#fc8d62,car
57984,9,1,86,143,2019,4,12,6,2,4,6,0,0,1,0,0,0,0,"686222,424","5380423,047","11,523429405","48,549235905",0,2,#fc8d62,car
57988,9,1,88,144,2019,4,6,6,3,5,2,1,0,1,0,0,0,0,"665825,940695","5328306,18934","11,226783754","48,086439277",0,2,#fc8d62,car
57990,9,1,79,123,2019,4,19,6,3,2,6,0,0,1,0,0,0,0,"676818,932825","5333794,02122","11,376549761","48,132816588",0,2,#fc8d62,car
57992,9,1,62,0,2019,4,11,5,3,0,1,2,0,0,0,1,0,0,"688540,397144","5334510,7612","11,534255433","48,135894543",0,4,#e78ac3,marker
57993,9,1,62,0,2019,4,18,5,3,3,2,0,1,1,0,0,0,0,"686352,037937","5331798,76582","11,503684378","48,112162661",0,1,#66c2a5,bicycle
57996,9,1,62,0,2019,4,16,5,3,0,6,0,0,0,0,1,0,1,"685478,19","5335315,611","11,493486228","48,144028765",0,4,#e78ac3,marker
58006,9,7,73,140,2019,4,15,5,3,0,6,0,0,1,0,0,1,0,"617278,3113","5371973,876","10,587301707","48,489938859",0,2,#fc8d62,car
58007,9,7,61,0,2019,4,6,5,3,2,6,0,0,1,0,0,0,0,"639989,901268","5364041,42074","10,891878377","48,413965538",0,2,#fc8d62,car
58008,9,7,61,0,2019,4,6,5,3,2,6,0,0,1,0,0,0,0,"639888,541206","5364048,20338","10,890511595","48,414049034",0,2,#fc8d62,car
58009,9,7,72,215,2019,4,16,5,3,2,6,0,0,1,0,0,0,1,"633505,638317","5344967,02978","10,798251314","48,243851628",0,2,#fc8d62,car
58012,9,7,61,0,2019,4,12,5,3,5,6,0,1,0,0,0,1,0,"640123,943903","5354202,6941","10,890410459","48,325468922",0,1,#66c2a5,bicycle
58013,9,7,61,0,2019,4,9,5,3,3,2,0,1,1,0,0,0,0,"642442,899651","5359273,19229","10,923392769","48,370542354",0,1,#66c2a5,bicycle
58014,9,7,61,0,2019,4,9,5,3,2,6,0,0,1,0,0,0,0,"640584,682223","5360231,58877","10,898636352","48,379576587",0,2,#fc8d62,car
58040,9,2,61,0,2019,4,19,1,3,5,3,1,0,1,0,1,0,0,"734439,765527","5381962,29911","12,176731906","48,546900201",0,2,#fc8d62,car
58050,9,1,90,140,2019,4,13,1,2,8,6,0,0,1,0,1,0,0,"645529,073716","5299993,66617","10,944820564","47,836809731",0,2,#fc8d62,car
58058,9,1,86,152,2019,4,13,1,3,0,7,0,0,1,0,0,0,0,"690988,962197","5381233,4556","11,588322853","48,555086003",0,2,#fc8d62,car
58062,9,1,81,140,2019,4,10,1,2,2,6,0,0,1,0,1,0,0,"644504,509033","5324266,14059","10,93928698","48,055302141",0,2,#fc8d62,car
58063,9,1,78,124,2019,4,17,1,3,2,6,0,0,1,0,0,0,0,"702765,222139","5358883,96268","11,736909025","48,350553288",0,2,#fc8d62,car
58066,9,1,75,132,2019,4,14,1,3,5,3,0,0,1,0,1,0,0,"707802,570113","5333558,73897","11,792398493","48,121341968",0,2,#fc8d62,car
58067,9,1,62,0,2019,4,15,7,3,5,2,0,0,1,0,0,0,0,"697586,934","5330174,129","11,653712561","48,094175445",0,2,#fc8d62,car
58069,9,1,84,114,2019,4,11,7,3,9,7,0,0,0,0,0,1,0,"703830,986255","5316383,82306","11,730915748","47,968277285",0,5,#a6d854,bus
58072,9,2,61,0,2019,4,17,5,3,5,3,0,1,1,0,0,0,0,"730025,597","5381676,893","12,11685405","48,545970311",0,1,#66c2a5,bicycle
58074,9,1,90,111,2019,4,20,5,3,5,3,2,0,1,0,0,0,0,"639148,330467","5296313,24544","10,858415092","47,805125279",0,2,#fc8d62,car
58075,9,7,62,0,2019,4,17,7,3,0,6,0,0,1,0,0,0,0,"622424,690233","5304815,04778","10,63756627","47,88498664",0,2,#fc8d62,car
58076,9,1,73,118,2019,4,11,5,3,4,6,0,0,1,0,0,1,0,"687388,869338","5306318,05782","11,506475617","47,882824248",0,2,#fc8d62,car
58079,9,7,61,0,2019,4,13,7,3,6,7,0,1,0,1,0,0,0,"636998,416952","5359890,02457","10,850118091","48,37729421",0,1,#66c2a5,bicycle
58081,9,1,86,152,2019,4,11,5,3,2,6,0,0,1,0,0,0,0,"691325,844514","5380593,66866","11,592589522","48,549233493",0,2,#fc8d62,car
58082,9,7,61,0,2019,4,21,7,3,7,1,2,1,0,0,0,0,0,"641384,493116","5355336,46286","10,907787125","48,335382714",0,1,#66c2a5,bicycle
58083,9,7,61,0,2019,4,17,7,3,2,1,0,0,1,0,0,0,0,"640509,918429","5355575,10793","10,896072288","48,337723624",0,2,#fc8d62,car
58085,9,1,62,0,2019,4,20,5,2,2,6,2,0,1,0,0,0,1,"680811,36105","5339276,40999","11,432490525","48,180975157",0,2,#fc8d62,car
58086,9,7,61,0,2019,4,13,7,2,5,2,0,0,1,0,0,0,0,"641267,507134","5352291,74263","10,905189332","48,308031671",0,2,#fc8d62,car
58087,9,1,81,130,2019,4,8,5,3,2,6,0,0,1,0,0,0,0,"639768,347559","5325110,64818","10,876038383","48,063951173",0,2,#fc8d62,car
58088,9,7,71,113,2019,4,3,7,2,0,7,2,0,1,0,0,0,1,"657580,131671","5366928,58956","11,130523344","48,435769268",0,2,#fc8d62,car
58089,9,1,79,142,2019,4,6,5,3,2,6,1,0,1,0,0,0,0,"674538,904549","5344773,03756","11,350441866","48,232140021",0,2,#fc8d62,car
58090,9,1,81,130,2019,4,7,5,3,4,2,0,0,1,0,0,0,0,"642254,104","5324565,807","10,909203145","48,058502433",0,2,#fc8d62,car
58092,9,1,79,123,2019,4,17,5,3,8,1,0,0,1,0,0,0,0,"676844,997925","5333351,32575","11,376716038","48,128829854",0,2,#fc8d62,car
58093,9,1,74,115,2019,4,9,5,3,8,1,0,0,1,0,0,0,0,"680347,927758","5344498,62495","11,428480966","48,228048222",0,2,#fc8d62,car
58094,9,1,74,122,2019,4,14,5,3,2,6,0,0,1,0,0,0,0,"682923,85217","5351062,22295","11,465971349","48,286307212",0,2,#fc8d62,car
58097,9,1,84,149,2019,4,10,5,3,2,6,0,0,1,0,0,0,0,"691080,018786","5352293,6074","11,576367535","48,294965238",0,2,#fc8d62,car
58098,9,1,62,0,2019,4,18,5,3,2,6,0,0,1,0,0,0,0,"695018,348522","5343295,0624","11,625265231","48,21289114",0,2,#fc8d62,car
58100,9,1,78,155,2019,4,6,5,3,8,1,0,0,1,0,0,0,0,"715703,864896","5375292,45318","11,919764381","48,493695986",0,2,#fc8d62,car
58101,9,1,77,115,2019,4,12,5,3,1,6,0,0,1,0,0,0,0,"731942,796","5353079,612","12,126982117","48,288373671",0,2,#fc8d62,car
58104,9,1,62,0,2019,4,17,4,3,4,6,0,1,0,0,0,0,0,"688081,836406","5333782,91708","11,527776636","48,129488218",0,1,#66c2a5,bicycle
58105,9,1,84,112,2019,4,7,4,3,2,6,0,0,1,0,0,0,0,"701979,755296","5337119,73855","11,715934033","48,155217875",0,2,#fc8d62,car
58108,9,1,84,123,2019,4,15,4,3,4,6,0,1,0,0,0,0,0,"704128,883559","5333183,03482","11,742911738","48,119153972",0,1,#66c2a5,bicycle
58115,9,7,72,131,2019,4,17,4,3,8,6,0,0,1,0,0,0,1,"620004,265175","5352025,04159","10,618478437","48,310025343",1,2,#fc8d62,car