OBJECTID,ULAND,UREGBEZ,UKREIS,UGEMEINDE,UJAHR,UMONAT,USTUNDE,UWOCHENTAG,UKATEGORIE,UART,UTYP1,ULICHTVERH,IstRad,IstPKW,IstFuss,IstKrad,IstGkfz,IstSonstig,LINREFX,LINREFY,XGCSWGS84,YGCSWGS84,STRZUSTAND,Teilnehmer,color,symbol
58117,9,7,72,177,2019,4,5,4,3,4,2,2,1,1,0,0,0,0,"636967,18647","5379231,52357","10,856028955","48,551214863",0,1,#66c2a5,bicycle
58118,9,7,72,125,2019,4,6,4,3,5,3,0,0,1,0,0,0,0,"632001,173301","5347910,90941","10,778915586","48,270639367",1,2,#fc8d62,car
58119,9,7,61,0,2019,4,7,4,3,2,6,0,1,0,0,0,0,0,"641994,332924","5357615,05615","10,916779663","48,355734181",0,1,#66c2a5,bicycle
58201,9,1,84,114,2019,4,8,4,3,2,6,0,0,1,0,0,0,0,"700761,594857","5315511,83096","11,689432342","47,961410406",1,2,#fc8d62,car
58206,9,1,87,174,2019,4,10,4,3,3,2,0,0,1,0,1,0,0,"742232,403027","5310232,03269","12,241171228","47,899641331",1,2,#fc8d62,car
58214,9,1,75,111,2019,4,12,4,1,8,7,0,0,1,0,0,0,0,"712311,884175","5338199,72414","11,855229983","48,161557369",0,2,#fc8d62,car
58215,9,1,87,117,2019,4,13,7,3,2,6,0,0,1,0,0,1,0,"723439,526374","5305028,97673","11,987392156","47,85971039",0,2,#fc8d62,car
58216,9,1,78,140,2019,4,7,4,3,3,6,0,0,1,0,0,1,0,"706273,59622","5361805,05093","11,78563916","48,375666221",0,2,#fc8d62,car
58217,9,1,87,150,2019,4,12,7,3,2,6,0,0,1,0,0,0,0,"727761,441763","5303208,72133","12,044134577","47,841838719",0,2,#fc8d62,car
58219,9,1,77,130,2019,4,6,4,3,5,7,0,1,1,0,0,0,0,"706952,186","5350822,144","11,789400777","48,276751887",0,1,#66c2a5,bicycle
58220,9,1,77,133,2019,4,14,4,2,4,6,0,0,1,0,0,0,0,"713735,084157","5355899,03554","11,883275443","48,320116683",0,2,#fc8d62,car
58223,9,1,75,122,2019,4,6,4,3,5,3,0,0,1,0,0,0,0,"719564,559165","5324636,95655","11,945658179","48,037231691",0,2,#fc8d62,car
58224,9,1,62,0,2019,4,23,3,3,5,3,2,0,1,0,1,0,1,"688025,07707","5329448,943","11,525104268","48,090550101",1,2,#fc8d62,car
58225,9,1,81,132,2019,4,23,7,2,3,6,2,0,1,0,0,1,0,"647248,386893","5324777,11922","10,976263921","48,059269461",0,2,#fc8d62,car
58226,9,1,79,134,2019,4,13,7,3,5,3,0,1,1,0,0,0,0,"665978,25","5343538,33","11,234769012","48,223338257",0,1,#66c2a5,bicycle
58227,9,1,62,0,2019,4,17,3,3,3,2,0,1,1,0,0,0,0,"694529,346659","5334798,19201","11,614801221","48,136675426",0,1,#66c2a5,bicycle
58230,9,1,79,142,2019,4,9,7,3,0,1,0,0,0,0,1,0,0,"670428,614","5341733,282","11,293915191","48,205931633",0,4,#e78ac3,marker
58232,9,1,81,126,2019,4,21,7,2,1,7,2,0,1,0,0,0,1,"637486,649607","5330912,94063","10,847297279","48,116623376",0,2,#fc8d62,car
58234,9,7,61,0,2019,4,17,3,3,1,6,0,0,1,0,0,0,0,"637755,663788","5361141,56804","10,860749144","48,388383012",0,2,#fc8d62,car
58235,9,1,74,111,2019,4,18,7,3,2,6,0,0,1,0,0,0,0,"666970,042239","5359463,19886","11,254408822","48,366238923",0,2,#fc8d62,car
58236,9,7,72,200,2019,4,20,3,3,0,3,2,0,1,0,1,0,0,"629366,156","5337150,522","10,74013813","48,17441845",1,2,#fc8d62,car
58237,9,7,61,0,2019,4,18,3,3,2,6,0,0,1,0,0,0,0,"638400,069361","5362402,3537","10,869864204","48,399578636",0,2,#fc8d62,car
58238,9,7,71,144,2019,4,7,3,3,5,3,0,0,1,0,0,0,0,"662907,544091","5373687,08296","11,205128529","48,495171085",0,2,#fc8d62,car
58239,9,1,62,0,2019,4,11,6,3,5,3,0,1,1,0,0,0,0,"692072,750479","5340498,52202","11,584389475","48,188654922",0,1,#66c2a5,bicycle
58242,9,7,78,116,2019,4,7,6,3,5,3,0,0,1,0,0,0,0,"622191,87716","5318003,36725","10,63819793","48,003641485",0,2,#fc8d62,car
58247,9,7,77,158,2019,4,12,6,3,5,3,0,1,1,0,0,0,0,"620775,146509","5309600,96014","10,616851272","47,92834244",0,1,#66c2a5,bicycle
58248,9,7,73,182,2019,4,14,6,3,5,3,0,0,1,0,0,0,0,"629069,004","5377005,035","10,748365121","48,532869254",0,2,#fc8d62,car
58252,9,7,72,202,2019,4,16,6,3,2,6,0,0,1,0,0,0,0,"634511,960267","5359041,31056","10,81628549","48,370197493",0,2,#fc8d62,car
58285,9,2,74,183,2019,4,17,3,3,0,1,0,1,0,0,0,0,0,"740954,306666","5362259,69106","12,253519453","48,367465462",0,1,#66c2a5,bicycle
58288,9,2,61,0,2019,4,14,3,3,2,6,0,0,1,0,0,0,0,"732311,048436","5380075,90912","12,146881168","48,530747039",0,2,#fc8d62,car
58290,9,7,72,163,2019,4,16,6,2,4,2,0,0,1,0,1,0,0,"639600,492721","5346127,72982","10,880683675","48,252975691",0,2,#fc8d62,car
58291,9,7,61,0,2019,4,18,6,3,2,7,0,0,1,0,0,0,0,"641456,936509","5358557,28349","10,909846334","48,364326946",0,2,#fc8d62,car
58304,9,1,84,114,2019,4,11,3,3,9,1,0,0,1,0,0,0,0,"699234,578791","5320350,34127","11,67124354","48,005373158",0,2,#fc8d62,car
58306,9,1,84,114,2019,4,15,3,3,2,6,0,0,1,0,0,0,0,"700019,90427","5318697,64811","11,680990708","47,990274646",0,2,#fc8d62,car
58313,9,1,87,179,2019,4,7,3,2,0,1,0,0,0,0,1,0,1,"728983,627668","5317231,83891","12,067888388","47,967394759",1,4,#e78ac3,marker
58320,9,1,86,146,2019,4,16,3,3,2,6,0,0,1,0,0,0,0,"685405,872105","5371373,1864","11,508355697","48,468139976",0,2,#fc8d62,car
58333,9,1,62,0,2019,4,16,3,3,2,6,0,0,1,0,0,0,0,"687690,018479","5333172,16258","11,52224702","48,124114252",0,2,#fc8d62,car
58334,9,1,88,137,2019,4,7,3,3,5,3,0,0,1,0,0,1,0,"672932,710885","5317296,93583","11,317691889","47,985580562",0,2,#fc8d62,car
58337,9,1,79,142,2019,4,18,3,3,2,6,0,0,0,0,1,0,1,"672904,005","5340169,732","11,326568014","48,191206785",0,4,#e78ac3,marker
58338,9,1,88,121,2019,4,20,3,3,4,6,2,0,1,0,0,0,0,"669924,543973","5329163,52916","11,28211805","48,093067313",1,2,#fc8d62,car
58341,9,1,74,151,2019,4,19,3,3,1,6,0,0,1,0,1,0,0,"678798,113","5361300,401","11,414748578","48,379513647",0,2,#fc8d62,car
58343,9,1,74,135,2019,4,16,3,3,0,3,0,0,1,0,1,0,0,"663041,504307","5352988,35015","11,19890149","48,309056858",0,2,#fc8d62,car
58346,9,1,74,111,2019,4,2,3,3,9,1,2,0,1,0,0,0,0,"667105,984644","5359399,09667","11,256217354","48,365626696",0,2,#fc8d62,car
58347,9,1,84,123,2019,4,13,3,3,3,6,0,0,1,0,0,1,0,"705072,017891","5331968,18825","11,754985522","48,107933613",0,2,#fc8d62,car
58350,9,1,84,118,2019,4,6,3,3,3,6,0,0,1,0,0,0,0,"703539,100203","5335803,25132","11,736247696","48,142889896",0,2,#fc8d62,car
58352,9,1,78,124,2019,4,16,3,3,2,6,0,0,1,0,0,0,0,"703793,996395","5362449,70266","11,752506135","48,382264757",0,2,#fc8d62,car
58355,9,1,77,133,2019,4,16,3,3,5,1,0,0,1,0,0,0,1,"707546,988527","5354696,86339","11,799311982","48,311375399",0,2,#fc8d62,car
58356,9,1,77,137,2019,4,6,3,3,5,3,0,0,1,0,0,0,0,"732512,915141","5342021,52557","12,128587547","48,188825786",0,2,#fc8d62,car
58359,9,1,62,0,2019,4,15,2,3,4,2,0,0,1,0,0,0,0,"694054,267","5340273,072","11,610919729","48,186026448",0,2,#fc8d62,car
58360,9,1,62,0,2019,4,14,2,3,2,6,0,1,0,0,0,0,0,"695167,62509","5331390,6588","11,621811524","48,105854587",0,1,#66c2a5,bicycle
58370,9,1,87,142,2019,4,14,6,3,3,2,0,0,1,0,0,0,1,"731683,114184","5309438,7564","12,099810046","47,896409796",0,2,#fc8d62,car
58371,9,1,87,165,2019,4,14,6,2,5,3,0,1,0,0,1,0,0,"733783,753","5296574,761","12,120927028","47,780077307",0,1,#66c2a5,bicycle
58373,9,7,77,145,2019,4,16,2,3,0,1,0,1,0,0,0,0,0,"629630,392291","5328060,82673","10,740924572","48,092622677",0,1,#66c2a5,bicycle
58377,9,7,61,0,2019,4,11,2,3,1,7,0,0,1,0,0,1,0,"640848,196925","5360575,38353","10,902308375","48,382609087",0,2,#fc8d62,car
58379,9,7,72,223,2019,4,16,2,3,0,6,0,0,1,0,0,0,0,"620157,588186","5361612,51412","10,623282514","48,39621659",0,2,#fc8d62,car
58381,9,7,72,151,2019,4,16,2,3,2,6,0,0,1,0,0,0,0,"632813,276403","5343954,78383","10,788612859","48,234894526",0,2,#fc8d62,car
58383,9,1,81,122,2019,4,17,6,3,0,1,0,1,0,0,0,0,0,"648699,136941","5332013,92184","10,99824305","48,124003227",0,1,#66c2a5,bicycle
58386,9,1,74,143,2019,4,18,6,3,5,3,0,0,1,0,1,0,0,"672596,180022","5353138,88737","11,32771722","48,307875153",0,2,#fc8d62,car
58387,9,1,77,133,2019,4,22,6,3,3,6,2,0,1,0,0,0,0,"713756,558411","5355737,40643","11,883482833","48,318657142",0,2,#fc8d62,car
58390,9,1,75,139,2019,4,12,6,3,0,7,0,0,0,0,1,0,0,"711190,785634","5329035,81525","11,835633219","48,079584296",0,4,#e78ac3,marker
58391,9,1,62,0,2019,4,15,5,3,5,2,0,0,1,0,1,0,1,"682772,099825","5336649,73347","11,457714613","48,156803936",0,2,#fc8d62,car
58393,9,1,84,147,2019,4,22,5,3,2,6,2,0,1,0,1,0,0,"697318,505566","5339670,03231","11,65451015","48,179601337",0,2,#fc8d62,car
58395,9,1,84,141,2019,4,14,5,3,5,3,0,0,1,0,1,0,0,"697174,814797","5318874,2128","11,642979612","47,992744894",0,2,#fc8d62,car
58396,9,7,77,121,2019,4,4,5,3,2,6,2,0,1,0,0,0,0,"628783,914825","5320694,96806","10,727343842","48,026553182",0,2,#fc8d62,car
58411,9,7,61,0,2019,4,15,5,3,2,6,0,0,1,0,0,1,0,"637365,311297","5359008,34053","10,854782117","48,369286444",0,2,#fc8d62,car
58414,9,7,72,147,2019,4,14,5,3,2,6,0,0,1,0,0,0,1,"637672,263554","5364122,83095","10,860600958","48,415208167",0,2,#fc8d62,car
58415,9,7,72,200,2019,4,1,5,2,7,7,2,0,0,0,1,0,0,"629592,659305","5338003,87528","10,743443672","48,182046278",0,4,#e78ac3,marker
58417,9,7,72,121,2019,4,12,5,3,5,3,0,0,1,0,1,0,0,"635660,773837","5374228,29548","10,836707235","48,50651118",0,2,#fc8d62,car
58419,9,7,61,0,2019,4,19,5,3,2,2,0,0,1,0,0,0,0,"642779,228","5359792,796","10,928107956","48,375138373",0,2,#fc8d62,car
58420,9,7,61,0,2019,4,21,5,3,4,2,2,0,1,0,0,0,0,"642131,623997","5362209,254","10,920185211","48,397012212",0,2,#fc8d62,car
58468,9,2,74,183,2019,4,17,2,3,1,6,0,0,1,0,0,0,0,"740623,844","5362439,112","12,249167425","48,369203072",0,2,#fc8d62,car
58489,9,1,82,137,2019,4,4,2,2,7,6,2,0,1,0,0,1,0,"712311,294668","5304884,1788","11,838730094","47,862182441",1,2,#fc8d62,car
58491,9,1,87,169,2019,4,11,2,3,4,3,0,0,1,0,0,0,0,"742166,004873","5298247,3602","12,233578897","47,792007408",0,2,#fc8d62,car
58500,9,7,71,129,2019,4,20,2,3,0,6,2,0,1,0,0,1,0,"658924,650418","5356899,77127","11,144894122","48,345269787",0,2,#fc8d62,car
58503,9,1,74,146,2019,4,16,2,3,3,6,0,0,1,0,0,1,0,"668240,53776","5350115,37077","11,26781872","48,28186826",0,2,#fc8d62,car
58504,9,1,79,123,2019,4,8,2,3,5,3,0,0,1,0,0,0,0,"676847,524564","5333343,09059","11,376746547","48,128755125",0,2,#fc8d62,car
58506,9,1,74,111,2019,4,13,2,2,8,7,0,0,0,0,1,0,0,"667452,448","5358862,277","11,260677751","48,360709091",0,4,#e78ac3,marker
58508,9,1,75,135,2019,4,20,2,3,0,7,2,0,1,0,0,0,0,"709116,800334","5338745,70743","11,812584143","48,16752243",0,2,#fc8d62,car
58509,9,1,78,144,2019,4,17,2,3,5,3,0,0,1,0,0,0,0,"708016,973","5377638,499","11,817017","48,517367532",0,2,#fc8d62,car
58510,9,1,90,133,2019,4,10,5,3,5,2,0,0,1,0,1,0,0,"633883,945709","5296335,74691","10,788148891","47,806444164",0,2,#fc8d62,car
58512,9,1,77,137,2019,4,17,2,2,5,2,0,0,1,0,0,0,1,"731566,646793","5345469,65617","12,117755773","48,220147818",0,2,#fc8d62,car
58514,9,1,62,0,2019,4,16,1,2,2,6,0,0,0,0,1,0,0,"685083,013021","5341752,59571","11,490981345","48,202002121",0,4,#e78ac3,marker
58518,9,7,71,113,2019,4,0,1,3,9,7,2,0,1,0,0,0,0,"658723,94956","5371396,13548","11,147670913","48,475645898",0,2,#fc8d62,car
58524,9,1,84,114,2019,4,14,5,3,2,6,0,0,1,0,0,1,0,"698110,373084","5322767,30717","11,657304292","48,027444944",0,2,#fc8d62,car
58525,9,1,63,0,2019,4,17,5,3,5,3,0,0,1,0,0,0,0,"732761,285","5307589,721","12,113216823","47,879407847",0,2,#fc8d62,car
58527,9,1,82,136,2019,4,19,5,3,5,3,0,0,1,0,0,0,0,"703022,003","5300293,447","11,712520642","47,823926489",0,2,#fc8d62,car
58529,9,1,87,129,2019,4,17,5,3,5,2,0,1,0,0,0,1,0,"725103,345","5296371,836","12,005109443","47,781344787",0,1,#66c2a5,bicycle
58535,9,1,86,143,2019,4,14,5,3,5,2,0,0,1,0,1,0,0,"685530,681038","5378802,72442","11,513343715","48,534877968",0,2,#fc8d62,car
58536,9,1,86,143,2019,4,16,5,3,1,6,0,0,1,0,0,0,0,"686443,346874","5378547,19699","11,52558062","48,532310918",0,2,#fc8d62,car
58537,9,1,79,134,2019,4,19,5,3,5,3,1,0,1,0,0,0,0,"666294,621","5341799,199","11,23834341","48,207620667",0,2,#fc8d62,car
58538,9,1,81,141,2019,4,15,5,3,5,3,0,1,0,0,0,1,0,"643109,569583","5321139,00521","10,919532171","48,027497115",0,1,#66c2a5,bicycle
58539,9,1,79,114,2019,4,5,5,2,8,1,2,0,0,0,0,0,1,"652098,931616","5344198,0596","11,048261101","48,232749582",0,6,#ffd92f,circle
58540,9,1,79,128,2019,4,22,5,3,5,3,2,0,1,0,0,0,0,"656366,262559","5343175,18721","11,105310573","48,2225154",0,2,#fc8d62,car
58541,9,1,81,114,2019,4,10,5,3,2,6,0,0,1,0,0,1,0,"651632,314809","5314484,67625","11,031424533","47,965698196",0,2,#fc8d62,car
58542,9,1,84,140,2019,4,14,5,2,0,7,0,0,1,0,0,0,0,"702888,661717","5327759,82492","11,723689136","48,070812754",0,2,#fc8d62,car
58543,9,1,75,118,2019,4,19,5,3,2,6,0,0,1,0,0,0,0,"715971,085906","5340215,56189","11,905398722","48,178438091",0,2,#fc8d62,car
58544,9,1,62,0,2019,4,10,5,3,3,6,0,0,1,0,0,1,0,"696352,476","5343317,012","11,643215153","48,21267708",0,2,#fc8d62,car
58546,9,1,86,152,2019,4,9,5,3,2,6,0,0,1,0,0,0,0,"691333,077709","5373347,32831","11,589364267","48,484107225",0,2,#fc8d62,car
58548,9,1,77,133,2019,4,6,5,3,5,6,0,0,1,0,0,0,0,"709215,805281","5360193,85872","11,824521254","48,360220134",0,2,#fc8d62,car
58549,9,1,75,127,2019,4,15,5,3,6,4,0,0,1,1,0,0,0,"713137,160678","5341500,66297","11,867969257","48,190942306",0,2,#fc8d62,car
58552,9,1,75,118,2019,4,15,5,3,2,6,0,0,1,0,0,0,0,"718224,231643","5338851,14633","11,934968325","48,165408987",0,2,#fc8d62,car
58553,9,1,78,130,2019,4,17,5,3,5,3,0,0,1,0,1,0,0,"702318,135246","5357313,53451","11,730127074","48,33658412",0,2,#fc8d62,car
58554,9,1,78,145,2019,4,6,5,3,5,3,1,0,1,0,0,0,0,"700008,545","5356869,311","11,69878624","48,333327206",0,2,#fc8d62,car
58557,9,1,75,112,2019,4,16,5,3,5,3,0,0,1,0,1,0,0,"721742,873","5320325,064","11,972611791","47,997736615",0,2,#fc8d62,car
58559,9,1,75,122,2019,4,19,5,3,2,6,0,0,1,0,0,0,0,"719667,116469","5327271,1991","11,948384059","48,060865593",0,2,#fc8d62,car
58561,9,1,84,122,2019,4,16,4,3,1,7,0,0,1,0,0,0,0,"687934,524407","5323821,38031","11,521416144","48,039994283",0,2,#fc8d62,car
58562,9,1,84,129,2019,4,18,4,3,4,2,0,0,1,0,0,0,0,"699876,359516","5324082,39891","11,681578755","48,038713931",0,2,#fc8d62,car
58565,9,1,84,137,2019,4,8,4,3,5,3,0,0,1,0,0,0,0,"706311,636366","5316867,86797","11,764343866","47,971832618",0,2,#fc8d62,car
58566,9,1,62,0,2019,4,13,4,2,5,3,0,0,1,0,1,0,0,"684335,732397","5335411,15099","11,478183849","48,145219577",0,2,#fc8d62,car
58569,9,1,62,0,2019,4,15,4,3,1,6,0,0,1,0,0,0,0,"688330,502145","5340197,07268","11,5339545","48,187066017",0,2,#fc8d62,car
58570,9,1,62,0,2019,4,12,4,3,3,6,0,0,1,0,1,0,0,"693985,865","5331677,472","11,606083669","48,10879332",0,2,#fc8d62,car
58576,9,1,84,114,2019,4,18,1,3,9,1,0,0,1,0,0,0,0,"698058,989","5322585,43","11,656531772","48,025826263",0,2,#fc8d62,car
58577,9,1,87,159,2019,4,10,1,3,5,3,0,0,1,0,0,0,0,"731894,72","5326124,828","12,111638215","48,046240844",0,2,#fc8d62,car
58583,9,1,82,120,2019,4,8,1,3,8,1,0,0,1,0,0,0,0,"702502,424135","5305644,21141","11,708090765","47,872179556",0,2,#fc8d62,car
58584,9,7,77,130,2019,4,17,4,2,6,4,0,0,1,1,0,0,0,"624514,598446","5308961,36057","10,666705933","47,921874624",0,2,#fc8d62,car
58586,9,1,79,142,2019,4,15,1,3,2,6,0,0,1,0,0,0,0,"673588,146","5341169,585","11,336174568","48,200008244",0,2,#fc8d62,car
58587,9,7,62,0,2019,4,14,4,2,8,1,0,0,0,0,1,0,0,"622144,271189","5304234,48963","10,633652716","47,879818692",0,4,#e78ac3,marker
58589,9,1,81,129,2019,4,3,1,2,9,1,2,0,1,0,0,0,0,"644168,994312","5304535,49419","10,928169656","47,877957672",1,2,#fc8d62,car
58590,9,1,81,130,2019,4,1,1,3,9,1,2,0,1,0,0,0,0,"636859,269643","5323384,27617","10,836460008","48,049057597",1,2,#fc8d62,car
58592,9,1,74,126,2019,4,14,1,3,8,1,0,0,1,0,0,0,0,"683699,478761","5346481,18253","11,474427768","48,24490656",0,2,#fc8d62,car
58593,9,1,78,145,2019,4,22,1,3,2,6,2,0,1,0,0,0,0,"696285,851675","5356169,12156","11,648284846","48,32820168",1,2,#fc8d62,car
58594,9,7,61,0,2019,4,17,4,3,1,6,0,0,1,0,0,0,0,"639988,671778","5364041,52144","10,891861804","48,413966717",0,2,#fc8d62,car
58595,9,7,72,147,2019,4,18,4,3,2,6,0,0,1,0,0,0,0,"633848,948331","5364522,28562","10,809084612","48,419623823",0,2,#fc8d62,car
58596,9,1,77,130,2019,4,15,1,3,4,6,0,0,1,0,0,0,0,"712332,078565","5349309,40933","11,861061342","48,261378336",0,2,#fc8d62,car
58597,9,7,72,147,2019,4,13,4,3,5,3,0,0,1,0,1,0,0,"638499,762983","5366162,73004","10,872452033","48,433369016",0,2,#fc8d62,car
58598,9,1,62,0,2019,4,1,7,3,1,5,2,0,1,0,0,0,0,"690886,386178","5330254,41535","11,563851076","48,096939243",0,2,#fc8d62,car
58599,9,7,71,130,2019,4,16,4,3,3,6,0,0,1,0,1,0,0,"644986,932832","5360908,24641","10,958287891","48,384664367",0,2,#fc8d62,car
58600,9,7,71,146,2019,4,17,4,2,4,2,0,0,1,0,1,0,0,"646781,366052","5348719,4505","10,978264655","48,274656404",0,2,#fc8d62,car
58601,9,1,62,0,2019,4,3,7,3,1,7,2,0,1,0,0,0,0,"686362,481235","5335230,75093","11,505325344","48,143007594",0,2,#fc8d62,car
58602,9,1,62,0,2019,4,13,7,3,1,6,0,0,1,0,0,0,0,"678329,768107","5334456,02103","11,397115056","48,138345825",0,2,#fc8d62,car
58603,9,7,61,0,2019,4,10,4,2,3,1,0,1,0,0,0,0,0,"641486,371655","5352951,99967","10,908360758","48,313919585",0,1,#66c2a5,bicycle
58604,9,7,71,113,2019,4,20,4,3,0,7,2,0,0,0,1,0,1,"657104,194","5370551,571","11,125452735","48,468459816",1,4,#e78ac3,marker
58614,9,7,72,115,2019,4,1,7,2,9,1,2,1,0,0,0,0,0,"619770,373","5370500,768","10,620594389","48,476221473",0,1,#66c2a5,bicycle
58618,9,7,61,0,2019,4,1,7,3,5,1,2,0,1,0,0,0,0,"638644,818","5354956,408","10,870714648","48,332572377",0,2,#fc8d62,car
58683,9,2,74,124,2019,4,11,7,3,2,7,0,0,1,0,0,0,1,"727735,201288","5377533,61631","12,083603495","48,509585523",0,2,#fc8d62,car
58685,9,2,61,0,2019,4,8,4,3,2,6,0,0,1,0,0,0,0,"731379,062624","5382095,08267","12,13539731","48,549229189",0,2,#fc8d62,car
58688,9,2,61,0,2019,4,11,4,3,0,2,0,0,1,0,1,0,0,"732188,641439","5379342,71362","12,144817423","48,524206183",0,2,#fc8d62,car
58689,9,1,90,140,2019,4,17,4,3,9,1,0,0,0,0,1,0,0,"645058,700156","5299536,76503","10,938385232","47,832807433",0,4,#e78ac3,marker
58690,9,1,87,170,2019,4,16,7,3,8,1,0,0,0,0,1,0,0,"734748,073321","5319821,02007","12,146414929","47,988567489",0,4,#e78ac3,marker
58694,9,1,87,134,2019,4,10,4,3,2,6,0,0,1,0,0,0,0,"736031,400714","5320587,85402","12,164010265","47,994984149",0,2,#fc8d62,car
58696,9,1,74,113,2019,4,8,7,3,2,6,0,0,1,0,0,0,0,"670792,966945","5347491,68722","11,301136174","48,257599269",0,2,#fc8d62,car
58697,9,1,87,124,2019,4,5,4,3,5,3,1,0,1,0,1,0,0,"735226,270561","5328517,36069","12,15758745","48,066515311",0,2,#fc8d62,car
58699,9,1,79,142,2019,4,22,7,3,2,6,2,0,1,0,0,0,0,"676811,303811","5342890,81004","11,380231044","48,21459114",0,2,#fc8d62,car
58700,9,1,88,137,2019,4,16,7,3,0,1,0,0,0,0,1,0,0,"672584,507808","5316848,81845","11,312849053","47,98164608",0,4,#e78ac3,marker
58703,9,1,88,118,2019,4,12,7,3,2,6,0,0,1,0,0,0,0,"671174,62","5310451,805","11,29142525","47,924515386",0,2,#fc8d62,car
58705,9,1,79,134,2019,4,12,7,2,9,1,0,0,1,0,0,0,0,"668955,928681","5345235,61198","11,275505338","48,237810338",0,2,#fc8d62,car
58706,9,1,81,132,2019,4,17,4,3,2,6,0,0,1,0,0,0,0,"647052,525001","5324736,64518","10,973622903","48,058950702",0,2,#fc8d62,car
58707,9,1,88,132,2019,4,10,4,3,4,2,0,1,1,0,0,0,0,"664386,812026","5322225,38593","11,205136411","48,032143086",0,1,#66c2a5,bicycle
58708,9,1,75,111,2019,4,14,7,3,5,2,0,0,1,0,0,0,0,"712222,538174","5337071,41857","11,85346727","48,151448502",0,2,#fc8d62,car
58709,9,1,78,145,2019,4,4,7,3,9,1,2,0,1,0,0,0,0,"696870,695367","5354212,9503","11,655253618","48,310439682",0,2,#fc8d62,car
58710,9,1,74,115,2019,4,11,4,3,1,6,0,0,1,0,0,0,0,"681040,657575","5347469,5","11,43907011","48,25455505",0,2,#fc8d62,car
58711,9,1,62,0,2019,4,17,4,3,3,6,0,0,1,0,0,1,0,"696619,69696","5343059,05818","11,646688836","48,210276062",0,2,#fc8d62,car
58712,9,1,78,123,2019,4,14,7,3,5,3,0,0,1,0,0,0,0,"689241,409046","5358834,7383","11,554538899","48,354307643",0,2,#fc8d62,car
58713,9,1,78,142,2019,4,20,7,3,8,1,2,0,1,0,0,0,0,"711796,407","5378237,45759","11,868436903","48,52148602",0,2,#fc8d62,car
58714,9,1,78,120,2019,4,10,4,3,2,6,0,0,1,0,0,0,0,"692509,266924","5353386,01931","11,596115987","48,304350123",0,2,#fc8d62,car
58715,9,1,75,127,2019,4,18,4,3,2,6,0,0,1,0,0,0,1,"712990,205534","5341501,97098","11,865995055","48,191003351",0,2,#fc8d62,car
58716,9,1,78,137,2019,4,14,7,2,3,6,0,0,1,0,0,0,0,"690823,876768","5362360,16137","11,577477554","48,385516224",0,2,#fc8d62,car
58717,9,1,62,0,2019,4,22,3,3,6,4,2,0,1,1,0,0,0,"690131,581356","5339068,24264","11,55765767","48,176383673",0,2,#fc8d62,car
58718,9,1,77,130,2019,4,17,7,3,0,1,0,1,0,0,0,0,0,"711562,116182","5351273,75257","11,851682573","48,279286698",0,1,#66c2a5,bicycle
58719,9,1,62,0,2019,4,15,6,3,0,1,0,1,0,1,0,0,0,"694669,166815","5334414,12591","11,616503105","48,133180845",0,1,#66c2a5,bicycle
58720,9,1,62,0,2019,4,14,3,3,1,6,0,0,1,0,0,0,0,"694766,780414","5332278,5779","11,616837943","48,113957541",0,2,#fc8d62,car
58729,9,7,77,114,2019,4,14,6,3,8,1,0,0,1,0,0,0,0,"616255,6559","5311951,81705","10,557006001","47,950321704",0,2,#fc8d62,car
58731,9,7,71,130,2019,4,17,3,3,2,6,0,0,1,0,0,0,0,"645189,483882","5359569,72375","10,960559656","48,372582698",0,2,#fc8d62,car
58736,9,7,71,169,2019,4,21,6,3,9,1,2,0,1,0,0,0,0,"639592,641541","5374427,64908","10,889977613","48,507442177",0,2,#fc8d62,car
58782,9,1,81,145,2019,4,17,4,2,5,3,0,0,1,0,0,0,1,"642985,132","5334571,162","10,922361523","48,148306811",0,2,#fc8d62,car
58783,9,1,88,126,2019,4,8,4,2,5,3,0,1,0,0,0,0,1,"660796,288211","5324302,96605","11,157788065","48,051736172",0,1,#66c2a5,bicycle
58786,9,1,74,122,2019,4,15,4,3,5,3,0,1,0,0,0,0,0,"684513,588333","5353244,04256","11,488334813","48,305456552",0,1,#66c2a5,bicycle
58787,9,1,74,113,2019,4,10,4,3,1,6,0,0,1,0,0,0,0,"674487,286","5345020,102","11,349849092","48,234375148",0,2,#fc8d62,car
58789,9,1,62,0,2019,4,16,4,3,3,6,0,0,1,0,0,0,0,"685131,808143","5342619,50037","11,492015624","48,209779933",0,2,#fc8d62,car
58791,9,1,77,133,2019,4,7,4,3,2,1,0,0,1,0,1,0,0,"710356,560836","5360100,50598","11,839855764","48,35900233",0,2,#fc8d62,car
58792,9,1,84,112,2019,4,15,3,3,2,6,0,0,1,0,1,1,0,"700841,68153","5342117,24162","11,703010096","48,200490318",0,2,#fc8d62,car
58795,9,1,62,0,2019,4,9,3,2,5,2,0,1,1,0,0,0,0,"693069,175639","5338817,6372","11,59701868","48,173245654",0,1,#66c2a5,bicycle
58810,9,7,77,121,2019,4,18,3,3,8,1,0,0,1,0,0,0,0,"627248,01","5321303,5","10,706933452","48,032333633",0,2,#fc8d62,car
58811,9,7,73,182,2019,4,10,3,3,5,3,0,0,1,0,0,1,0,"624579,201091","5379176,93163","10,688223949","48,553307274",0,2,#fc8d62,car