OBJECTID,ULAND,UREGBEZ,UKREIS,UGEMEINDE,UJAHR,UMONAT,USTUNDE,UWOCHENTAG,UKATEGORIE,UART,UTYP1,ULICHTVERH,IstRad,IstPKW,IstFuss,IstKrad,IstGkfz,IstSonstig,LINREFX,LINREFY,XGCSWGS84,YGCSWGS84,STRZUSTAND,Teilnehmer,color,symbol
58817,9,7,71,122,2019,4,2,3,2,2,6,2,0,1,0,0,0,0,"650454,826519","5362318,62687","11,032598533","48,396064558",0,2,#fc8d62,car
58818,9,7,71,122,2019,4,15,3,2,2,1,0,0,1,0,0,1,0,"656250,097841","5359326,55892","11,109724235","48,367755091",0,2,#fc8d62,car
58821,9,7,72,223,2019,4,13,3,3,3,7,0,0,1,0,0,1,0,"621901,381635","5363326,8159","10,647328321","48,411298296",0,2,#fc8d62,car
58823,9,7,61,0,2019,4,9,3,3,3,6,0,0,1,0,0,0,1,"642786,909349","5363474,41687","10,929463199","48,408239808",0,2,#fc8d62,car
58832,9,1,78,124,2019,4,5,7,3,9,1,1,0,1,0,0,0,0,"702847,121837","5363961,08132","11,740462286","48,39615154",1,2,#fc8d62,car
58859,9,1,77,123,2019,4,18,7,1,8,1,0,0,1,0,0,0,0,"727090,725996","5342437,32023","12,055960332","48,194522695",0,2,#fc8d62,car
58882,9,1,86,152,2019,4,14,3,3,5,3,0,0,1,0,0,0,0,"691222,453363","5375633,48088","11,588915291","48,504687036",0,2,#fc8d62,car
58885,9,1,85,158,2019,4,13,3,3,0,1,0,1,0,0,0,0,0,"667435,605278","5380489,08006","11,269102589","48,555126206",0,1,#66c2a5,bicycle
58886,9,1,62,0,2019,4,17,6,3,2,6,0,0,1,0,0,0,0,"684475,517481","5332098,42145","11,478627076","48,115402427",1,2,#fc8d62,car
58889,9,1,81,123,2019,4,16,3,2,2,6,0,0,1,0,0,0,0,"653198,758483","5326357,7307","11,056639667","48,0720802",0,2,#fc8d62,car
58890,9,1,88,139,2019,4,17,3,3,2,6,0,0,1,0,1,0,1,"671912,980383","5322068,34197","11,305948924","48,028749816",0,2,#fc8d62,car
58893,9,1,81,141,2019,4,13,3,3,2,6,0,0,1,0,0,0,0,"643938,073985","5319897,79529","10,930221548","48,016149938",0,2,#fc8d62,car
58894,9,1,81,114,2019,4,5,3,3,7,7,2,0,1,0,0,0,0,"650268,11723","5315833,88644","11,013631826","47,978151553",0,2,#fc8d62,car
58895,9,1,82,123,2019,4,16,6,3,4,2,0,0,1,0,0,0,0,"717269,3103","5301398,70342","11,903184968","47,829205127",1,2,#fc8d62,car
58896,9,1,87,179,2019,4,18,6,3,4,2,0,0,1,0,0,0,0,"726402,095992","5315236,30912","12,032301553","47,950383782",1,2,#fc8d62,car
58897,9,1,74,113,2019,4,15,3,3,5,3,0,0,1,0,1,0,0,"678613,698496","5342085,64732","11,404133794","48,206848875",0,2,#fc8d62,car
58898,9,1,74,115,2019,4,9,3,2,5,2,0,1,1,0,0,0,0,"683263,357906","5348444,87483","11,469409177","48,262683283",0,1,#66c2a5,bicycle
58899,9,1,87,130,2019,4,12,6,3,4,6,0,0,1,0,0,1,0,"714282,29679","5307566,74283","11,86637987","47,885634",1,2,#fc8d62,car
58900,9,1,84,135,2019,4,6,3,3,0,3,0,0,0,0,1,0,0,"688124,175088","5347458,47593","11,534402754","48,252392942",0,4,#e78ac3,marker
58902,9,1,78,123,2019,4,18,3,3,5,3,0,0,1,0,1,0,0,"689129,049988","5358808,51835","11,553011968","48,354105644",0,2,#fc8d62,car
58903,9,1,62,0,2019,4,12,2,3,3,7,0,0,1,0,1,0,0,"689220,681745","5331760,28482","11,542169186","48,110971016",0,2,#fc8d62,car
58904,9,1,62,0,2019,4,14,6,3,2,6,0,0,1,0,0,0,0,"687407,134813","5333146,67416","11,518438131","48,123968489",1,2,#fc8d62,car
58905,9,1,81,130,2019,4,15,6,3,2,6,0,0,1,0,0,0,0,"637464,269318","5323349,82868","10,844562843","48,04861781",1,2,#fc8d62,car
58906,9,1,62,0,2019,4,14,2,2,5,3,0,1,0,0,0,0,0,"687347,704528","5335081,26198","11,518490982","48,141374597",0,1,#66c2a5,bicycle
58908,9,1,62,0,2019,4,16,2,3,6,7,0,1,0,1,0,0,0,"692077,858699","5341592,94124","11,584953167","48,198489708",0,1,#66c2a5,bicycle
58909,9,1,88,120,2019,4,18,6,3,5,3,0,1,1,0,0,0,0,"677171,432083","5326606,91281","11,378299753","48,068111776",1,1,#66c2a5,bicycle
58910,9,1,74,143,2019,4,19,6,3,1,6,0,0,1,0,0,0,0,"675292,271498","5352510,97428","11,363785339","48,301489434",0,2,#fc8d62,car
58911,9,1,84,127,2019,4,13,2,2,5,3,0,1,1,0,0,0,0,"702205,88","5322000,712","11,711813603","48,019272319",0,1,#66c2a5,bicycle
58912,9,1,78,124,2019,4,10,6,3,4,2,0,1,1,0,0,0,0,"703530,903653","5364823,91854","11,750107345","48,403684853",0,1,#66c2a5,bicycle
58913,9,1,84,145,2019,4,18,2,2,3,6,0,0,1,0,1,0,0,"695898,446433","5325112,15082","11,628740294","48,04920172",0,2,#fc8d62,car
58914,9,1,77,113,2019,4,12,6,3,8,1,0,0,1,0,0,0,0,"719742,7645","5353186,59557","11,962795458","48,293687332",0,2,#fc8d62,car
58916,9,1,62,0,2019,4,14,2,3,3,2,0,1,1,0,0,0,0,"699214,207581","5333048,85751","11,676885442","48,119504626",0,1,#66c2a5,bicycle
58918,9,1,77,115,2019,4,16,6,3,8,1,0,0,1,0,0,0,0,"738872,043435","5356639,67439","12,222263187","48,317775508",1,2,#fc8d62,car
58919,9,1,84,148,2019,4,19,5,3,2,6,0,1,0,0,0,0,0,"695096,179","5327252,18","11,618962432","48,068681341",0,1,#66c2a5,bicycle
58922,9,1,62,0,2019,4,12,5,3,5,3,0,1,1,0,0,0,0,"694780,952186","5332285,86044","11,617031471","48,114018659",0,1,#66c2a5,bicycle
58923,9,1,62,0,2019,4,16,5,3,5,3,0,0,1,0,0,0,0,"686223,992401","5335215,98937","11,503458986","48,142915462",0,2,#fc8d62,car
58924,9,7,77,114,2019,4,14,2,2,8,1,0,0,0,0,1,0,0,"617512,955438","5313145,28351","10,574164486","47,960826096",0,4,#e78ac3,marker
58926,9,1,62,0,2019,4,11,5,3,5,3,0,1,1,0,0,0,0,"693232,486379","5338400,19468","11,599023343","48,169444196",0,1,#66c2a5,bicycle
58928,9,1,62,0,2019,4,18,5,3,2,6,0,0,1,0,0,0,0,"693215,644028","5337562,9721","11,598416692","48,161924642",0,2,#fc8d62,car
58951,9,7,77,140,2019,4,11,5,3,5,3,0,0,1,0,0,1,0,"626512,98419","5315748,91163","10,695439694","47,982525997",0,2,#fc8d62,car
58953,9,7,72,217,2019,4,5,5,3,5,3,0,0,1,0,0,1,0,"636690,412337","5380047,52838","10,852548407","48,558612444",0,2,#fc8d62,car
58956,9,7,61,0,2019,4,10,5,3,5,3,0,1,1,0,0,0,0,"641224,92742","5360976,92565","10,907528561","48,386135366",0,1,#66c2a5,bicycle
59020,9,2,74,118,2019,4,13,2,3,8,1,0,0,0,0,1,0,0,"737702,047271","5367409,20548","12,212590925","48,414953417",0,4,#e78ac3,marker
59025,9,2,74,146,2019,4,11,2,3,8,1,0,0,1,0,0,0,0,"735595,08109","5379734,66774","12,191102448","48,52645804",0,2,#fc8d62,car
59026,9,2,61,0,2019,4,11,2,3,5,3,0,0,1,0,1,0,0,"732675,222","5378761,124","12,151073026","48,518801797",0,2,#fc8d62,car
59028,9,2,74,124,2019,4,15,2,3,5,3,0,1,1,0,0,0,0,"722878,839886","5374025,38782","12,016071164","48,479809629",0,1,#66c2a5,bicycle
59034,9,1,83,123,2019,4,14,2,2,5,3,0,0,1,0,0,0,1,"738768,706763","5340020,04398","12,211502885","48,168526775",0,2,#fc8d62,car
59039,9,1,82,133,2019,4,16,2,3,3,6,0,0,1,0,0,0,0,"707552,576305","5305951,96824","11,775693946","47,873333309",0,2,#fc8d62,car
59041,9,1,63,0,2019,4,12,2,3,2,6,0,0,1,0,0,0,0,"734245,36433","5304565,02912","12,131397285","47,851694596",0,2,#fc8d62,car
59049,9,1,86,152,2019,4,15,2,3,2,6,0,0,1,0,0,0,0,"690979,056922","5381575,41686","11,588345633","48,558162268",0,2,#fc8d62,car
59050,9,1,85,158,2019,4,13,2,2,0,1,0,1,0,0,0,0,0,"663192,345268","5379460,22892","11,211239526","48,54699585",0,1,#66c2a5,bicycle
59051,9,7,78,203,2019,4,12,6,3,1,6,0,0,1,0,0,0,0,"620656,544944","5321912,75201","10,618723271","48,039092421",1,2,#fc8d62,car
59052,9,2,74,114,2019,4,16,5,3,8,1,0,1,0,0,0,0,0,"734535,969214","5371267,93959","12,172028336","48,450801355",0,1,#66c2a5,bicycle
59054,9,2,74,134,2019,4,11,5,3,7,7,0,0,0,0,1,0,0,"739171,787021","5372815,90487","12,235507693","48,462961254",0,4,#e78ac3,marker
59056,9,1,81,115,2019,4,17,2,3,2,6,0,0,1,0,0,0,0,"657313,782218","5326986,65432","11,112075531","48,076733058",0,2,#fc8d62,car
59057,9,2,61,0,2019,4,18,5,3,0,1,0,1,0,0,0,0,0,"736660,413777","5381676,10178","12,206610942","48,543495839",0,1,#66c2a5,bicycle
59058,9,2,61,0,2019,4,19,5,3,3,6,0,1,0,0,0,0,0,"734500,755234","5381747,74331","12,177436242","48,544950166",0,1,#66c2a5,bicycle
59059,9,1,88,124,2019,4,17,2,2,2,6,0,0,1,0,1,0,0,"663577,317056","5320985,18526","11,193812407","48,021200861",0,2,#fc8d62,car
59060,9,1,88,124,2019,4,19,2,3,0,7,0,1,0,0,0,0,0,"661942,736555","5317402,56486","11,170554214","47,989406976",0,1,#66c2a5,bicycle
59061,9,2,74,113,2019,4,11,5,3,5,3,0,0,1,0,0,0,0,"728396,358","5383928,99","12,096046908","48,566796475",0,2,#fc8d62,car
59063,9,1,74,118,2019,4,11,2,2,2,6,0,0,1,0,1,0,0,"668682,29223","5354849,5962","11,27566051","48,324309567",0,2,#fc8d62,car
59064,9,1,78,123,2019,4,12,2,3,8,1,0,0,0,0,1,0,0,"692290,449969","5359591,69571","11,595999676","48,360189747",0,4,#e78ac3,marker
59065,9,1,75,132,2019,4,10,2,3,5,3,0,0,1,0,0,0,0,"705601,709245","5334985,39207","11,763547996","48,134877056",0,2,#fc8d62,car
59066,9,1,88,139,2019,4,8,5,3,2,6,0,0,1,0,0,0,0,"680413,954691","5321242,73366","11,419526046","48,018983895",0,2,#fc8d62,car
59067,9,1,62,0,2019,4,23,1,2,6,4,2,0,0,1,1,0,0,"694082,813258","5331697,30179","11,607393734","48,108942013",0,3,#8da0cb,toilet
59072,9,7,72,168,2019,4,11,1,2,8,7,0,1,1,0,0,0,0,"619609,018421","5345457,61079","10,611291033","48,251038133",0,1,#66c2a5,bicycle
59073,9,7,71,122,2019,4,17,1,3,4,6,0,1,0,0,0,0,0,"652478,456001","5363286,89698","11,060270546","48,404283937",0,1,#66c2a5,bicycle
59074,9,7,71,112,2019,4,18,1,2,0,7,0,1,0,0,0,0,0,"643243,788189","5367136,81091","10,936884561","48,441066103",0,1,#66c2a5,bicycle
59101,9,1,82,116,2019,4,15,5,3,0,1,0,1,0,0,0,0,0,"705767,779968","5295173,32874","11,746734454","47,777038971",0,1,#66c2a5,bicycle
59111,9,1,74,113,2019,4,10,5,2,3,1,0,0,1,0,0,1,0,"679498,21951","5341934,42166","11,415964485","48,205240036",0,2,#fc8d62,car
59114,9,1,79,113,2019,4,20,5,3,5,3,2,0,1,0,0,0,0,"671872,955817","5335750,09743","11,310919365","48,151755955",0,2,#fc8d62,car
59116,9,1,79,123,2019,4,5,5,3,5,2,0,0,1,0,0,0,0,"677442,633426","5331966,73382","11,384164431","48,116217168",0,2,#fc8d62,car
59119,9,1,79,145,2019,4,16,5,3,2,6,0,0,1,0,0,0,0,"673583,853","5336436,401","11,334183505","48,157460815",0,2,#fc8d62,car
59120,9,1,88,120,2019,4,19,5,3,4,7,0,1,1,0,0,0,0,"676955,14393","5325973,63035","11,375136878","48,06247902",0,1,#66c2a5,bicycle
59124,9,1,62,0,2019,4,17,5,3,2,6,0,0,1,0,0,0,0,"694352,561466","5341082,12868","11,615299029","48,193206664",0,2,#fc8d62,car
59125,9,1,75,127,2019,4,14,5,2,3,7,0,1,0,0,0,0,0,"714147,365844","5340247,46304","11,880913117","48,17934191",0,1,#66c2a5,bicycle
59127,9,1,77,127,2019,4,14,5,3,0,6,0,1,0,0,0,0,1,"724157,867175","5349910,45545","12,020502053","48,262705619",0,1,#66c2a5,bicycle
59129,9,1,62,0,2019,4,14,4,2,6,7,0,1,0,1,0,0,0,"688331,96941","5340189,3933","11,533970817","48,186996559",0,1,#66c2a5,bicycle
59130,9,1,84,122,2019,4,17,4,3,0,7,0,1,0,0,0,0,1,"689074,52164","5325451,86121","11,537415595","48,054312957",0,1,#66c2a5,bicycle
59131,9,1,90,152,2019,4,14,1,2,0,7,0,1,0,0,0,0,0,"673815,004","5298803,65","11,322055526","47,819088292",0,1,#66c2a5,bicycle
59132,9,1,73,126,2019,4,22,1,3,4,2,2,0,1,0,0,0,0,"683747,175","5306171,491","11,457749503","47,882559348",0,2,#fc8d62,car
59133,9,1,62,0,2019,4,15,4,3,5,2,0,1,1,0,0,0,0,"696028,367385","5333808,71676","11,634473336","48,127322579",0,1,#66c2a5,bicycle
59139,9,1,87,124,2019,4,15,1,3,9,7,0,0,1,0,0,0,0,"732249,124577","5329694,09554","12,118324368","48,078177463",0,2,#fc8d62,car
59143,9,1,82,123,2019,4,16,1,2,8,1,0,0,0,0,1,0,0,"716410,115165","5296724,94927","11,889387097","47,787496271",0,4,#e78ac3,marker
59147,9,1,82,136,2019,4,14,1,3,4,6,0,0,1,0,0,0,0,"703424,115828","5302784,70456","11,71905725","47,846189173",0,2,#fc8d62,car
59149,9,1,82,137,2019,4,10,1,2,5,3,0,1,0,0,0,0,1,"709961,137","5302227,02","11,806056816","47,839075846",0,1,#66c2a5,bicycle
59152,9,1,87,129,2019,4,17,1,3,8,1,0,0,1,0,0,0,0,"726116,054934","5298944,57865","12,019949927","47,804106333",0,2,#fc8d62,car
59157,9,1,74,118,2019,4,14,1,3,0,1,0,1,0,0,0,0,0,"670688,255891","5355859,73276","11,303109049","48,332851666",0,1,#66c2a5,bicycle
59158,9,1,74,146,2019,4,12,1,3,5,3,0,0,1,0,1,0,0,"665975,024886","5352092,18056","11,238081655","48,300237479",0,2,#fc8d62,car
59159,9,7,62,0,2019,4,7,6,2,0,1,0,1,0,0,0,0,0,"620541,64692","5305378,62534","10,612546239","47,890411736",0,1,#66c2a5,bicycle
59160,9,7,72,167,2019,4,11,4,2,2,2,0,0,0,0,1,0,1,"625158,708473","5358508,33924","10,689891224","48,367328914",0,4,#e78ac3,marker
59161,9,1,84,129,2019,4,17,1,3,8,6,0,0,1,0,0,0,0,"700258,978334","5325118,72401","11,687190921","48,047907731",0,2,#fc8d62,car
59162,9,1,62,0,2019,4,14,7,3,3,6,0,0,1,0,1,0,1,"694596,617532","5334830,66221","11,615719311","48,136946688",0,2,#fc8d62,car
59163,9,1,62,0,2019,4,14,7,2,4,3,0,0,1,0,1,0,0,"687430,727861","5340474,28743","11,521982716","48,189823785",0,2,#fc8d62,car
59164,9,7,61,0,2019,4,14,4,3,3,2,0,1,0,0,0,0,1,"640195,955162","5360558,63998","10,893498569","48,382603822",0,1,#66c2a5,bicycle
59165,9,7,71,113,2019,4,11,4,3,0,1,0,0,0,0,1,0,1,"657605,168492","5371819,68313","11,132703476","48,479735073",1,4,#e78ac3,marker
59166,9,1,84,130,2019,4,14,7,3,5,3,0,1,1,0,0,0,0,"697511,136","5343252,359","11,658765067","48,211736533",0,1,#66c2a5,bicycle
59185,9,7,73,179,2019,4,20,6,3,5,3,1,0,1,0,0,0,0,"617367,063884","5376919,99145","10,589893767","48,534402297",1,2,#fc8d62,car
59188,9,7,72,168,2019,4,11,7,3,5,3,0,0,1,0,0,0,0,"619132,243115","5347037,08673","10,605315625","48,265332556",0,2,#fc8d62,car
59189,9,7,72,171,2019,4,16,7,3,0,7,0,0,0,0,1,0,0,"637491,647","5371899,842","10,860715274","48,485176433",0,4,#e78ac3,marker
59192,9,7,72,177,2019,4,7,7,2,3,2,0,0,1,0,0,0,1,"635121,94863","5378908,61722","10,830932927","48,548711666",0,2,#fc8d62,car
59193,9,7,72,125,2019,4,12,7,3,2,7,0,0,1,0,0,0,0,"635095,972136","5346804,73425","10,820247719","48,26003979",0,2,#fc8d62,car
59213,9,7,73,182,2019,4,16,6,3,1,6,0,0,1,0,0,0,0,"624496,096826","5379154,70527","10,687091631","48,55312391",0,2,#fc8d62,car
59224,9,1,87,126,2019,4,13,7,3,5,3,0,1,1,0,0,0,0,"741165,579287","5326834,59992","12,236235789","48,049182331",1,1,#66c2a5,bicycle
59240,9,1,87,122,2019,4,11,7,3,2,6,0,0,1,0,0,0,0,"719275,101291","5307875,2328","11,933234031","47,886720197",0,2,#fc8d62,car
59261,9,1,78,123,2019,4,12,7,3,8,1,0,0,1,0,0,0,0,"692213,168612","5360580,76977","11,595409357","48,369102456",1,2,#fc8d62,car
59267,9,2,74,126,2019,4,4,7,2,8,1,2,0,1,0,0,0,0,"733488,209931","5383175,41052","12,164538701","48,558151914",1,2,#fc8d62,car
59269,9,1,78,143,2019,4,9,7,3,4,6,0,1,0,0,0,0,0,"716726,427","5373298,603","11,932553106","48,475430239",1,1,#66c2a5,bicycle
59284,9,7,72,125,2019,4,14,6,3,5,3,0,0,1,0,0,0,0,"636264,357677","5348288,84588","10,836460084","48,273134914",1,2,#fc8d62,car
59292,9,1,63,0,2019,4,16,7,3,4,2,0,0,1,0,1,0,0,"731832,526151","5301558,76902","12,097581764","47,825560267",0,2,#fc8d62,car
59295,9,2,61,0,2019,4,15,4,3,5,3,0,0,1,0,1,0,0,"726834,879391","5380147,84147","12,072852691","48,533395938",0,2,#fc8d62,car
59296,9,1,87,179,2019,4,12,7,2,8,6,0,0,0,0,1,1,0,"727530,932066","5314272,44842","12,046889","47,941323996",0,4,#e78ac3,marker
59299,9,2,61,0,2019,4,14,4,3,2,6,0,0,1,0,0,0,0,"732443,27164","5382731,97765","12,150151127","48,554556839",0,2,#fc8d62,car
59300,9,1,88,139,2019,4,13,7,3,0,1,0,1,0,0,0,0,0,"675600,10819","5321305,58048","11,355050709","48,020889956",0,1,#66c2a5,bicycle
59301,9,2,61,0,2019,4,16,4,2,8,1,0,1,0,0,0,0,0,"731651,3591","5381060,17895","12,138505996","48,539832352",0,1,#66c2a5,bicycle
59302,9,1,88,120,2019,4,14,7,2,5,2,0,0,1,0,1,0,0,"676551,692002","5325340,93075","11,369465296","48,056903211",0,2,#fc8d62,car
59303,9,1,74,150,2019,4,10,7,3,5,3,0,0,1,0,1,0,0,"682184,924758","5359737,71327","11,459768531","48,364498969",0,2,#fc8d62,car
59304,9,7,61,0,2019,4,16,6,3,0,1,0,1,0,0,0,0,0,"640869,917558","5360481,859","10,902570217","48,3817633",1,1,#66c2a5,bicycle
59306,9,1,78,113,2019,4,10,7,3,2,6,0,0,1,0,0,0,0,"691626,493073","5365460,9069","11,589722142","48,413140472",0,2,#fc8d62,car
59307,9,1,77,117,2019,4,22,7,3,8,1,2,0,0,0,1,0,0,"717729,871168","5357789,07708","11,938068101","48,335735603",0,4,#e78ac3,marker
59308,9,1,77,133,2019,4,18,7,2,8,1,0,0,1,0,0,0,0,"706544,07814","5357370,22343","11,787111282","48,335726562",0,2,#fc8d62,car
59310,9,1,75,119,2019,4,17,7,2,5,3,0,0,1,0,1,0,0,"724880,765","5324733,522","12,016929386","48,036249559",0,2,#fc8d62,car
59311,9,1,84,135,2019,4,20,6,3,5,3,2,0,1,0,1,0,0,"692505,571416","5348964,52218","11,594051837","48,264613036",0,2,#fc8d62,car
59314,9,1,84,145,2019,4,11,6,3,0,7,0,0,1,0,1,0,1,"696587,438115","5321745,9667","11,636430827","48,018736013",0,2,#fc8d62,car
59316,9,1,62,0,2019,4,19,6,3,0,2,1,0,1,0,1,0,0,"684061,57723","5335415,60127","11,474503637","48,145338958",0,2,#fc8d62,car
59318,9,1,63,0,2019,4,17,4,3,5,3,0,0,1,0,0,0,0,"734877,864278","5304943,54775","12,140044943","47,854864374",0,2,#fc8d62,car
59322,9,1,82,133,2019,4,14,4,2,0,1,0,1,0,0,0,0,0,"706214,114","5310891,549","11,760175694","47,918155997",0,1,#66c2a5,bicycle
59323,9,1,82,133,2019,4,10,4,3,5,3,0,0,1,0,0,0,0,"705884,931618","5311161,2896","11,755903705","47,920685898",0,2,#fc8d62,car
59329,9,1,87,117,2019,4,11,4,3,5,3,0,1,1,0,0,0,0,"726541,746","5307957,078","12,030344205","47,884932683",0,1,#66c2a5,bicycle
59331,9,7,77,121,2019,4,15,6,3,0,6,0,1,1,0,0,0,0,"628518,907418","5321751,11467","10,724107921","48,03610455",0,1,#66c2a5,bicycle
59337,9,1,74,113,2019,4,5,4,3,2,6,0,0,1,0,0,0,0,"674608,820302","5344714,9515","11,351358634","48,231598628",0,2,#fc8d62,car
59338,9,1,88,139,2019,4,18,4,3,9,1,0,0,0,0,1,0,0,"679691,145439","5320197,87112","11,409403509","48,009795096",0,4,#e78ac3,marker
59340,9,7,71,146,2019,4,17,6,3,0,1,0,1,0,0,0,0,0,"644125,049687","5347712,51046","10,942142139","48,26621257",0,1,#66c2a5,bicycle
59342,9,1,86,162,2019,5,20,5,3,8,1,2,0,1,0,0,0,0,"690887,360729","5384155,35438","11,588288035","48,581376359",1,2,#fc8d62,car
59343,9,1,86,146,2019,5,10,5,3,0,1,0,1,0,0,0,0,0,"682803,312761","5368505,50644","11,471927717","48,443126742",0,1,#66c2a5,bicycle
59344,9,1,78,123,2019,5,23,1,2,2,6,2,0,1,0,0,0,0,"692252,567795","5361579,16281","11,596397259","48,378063368",0,2,#fc8d62,car
59345,9,1,62,0,2019,5,12,5,3,5,3,0,0,1,0,0,0,0,"688314,461271","5340198,69613","11,533739611","48,187085364",0,2,#fc8d62,car
59346,9,1,86,143,2019,5,15,5,3,4,2,0,0,1,0,0,0,0,"688059,691263","5382596,72858","11,549282035","48,568223515",0,2,#fc8d62,car
59350,9,1,81,138,2019,5,10,5,3,2,6,0,0,1,0,0,1,0,"639025,379344","5334679,65866","10,869189934","48,150160301",0,2,#fc8d62,car
59352,9,1,74,111,2019,5,11,5,3,0,7,0,0,0,0,1,0,0,"664537,110778","5360963,43512","11,222172633","48,380364632",0,4,#e78ac3,marker
59353,9,1,84,121,2019,5,12,5,3,2,6,0,0,0,0,0,1,0,"703696,009487","5328747,65804","11,734985427","48,079432915",0,5,#a6d854,bus
59356,9,1,75,118,2019,5,8,5,3,2,2,0,0,1,0,0,0,0,"714957,422776","5339129,39085","11,891231068","48,169022043",1,2,#fc8d62,car
59358,9,1,75,139,2019,5,20,5,3,9,6,1,0,1,0,0,0,0,"709226,187494","5329316,14831","11,809425091","48,082751057",0,2,#fc8d62,car
59361,9,1,84,112,2019,5,14,4,3,4,6,0,1,0,0,0,0,0,"701406,72","5340004,705","11,709604017","48,18132638",0,1,#66c2a5,bicycle
59362,9,1,62,0,2019,5,14,4,3,2,6,0,0,1,0,0,0,0,"693031,51639","5338884,38552","11,596542965","48,173857004",0,2,#fc8d62,car
59363,9,7,61,0,2019,5,6,7,3,8,7,0,0,0,0,0,1,0,"642118,461218","5362996,54019","10,920274003","48,404094062",1,5,#a6d854,bus
59365,9,1,84,122,2019,5,15,4,3,5,3,0,1,0,0,0,0,0,"689503,955","5326517,075","11,543644691","48,063759964",0,1,#66c2a5,bicycle
59366,9,1,62,0,2019,5,21,4,2,6,4,2,0,1,1,0,0,0,"687246,868622","5335096,88988","11,517143687","48,141544748",0,2,#fc8d62,car
59369,9,1,62,0,2019,5,22,4,3,4,6,2,1,0,0,0,0,0,"688093,274114","5334991,25582","11,528463721","48,140345636",0,1,#66c2a5,bicycle
59373,9,1,78,130,2019,5,15,2,3,2,6,0,0,1,0,0,0,0,"702297,566128","5357024,49293","11,729711076","48,33399325",0,2,#fc8d62,car
59375,9,1,90,142,2019,5,22,7,2,8,1,2,0,1,0,0,0,0,"661846,087713","5296468,11951","11,161408692","47,801211538",1,2,#fc8d62,car
59379,9,7,71,122,2019,5,16,4,3,3,3,0,0,1,0,0,0,0,"652559,197854","5362300,42985","11,061002332","48,395395342",0,2,#fc8d62,car
59382,9,7,72,149,2019,5,16,4,3,9,1,0,0,0,0,1,0,0,"635867,530073","5340349,16299","10,82856799","48,201824805",0,4,#e78ac3,marker
59386,9,1,87,117,2019,5,7,6,3,2,6,0,0,1,0,0,0,0,"723451,300261","5305003,94938","11,98753642","47,859481421",0,2,#fc8d62,car
59390,9,7,71,145,2019,5,15,5,3,0,7,0,0,1,0,0,0,0,"647276,023616","5345344,84155","10,98375258","48,244199171",0,2,#fc8d62,car
59394,9,1,79,121,2019,5,11,7,3,0,7,0,0,1,0,0,0,0,"666829,024","5338233,308","11,24412995","48,175423177",0,2,#fc8d62,car
59404,9,1,79,142,2019,5,18,6,3,5,3,0,0,1,0,1,0,0,"671043,221566","5340935,96071","11,301859371","48,19859873",0,2,#fc8d62,car
59407,9,7,72,171,2019,5,15,2,3,3,6,0,0,1,0,0,0,0,"638798,634792","5370382,43255","10,877889458","48,471245265",0,2,#fc8d62,car
59411,9,2,74,124,2019,5,15,1,2,8,1,0,0,1,0,0,0,0,"724121,86965","5377345,57288","12,034648975","48,509195689",0,2,#fc8d62,car
59432,9,1,86,151,2019,5,15,1,3,5,3,0,0,1,0,0,0,0,"681226,257","5371630,691","11,451975787","48,471672535",0,2,#fc8d62,car
59433,9,1,62,0,2019,5,7,2,3,2,6,0,0,1,0,0,0,0,"683935,052446","5332040,03398","11,471347179","48,115033935",0,2,#fc8d62,car
59434,9,1,62,0,2019,5,11,5,3,4,7,0,1,1,0,0,0,0,"682895,737596","5335547,33603","11,45890183","48,146859321",0,1,#66c2a5,bicycle
59443,9,1,90,158,2019,5,23,2,3,4,1,2,0,1,0,0,0,0,"652595,062659","5303153,0348","11,040302963","47,863579839",0,2,#fc8d62,car
59445,9,1,73,120,2019,5,17,4,3,3,6,0,1,0,0,0,0,0,"682609,050253","5309781,46593","11,444068381","47,915334697",0,1,#66c2a5,bicycle
59446,9,1,90,140,2019,5,12,4,2,4,6,0,0,0,0,1,1,0,"645067,99","5298835,229","10,938274303","47,826496915",0,4,#e78ac3,marker
59448,9,1,90,152,2019,5,12,4,2,8,1,0,0,0,0,1,0,0,"671761,105287","5297083,23612","11,293958031","47,804172888",0,4,#e78ac3,marker
59450,9,1,73,134,2019,5,19,4,2,8,7,0,0,0,0,1,0,0,"687386,586614","5298440,06965","11,503033522","47,812011098",0,4,#e78ac3,marker
59453,9,7,61,0,2019,5,10,6,3,3,3,0,0,1,0,0,1,0,"638425,811527","5356737,39111","10,868346584","48,348634746",1,2,#fc8d62,car
59458,9,1,82,133,2019,5,13,4,3,9,7,0,0,1,0,0,0,0,"704159,543733","5307831,96125","11,731259793","47,89131659",0,2,#fc8d62,car
59459,9,1,63,0,2019,5,16,4,2,5,3,0,0,1,0,0,0,0,"733738,343782","5302016,07195","12,123253718","47,828979196",0,2,#fc8d62,car
59460,9,1,62,0,2019,5,14,7,3,2,6,0,0,1,0,0,0,0,"692500,40044","5339211,02138","11,58955422","48,176953803",1,2,#fc8d62,car
59461,9,1,62,0,2019,5,13,5,3,3,7,0,0,1,0,1,0,0,"689662,668269","5340105,97163","11,551819508","48,185850871",0,2,#fc8d62,car