OBJECTID,ULAND,UREGBEZ,UKREIS,UGEMEINDE,UJAHR,UMONAT,USTUNDE,UWOCHENTAG,UKATEGORIE,UART,UTYP1,ULICHTVERH,IstRad,IstPKW,IstFuss,IstKrad,IstGkfz,IstSonstig,LINREFX,LINREFY,XGCSWGS84,YGCSWGS84,STRZUSTAND,Teilnehmer,color,symbol
59463,9,1,82,125,2019,5,18,4,3,8,1,0,0,0,0,1,0,0,"709010,710664","5296171,87233","11,790451331","47,784969134",0,4,#e78ac3,marker
59465,9,2,74,183,2019,5,16,7,3,4,6,0,0,1,0,0,0,0,"739620,439599","5362340,37046","12,235584624","48,368697785",1,2,#fc8d62,car
59468,9,1,85,158,2019,5,20,4,3,0,1,1,1,0,0,0,0,0,"667111,578214","5380904,92713","11,264881868","48,558950801",0,1,#66c2a5,bicycle
59470,9,1,86,126,2019,5,16,2,3,7,1,0,0,1,0,0,0,0,"685454,269283","5375287,21033","11,510746708","48,503304103",0,2,#fc8d62,car
59472,9,1,62,0,2019,5,14,4,3,9,1,0,0,0,0,1,0,0,"680665,571117","5339389,52218","11,43057911","48,182033371",0,4,#e78ac3,marker
59474,9,1,88,113,2019,5,8,4,3,0,7,0,1,0,1,0,0,0,"675376,019","5312001,896","11,348250019","47,937314709",0,1,#66c2a5,bicycle
59476,9,1,87,182,2019,5,6,6,3,2,7,1,0,1,0,0,0,1,"740290,811781","5327305,80807","12,224780993","48,053744961",1,2,#fc8d62,car
59477,9,1,88,139,2019,5,18,4,3,0,1,0,1,0,0,0,0,0,"675298,36156","5319495,45601","11,350267427","48,004700546",0,1,#66c2a5,bicycle
59478,9,7,72,209,2019,5,15,4,3,0,1,0,1,0,0,0,0,0,"634370,856737","5334841,57895","10,806694049","48,152616821",1,1,#66c2a5,bicycle
59479,9,2,61,0,2019,5,15,5,3,4,6,0,0,1,0,0,1,0,"734499,571853","5381747,14831","12,177419898","48,544945264",0,2,#fc8d62,car
59480,9,1,79,119,2019,5,9,4,2,2,6,0,0,0,0,1,0,0,"668876,558123","5340016,70017","11,272359255","48,19091472",0,4,#e78ac3,marker
59481,9,1,74,113,2019,5,10,4,2,8,1,0,0,1,0,0,0,0,"679020,27405","5344879,18657","11,410780652","48,231845116",0,2,#fc8d62,car
59484,9,1,78,123,2019,5,2,4,3,8,1,2,0,1,0,0,0,0,"692257,660201","5361351,55656","11,596361874","48,376016241",0,2,#fc8d62,car
59485,9,1,84,121,2019,4,19,3,3,0,1,0,0,0,0,1,0,0,"706565,236376","5326570,53801","11,77241169","48,05894519",0,4,#e78ac3,marker
59488,9,1,62,0,2019,4,8,3,3,2,6,0,0,1,0,0,0,0,"684488,362214","5335408,88169","11,480232806","48,145154936",1,2,#fc8d62,car
59489,9,1,88,127,2019,4,16,3,3,5,3,0,0,1,0,1,0,0,"679981,573242","5330005,87495","11,417419794","48,097878496",0,2,#fc8d62,car
59492,9,1,62,0,2019,4,4,3,3,5,3,2,0,1,0,0,0,1,"691299,956953","5331124,89611","11,569790249","48,104639082",1,2,#fc8d62,car
59496,9,1,88,139,2019,5,16,2,3,5,3,0,1,1,0,0,0,0,"675130,765695","5320133,46299","11,34828287","48,010481915",0,1,#66c2a5,bicycle
59501,9,1,87,117,2019,5,6,6,3,5,3,0,0,1,0,1,0,0,"726364,727174","5305094,57736","12,026480448","47,859276075",1,2,#fc8d62,car
59508,9,7,71,130,2019,4,17,3,3,5,3,0,1,1,0,0,0,0,"647465,90906","5357164,51016","10,990437066","48,35042916",0,1,#66c2a5,bicycle
59510,9,1,75,118,2019,5,16,7,2,8,1,0,0,0,0,1,0,0,"716284,172409","5340680,16176","11,9098414","48,182506178",1,4,#e78ac3,marker
59522,9,1,77,133,2019,5,7,2,2,5,2,0,0,1,0,0,0,0,"711330,905254","5361550,45438","11,853721024","48,37170545",0,2,#fc8d62,car
59526,9,2,61,0,2019,5,14,1,3,9,1,0,0,1,0,0,0,0,"736034,005904","5382945,14403","12,198856401","48,555130683",0,2,#fc8d62,car
59527,9,1,62,0,2019,5,22,6,3,3,6,2,0,1,0,0,1,0,"683570,316193","5342561,51064","11,470992035","48,209712209",1,2,#fc8d62,car
59530,9,7,78,116,2019,5,16,2,3,5,3,0,1,1,0,0,0,0,"619699,135887","5319784,12146","10,605289163","48,020128585",0,1,#66c2a5,bicycle
59541,9,1,81,130,2019,5,6,1,2,8,1,1,0,1,0,0,0,0,"637484,476823","5322345,99775","10,844511437","48,039586559",0,2,#fc8d62,car
59545,9,1,84,114,2019,5,20,1,3,9,6,2,0,1,0,0,0,0,"699652,928942","5319518,33243","11,676459148","47,997765088",1,2,#fc8d62,car
59546,9,1,77,118,2019,5,19,3,2,8,1,0,0,0,0,1,0,0,"710466,072922","5343751,94183","11,833189246","48,212062629",0,4,#e78ac3,marker
59547,9,1,84,147,2019,5,0,7,3,2,6,2,0,1,0,0,0,0,"700208,937024","5341260,48525","11,694100152","48,192990538",0,2,#fc8d62,car
59557,9,7,72,145,2019,5,13,6,3,9,6,0,0,1,0,0,0,0,"636440,176434","5367994,9308","10,845219342","48,450293451",0,2,#fc8d62,car
59570,9,1,73,147,2019,5,9,7,2,5,3,0,1,1,0,0,0,0,"682046,521405","5309604,23247","11,436471622","47,91390145",0,1,#66c2a5,bicycle
59575,9,1,62,0,2019,5,16,5,3,3,2,0,0,1,0,1,0,0,"688467,043014","5328545,21308","11,530634941","48,08229661",0,2,#fc8d62,car
59603,9,1,79,130,2019,5,8,2,3,4,6,0,0,0,0,0,1,0,"658693,77561","5336287,06206","11,134051654","48,160008872",0,5,#a6d854,bus
59618,9,7,72,147,2019,5,22,5,3,5,3,2,1,1,0,0,0,0,"638786,126887","5365802,90988","10,876202226","48,430070582",0,1,#66c2a5,bicycle
59622,9,1,88,124,2019,5,14,7,3,5,3,0,1,1,0,0,0,0,"662563,560365","5318502,31427","11,179285531","47,999136983",1,1,#66c2a5,bicycle
59625,9,1,73,112,2019,4,7,3,3,9,1,0,0,1,0,0,1,0,"691190,553281","5297051,74808","11,553181717","47,798413372",1,2,#fc8d62,car
59627,9,1,62,0,2019,5,23,1,3,8,1,2,0,1,0,0,0,0,"694505,391192","5336496,94339","11,615255572","48,151950411",0,2,#fc8d62,car
59631,9,1,73,147,2019,5,15,1,3,4,6,0,0,1,0,0,0,0,"682610,383732","5309787,43161","11,444088738","47,915387944",0,2,#fc8d62,car
59632,9,1,79,142,2019,5,11,6,3,8,1,0,0,0,0,0,0,1,"677432,08031","5342348,53144","11,388353582","48,209543326",1,6,#ffd92f,circle
59634,9,1,84,114,2019,4,13,3,3,2,6,0,0,0,0,0,1,1,"699916,879177","5318979,84788","11,679742762","47,992843081",0,5,#a6d854,bus
59635,9,7,72,147,2019,5,12,2,2,9,6,0,0,1,0,0,1,0,"629874,476916","5364221,14129","10,755299559","48,417747697",0,2,#fc8d62,car
59645,9,1,79,121,2019,4,13,3,3,2,6,0,0,1,0,0,0,0,"667478,574611","5339070,9213","11,253190611","48,182782415",0,2,#fc8d62,car
59647,9,1,74,137,2019,4,6,3,3,8,1,1,0,1,0,0,0,0,"658538,526489","5351243,84766","11,137560249","48,294517743",1,2,#fc8d62,car
59649,9,1,62,0,2019,4,7,3,3,8,1,1,0,1,0,0,0,0,"688664,629194","5344553,42653","11,540382404","48,226121849",1,2,#fc8d62,car
59651,9,1,78,124,2019,4,17,3,3,2,6,0,0,1,0,1,0,0,"703620,402663","5364869,29698","11,751337214","48,404063734",0,2,#fc8d62,car
59652,9,1,77,133,2019,4,6,3,2,9,1,0,0,1,0,0,0,1,"706878,936806","5357730,87848","11,791801381","48,338857873",1,2,#fc8d62,car
59655,9,1,84,130,2019,4,18,2,3,5,3,0,0,1,0,0,0,0,"703165,233386","5349627,95671","11,737845751","48,267246569",1,2,#fc8d62,car
59657,9,1,84,119,2019,4,8,2,3,5,2,0,0,1,0,0,0,0,"697582,431872","5349509,63557","11,662642464","48,26794908",1,2,#fc8d62,car
59658,9,1,62,0,2019,4,7,2,3,4,2,0,0,1,0,0,0,0,"692104,127624","5340027,24778","11,584598101","48,184409749",1,2,#fc8d62,car
59659,9,7,61,0,2019,5,13,1,3,3,6,0,0,1,0,0,0,0,"642839,779302","5359957,68864","10,928981194","48,3766073",0,2,#fc8d62,car
59661,9,1,62,0,2019,4,9,2,3,5,2,0,1,1,0,0,0,0,"692105,932035","5341878,14551","11,585459641","48,201044547",0,1,#66c2a5,bicycle
59662,9,1,62,0,2019,4,16,2,3,2,6,0,0,1,0,0,0,0,"688306,37688","5328326,16361","11,528383236","48,080375203",1,2,#fc8d62,car
59663,9,1,63,0,2019,5,20,1,3,8,1,1,0,1,0,0,0,0,"730892,723003","5303383,14311","12,086016266","47,842289096",1,2,#fc8d62,car
59664,9,1,84,144,2019,5,18,2,3,5,2,0,0,1,0,0,0,0,"687565,491639","5319238,49728","11,514464802","47,998909662",0,2,#fc8d62,car
59665,9,1,78,124,2019,5,15,6,3,1,6,0,0,1,0,0,0,0,"702661,311243","5363127,04357","11,737552595","48,388716373",0,2,#fc8d62,car
59666,9,1,62,0,2019,4,15,2,3,5,3,0,0,1,0,1,0,0,"688537,198105","5328617,34364","11,531607826","48,082924197",1,2,#fc8d62,car
59675,9,7,71,142,2019,5,15,6,3,5,3,0,0,1,0,0,0,0,"645600,310432","5351880,82006","10,963446322","48,30335435",1,2,#fc8d62,car
59679,9,7,72,130,2019,4,19,2,3,4,2,0,1,0,0,0,0,0,"631998,40575","5357635,358","10,781921561","48,35808553",0,1,#66c2a5,bicycle
59681,9,1,73,118,2019,5,15,6,3,2,2,0,0,1,0,0,0,0,"688182,110866","5303406,65276","11,515807626","47,856422475",0,2,#fc8d62,car
59682,9,7,72,171,2019,4,14,2,3,2,6,0,0,1,0,0,0,0,"638844,519841","5370190,04394","10,878446045","48,469505254",0,2,#fc8d62,car
59684,9,7,71,130,2019,4,17,2,3,5,3,0,0,1,0,0,0,0,"651689,988","5353337,781","11,046037205","48,315022968",1,2,#fc8d62,car
59685,9,7,71,130,2019,4,3,2,3,0,7,2,1,0,0,0,0,0,"650252,817016","5356296,82542","11,027719773","48,34197095",1,1,#66c2a5,bicycle
59686,9,7,61,0,2019,4,22,2,3,5,3,2,0,1,0,0,0,0,"638434,344512","5355588,46431","10,86808401","48,338301888",1,2,#fc8d62,car
59691,9,1,84,127,2019,5,13,7,3,7,7,0,1,0,1,0,0,0,"702032,615","5320589,235","11,708827671","48,006642042",0,1,#66c2a5,bicycle
59692,9,1,62,0,2019,5,12,5,2,0,7,0,1,0,0,0,0,0,"695501,813884","5330865,9919","11,626055646","48,101036643",0,1,#66c2a5,bicycle
59707,9,1,84,141,2019,5,8,6,3,9,1,0,0,1,0,0,0,0,"700259,149415","5317493,88339","11,683632564","47,97938116",1,2,#fc8d62,car
59711,9,7,77,141,2019,5,12,5,2,5,2,0,1,1,0,0,0,0,"631023,745748","5307828,52833","10,753449421","47,910389637",0,1,#66c2a5,bicycle
59726,9,1,81,115,2019,5,8,2,3,2,6,1,0,1,0,0,0,0,"657404,175663","5327028,75678","11,113303796","48,077089291",0,2,#fc8d62,car
59732,9,1,87,117,2019,5,7,6,3,5,3,0,0,1,0,0,0,0,"723452,200738","5305002,44198","11,987547664","47,859467564",0,2,#fc8d62,car
59739,9,2,74,121,2019,4,17,2,3,9,1,0,0,1,0,0,0,0,"725004,85701","5370786,32095","12,043057382","48,449953601",1,2,#fc8d62,car
59741,9,1,74,143,2019,5,12,7,3,2,6,0,0,1,0,0,0,0,"674948,408794","5352664,62755","11,359216182","48,302965811",0,2,#fc8d62,car
59742,9,2,61,0,2019,4,7,2,3,2,6,0,0,1,0,0,0,0,"732255,649351","5382022,11613","12,147216538","48,548249843",0,2,#fc8d62,car
59748,9,1,90,148,2019,4,16,2,3,5,3,0,0,1,0,0,0,0,"642236,612","5297497,353","10,900026379","47,815098401",1,2,#fc8d62,car
59749,9,1,86,152,2019,5,19,7,3,5,3,0,0,1,0,0,0,0,"693605,474311","5374199,36321","11,620478709","48,491068814",0,2,#fc8d62,car
59750,9,1,90,148,2019,4,11,2,3,0,1,0,0,0,0,1,0,0,"642520,011604","5296775,275","10,903572535","47,808542399",1,4,#e78ac3,marker
59752,9,1,90,130,2019,4,15,2,3,2,6,0,0,1,0,0,0,1,"649470,325","5296798,331","10,996355655","47,807173188",1,2,#fc8d62,car
59754,9,1,77,117,2019,5,22,2,3,5,3,2,0,1,0,0,0,0,"715390,270766","5355177,11794","11,905205497","48,313068571",0,2,#fc8d62,car
59758,9,2,61,0,2019,5,17,1,3,0,1,0,1,0,0,0,0,0,"732356,638","5381634,365","12,148366577","48,544729386",0,1,#66c2a5,bicycle
59761,9,1,83,126,2019,4,13,2,3,0,7,0,0,0,0,1,0,1,"733006,481861","5336840,74724","12,132380489","48,142103669",1,4,#e78ac3,marker
59768,9,1,63,0,2019,4,13,2,3,3,2,0,1,1,0,0,0,0,"733507,404864","5305128,74223","12,121851658","47,85702751",0,1,#66c2a5,bicycle
59771,9,1,87,174,2019,4,15,2,3,0,1,0,0,0,0,1,0,0,"742854,386367","5310291,24691","12,24951312","47,899938182",1,4,#e78ac3,marker
59773,9,1,82,133,2019,4,17,2,3,5,3,0,0,1,0,0,0,0,"708245,073","5305900,78","11,784919054","47,872649141",1,2,#fc8d62,car
59774,9,1,87,150,2019,4,0,2,3,0,1,2,1,0,0,0,0,0,"728011,006166","5304468,0993","12,048128765","47,853065388",0,1,#66c2a5,bicycle
59778,9,1,74,113,2019,4,5,2,2,1,7,1,0,0,0,0,1,1,"670496,794383","5347892,19765","11,297310496","48,261279433",0,5,#a6d854,bus
59779,9,1,79,142,2019,5,16,1,3,8,1,0,0,1,0,0,0,0,"673469,088","5344044,372","11,335749313","48,22588331",0,2,#fc8d62,car
59780,9,1,62,0,2019,5,16,5,3,0,6,0,0,0,0,1,0,0,"688672,882731","5335940,97508","11,536668107","48,148710238",0,4,#e78ac3,marker
59781,9,1,79,126,2019,4,17,2,3,0,6,0,0,1,0,0,0,0,"676360,303959","5340399,03934","11,37312964","48,192317764",1,2,#fc8d62,car
59782,9,1,81,140,2019,4,7,2,2,5,3,0,0,1,0,1,0,0,"643668,732158","5323134,48801","10,927697301","48,045315035",0,2,#fc8d62,car
59785,9,1,88,124,2019,4,9,2,2,2,6,0,0,1,0,1,0,0,"662903,420586","5319656,01522","11,184276268","48,009422988",1,2,#fc8d62,car
59786,9,1,74,115,2019,4,16,2,3,0,1,0,1,0,0,0,0,0,"682371,720209","5350668,61149","11,458365373","48,282928558",1,1,#66c2a5,bicycle
59787,9,1,82,133,2019,5,20,1,3,9,1,0,0,1,0,0,0,0,"707124,0519","5306169,68485","11,77007439","47,875428232",2,2,#fc8d62,car
59788,9,1,74,122,2019,5,9,6,3,2,6,0,0,1,0,0,1,0,"684434,193001","5354560,88512","11,487840782","48,31731576",1,2,#fc8d62,car
59789,9,1,75,127,2019,4,15,2,3,8,7,0,0,1,0,0,0,0,"711278,532968","5342707,25845","11,843592096","48,202405437",1,2,#fc8d62,car
59790,9,1,78,124,2019,4,11,2,3,5,3,0,1,1,0,0,0,0,"702449,064491","5364219,71921","11,735215596","48,398603644",0,1,#66c2a5,bicycle
59792,9,1,75,123,2019,4,17,2,3,2,6,0,0,1,0,0,0,1,"721432,774663","5337920,36124","11,977576592","48,155936761",1,2,#fc8d62,car
59794,9,1,62,0,2019,4,9,1,3,2,6,0,0,1,0,0,0,0,"685222,53837","5335345,68665","11,490065814","48,14437358",0,2,#fc8d62,car
59799,9,7,72,148,2019,5,11,6,2,5,3,0,0,1,0,0,0,0,"626533,589238","5353938,7211","10,707073036","48,325961847",1,2,#fc8d62,car
59806,9,7,72,141,2019,4,15,1,3,5,3,0,0,1,0,0,0,0,"622461,664785","5349953,23242","10,651005755","48,29092255",0,2,#fc8d62,car
59809,9,7,72,177,2019,4,4,1,3,9,1,2,0,1,0,0,0,0,"635721,251644","5377744,50376","10,838669967","48,538114915",1,2,#fc8d62,car
59810,9,7,71,146,2019,4,14,1,2,0,1,0,1,0,0,0,0,0,"647439,74","5348570,342","10,987080437","48,27316277",0,1,#66c2a5,bicycle
59813,9,7,61,0,2019,4,10,1,3,0,1,0,0,1,0,1,0,0,"639552,436543","5352492,49745","10,882138663","48,310217563",1,2,#fc8d62,car
59815,9,7,61,0,2019,4,11,1,3,0,2,0,0,1,0,0,0,0,"642289,578","5359418,928","10,921373008","48,371887328",1,2,#fc8d62,car
59825,9,1,90,132,2019,5,8,2,2,5,3,0,0,1,0,0,0,0,"674337,391215","5295377,05338","11,327650994","47,788141659",1,2,#fc8d62,car
59828,9,1,82,127,2019,5,15,5,3,5,2,0,1,1,0,0,0,0,"700042,499561","5308695,58591","11,676644797","47,900374776",0,1,#66c2a5,bicycle
59840,9,1,82,123,2019,5,9,7,3,3,6,0,0,1,0,0,1,0,"718483,385637","5301122,65314","11,919246698","47,826313412",0,2,#fc8d62,car
59845,9,1,79,123,2019,5,5,2,3,5,2,0,0,1,0,0,0,1,"675948,108358","5333555,26162","11,364757136","48,130911649",0,2,#fc8d62,car
59852,9,1,62,0,2019,5,16,2,3,2,6,2,0,1,0,0,0,0,"687327,003386","5332274,88286","11,51697933","48,116156145",0,2,#fc8d62,car
59858,9,1,90,133,2019,4,17,1,2,5,3,0,0,1,0,0,0,0,"636102,881504","5295849,31052","10,817616964","47,801604284",1,2,#fc8d62,car
59861,9,7,72,111,2019,5,17,5,2,0,7,0,1,0,0,0,0,0,"627247,741562","5364860,31762","10,720009074","48,424031447",1,1,#66c2a5,bicycle
59863,9,1,87,170,2019,4,0,1,3,8,1,2,0,1,0,0,0,0,"734614,241409","5318997,23822","12,144174003","47,981216016",1,2,#fc8d62,car
59868,9,1,84,135,2019,4,12,1,3,2,6,0,0,1,0,0,0,0,"692164,807926","5344945,80633","11,587640998","48,228597849",0,2,#fc8d62,car
59869,9,1,62,0,2019,4,7,1,3,2,6,0,0,1,0,0,0,0,"685697,204316","5343017,36598","11,49979294","48,213190905",0,2,#fc8d62,car
59870,9,1,75,115,2019,5,9,2,2,2,6,0,0,1,0,0,0,0,"718382,89434","5327808,47805","11,931444938","48,066133998",0,2,#fc8d62,car
59872,9,1,75,111,2019,4,1,1,3,6,6,2,0,1,1,0,0,0,"711523,039709","5335156,23446","11,843122807","48,134471901",1,2,#fc8d62,car
59873,9,1,78,124,2019,4,18,1,3,5,2,0,0,1,0,0,0,0,"702514,637983","5362334,1018","11,735191559","48,381637851",0,2,#fc8d62,car
59875,9,1,79,142,2019,5,12,6,3,2,6,0,0,1,0,0,0,1,"675464,167251","5344007,46451","11,362574063","48,225002851",1,2,#fc8d62,car
59876,9,1,62,0,2019,4,22,7,3,5,3,2,0,1,0,0,0,0,"691099,071007","5330710,875","11,566909098","48,100978155",1,2,#fc8d62,car
59892,9,7,61,0,2019,4,17,7,3,1,6,0,0,1,0,0,0,1,"642125,403","5362198,372","10,920097532","48,396915769",0,2,#fc8d62,car
59896,9,7,61,0,2019,4,19,7,3,5,3,1,1,1,0,0,0,0,"641798,30962","5358775,97644","10,914526351","48,366216752",1,1,#66c2a5,bicycle
59900,9,1,62,0,2019,5,9,6,3,3,6,0,0,1,0,1,0,0,"692610,77905","5331175,83888","11,587403361","48,104701999",1,2,#fc8d62,car
59902,9,1,62,0,2019,5,6,3,3,1,6,0,0,1,0,0,0,0,"686176,252712","5333284,5695","11,501973777","48,125569088",0,2,#fc8d62,car
59906,9,1,88,141,2019,5,16,3,3,2,6,0,0,1,0,0,0,0,"669362,055362","5306634,92442","11,26568225","47,89068197",0,2,#fc8d62,car
59908,9,1,81,145,2019,5,8,3,3,5,3,0,0,1,0,0,0,0,"642301,710446","5334469,62769","10,913144654","48,147547092",0,2,#fc8d62,car
59912,9,1,81,139,2019,5,20,3,3,0,1,1,0,0,0,1,0,0,"655877,787","5323931,096","11,091695619","48,049612944",0,4,#e78ac3,marker
59914,9,1,74,113,2019,5,19,3,2,5,3,0,0,1,0,0,0,0,"678981,107906","5342767,09614","11,409362062","48,212870862",0,2,#fc8d62,car
59915,9,1,77,133,2019,5,15,3,1,4,6,0,0,1,0,0,1,0,"711321,291076","5360917,75772","11,853273503","48,366023612",0,2,#fc8d62,car
59916,9,1,78,130,2019,5,15,6,3,2,6,0,0,1,0,0,0,0,"702780,677305","5358705,83584","11,737031604","48,348947615",0,2,#fc8d62,car
59921,9,1,78,145,2019,5,17,3,3,3,6,0,0,1,0,0,1,0,"693751,132684","5356154,14198","11,614116822","48,328849032",0,2,#fc8d62,car
59924,9,1,78,145,2019,5,17,3,3,2,6,0,0,1,0,0,0,0,"693750,906479","5356154,69578","11,614114028","48,328854079",0,2,#fc8d62,car
59928,9,1,84,119,2019,5,12,3,3,2,6,0,0,1,0,0,0,0,"695943,45756","5346458,78818","11,639167502","48,241039506",0,2,#fc8d62,car
59930,9,1,77,117,2019,5,15,3,3,1,6,0,0,1,0,0,1,0,"714733,972552","5355298,54559","11,896426855","48,314382768",0,2,#fc8d62,car
59931,9,7,71,130,2019,5,12,6,3,0,1,0,0,1,0,0,0,0,"645098,37049","5358402,44965","10,958927356","48,362108291",1,2,#fc8d62,car
59932,9,1,87,137,2019,5,8,5,3,2,6,0,0,1,0,0,0,0,"729702,462936","5311120,02667","12,074244623","47,912226887",0,2,#fc8d62,car
59935,9,1,75,139,2019,5,15,3,3,5,3,0,0,1,0,0,0,0,"710368,972035","5331055,03851","11,825607325","48,098000876",0,2,#fc8d62,car
59937,9,1,75,127,2019,5,21,3,3,1,7,0,0,1,0,1,0,0,"713204,894978","5341487,78118","11,868873036","48,190803825",0,2,#fc8d62,car
59940,9,1,81,130,2019,5,4,7,3,0,1,2,0,1,0,0,0,0,"636875,59537","5323398,56569","10,836683531","48,049182594",1,2,#fc8d62,car
59966,9,1,87,129,2019,5,5,3,3,8,7,2,0,1,0,0,0,0,"725856,24654","5299770,33623","12,016914994","47,811616956",0,2,#fc8d62,car
59976,9,1,73,130,2019,5,13,6,2,5,3,0,0,1,0,0,0,0,"682837,916","5316233,047","11,449869134","47,973263069",1,2,#fc8d62,car
59982,9,1,84,114,2019,5,15,6,3,9,1,0,0,1,0,0,0,0,"698104,930458","5322601,01759","11,657154496","48,025952111",0,2,#fc8d62,car
59983,9,1,63,0,2019,5,11,6,3,0,7,0,1,0,0,0,0,0,"734123,323741","5304662,85075","12,129821294","47,852617883",0,1,#66c2a5,bicycle
59985,9,1,87,117,2019,5,10,6,3,2,6,0,0,1,0,0,0,1,"723433,773641","5305044,06319","11,987323144","47,859847945",0,2,#fc8d62,car
59987,9,1,74,113,2019,5,15,6,3,2,6,0,0,1,0,0,0,0,"671668,186803","5346829,03196","11,312649483","48,251405859",0,2,#fc8d62,car
59988,9,1,81,127,2019,5,4,6,2,2,6,2,0,1,0,0,1,0,"635299,442882","5323015,21396","10,81542359","48,046071349",0,2,#fc8d62,car
59989,9,1,88,139,2019,5,9,6,2,5,2,0,1,1,0,0,0,0,"675231,241913","5319190,40792","11,349243733","48,001976684",0,1,#66c2a5,bicycle
59990,9,1,79,118,2019,5,16,6,3,2,6,0,0,1,0,1,0,0,"672918,327404","5337229,81069","11,325564367","48,164774512",0,2,#fc8d62,car
59991,9,1,79,147,2019,5,18,6,2,3,6,0,0,1,0,1,0,0,"663267,628563","5334045,09305","11,194652881","48,138694762",0,2,#fc8d62,car
59992,9,1,74,115,2019,5,8,6,3,5,2,0,1,1,0,0,0,0,"680705,859527","5348457,4708","11,434985721","48,263531124",1,1,#66c2a5,bicycle
59993,9,1,75,111,2019,5,6,6,3,2,6,0,0,1,0,0,0,0,"710125,407691","5337653,76211","11,825593286","48,157377665",0,2,#fc8d62,car
59994,9,1,62,0,2019,5,15,6,3,2,6,0,0,1,0,0,0,0,"695106,479953","5343590,88328","11,626586399","48,21552271",0,2,#fc8d62,car
59995,9,1,77,116,2019,5,12,6,3,0,1,0,0,0,0,0,0,1,"710585,638302","5364067,48785","11,84493131","48,394571296",1,6,#ffd92f,circle
59996,9,1,78,124,2019,5,13,6,3,3,6,0,0,1,0,0,1,0,"703751,786867","5362423,23136","11,751923891","48,382040513",0,2,#fc8d62,car
59997,9,1,77,133,2019,5,13,6,3,4,2,0,0,1,0,0,0,0,"711469,705","5361470,763","11,855552826","48,370942904",1,2,#fc8d62,car
59998,9,1,77,117,2019,5,9,6,2,5,3,0,0,1,0,0,0,0,"714489,076876","5355421,05184","11,893190258","48,315566608",1,2,#fc8d62,car
59999,9,1,84,119,2019,5,10,5,3,5,3,0,1,1,0,0,0,0,"693957,207188","5347432,90083","11,612889867","48,250404976",0,1,#66c2a5,bicycle
60000,9,1,84,149,2019,5,16,5,3,5,3,0,0,1,0,0,0,0,"691165,045758","5352532,32766","11,577620833","48,297085084",0,2,#fc8d62,car
60001,9,1,62,0,2019,5,16,5,2,6,4,0,0,0,1,0,0,1,"688619,311389","5342099,02295","11,538681331","48,204075137",0,3,#8da0cb,toilet
60007,9,7,77,121,2019,5,14,5,3,5,3,0,1,1,0,0,0,0,"627839,109733","5321554,26146","10,714933774","48,034470698",0,1,#66c2a5,bicycle
60009,9,1,87,179,2019,5,15,3,2,4,6,0,0,1,0,0,0,1,"720858,68075","5316289,96024","11,958700835","47,96178636",0,2,#fc8d62,car
60011,9,7,61,0,2019,5,7,5,3,2,6,0,0,1,0,0,0,0,"637213,452249","5357426,91957","10,852216952","48,355099484",0,2,#fc8d62,car
60012,9,7,71,112,2019,5,16,5,3,2,6,0,0,1,0,0,0,0,"646509,461313","5369038,84629","10,981680039","48,457416",1,2,#fc8d62,car
60052,9,2,61,0,2019,5,14,5,2,5,3,0,1,1,0,0,0,0,"731977,96016","5380944,56565","12,142859635","48,538673181",0,1,#66c2a5,bicycle
60055,9,1,73,120,2019,5,14,5,2,4,6,0,0,1,0,0,1,0,"687732,287856","5309226,85275","11,512329858","47,908870195",0,2,#fc8d62,car
60060,9,1,87,169,2019,5,4,5,3,7,7,2,0,1,0,0,1,0,"741267,101282","5298751,66665","12,221876044","47,796875027",1,2,#fc8d62,car
60061,9,1,87,129,2019,5,15,5,3,1,7,0,0,1,0,0,0,0,"723893,087613","5298433,87009","11,990038941","47,800294337",0,2,#fc8d62,car
60062,9,1,87,122,2019,5,9,5,3,2,6,0,0,1,0,0,0,0,"717965,008729","5308215,99646","11,915904535","47,890228321",0,2,#fc8d62,car
60063,9,1,87,137,2019,5,8,5,3,8,6,0,0,0,0,1,0,0,"725865,994328","5308024,74082","12,021353393","47,885778696",1,4,#e78ac3,marker
60065,9,1,85,158,2019,5,8,5,2,5,3,0,0,1,0,1,0,0,"668553,391153","5380306,96921","11,284164693","48,553189742",0,2,#fc8d62,car
60067,9,1,79,121,2019,5,8,5,2,4,6,0,0,1,0,0,1,0,"666488,450728","5339463,49306","11,240034321","48,186571884",0,2,#fc8d62,car
60068,9,1,79,121,2019,5,7,5,3,2,6,0,0,1,0,0,0,0,"665063,097174","5338599,54401","11,220536129","48,179176847",0,2,#fc8d62,car
60069,9,1,78,155,2019,5,15,5,2,2,2,0,0,1,0,0,1,0,"716289,936","5374415,135","11,927232558","48,485612179",0,2,#fc8d62,car
60070,9,1,78,124,2019,5,23,5,3,0,1,2,1,0,0,0,0,0,"700293,462615","5363540,06879","11,705801886","48,393184308",0,1,#66c2a5,bicycle
60071,9,1,77,119,2019,5,14,5,3,4,6,0,0,1,0,0,0,0,"721360,686","5340039,202","11,977711297","48,174999147",0,2,#fc8d62,car
60072,9,1,77,120,2019,5,17,5,3,8,6,0,0,1,0,0,0,1,"722953,297383","5362186,13849","12,010782327","48,373418757",0,2,#fc8d62,car