OBJECTID,ULAND,UREGBEZ,UKREIS,UGEMEINDE,UJAHR,UMONAT,USTUNDE,UWOCHENTAG,UKATEGORIE,UART,UTYP1,ULICHTVERH,IstRad,IstPKW,IstFuss,IstKrad,IstGkfz,IstSonstig,LINREFX,LINREFY,XGCSWGS84,YGCSWGS84,STRZUSTAND,Teilnehmer,color,symbol
60073,9,1,77,115,2019,5,16,5,3,0,2,0,1,1,0,0,0,0,"733952,742662","5351557,43947","12,153194638","48,273960302",0,1,#66c2a5,bicycle
60074,9,1,77,122,2019,5,9,5,3,2,6,0,0,1,0,0,0,0,"728217,177829","5358361,97529","12,079687495","48,337182802",0,2,#fc8d62,car
60075,9,1,84,136,2019,5,15,4,3,2,6,0,0,1,0,0,0,0,"698724,952234","5326046,73972","11,667060619","48,056727523",0,2,#fc8d62,car
60080,9,7,61,0,2019,5,7,4,3,2,6,0,0,1,0,0,1,0,"637680,848","5360892,623","10,859657531","48,386160876",0,2,#fc8d62,car
60081,9,7,72,115,2019,5,18,4,3,2,3,0,0,1,0,0,0,0,"617562,957099","5369185,14472","10,590368428","48,464806714",0,2,#fc8d62,car
60082,9,7,61,0,2019,5,15,4,2,0,1,0,1,0,0,0,0,0,"640838,389985","5360492,29198","10,902148151","48,381864149",0,1,#66c2a5,bicycle
60083,9,7,61,0,2019,5,17,4,3,5,3,0,0,1,0,0,0,1,"639935,933383","5360657,65536","10,890021655","48,383551869",0,2,#fc8d62,car
60117,9,2,74,194,2019,5,15,4,3,2,6,0,0,1,0,0,1,0,"723009,653836","5376897,70582","12,019371965","48,505567911",0,2,#fc8d62,car
60128,9,1,85,166,2019,5,11,4,3,2,6,0,0,1,0,0,1,0,"673735,700369","5383519,99154","11,355673987","48,580656428",0,2,#fc8d62,car
60129,9,1,85,158,2019,5,13,4,3,2,6,0,0,1,0,0,0,0,"666605,838141","5381268,59769","11,258178658","48,562354534",0,2,#fc8d62,car
60133,9,1,81,146,2019,5,9,4,3,3,6,0,0,1,0,0,1,0,"651094,05913","5326041,09217","11,028291369","48,069735289",0,2,#fc8d62,car
60134,9,1,79,123,2019,5,10,4,2,5,3,0,0,1,0,1,0,0,"677444,341388","5331961,19454","11,384185054","48,116166898",0,2,#fc8d62,car
60135,9,1,79,118,2019,5,12,4,3,5,3,0,1,1,0,0,0,0,"672932,099635","5337214,39347","11,325743161","48,164632172",0,1,#66c2a5,bicycle
60136,9,1,74,126,2019,5,16,4,3,2,6,0,0,1,0,0,0,1,"683730,259245","5343904,67232","11,473724763","48,22173888",0,2,#fc8d62,car
60137,9,1,78,120,2019,5,10,4,3,3,6,0,0,1,0,0,0,0,"694940,010369","5353373,01777","11,628854549","48,303488986",0,2,#fc8d62,car
60138,9,1,78,130,2019,5,18,4,2,4,1,0,0,1,0,0,0,1,"701067,647134","5353001,86561","11,711217075","48,298235985",0,2,#fc8d62,car
60139,9,1,78,136,2019,5,18,4,3,8,6,1,0,1,0,1,0,0,"697509,873584","5369185,12004","11,670898718","48,444792816",0,2,#fc8d62,car
60140,9,1,62,0,2019,5,18,3,3,5,3,0,0,1,0,0,0,0,"692108,171572","5342053,38304","11,585569063","48,202618852",0,2,#fc8d62,car
60141,9,1,62,0,2019,5,17,3,3,5,7,0,0,0,0,1,0,0,"686891,100997","5335146,42636","11,512387647","48,142094597",0,4,#e78ac3,marker
60142,9,1,84,123,2019,5,9,3,3,2,6,0,0,1,0,0,0,0,"703657,727895","5331710,14867","11,73588499","48,106068388",0,2,#fc8d62,car
60148,9,7,78,203,2019,5,9,3,3,5,3,0,0,1,0,0,0,1,"622203,740764","5324614,50574","10,640243263","48,063096145",0,2,#fc8d62,car
60149,9,7,62,0,2019,5,10,3,3,2,6,0,0,1,0,0,0,0,"623074,403385","5306082,234","10,646614529","47,896259008",0,2,#fc8d62,car
60153,9,7,72,111,2019,5,9,3,3,3,6,0,0,1,0,0,1,0,"627223,592262","5364100,73084","10,719452351","48,417205764",0,2,#fc8d62,car
60154,9,7,72,200,2019,5,12,3,3,4,2,0,0,1,0,0,0,0,"629261,869","5336509,801","10,738541176","48,168677816",0,2,#fc8d62,car
60155,9,7,71,130,2019,5,11,3,3,5,3,0,1,1,0,0,0,0,"644906,361063","5357687,15309","10,956090337","48,355720895",0,1,#66c2a5,bicycle
60156,9,7,71,130,2019,5,16,3,3,0,1,0,1,0,0,0,0,0,"647267,833633","5358569,77544","10,988256966","48,363110405",0,1,#66c2a5,bicycle
60202,9,2,74,134,2019,5,16,3,3,2,6,0,0,1,0,0,0,1,"740731,581819","5374099,36763","12,257311644","48,473894426",0,2,#fc8d62,car
60204,9,2,61,0,2019,5,11,3,3,2,6,0,0,1,0,0,0,0,"732742,083","5381608,152","12,153566369","48,54435107",0,2,#fc8d62,car
60206,9,2,61,0,2019,5,16,3,3,5,3,0,1,1,0,0,0,0,"736175,73568","5383416,09194","12,20104122","48,559307509",0,1,#66c2a5,bicycle
60210,9,1,62,0,2019,5,15,3,3,5,3,0,1,1,0,0,0,0,"697765,149461","5330078,2882","11,656059046","48,093258813",0,1,#66c2a5,bicycle
60211,9,1,62,0,2019,5,10,3,3,1,1,0,0,1,0,0,0,0,"687963,425147","5329444,73908","11,524275289","48,090530499",0,2,#fc8d62,car
60212,9,1,62,0,2019,5,17,3,3,3,7,0,0,1,0,1,0,0,"695518,461306","5342757,65942","11,631742544","48,207907446",0,2,#fc8d62,car
60213,9,1,62,0,2019,5,21,3,3,3,6,2,0,1,0,0,0,0,"694835,027412","5332443,32251","11,617829163","48,115417326",0,2,#fc8d62,car
60214,9,1,62,0,2019,5,14,3,3,2,3,0,0,1,0,0,0,0,"682322,084584","5335503,55428","11,45117806","48,146630453",0,2,#fc8d62,car
60215,9,1,62,0,2019,5,17,3,3,2,6,0,0,1,0,0,0,0,"694892,508195","5332662,29696","11,618700722","48,117367792",0,2,#fc8d62,car
60216,9,1,62,0,2019,5,17,3,3,5,3,0,0,1,0,0,0,0,"695469,91808","5331076,74611","11,625724205","48,102940597",0,2,#fc8d62,car
60217,9,1,62,0,2019,5,18,3,3,2,6,2,0,1,0,0,0,0,"694394,00929","5336604,62945","11,61380877","48,152952299",0,2,#fc8d62,car
60227,9,7,61,0,2019,5,15,3,3,3,1,0,0,1,0,1,0,0,"641022,448063","5356961,29229","10,903448718","48,350073561",0,2,#fc8d62,car
60266,9,2,74,185,2019,5,15,3,2,0,7,0,1,0,0,0,0,0,"729757,358099","5370860,26637","12,107275354","48,448901366",0,1,#66c2a5,bicycle
60267,9,2,74,121,2019,5,6,3,3,9,1,0,0,1,0,0,0,0,"722508,340123","5372326,38845","12,010160832","48,464677",0,2,#fc8d62,car
60268,9,1,90,157,2019,5,18,3,3,4,1,0,0,1,0,0,0,0,"661227,030651","5302238,54638","11,155295271","47,853249302",0,2,#fc8d62,car
60272,9,1,83,118,2019,5,16,3,2,6,2,0,0,1,1,0,0,0,"743595,581945","5338752,78848","12,275591079","48,155313014",0,2,#fc8d62,car
60278,9,1,84,114,2019,5,11,3,3,2,6,0,0,0,0,0,1,0,"698461,895421","5322873,47398","11,662063253","48,02829",0,5,#a6d854,bus
60285,9,1,79,142,2019,5,17,3,3,2,6,0,0,1,0,0,0,0,"677311,69012","5342475,83341","11,386787716","48,210721291",0,2,#fc8d62,car
60286,9,1,88,139,2019,5,12,3,3,8,1,0,0,0,0,1,0,0,"675823,995183","5322945,30898","11,358723595","48,035568743",0,4,#e78ac3,marker
60287,9,1,84,112,2019,5,18,3,3,2,6,0,0,1,0,0,0,0,"703104,37217","5339442,80022","11,732147842","48,175736359",0,2,#fc8d62,car
60288,9,1,75,111,2019,5,5,3,3,9,6,1,0,1,0,0,1,0,"710919,250223","5337968,23174","11,83641057","48,159940672",0,2,#fc8d62,car
60289,9,1,84,112,2019,5,7,3,3,2,6,0,0,1,0,0,0,0,"702912,623492","5339676,27091","11,729682945","48,177895738",0,2,#fc8d62,car
60290,9,1,75,132,2019,5,7,3,3,2,2,0,0,1,0,0,0,0,"707232,483996","5336782,64883","11,786315515","48,150498874",0,2,#fc8d62,car
60291,9,1,77,139,2019,5,18,3,3,8,1,0,0,0,0,1,0,0,"733458,756","5358121,942","12,150177366","48,333112227",0,4,#e78ac3,marker
60292,9,1,62,0,2019,5,21,2,3,5,2,2,1,1,0,0,0,0,"681984,391428","5335423,74571","11,446608221","48,14600977",0,1,#66c2a5,bicycle
60294,9,7,77,112,2019,5,8,2,3,2,6,0,0,1,0,0,0,0,"622751,951751","5299474,56137","10,640425544","47,83689335",0,2,#fc8d62,car
60295,9,7,77,130,2019,5,16,2,2,4,6,0,0,1,0,0,0,0,"623965,184665","5309429,70668","10,65948964","47,926193188",0,2,#fc8d62,car
60298,9,7,72,147,2019,5,14,2,3,0,7,0,0,1,0,0,0,0,"632691,772043","5364535,01879","10,793456407","48,419983102",0,2,#fc8d62,car
60299,9,7,72,163,2019,5,19,2,3,9,1,0,0,1,0,0,0,0,"638835,926722","5349399,35318","10,871463372","48,282561975",0,2,#fc8d62,car
60300,9,7,61,0,2019,5,17,2,2,2,6,0,0,1,0,0,0,0,"637695,69838","5357080,44578","10,858609792","48,351879054",0,2,#fc8d62,car
60301,9,7,61,0,2019,5,7,2,3,1,6,0,0,1,0,0,0,0,"637278,048201","5357352,77523","10,853064261","48,354418744",0,2,#fc8d62,car
60302,9,7,71,113,2019,5,15,2,3,1,2,0,1,1,0,0,0,0,"658350,835","5369685,122","11,141978293","48,460357688",0,1,#66c2a5,bicycle
60349,9,1,90,152,2019,5,8,2,2,0,1,0,1,0,0,0,0,0,"671831,649414","5299135,84993","11,295713042","47,822607578",0,1,#66c2a5,bicycle
60352,9,1,87,165,2019,5,9,2,3,2,6,0,0,1,0,0,0,0,"731698,404512","5296445,95828","12,093061783","47,779673242",0,2,#fc8d62,car
60354,9,1,87,134,2019,5,20,2,3,5,2,1,0,1,0,0,0,0,"736674,833239","5319802,91909","12,17218921","47,987695012",0,2,#fc8d62,car
60358,9,1,86,126,2019,5,13,2,2,5,3,0,0,1,0,0,1,0,"687356,382557","5374948,48723","11,536320074","48,499695464",0,2,#fc8d62,car
60362,9,1,88,121,2019,5,8,2,2,2,6,0,0,1,0,0,0,0,"674448,114928","5330901,78959","11,343528956","48,107471262",0,2,#fc8d62,car
60363,9,1,79,121,2019,5,12,2,3,5,3,0,1,1,0,0,0,0,"666422,307","5339471,628","11,239148277","48,186662349",0,1,#66c2a5,bicycle
60364,9,1,81,114,2019,5,12,2,3,5,3,0,0,1,0,0,0,0,"656825,577657","5314308,91913","11,100887165","47,962866697",0,2,#fc8d62,car
60365,9,1,84,119,2019,5,13,2,3,2,6,0,0,1,0,0,0,0,"696477,987793","5348563,99408","11,647336195","48,259793968",0,2,#fc8d62,car
60366,9,1,78,145,2019,5,8,2,3,5,3,0,0,1,0,1,0,0,"699393,669491","5354787,27976","11,689514438","48,314810789",0,2,#fc8d62,car
60367,9,1,78,143,2019,5,18,2,3,2,6,0,0,1,0,0,0,1,"718338,538887","5372257,77933","11,953793463","48,465521413",0,2,#fc8d62,car
60368,9,1,78,143,2019,5,7,2,3,5,3,0,0,1,0,0,0,0,"716623,606067","5371582,61015","11,930275205","48,460048032",0,2,#fc8d62,car
60369,9,1,77,126,2019,5,6,2,3,5,2,0,0,1,0,0,0,0,"720907,08664","5369488,49236","11,987032172","48,439744921",1,2,#fc8d62,car
60406,9,1,82,127,2019,5,1,1,2,9,1,2,0,1,0,0,0,0,"698205,597252","5311264,81097","11,653274683","47,924036172",1,2,#fc8d62,car
60407,9,1,87,130,2019,5,9,1,3,5,3,0,0,1,0,0,0,0,"712313,57621","5310171,2012","11,841359908","47,90969246",1,2,#fc8d62,car
60408,9,1,86,162,2019,5,3,1,2,8,1,2,0,1,0,0,0,0,"691229,212407","5383625,99779","11,592674883","48,576514763",1,2,#fc8d62,car
60411,9,1,81,130,2019,5,16,1,3,2,6,0,0,1,0,0,0,0,"636842,592827","5323494,7732","10,836271683","48,050054815",0,2,#fc8d62,car
60412,9,1,88,126,2019,5,1,1,3,8,1,2,0,1,0,0,0,0,"660790,625413","5324305,64936","11,157713138","48,051761724",1,2,#fc8d62,car
60413,9,1,74,131,2019,5,15,1,3,8,1,0,0,1,0,0,0,0,"676803,893817","5364723,81034","11,389281438","48,410847725",1,2,#fc8d62,car
60414,9,1,84,121,2019,5,15,1,3,9,1,0,0,1,0,0,0,0,"705059,261147","5331392,04508","11,75453748","48,102760145",1,2,#fc8d62,car
60415,9,1,62,0,2019,5,18,1,3,2,6,0,0,1,0,0,0,0,"686706,740952","5343833,27333","11,513728634","48,220228246",1,2,#fc8d62,car
60416,9,1,62,0,2019,5,14,1,2,0,1,0,0,1,0,0,0,0,"687474,479684","5344216,57593","11,524224187","48,223447037",1,2,#fc8d62,car
60417,9,1,62,0,2019,5,17,1,3,2,6,1,0,1,0,0,0,0,"694294,027659","5340887,70352","11,614423271","48,191477176",1,2,#fc8d62,car
60418,9,1,77,115,2019,5,1,1,3,9,1,2,0,1,0,0,0,0,"738376,166225","5355869,38543","12,215149818","48,311043468",1,2,#fc8d62,car
60419,9,1,84,148,2019,5,15,7,3,7,1,0,1,0,0,0,0,1,"693930,881394","5327960,29277","11,603657569","48,075401036",1,1,#66c2a5,bicycle
60420,9,1,62,0,2019,5,14,7,3,5,2,0,0,1,0,0,0,0,"680197,443048","5334993,33725","11,422424614","48,142649558",1,2,#fc8d62,car
60421,9,1,62,0,2019,5,15,7,3,2,6,0,0,1,0,0,0,0,"697364,429","5331327,271","11,651260699","48,104608123",1,2,#fc8d62,car
60429,9,7,77,182,2019,5,16,7,3,8,1,0,0,1,0,0,0,0,"628533,542427","5308306,1346","10,720281904","47,915188806",1,2,#fc8d62,car
60431,9,7,61,0,2019,5,12,7,3,2,6,0,0,1,0,0,0,0,"639545,727045","5352482,59231","10,882044947","48,310129978",1,2,#fc8d62,car
60432,9,7,61,0,2019,5,13,7,3,5,3,0,0,1,0,0,0,0,"644659,368779","5357520,03304","10,952700762","48,354274884",0,2,#fc8d62,car
60461,9,2,61,0,2019,5,11,7,3,9,6,0,0,1,0,0,0,0,"726649,047502","5379495,06141","12,069984211","48,527598865",0,2,#fc8d62,car
60463,9,2,61,0,2019,5,20,7,2,5,2,2,0,1,0,0,0,0,"732797,774","5383058,59","12,155130492","48,557359217",1,2,#fc8d62,car
60465,9,1,73,123,2019,5,20,7,2,8,1,1,0,1,0,0,0,0,"682619,838031","5299525,72875","11,439879133","47,823140641",0,2,#fc8d62,car
60466,9,1,90,158,2019,5,14,7,3,4,1,0,0,1,0,0,0,0,"651970,600673","5298403,19096","11,030291027","47,821018344",1,2,#fc8d62,car
60468,9,1,84,141,2019,5,20,7,3,9,7,1,0,1,0,0,0,0,"700333,61","5317461,558","11,684614189","47,979067333",0,2,#fc8d62,car
60470,9,1,87,122,2019,5,13,7,3,2,6,0,0,1,0,0,0,0,"720146,500351","5307547,21319","11,9447076","47,883474574",1,2,#fc8d62,car
60471,9,1,79,123,2019,5,0,7,3,8,1,2,0,1,0,0,0,0,"677402,7626","5332120,33497","11,383693102","48,117609029",0,2,#fc8d62,car
60472,9,1,75,124,2019,5,9,7,3,2,6,0,0,1,0,0,0,0,"715094,347","5328642,288","11,88777943","48,074743507",0,2,#fc8d62,car
60473,9,1,62,0,2019,5,14,6,3,5,2,0,1,1,0,0,0,0,"685938,547","5335266,416","11,499647478","48,143452202",0,1,#66c2a5,bicycle
60474,9,1,84,137,2019,5,16,6,2,4,2,0,0,1,0,0,0,0,"706313,256","5316868,372","11,764365783","47,971836626",0,2,#fc8d62,car
60486,9,7,71,112,2019,5,7,6,3,2,6,0,0,1,0,0,0,0,"642689,128151","5366782,77876","10,929268519","48,438008818",1,2,#fc8d62,car
60487,9,7,71,113,2019,5,20,6,3,5,3,0,1,1,0,0,0,0,"657490,736","5368845,575","11,130036402","48,453025841",0,1,#66c2a5,bicycle
60532,9,2,74,183,2019,5,16,7,3,0,1,0,0,0,0,1,0,0,"740098,225","5362359,042","12,242036068","48,368683979",0,4,#e78ac3,marker
60534,9,2,74,126,2019,5,14,7,3,5,3,0,0,1,0,0,0,0,"733062,729819","5382823,16446","12,158584001","48,555146076",0,2,#fc8d62,car
60546,9,1,87,165,2019,5,17,7,3,2,6,0,0,0,0,1,0,0,"729343,937963","5300249,09536","12,063687394","47,814685281",0,4,#e78ac3,marker
60547,9,1,87,182,2019,5,13,7,3,5,3,0,0,1,0,0,0,0,"740468,738837","5326279,82727","12,22658857","48,044461752",0,2,#fc8d62,car
60548,9,1,87,174,2019,5,11,7,2,3,2,0,1,1,0,0,0,0,"742328,131","5314360,643","12,244770556","47,936692015",0,1,#66c2a5,bicycle
60550,9,1,82,120,2019,5,12,7,2,9,1,0,0,0,0,1,0,0,"698236,446911","5305402,99433","11,650994489","47,871342405",0,4,#e78ac3,marker
60551,9,1,82,136,2019,5,16,7,2,4,6,0,0,1,0,0,0,1,"703644,875307","5297470,03437","11,719506897","47,798354688",0,2,#fc8d62,car
60553,9,1,85,158,2019,5,19,7,3,9,1,0,0,1,0,0,0,0,"661882,833552","5380533,29349","11,193926586","48,556981717",0,2,#fc8d62,car
60554,9,1,86,152,2019,5,11,7,3,5,3,0,0,1,0,0,0,0,"693648,30841","5376109,20096","11,621943457","48,508219282",0,2,#fc8d62,car
60555,9,1,86,126,2019,5,14,7,2,5,3,0,0,1,0,1,0,0,"685445,123182","5375283,56858","11,510621391","48,503274072",0,2,#fc8d62,car
60556,9,1,86,151,2019,5,12,7,2,5,3,0,0,0,0,1,0,1,"678931,754307","5376451,49959","11,42302543","48,515660669",0,4,#e78ac3,marker
60559,9,1,81,122,2019,5,15,7,3,5,3,0,0,1,0,1,0,0,"651619,076427","5330141,69423","11,036790497","48,10648069",0,2,#fc8d62,car
60560,9,1,79,136,2019,5,17,7,3,9,6,0,0,1,0,1,0,0,"659494,336606","5341655,01411","11,146824773","48,208069557",0,2,#fc8d62,car
60561,9,1,79,121,2019,5,3,7,3,5,3,2,0,1,0,0,0,0,"667484,463475","5339059,61644","11,253265318","48,182679232",0,2,#fc8d62,car
60562,9,1,74,147,2019,5,15,7,3,0,1,0,0,0,0,1,0,0,"670496,93146","5366219,16911","11,304731708","48,426027563",0,4,#e78ac3,marker
60563,9,1,74,143,2019,5,13,7,3,2,6,0,0,1,0,1,0,0,"676136,728843","5352193,60144","11,375030141","48,298402053",0,2,#fc8d62,car
60564,9,1,84,140,2019,5,18,7,3,8,7,0,0,1,0,0,0,0,"703335,531121","5328269,88716","11,729923735","48,075254313",0,2,#fc8d62,car
60565,9,1,62,0,2019,5,10,7,3,2,6,0,0,1,0,0,0,0,"695733,690658","5345746,12795","11,636015973","48,234699418",0,2,#fc8d62,car
60566,9,1,77,126,2019,5,8,7,3,2,6,0,0,1,0,0,0,0,"718739,579872","5369651,49509","11,957849808","48,441966039",0,2,#fc8d62,car
60567,9,1,78,124,2019,5,11,7,2,0,3,0,1,0,0,0,0,0,"701617,624698","5365472,71466","11,724597331","48,410129902",0,1,#66c2a5,bicycle
60568,9,1,75,124,2019,5,12,7,2,0,7,0,0,0,0,1,0,0,"716331,300941","5328352,27967","11,904217516","48,071719288",0,4,#e78ac3,marker
60569,9,1,62,0,2019,5,6,6,3,5,2,0,0,1,0,0,0,0,"683847,531","5335419,404","11,471630444","48,145435033",0,2,#fc8d62,car
60570,9,1,84,119,2019,5,22,6,2,4,2,2,0,1,0,1,0,0,"697582,431872","5349509,63557","11,662642464","48,26794908",0,2,#fc8d62,car
60571,9,1,62,0,2019,5,10,6,3,3,6,0,0,1,0,1,0,0,"692187,504","5339314,468","11,585396301","48,17797826",0,2,#fc8d62,car
60572,9,1,62,0,2019,5,18,6,3,4,6,0,1,0,0,0,0,0,"694946,910722","5331660,20281","11,618972899","48,108344721",0,1,#66c2a5,bicycle
60574,9,7,74,198,2019,5,11,6,2,9,1,0,0,1,0,0,0,0,"616246,859706","5351224,15521","10,567602296","48,303524533",0,2,#fc8d62,car
60580,9,7,61,0,2019,5,14,6,3,1,6,0,0,1,0,0,0,0,"637519,339774","5359962,57868","10,857172881","48,377833286",0,2,#fc8d62,car
60581,9,7,72,162,2019,5,13,6,3,0,6,0,0,1,0,0,1,0,"636898,501998","5335411,93973","10,84084519","48,157206568",0,2,#fc8d62,car
60582,9,7,71,130,2019,5,12,6,3,6,4,0,0,1,1,0,0,0,"647114,864826","5357323,58448","10,985757364","48,351941302",0,2,#fc8d62,car
60583,9,7,61,0,2019,5,17,6,3,1,1,0,1,1,0,0,0,0,"641507,42427","5358171,00375","10,910397655","48,360842354",0,1,#66c2a5,bicycle
60584,9,7,61,0,2019,5,18,6,3,2,1,0,0,1,0,0,0,0,"640226,519381","5352433,50787","10,891205253","48,309538043",0,2,#fc8d62,car
60585,9,7,61,0,2019,5,16,6,3,3,2,0,1,1,0,0,0,0,"640849,507106","5360471,96613","10,902291399","48,381678905",0,1,#66c2a5,bicycle
60586,9,7,71,158,2019,5,16,6,2,4,6,0,0,1,0,0,0,0,"641424,590287","5372435,31795","10,914091711","48,489118571",0,2,#fc8d62,car
60587,9,7,71,113,2019,5,18,6,3,0,1,0,0,0,0,1,0,0,"657104,194","5370551,571","11,125452735","48,468459816",1,4,#e78ac3,marker
60633,9,2,74,165,2019,5,6,6,3,9,1,0,0,1,0,0,0,0,"718460,09634","5384665,96395","11,961933874","48,576958818",1,2,#fc8d62,car
60634,9,2,61,0,2019,5,22,6,3,4,2,2,0,1,0,0,0,0,"735176,718354","5382180,58516","12,186825015","48,548585135",0,2,#fc8d62,car
60636,9,1,90,138,2019,5,16,6,3,7,7,0,1,0,0,0,0,1,"659185,000558","5310871,39923","11,131200741","47,931377507",0,1,#66c2a5,bicycle
60644,9,1,86,143,2019,5,17,6,3,4,1,0,0,1,0,0,0,0,"686150,023022","5378555,08005","11,521614757","48,532468833",0,2,#fc8d62,car
60646,9,1,62,0,2019,5,16,6,3,2,6,0,0,1,0,0,0,0,"686276,589","5333304,76","11,50332966","48,125721217",0,2,#fc8d62,car
60647,9,7,71,129,2019,5,14,6,3,2,6,0,0,1,0,0,0,0,"660300,739828","5355589,24372","11,162953824","48,333140143",0,2,#fc8d62,car
60648,9,1,79,142,2019,5,19,6,2,4,6,0,0,1,0,0,0,0,"670452,274526","5340582,44007","11,293771233","48,195579612",0,2,#fc8d62,car
60649,9,1,74,131,2019,5,17,6,3,0,1,0,1,0,0,0,0,0,"676571,786","5357925,855","11,383291867","48,349807416",0,1,#66c2a5,bicycle
60650,9,1,74,115,2019,5,8,6,3,5,3,0,0,1,0,0,0,0,"679410,758","5349495,893","11,417991149","48,273233316",0,2,#fc8d62,car
60651,9,1,62,0,2019,5,16,6,3,3,6,0,0,1,0,0,1,0,"696569,267486","5343108,5856","11,646033706","48,210736796",0,2,#fc8d62,car
60652,9,1,77,133,2019,5,13,6,3,3,6,0,0,1,0,0,0,0,"710126,058614","5360035,20127","11,8367153","48,358492269",0,2,#fc8d62,car
60653,9,1,75,132,2019,5,17,6,3,5,3,0,0,1,0,0,0,0,"708663,928","5333239,834","11,803802793","48,118194537",0,2,#fc8d62,car
60654,9,1,78,120,2019,5,16,6,3,3,1,0,1,0,0,0,0,1,"694512,83616","5353058,76612","11,622955391","48,300796194",0,1,#66c2a5,bicycle
60655,9,1,75,122,2019,5,13,6,3,3,2,0,1,0,0,1,0,0,"720650,890006","5325782,17882","11,960802312","48,047147227",0,1,#66c2a5,bicycle
60656,9,1,77,115,2019,5,12,6,3,2,6,0,0,1,0,0,0,0,"733419,622475","5352075,94725","12,146306819","48,278814828",0,2,#fc8d62,car
60657,9,1,84,148,2019,5,13,5,3,0,7,0,0,0,0,0,0,1,"694170,289826","5327503,62366","11,606660901","48,071223762",0,6,#ffd92f,circle
60658,9,1,62,0,2019,5,14,5,3,3,2,0,1,1,0,0,0,0,"692139,236542","5342256,22837","11,586078553","48,204432563",0,1,#66c2a5,bicycle
60671,9,7,72,223,2019,5,15,5,3,1,5,0,0,0,0,0,1,1,"620345,706462","5363137,38332","10,626260058","48,409893749",0,5,#a6d854,bus
60673,9,7,71,122,2019,5,14,5,3,2,6,0,0,1,0,0,0,0,"652809,27943","5361995,12134","11,06426745","48,392589846",0,2,#fc8d62,car
60713,9,2,61,0,2019,5,16,5,3,2,6,0,0,1,0,0,0,1,"732149,461105","5380692,61534","12,145039168","48,536346553",0,2,#fc8d62,car
60715,9,2,61,0,2019,5,7,5,3,5,2,0,1,1,0,0,0,0,"731599,678443","5381539,96255","12,138073567","48,54416124",0,1,#66c2a5,bicycle
60725,9,1,87,150,2019,5,19,5,3,5,3,0,1,1,0,0,0,0,"728808,654713","5303654,03837","12,05834588","47,845467944",0,1,#66c2a5,bicycle
60728,9,1,85,158,2019,5,17,5,3,4,2,0,0,1,0,0,0,0,"667159,823","5382404,494","11,266137676","48,57241793",0,2,#fc8d62,car
60731,9,1,88,124,2019,5,17,5,2,0,1,0,1,0,0,0,0,0,"662034,281831","5317578,64965","11,171846759","47,990966921",0,1,#66c2a5,bicycle
60732,9,1,88,121,2019,5,17,5,3,2,6,0,0,1,0,0,0,0,"669927,634484","5329166,10831","11,282160549","48,093089675",0,2,#fc8d62,car
60733,9,1,79,130,2019,5,16,5,3,2,6,0,0,1,0,0,0,0,"659363,724129","5338702,18335","11,143959649","48,181554729",0,2,#fc8d62,car
60734,9,1,75,115,2019,5,7,5,3,1,6,0,0,1,0,0,0,0,"718433,587174","5327790,7646","11,932115438","48,065957484",0,2,#fc8d62,car
60735,9,1,62,0,2019,5,15,4,3,2,6,0,0,1,0,0,0,0,"692849,705013","5331238,43752","11,590637823","48,105192345",0,2,#fc8d62,car
60736,9,1,84,148,2019,5,14,4,3,2,2,0,0,1,0,0,0,0,"697159,673441","5326599,18971","11,646331162","48,062178172",0,2,#fc8d62,car
60737,9,1,84,130,2019,5,17,4,3,6,4,0,1,0,1,0,0,0,"698861,446742","5346021,83517","11,678220589","48,236204199",0,1,#66c2a5,bicycle
60738,9,7,78,116,2019,5,22,4,3,2,6,2,0,1,0,0,1,0,"616229,321674","5321930,78804","10,559355948","48,040075995",0,2,#fc8d62,car
60743,9,7,77,141,2019,5,10,4,3,8,1,0,0,1,0,0,0,0,"630295,457","5309829,766","10,744312701","47,928535428",0,2,#fc8d62,car
60745,9,7,71,130,2019,5,19,4,3,5,7,0,1,0,0,0,0,0,"645379,618378","5357700,32669","10,962479496","48,355730562",0,1,#66c2a5,bicycle
60746,9,7,61,0,2019,5,19,4,3,0,1,0,1,0,0,0,0,0,"640514,889816","5360247,3818","10,897699603","48,37973414",0,1,#66c2a5,bicycle
60753,9,1,90,142,2019,5,11,1,1,2,6,0,1,1,0,0,0,0,"658458,172579","5298353,85031","11,116885505","47,819009568",0,1,#66c2a5,bicycle
60766,9,1,87,174,2019,5,22,1,3,9,1,2,0,1,0,0,0,1,"741040,659666","5309924,0639","12,225079401","47,897323536",1,2,#fc8d62,car
60775,9,1,86,162,2019,5,8,1,2,5,3,0,1,1,0,0,0,0,"693306,721","5382723,629","11,620391723","48,567767914",0,1,#66c2a5,bicycle
60779,9,1,74,146,2019,5,13,1,2,3,6,0,0,1,0,0,0,0,"669095,934332","5349551,09879","11,279113926","48,276567785",0,2,#fc8d62,car
60782,9,1,88,113,2019,5,18,1,3,5,3,0,0,1,0,0,0,0,"679949,865713","5314832,5037","11,410621262","47,96149179",0,2,#fc8d62,car
60784,9,1,81,130,2019,5,16,1,3,0,1,0,1,0,0,0,0,0,"641015,459353","5323729,23549","10,892312885","48,051254792",0,1,#66c2a5,bicycle
60786,9,1,77,112,2019,5,18,1,3,2,6,0,0,1,0,0,0,0,"714727,308056","5365950,5001","11,901772785","48,410093785",0,2,#fc8d62,car