OBJECTID,ULAND,UREGBEZ,UKREIS,UGEMEINDE,UJAHR,UMONAT,USTUNDE,UWOCHENTAG,UKATEGORIE,UART,UTYP1,ULICHTVERH,IstRad,IstPKW,IstFuss,IstKrad,IstGkfz,IstSonstig,LINREFX,LINREFY,XGCSWGS84,YGCSWGS84,STRZUSTAND,Teilnehmer,color,symbol
60788,9,1,77,116,2019,5,17,1,3,2,6,0,0,1,0,0,0,0,"714187,630107","5365640,67263","11,894331291","48,407493569",0,2,#fc8d62,car
60789,9,1,77,139,2019,5,18,1,1,5,3,0,0,1,0,0,0,1,"734633,190616","5357743,37913","12,16578881","48,329276792",0,2,#fc8d62,car
60791,9,1,62,0,2019,5,10,7,2,2,6,0,0,1,0,1,0,0,"694955,333","5334907,525","11,620571028","48,137527704",0,2,#fc8d62,car
60794,9,1,84,144,2019,5,17,7,3,8,1,0,0,0,0,1,0,0,"685467,721492","5316279,36571","11,485092158","47,972922729",0,4,#e78ac3,marker
60796,9,1,84,118,2019,5,11,7,2,0,7,0,1,0,0,0,0,0,"703020,674173","5336260,3027","11,729504454","48,14716293",0,1,#66c2a5,bicycle
60798,9,1,62,0,2019,5,13,7,3,2,7,0,0,1,0,0,0,0,"687548,394097","5333147,28456","11,520334784","48,123932378",0,2,#fc8d62,car
60807,9,1,84,141,2019,5,15,7,3,5,3,0,0,1,0,1,0,0,"693473,837963","5315117,87991","11,591732579","47,960113235",0,2,#fc8d62,car
60817,9,1,73,118,2019,5,8,4,3,9,7,0,0,1,0,0,0,0,"685906,572873","5307041,95605","11,486979782","47,889762215",1,2,#fc8d62,car
60818,9,1,83,135,2019,5,20,4,2,8,1,1,0,1,0,0,0,0,"744249,648508","5351432,75583","12,291670538","48,268953964",1,2,#fc8d62,car
60825,9,7,77,130,2019,5,9,7,3,8,1,0,0,1,0,0,0,0,"626329,954227","5315448,00513","10,692899459","47,979856031",0,2,#fc8d62,car
60827,9,7,72,147,2019,5,18,7,3,9,1,0,0,1,0,0,1,0,"638597,18249","5363907,71495","10,873022973","48,413071148",1,2,#fc8d62,car
60828,9,1,87,176,2019,5,11,4,3,2,6,0,0,1,0,0,1,0,"738273,497528","5331246,18304","12,199947913","48,089897709",0,2,#fc8d62,car
60829,9,7,71,122,2019,5,5,7,3,2,1,0,0,1,0,0,1,0,"654150,611685","5360997,02609","11,082008603","48,383289907",0,2,#fc8d62,car
60830,9,1,86,143,2019,5,17,4,3,2,6,0,0,1,0,1,0,0,"685405,284434","5377071,3295","11,510876825","48,519353756",0,2,#fc8d62,car
60832,9,1,62,0,2019,5,23,4,2,2,6,2,0,1,0,0,1,0,"681304,60202","5341844,45979","11,440216364","48,20391808",0,2,#fc8d62,car
60833,9,7,71,162,2019,5,9,7,2,0,6,0,0,0,0,1,0,1,"666302,945367","5369332,31151","11,249320395","48,45513452",0,4,#e78ac3,marker
60834,9,1,79,142,2019,5,9,4,3,2,6,0,0,1,0,0,0,0,"675926,04428","5343624,78762","11,36862879","48,221434999",0,2,#fc8d62,car
60836,9,1,88,139,2019,5,8,4,3,5,3,0,1,1,0,0,0,0,"677514,969434","5319233,18069","11,379851123","48,001731192",0,1,#66c2a5,bicycle
60838,9,1,79,126,2019,5,8,4,3,5,3,0,0,1,0,1,0,0,"676036,288789","5340524,95588","11,368825716","48,193539542",0,2,#fc8d62,car
60840,9,1,79,145,2019,5,16,4,3,4,6,0,0,1,0,0,0,0,"673533,279539","5335662,17041","11,333188301","48,150514692",0,2,#fc8d62,car
60841,9,1,78,143,2019,5,5,4,3,5,3,0,0,1,0,0,0,0,"716047,753","5371514,916","11,922461239","48,459637784",0,2,#fc8d62,car
60843,9,1,75,124,2019,5,9,4,3,8,7,0,0,1,0,0,0,0,"716631,007229","5328245,12159","11,908181364","48,070654708",0,2,#fc8d62,car
60847,9,1,77,143,2019,5,15,4,3,4,6,0,0,1,0,0,0,0,"718157,548","5363682,097","11,946886488","48,388535246",0,2,#fc8d62,car
60848,9,1,75,128,2019,5,22,4,2,9,1,2,0,1,0,0,0,0,"713102,072038","5324726,48507","11,859116118","48,040225373",0,2,#fc8d62,car
60849,9,1,62,0,2019,5,16,3,3,5,3,0,1,1,0,0,0,0,"692073,052399","5341558,468","11,584872956","48,198181327",1,1,#66c2a5,bicycle
60850,9,1,62,0,2019,5,13,3,3,6,4,0,0,1,1,0,0,0,"692062,232959","5341574,63425","11,584734818","48,198329897",1,2,#fc8d62,car
60853,9,7,62,0,2019,5,12,3,3,2,6,0,0,1,0,0,0,0,"623300,594512","5306168,26204","10,649664031","47,896989284",1,2,#fc8d62,car
60854,9,7,62,0,2019,5,14,3,3,5,3,0,1,1,0,0,0,0,"620859,266264","5304437,87663","10,616530091","47,881891111",1,1,#66c2a5,bicycle
60855,9,7,72,141,2019,5,15,3,3,9,1,0,0,0,0,0,1,0,"622679,460182","5352861,9563","10,654786313","48,317038388",1,5,#a6d854,bus
60856,9,7,72,185,2019,5,12,3,3,4,1,0,0,1,0,0,1,0,"634719,585945","5384690,037","10,827356793","48,600783056",1,2,#fc8d62,car
60857,9,7,71,145,2019,5,10,3,3,5,3,0,0,1,0,0,0,0,"645918,875377","5345727,2491","10,965615325","48,24795144",1,2,#fc8d62,car
60900,9,1,73,120,2019,5,17,3,3,2,6,0,0,1,0,0,0,0,"685170,82285","5310547,88489","11,478651829","47,921489376",1,2,#fc8d62,car
60902,9,1,83,140,2019,5,15,3,3,5,3,0,0,1,0,0,0,0,"739223,582","5340177,793","12,217699812","48,169772798",1,2,#fc8d62,car
60903,9,1,83,123,2019,5,13,3,3,2,6,0,0,1,0,0,0,0,"738755,273","5340012,499","12,211318256","48,168464046",1,2,#fc8d62,car
60908,9,1,82,137,2019,5,13,3,3,0,7,0,0,0,0,0,1,0,"711498,011232","5305121,2219","11,827985678","47,864580828",1,5,#a6d854,bus
60909,9,1,82,137,2019,5,11,3,3,2,6,0,0,1,0,0,0,0,"709052,995188","5305063,65435","11,795305472","47,864863717",1,2,#fc8d62,car
60910,9,1,87,134,2019,5,6,3,3,4,2,0,0,1,0,0,0,0,"736844,886066","5319940,69292","12,17454081","47,988869757",1,2,#fc8d62,car
60911,9,1,87,174,2019,5,17,3,2,5,7,0,0,1,0,0,0,0,"740212,223359","5309747,65965","12,213914974","47,896049457",1,2,#fc8d62,car
60912,9,1,82,125,2019,5,15,3,3,5,3,0,0,1,0,0,0,0,"712709,488814","5297174,24802","11,840261825","47,792766405",1,2,#fc8d62,car
60918,9,1,86,130,2019,5,14,3,3,8,1,0,0,1,0,0,0,0,"686251,057385","5372981,97787","11,520495294","48,482349678",1,2,#fc8d62,car
60921,9,1,79,142,2019,5,6,3,2,5,2,0,1,1,0,0,0,0,"672151,636401","5341005,34686","11,316791679","48,198922935",1,1,#66c2a5,bicycle
60922,9,1,81,122,2019,5,18,3,3,5,2,0,0,1,0,0,1,0,"648406,252977","5331709,22996","10,994203617","48,121331926",1,2,#fc8d62,car
60923,9,1,81,146,2019,5,8,3,3,5,3,0,0,1,0,0,0,0,"649390,396","5325553,997","11,005265733","48,065756871",1,2,#fc8d62,car
60924,9,1,79,145,2019,5,23,3,3,1,5,2,1,1,0,0,0,0,"676221,10726","5338963,95645","11,370662941","48,179456179",1,1,#66c2a5,bicycle
60925,9,1,79,138,2019,5,5,3,3,8,6,0,0,1,0,0,0,0,"656879,256932","5334884,8956","11,10915103","48,147852532",1,2,#fc8d62,car
60926,9,1,62,0,2019,5,10,3,3,3,6,0,0,1,0,0,1,0,"696580,881413","5343097,17941","11,646184583","48,210630689",1,2,#fc8d62,car
60927,9,1,75,132,2019,5,14,3,2,5,2,0,0,1,0,0,0,0,"707352,688842","5336132,7301","11,787613188","48,144619341",1,2,#fc8d62,car
60928,9,1,75,115,2019,5,12,3,3,4,1,0,0,1,0,0,0,0,"722091,139997","5329179,74597","11,981865355","48,077174635",1,2,#fc8d62,car
60929,9,1,75,121,2019,5,12,3,3,0,1,0,1,0,0,0,0,0,"713597,489173","5318859,8123","11,862832382","47,987342455",1,1,#66c2a5,bicycle
60930,9,1,77,123,2019,5,17,3,3,6,4,0,0,1,1,0,0,0,"726968,359","5344469,795","12,05540287","48,212826318",1,2,#fc8d62,car
60931,9,1,62,0,2019,5,16,2,3,6,4,0,0,1,1,0,0,0,"692104,169904","5340026,25569","11,584598221","48,184400819",1,2,#fc8d62,car
60932,9,1,62,0,2019,5,12,2,3,2,6,0,0,1,0,0,0,0,"693140,544134","5338895,04173","11,598012818","48,173919655",0,2,#fc8d62,car
60933,9,1,62,0,2019,5,9,2,3,2,6,1,0,1,0,0,0,0,"692794,266024","5339032,26027","11,593422078","48,17525807",1,2,#fc8d62,car
60934,9,1,84,149,2019,5,15,2,2,5,3,0,1,1,0,0,0,0,"692277,883609","5348651,22269","11,590844557","48,26186638",1,1,#66c2a5,bicycle
60935,9,1,62,0,2019,5,7,2,3,2,6,0,0,1,0,0,0,1,"692800,302164","5339041,40561","11,593507337","48,175338434",1,2,#fc8d62,car
60936,9,1,62,0,2019,5,16,2,3,2,7,0,0,0,0,0,1,1,"678126,900753","5339055,81949","11,396316514","48,179750535",1,5,#a6d854,bus
60979,9,7,71,122,2019,5,18,1,3,5,3,0,0,1,0,0,0,0,"654935,766335","5361330,75604","11,092728875","48,38609799",1,2,#fc8d62,car
60980,9,7,72,163,2019,5,18,1,3,5,3,0,0,1,0,0,0,0,"640437,060709","5345905,46436","10,891873721","48,250792267",0,2,#fc8d62,car
60982,9,7,61,0,2019,5,16,1,3,0,1,0,1,0,0,0,0,0,"638273,861047","5355612,08845","10,865927337","48,338549456",0,1,#66c2a5,bicycle
61000,9,7,72,147,2019,5,16,5,3,2,6,0,0,1,0,0,0,0,"633949,382239","5364527,99107","10,810443181","48,419653782",0,2,#fc8d62,car
61002,9,7,72,163,2019,5,20,5,3,8,1,0,0,0,0,1,0,0,"638718,56104","5346642,01544","10,868977559","48,257793812",0,4,#e78ac3,marker
61004,9,7,61,0,2019,5,7,5,3,0,1,0,0,0,0,1,0,0,"639373,048677","5360885,85251","10,882499114","48,385728367",0,4,#e78ac3,marker
61032,9,2,74,126,2019,5,10,2,3,5,3,0,1,1,0,0,0,0,"733159,467042","5383582,84571","12,160318418","48,561934045",0,1,#66c2a5,bicycle
61038,9,1,90,157,2019,5,14,2,3,4,1,0,0,1,0,0,0,0,"661148,666648","5301948,50782","11,154140411","47,850661206",1,2,#fc8d62,car
61039,9,1,90,148,2019,5,16,2,2,3,6,0,1,0,0,0,0,0,"643133,652099","5296956,87836","10,911823891","47,810039287",1,1,#66c2a5,bicycle
61062,9,1,87,126,2019,5,10,2,3,4,2,0,0,1,0,0,0,0,"739048,842542","5324651,61109","12,206658868","48,030368607",1,2,#fc8d62,car
61065,9,1,87,159,2019,5,17,2,2,4,1,0,0,1,0,0,0,0,"731476,97512","5329568,30208","12,107904704","48,077328078",1,2,#fc8d62,car
61067,9,1,87,134,2019,5,7,2,3,5,3,0,0,1,0,1,0,0,"737193,96999","5319833,38387","12,179153025","47,987776436",1,2,#fc8d62,car
61070,9,1,87,167,2019,5,18,2,2,5,3,0,0,1,0,1,0,0,"737923,42939","5302879,44809","12,179561614","47,835201312",1,2,#fc8d62,car
61078,9,1,86,143,2019,5,7,2,3,8,1,0,0,1,0,0,0,0,"686637,07191","5380901,59296","11,529256928","48,553413621",0,2,#fc8d62,car
61083,9,1,62,0,2019,5,20,2,3,8,1,2,0,1,0,0,0,0,"686051,031572","5333308,59185","11,500303112","48,125821619",1,2,#fc8d62,car
61085,9,1,73,137,2019,5,7,5,3,2,6,0,0,1,0,0,0,0,"679154,956278","5307744,45927","11,397034394","47,897997415",0,2,#fc8d62,car
61086,9,1,62,0,2019,5,5,2,2,8,1,0,0,1,0,0,0,0,"678501,909522","5336458,9508","11,400266736","48,156302003",1,2,#fc8d62,car
61087,9,1,88,124,2019,5,16,5,3,0,7,0,1,0,0,0,0,0,"660903,910333","5316276,22282","11,156218849","47,979542407",1,1,#66c2a5,bicycle
61088,9,1,90,115,2019,5,14,5,3,0,1,0,1,0,0,0,0,0,"671389,015183","5304215,55578","11,291816103","47,868393374",0,1,#66c2a5,bicycle
61089,9,1,88,113,2019,5,12,2,3,1,1,0,0,1,0,0,0,0,"676295,002632","5317131,87144","11,362647201","47,983178954",1,2,#fc8d62,car
61090,9,1,73,118,2019,5,20,5,2,8,6,1,0,1,0,1,0,0,"692703,298946","5310750,40565","11,57946662","47,921090104",0,2,#fc8d62,car
61091,9,1,81,130,2019,5,10,2,2,6,4,0,0,1,1,0,0,0,"639588,063692","5323206,47019","10,872998538","48,046867737",1,2,#fc8d62,car
61093,9,1,88,120,2019,5,14,2,2,1,6,0,0,1,0,0,1,0,"671914,147","5326375,934","11,307694788","48,067473939",1,2,#fc8d62,car
61095,9,1,62,0,2019,5,18,2,3,3,6,0,0,1,0,0,0,0,"694450,339731","5341373,84984","11,616746944","48,195798577",1,2,#fc8d62,car
61098,9,1,78,155,2019,5,16,2,3,9,1,0,0,1,0,0,0,0,"711863,783316","5374114,85854","11,867256439","48,48442128",1,2,#fc8d62,car
61100,9,1,78,124,2019,5,15,2,3,2,6,0,0,1,0,0,0,1,"703506,313993","5367448,85282","11,751048745","48,427280861",1,2,#fc8d62,car
61102,9,1,78,145,2019,5,7,2,3,5,3,0,0,1,0,0,0,0,"700008,545","5356869,311","11,69878624","48,333327206",0,2,#fc8d62,car
61103,9,1,63,0,2019,5,16,5,2,0,7,0,0,1,0,0,0,0,"734283,603967","5304533,61156","12,131890672","47,851398406",0,2,#fc8d62,car
61104,9,1,82,125,2019,5,7,5,3,5,3,0,1,1,0,0,0,0,"712579,725961","5296565,53304","11,838233235","47,787339049",0,1,#66c2a5,bicycle
61105,9,1,77,117,2019,5,10,2,3,2,6,0,0,1,0,0,0,0,"715975,110532","5352249,74004","11,9115859","48,286566422",0,2,#fc8d62,car
61107,9,1,75,128,2019,5,22,2,3,8,1,2,0,1,0,0,0,0,"712975,621438","5325805,85153","11,857958706","48,049966652",1,2,#fc8d62,car
61109,9,1,75,123,2019,5,17,2,3,2,6,0,0,1,0,0,0,0,"722183,446518","5337732,47035","11,987558472","48,153986825",1,2,#fc8d62,car
61111,9,1,62,0,2019,5,16,1,3,1,3,0,0,1,0,0,0,0,"689411,28825","5339018,66418","11,547956125","48,176153157",0,2,#fc8d62,car
61113,9,1,62,0,2019,5,12,1,3,2,6,0,0,1,0,0,0,0,"687735,186134","5331570,4088","11,522148201","48,109703934",0,2,#fc8d62,car
61118,9,1,74,113,2019,5,19,5,3,9,7,0,0,1,0,0,0,0,"669372,377908","5349321,41306","11,282744798","48,274429121",0,2,#fc8d62,car
61119,9,7,72,147,2019,5,21,1,2,9,1,2,0,1,0,0,0,0,"638171,286227","5364077,64589","10,867326502","48,41469265",1,2,#fc8d62,car
61120,9,1,79,114,2019,5,16,5,2,0,1,0,1,0,0,0,0,0,"651702,316672","5344244,52643","11,042940199","48,233262368",0,1,#66c2a5,bicycle
61121,9,7,72,163,2019,5,23,1,3,9,1,2,0,1,0,0,0,0,"638532,151505","5347671,98807","10,866804739","48,267096104",1,2,#fc8d62,car
61122,9,1,75,132,2019,5,7,5,3,2,6,0,0,0,0,0,1,0,"705308,298974","5334350,48631","11,759303012","48,129266172",0,5,#a6d854,bus
61123,9,1,75,133,2019,5,18,5,3,2,2,0,0,1,0,1,0,0,"709056,631691","5342390,77418","11,813569345","48,200296953",0,2,#fc8d62,car
61124,9,7,72,147,2019,5,22,1,3,2,1,2,0,1,0,0,0,0,"635867,768092","5364318,99537","10,836290381","48,41736373",1,2,#fc8d62,car
61125,9,1,77,117,2019,5,13,5,3,1,6,0,0,1,0,0,0,0,"715981,493251","5352294,82756","11,911694878","48,28696936",0,2,#fc8d62,car
61126,9,7,71,130,2019,5,14,1,3,2,1,0,0,1,0,0,0,0,"644438,78491","5363091,92489","10,951639771","48,404424319",0,2,#fc8d62,car
61127,9,1,84,135,2019,5,7,4,3,2,6,0,0,1,0,0,0,1,"688630,220702","5347385,99772","11,541180932","48,251591108",1,2,#fc8d62,car
61128,9,1,84,136,2019,5,16,4,3,2,6,0,0,1,0,0,0,0,"698730,478997","5326035,71952","11,667129591","48,05662676",0,2,#fc8d62,car
61129,9,1,62,0,2019,5,18,4,3,5,3,0,1,1,0,0,0,0,"689236,193203","5341140,0798","11,54654814","48,195272607",0,1,#66c2a5,bicycle
61141,9,7,72,171,2019,5,13,4,3,3,2,0,1,1,0,0,0,0,"638387,931672","5372396,21677","10,873002638","48,489442958",0,1,#66c2a5,bicycle
61143,9,7,61,0,2019,5,20,4,3,5,1,0,1,1,0,0,0,0,"643245,395956","5357868,07614","10,933743915","48,357726644",0,1,#66c2a5,bicycle
61202,9,2,61,0,2019,5,22,4,3,5,3,2,0,1,0,0,0,0,"732447,472","5382736,028","12,150210223","48,554591666",0,2,#fc8d62,car
61206,9,1,73,147,2019,5,16,4,3,9,1,0,0,1,0,0,0,0,"682597,00026","5309741,43721","11,4438903","47,914978305",1,2,#fc8d62,car
61208,9,1,73,118,2019,5,22,4,3,9,1,2,0,1,0,0,0,0,"689816,713067","5305481,13246","11,53854945","47,874588318",1,2,#fc8d62,car
61210,9,1,82,137,2019,5,19,4,3,9,1,0,0,1,0,0,0,0,"712995,715828","5304756,06805","11,847806444","47,860804689",1,2,#fc8d62,car
61212,9,1,87,126,2019,5,13,4,2,0,7,0,1,1,0,0,0,0,"741675,600512","5325928,23663","12,242556908","48,040847888",1,1,#66c2a5,bicycle
61216,9,1,86,152,2019,5,16,4,3,3,6,0,0,1,0,0,1,0,"691526,415706","5379620,01271","11,59485683","48,540421948",0,2,#fc8d62,car
61218,9,1,62,0,2019,5,14,4,3,2,6,0,0,1,0,0,0,0,"695660,707563","5345504,83825","11,634922744","48,232553396",0,2,#fc8d62,car
61219,9,1,78,143,2019,5,14,4,3,2,6,0,0,1,0,0,0,0,"718409,590026","5372330,17196","11,954791137","48,466147163",0,2,#fc8d62,car
61221,9,1,77,133,2019,5,7,4,3,4,6,0,0,1,0,0,0,0,"713745,139407","5355359,4786","11,883137498","48,315265212",1,2,#fc8d62,car
61239,9,2,74,121,2019,5,18,1,3,0,1,0,1,0,0,0,0,0,"723068,639042","5371613,87755","12,017350037","48,458077431",0,1,#66c2a5,bicycle
61240,9,2,74,124,2019,5,13,1,3,5,3,0,0,1,0,1,0,0,"722878,808997","5374025,31222","12,016070706","48,479808961",0,2,#fc8d62,car
61243,9,1,73,120,2019,5,14,1,3,9,1,0,0,1,0,0,0,0,"689978,792738","5311666,66852","11,543438657","47,930138929",0,2,#fc8d62,car
61245,9,1,73,126,2019,5,15,1,2,2,6,0,0,1,0,1,0,0,"682755,738613","5307216,90536","11,444943353","47,892239733",0,2,#fc8d62,car
61248,9,1,84,145,2019,5,22,1,3,2,6,2,0,1,0,0,0,0,"697015,59804","5325705,88622","11,64398808","48,054194107",0,2,#fc8d62,car
61250,9,1,87,137,2019,5,22,1,2,4,6,2,1,0,0,0,0,0,"731613,381953","5307446,53105","12,097809951","47,878536424",0,1,#66c2a5,bicycle
61254,9,1,79,142,2019,5,15,1,3,5,3,0,0,1,0,1,0,0,"672827,716383","5341769,74964","11,326193768","48,205610833",0,2,#fc8d62,car
61255,9,1,79,126,2019,5,11,1,3,0,6,0,1,1,0,0,0,0,"676127,483001","5340491,45946","11,370037884","48,193213152",0,1,#66c2a5,bicycle
61256,9,1,88,124,2019,5,12,1,2,0,1,0,1,0,0,0,0,0,"660330,803","5318954,124","11,14954455","48,003762922",0,1,#66c2a5,bicycle
61257,9,1,74,115,2019,5,19,1,3,3,5,0,0,1,0,0,0,0,"680995,48891","5347534,8752","11,438490106","48,255155585",0,2,#fc8d62,car
61258,9,1,78,145,2019,5,2,1,3,8,1,2,0,1,0,0,0,0,"695420,354","5360057,268","11,63842468","48,363412993",0,2,#fc8d62,car
61260,9,1,78,122,2019,5,18,1,3,0,1,0,1,0,0,0,0,0,"702982,728052","5384547,16595","11,752292002","48,581095816",0,1,#66c2a5,bicycle
61261,9,1,75,124,2019,5,17,1,3,5,3,0,0,1,0,0,0,0,"714705,425253","5328783,35524","11,882635624","48,076142133",0,2,#fc8d62,car
61262,9,1,77,139,2019,5,10,1,2,8,1,0,0,1,0,0,0,0,"734703,927911","5363538,54127","12,16997265","48,381307657",0,2,#fc8d62,car
61263,9,1,77,137,2019,5,17,1,2,0,1,0,1,0,0,0,0,0,"734605,580685","5349084,99411","12,160608724","48,251508707",0,1,#66c2a5,bicycle
61264,9,1,84,135,2019,5,15,7,3,5,3,0,0,1,0,0,0,0,"692108,729478","5344756,41148","11,586800818","48,226912621",0,2,#fc8d62,car
61265,9,1,84,138,2019,5,10,7,3,5,3,0,0,1,0,0,0,0,"680414,669606","5330558,69661","11,423465222","48,10272532",0,2,#fc8d62,car
61266,9,1,62,0,2019,5,15,7,2,5,3,0,0,1,0,1,0,0,"684878,116042","5335384,39782","11,485456855","48,144821717",0,2,#fc8d62,car
61277,9,7,73,182,2019,5,23,7,3,9,1,2,0,1,0,0,0,0,"622312,576435","5379924,05034","10,657741059","48,560471979",0,2,#fc8d62,car
61278,9,7,72,171,2019,5,5,7,3,8,1,0,0,1,0,0,0,0,"637454,072192","5372534,94002","10,860415982","48,490895243",0,2,#fc8d62,car
61305,9,2,61,0,2019,5,17,7,3,5,3,0,1,1,0,0,0,0,"732051,323585","5379504,19409","12,143050316","48,525707494",0,1,#66c2a5,bicycle
61306,9,2,61,0,2019,5,17,7,3,5,2,0,0,1,0,0,0,0,"731596,495","5381546,288","12,138034016","48,544219236",0,2,#fc8d62,car
61308,9,1,73,120,2019,5,11,7,3,5,3,0,0,1,0,0,0,0,"686531,674404","5314831,0332","11,498705737","47,959594939",0,2,#fc8d62,car
61309,9,1,83,118,2019,5,11,7,3,0,6,0,0,1,0,0,0,0,"744091,468595","5338215,23869","12,281939605","48,150294551",0,2,#fc8d62,car
61312,9,1,87,186,2019,5,12,7,3,5,3,0,0,1,0,1,0,0,"732587,951419","5332814,37664","12,124566054","48,10608552",0,2,#fc8d62,car
61318,9,1,87,129,2019,5,10,7,2,3,6,0,1,1,0,0,0,0,"726362,720494","5299874,16874","12,023724792","47,81237198",0,1,#66c2a5,bicycle
61319,9,1,87,154,2019,5,12,7,3,0,1,0,1,0,0,0,0,0,"735252,826709","5295679,11071","12,140023315","47,771496163",0,1,#66c2a5,bicycle
61321,9,1,87,122,2019,5,10,7,3,5,3,0,0,1,0,0,0,0,"718506,020629","5309890,76288","11,923980309","47,905093212",0,2,#fc8d62,car
61322,9,1,87,150,2019,5,10,7,3,5,3,0,1,1,0,0,0,0,"729307,657076","5303371,57644","12,064856248","47,842752379",0,1,#66c2a5,bicycle
61323,9,1,87,130,2019,5,9,7,3,5,2,0,0,1,0,0,0,0,"713375,107813","5308392,52057","11,854668427","47,893356737",0,2,#fc8d62,car
61328,9,1,79,145,2019,5,15,7,3,1,6,0,0,1,0,0,0,0,"673943,858077","5335816,99035","11,338767118","48,151794285",0,2,#fc8d62,car
61329,9,1,79,121,2019,5,17,7,2,0,7,0,1,0,0,0,0,0,"667504,53106","5339010,89123","11,253515872","48,182235905",0,1,#66c2a5,bicycle
61330,9,1,74,113,2019,5,13,7,3,5,3,0,0,1,0,1,0,0,"677729,226021","5347681,52612","11,39458674","48,257398274",1,2,#fc8d62,car
61331,9,1,84,149,2019,5,13,7,3,9,1,0,0,1,0,0,0,0,"688770,002","5349830,494","11,544152875","48,273520377",0,2,#fc8d62,car
61332,9,1,75,111,2019,5,10,7,2,4,7,0,0,1,0,1,0,1,"711680,408742","5335399,52657","11,845356218","48,136605773",0,2,#fc8d62,car
61333,9,1,78,145,2019,5,14,7,3,4,2,0,0,1,0,0,0,0,"699429,558829","5354893,43891","11,690048163","48,3157535",0,2,#fc8d62,car
61334,9,1,78,155,2019,5,20,7,3,0,3,1,1,1,0,0,0,0,"716263,803441","5374524,65071","11,926936033","48,486605131",1,1,#66c2a5,bicycle
61335,9,1,78,124,2019,5,16,7,3,8,1,0,0,1,0,0,0,0,"704372,517686","5369073,14806","11,763536217","48,441596419",0,2,#fc8d62,car
61336,9,1,78,113,2019,5,12,7,3,0,3,0,0,1,0,0,0,0,"691383,880829","5367178,79573","11,587230765","48,42865345",0,2,#fc8d62,car
61337,9,1,84,122,2019,5,13,6,3,1,3,0,1,1,0,0,0,0,"687932,598752","5323822,06426","11,521390634","48,040000997",0,1,#66c2a5,bicycle
61338,9,1,62,0,2019,5,18,6,3,5,2,0,1,1,0,0,0,0,"692196,08","5339241,694","11,585478639","48,177321592",0,1,#66c2a5,bicycle
61339,9,1,62,0,2019,5,16,6,3,2,6,0,0,1,0,1,0,0,"690341,838727","5339045,53552","11,560472963","48,176116642",0,2,#fc8d62,car
61340,9,1,62,0,2019,5,20,6,2,5,3,2,0,1,0,1,0,0,"687572,372","5331571,866","11,519963693","48,109764997",0,2,#fc8d62,car
61341,9,1,62,0,2019,5,11,6,3,2,3,0,1,1,0,0,0,0,"688655,192998","5336275,55362","11,536578806","48,151722718",0,1,#66c2a5,bicycle
61342,9,1,62,0,2019,5,11,6,3,2,6,0,0,1,0,0,0,0,"692104,042159","5340029,25313","11,58459786","48,184427798",0,2,#fc8d62,car
61343,9,1,84,145,2019,5,12,6,3,5,3,0,1,1,0,0,0,0,"698534,540005","5324551,7342","11,663814486","48,04335062",0,1,#66c2a5,bicycle
61347,9,7,77,167,2019,5,16,6,2,2,2,0,0,1,0,0,0,1,"619378,754224","5300258,10579","10,595581451","47,844575676",0,2,#fc8d62,car
61352,9,7,72,223,2019,5,13,6,3,0,3,0,0,1,0,1,0,0,"616717,271863","5360205,28383","10,576432707","48,384207376",0,2,#fc8d62,car
61353,9,7,72,207,2019,5,5,6,3,4,6,0,0,1,0,0,0,0,"640832,495914","5379795,31578","10,908568242","48,555428025",0,2,#fc8d62,car
61354,9,7,72,145,2019,5,14,6,3,3,2,0,1,1,0,0,0,0,"633580,379623","5369279,50076","10,806973624","48,462457787",0,1,#66c2a5,bicycle
61355,9,7,71,130,2019,5,20,6,3,8,1,0,1,0,0,0,0,0,"649469,121808","5356164,51923","11,017103383","48,340967278",0,1,#66c2a5,bicycle
61356,9,7,72,125,2019,5,13,6,3,2,6,0,0,1,0,0,0,0,"636578,346681","5348941,63825","10,84090044","48,27893725",0,2,#fc8d62,car
61357,9,7,61,0,2019,5,9,6,2,1,2,0,0,1,0,1,0,0,"641764,393956","5361817,24073","10,915094516","48,393570083",0,2,#fc8d62,car
61358,9,7,61,0,2019,5,17,6,3,5,3,0,1,1,0,0,0,0,"644032,921549","5357582,26767","10,944270965","48,354977659",0,1,#66c2a5,bicycle
61359,9,7,71,144,2019,5,6,6,3,9,7,0,0,0,0,1,0,0,"661642,263981","5373378,1511","11,187895107","48,492720572",0,4,#e78ac3,marker
61381,9,7,72,147,2019,5,20,2,3,8,1,1,0,1,0,0,0,0,"638219,848686","5364053,81022","10,867974587","48,414467675",1,2,#fc8d62,car
61383,9,7,61,0,2019,5,20,2,3,3,1,1,0,1,0,0,0,0,"641079,029845","5363870,65306","10,906531416","48,412187182",1,2,#fc8d62,car
61386,9,7,72,121,2019,5,6,2,3,6,4,0,0,1,1,0,0,0,"633953,444","5375269,188","10,813938038","48,51623718",1,2,#fc8d62,car
61388,9,7,61,0,2019,5,11,2,2,2,6,0,0,1,0,0,0,0,"643364,815272","5361311,39068","10,936529171","48,38865996",0,2,#fc8d62,car