OBJECTID,ULAND,UREGBEZ,UKREIS,UGEMEINDE,UJAHR,UMONAT,USTUNDE,UWOCHENTAG,UKATEGORIE,UART,UTYP1,ULICHTVERH,IstRad,IstPKW,IstFuss,IstKrad,IstGkfz,IstSonstig,LINREFX,LINREFY,XGCSWGS84,YGCSWGS84,STRZUSTAND,Teilnehmer,color,symbol
61389,9,7,61,0,2019,5,22,2,3,5,3,2,0,1,0,0,0,1,"641254,977027","5352290,08302","10,905019887","48,308019547",1,2,#fc8d62,car
61393,9,7,71,114,2019,5,10,2,3,5,2,0,0,1,0,1,0,0,"644229,710754","5375099,47195","10,952954803","48,512434987",0,2,#fc8d62,car
61453,9,2,74,126,2019,5,13,6,3,4,2,0,0,1,0,0,0,0,"734336,076765","5384365,81797","12,176681967","48,568528484",0,2,#fc8d62,car
61455,9,2,74,154,2019,5,7,6,3,8,7,0,0,1,0,0,0,0,"739641,46459","5366225,42462","12,238083315","48,403586167",0,2,#fc8d62,car
61458,9,2,74,126,2019,5,12,6,3,2,6,0,0,1,0,1,0,0,"734529,122","5384024,401","12,179102287","48,565389544",0,2,#fc8d62,car
61464,9,1,90,142,2019,5,14,6,2,6,4,0,0,1,1,0,0,0,"661293,824","5297015,948","11,154242499","47,806275731",0,2,#fc8d62,car
61466,9,1,90,138,2019,5,15,6,1,4,6,0,0,1,0,0,0,0,"662091,252662","5306809,16288","11,168554424","47,894126039",0,2,#fc8d62,car
61470,9,1,83,140,2019,5,18,6,3,8,1,0,0,0,0,1,0,0,"741880,337","5340983,631","12,253833706","48,176005925",0,4,#e78ac3,marker
61471,9,2,74,183,2019,5,12,2,2,4,6,0,0,1,0,0,1,0,"742605,065281","5363906,37492","12,276721225","48,381623643",0,2,#fc8d62,car
61476,9,1,90,140,2019,5,20,2,2,4,6,0,0,1,0,0,0,0,"646769,605","5300532,432","10,961571447","47,841372432",1,2,#fc8d62,car
61489,9,1,82,123,2019,5,5,2,2,3,7,1,0,1,0,0,1,0,"716019,761469","5301550,02599","11,886585742","47,830985736",0,2,#fc8d62,car
61490,9,1,63,0,2019,5,8,2,3,3,2,0,1,0,0,0,0,1,"734857,001968","5304935,15138","12,139761912","47,854796565",0,1,#66c2a5,bicycle
61493,9,1,63,0,2019,5,18,6,3,1,2,0,0,1,0,0,0,0,"734514,883201","5304344,85406","12,134875317","47,849618288",0,2,#fc8d62,car
61495,9,1,87,177,2019,5,17,6,3,3,2,0,1,1,0,0,0,0,"736758,315242","5306052,21485","12,165751783","47,864134367",0,1,#66c2a5,bicycle
61496,9,1,87,150,2019,5,17,2,3,3,6,0,0,1,0,0,0,1,"725577,798542","5304057,1185","12,015433375","47,850231281",0,2,#fc8d62,car
61500,9,1,82,136,2019,5,17,6,3,3,6,0,1,1,0,0,0,0,"703812,833957","5301373,53983","11,723582597","47,833383551",0,1,#66c2a5,bicycle
61502,9,1,87,169,2019,5,12,6,3,4,6,0,0,1,0,0,0,0,"741122,591254","5298607,09478","12,219869087","47,795630413",0,2,#fc8d62,car
61503,9,1,85,166,2019,5,4,2,2,4,6,1,0,1,0,0,0,0,"673636,010049","5383511,27217","11,354319838","48,580605687",0,2,#fc8d62,car
61505,9,1,81,111,2019,5,13,2,3,0,5,0,0,1,0,0,0,1,"644137,779041","5306445,3097","10,928390011","47,895138248",0,2,#fc8d62,car
61507,9,1,81,127,2019,5,13,2,3,2,6,0,1,0,0,0,0,0,"635179,539904","5325889,95616","10,814724173","48,071948098",0,1,#66c2a5,bicycle
61509,9,1,81,130,2019,5,9,2,3,0,7,0,1,0,0,0,0,0,"639906,87237","5323378,56557","10,877330208","48,048345466",0,1,#66c2a5,bicycle
61511,9,1,79,123,2019,5,18,2,3,5,2,0,1,1,0,0,0,0,"675957,317958","5333557,81305","11,364881858","48,130932039",1,1,#66c2a5,bicycle
61512,9,1,74,143,2019,5,17,2,3,5,3,0,1,1,0,0,0,0,"675531,897331","5352445,51484","11,366986568","48,300834583",0,1,#66c2a5,bicycle
61514,9,1,78,143,2019,5,7,2,2,2,6,0,1,0,0,0,0,1,"716332,130297","5372114,53647","11,926612732","48,464927506",0,1,#66c2a5,bicycle
61516,9,1,77,126,2019,5,17,2,3,5,2,0,0,1,0,0,0,0,"719250,6","5370169,996","11,965021703","48,446446751",1,2,#fc8d62,car
61517,9,1,86,162,2019,5,7,6,3,8,1,0,0,1,0,0,0,0,"693570,737723","5380534,24994","11,622948647","48,548010781",0,2,#fc8d62,car
61518,9,1,75,127,2019,5,5,2,2,0,7,1,0,0,0,1,0,0,"711307,817823","5342705,74232","11,843984981","48,202382069",0,4,#e78ac3,marker
61520,9,1,88,113,2019,5,15,6,3,4,6,0,0,1,0,0,0,0,"676366,277","5316851,842","11,363486579","47,98064197",0,2,#fc8d62,car
61521,9,1,62,0,2019,5,18,1,3,0,7,0,1,0,0,0,0,0,"688505,123456","5334993,72703","11,533995533","48,140245968",0,1,#66c2a5,bicycle
61522,9,1,81,130,2019,5,14,6,3,0,1,0,1,0,0,0,0,0,"639281,675282","5322843,52497","10,868771571","48,043670948",0,1,#66c2a5,bicycle
61525,9,1,81,130,2019,5,16,6,3,5,6,0,0,1,0,1,0,0,"641784,686032","5324084,66999","10,902747185","48,054280475",0,2,#fc8d62,car
61526,9,7,77,151,2019,5,13,1,3,9,1,0,0,1,0,0,0,0,"619241,133426","5295933,82919","10,592552391","47,805708764",0,2,#fc8d62,car
61527,9,1,79,123,2019,5,21,6,2,5,2,2,1,1,0,0,0,0,"675951,287","5333556,206","11,36480021","48,13091926",0,1,#66c2a5,bicycle
61529,9,1,79,145,2019,5,7,6,3,5,3,0,1,1,0,0,0,0,"676242,415219","5339598,65882","11,371212611","48,185155728",0,1,#66c2a5,bicycle
61530,9,7,72,200,2019,5,14,1,3,8,1,0,1,0,0,0,0,0,"626534,715876","5337806,62351","10,702264689","48,180888867",0,1,#66c2a5,bicycle
61531,9,1,79,121,2019,5,16,6,3,2,6,0,0,1,0,0,1,0,"669073,194063","5337345,99553","11,273940414","48,166853283",0,2,#fc8d62,car
61532,9,7,71,142,2019,5,19,1,3,0,1,0,1,0,0,0,0,0,"645312,996364","5353534,42272","10,960143762","48,318288663",0,1,#66c2a5,bicycle
61533,9,1,79,119,2019,5,14,6,3,5,3,0,1,0,0,0,0,1,"671332,695998","5339083,32299","11,305004385","48,181866222",0,1,#66c2a5,bicycle
61534,9,7,72,125,2019,5,11,1,2,0,1,0,1,0,0,0,0,0,"632911,74892","5348028,39336","10,791217696","48,271505379",0,1,#66c2a5,bicycle
61535,9,1,75,133,2019,5,17,6,3,5,2,0,1,1,0,0,0,0,"707993,041339","5342662,33647","11,799405955","48,203086513",0,1,#66c2a5,bicycle
61536,9,7,72,202,2019,5,16,1,3,0,1,0,1,0,0,0,0,0,"636794,683365","5359279,64308","10,847169616","48,371849914",0,1,#66c2a5,bicycle
61538,9,1,75,132,2019,5,17,6,3,5,3,0,1,1,0,0,0,0,"706371,897718","5330680,19342","11,771804489","48,095939298",0,1,#66c2a5,bicycle
61540,9,1,77,113,2019,5,18,6,2,9,1,0,0,0,0,1,0,0,"724904,355585","5355846,89163","12,033706488","48,315774767",0,4,#e78ac3,marker
61543,9,1,77,144,2019,5,18,6,3,2,6,0,0,1,0,0,0,0,"717484,468681","5348643,17084","11,930051491","48,253644789",0,2,#fc8d62,car
61546,9,1,77,118,2019,5,16,6,3,8,1,0,0,0,0,1,0,0,"710512,305962","5343731,37053","11,833800615","48,211862447",0,4,#e78ac3,marker
61550,9,1,77,126,2019,5,15,6,3,5,3,0,0,1,0,0,1,0,"719079,08452","5370491,4708","11,96287361","48,449394728",0,2,#fc8d62,car
61552,9,1,75,121,2019,5,13,6,2,5,3,0,0,0,0,0,0,1,"716255,015","5318923,803","11,898436336","47,987024664",0,6,#ffd92f,circle
61554,9,1,75,137,2019,5,17,6,2,2,2,0,0,1,0,1,0,0,"726605,818435","5330088,08569","12,042874818","48,083747403",0,2,#fc8d62,car
61556,9,1,75,115,2019,5,16,6,2,2,6,0,1,1,0,0,0,0,"721865,280079","5332436,07572","11,980528905","48,106510923",0,1,#66c2a5,bicycle
61558,9,1,62,0,2019,5,10,5,2,6,4,0,0,1,1,0,0,0,"695976,561771","5333833,34114","11,633789194","48,127559841",0,2,#fc8d62,car
61560,9,1,62,0,2019,5,18,5,3,6,4,0,0,1,1,0,0,0,"688515,722381","5340183,69303","11,536438135","48,186890822",0,2,#fc8d62,car
61564,9,1,62,0,2019,5,18,5,3,5,3,0,1,0,0,0,0,0,"698201,725189","5329799,63624","11,661786528","48,090618864",0,1,#66c2a5,bicycle
61566,9,1,62,0,2019,5,19,5,2,8,1,2,0,1,0,1,0,0,"687386,602834","5331765,12354","11,517555351","48,111556735",0,2,#fc8d62,car
61568,9,1,62,0,2019,5,15,5,3,2,2,0,0,1,0,1,0,0,"695021,701991","5333208,79065","11,620684742","48,122239895",0,2,#fc8d62,car
61570,9,1,62,0,2019,5,10,5,2,5,2,0,0,0,0,1,0,1,"682720,772428","5336169,14729","11,45681872","48,152498859",0,4,#e78ac3,marker
61573,9,1,84,132,2019,5,7,5,3,5,3,0,1,0,0,0,0,1,"684117,683007","5329246,39669","11,472593339","48,089870176",0,1,#66c2a5,bicycle
61576,9,1,74,115,2019,5,15,6,3,2,6,0,0,1,0,0,0,0,"683354,104108","5348966,62644","11,470856937","48,267346737",0,2,#fc8d62,car
61577,9,1,78,120,2019,5,9,6,3,3,6,0,0,1,0,0,0,0,"695031,795097","5353160,58904","11,629992808","48,301551555",0,2,#fc8d62,car
61578,9,1,78,124,2019,5,10,6,3,2,6,0,0,1,0,0,0,1,"705730,958","5363095,26","11,778951527","48,387437156",0,2,#fc8d62,car
61579,9,1,78,116,2019,5,22,6,3,0,1,2,1,0,0,0,0,0,"702759,77","5381367,998","11,747723254","48,552600209",0,1,#66c2a5,bicycle
61580,9,1,78,124,2019,5,21,6,2,4,6,2,0,1,0,0,0,0,"702844,872613","5363983,33442","11,740442682","48,396352235",0,2,#fc8d62,car
61581,9,1,62,0,2019,5,15,5,3,3,6,0,0,1,0,1,0,0,"695021,479189","5333414,53615","11,620775878","48,124089115",0,2,#fc8d62,car
61582,9,1,84,148,2019,5,13,5,2,0,1,0,0,0,0,1,0,0,"693508,732012","5328830,04496","11,598389846","48,083346427",0,4,#e78ac3,marker
61583,9,1,84,121,2019,5,10,5,3,8,1,0,0,0,0,1,0,0,"706516,865382","5328050,13928","11,772477804","48,072257344",0,4,#e78ac3,marker
61597,9,7,77,167,2019,5,4,5,2,4,6,2,0,1,0,0,1,0,"620441,788896","5295280,96817","10,608400215","47,799613415",0,2,#fc8d62,car
61607,9,7,71,122,2019,5,1,5,3,1,1,2,0,0,0,0,1,1,"653515,942187","5361630,20432","11,073673749","48,389137374",0,5,#a6d854,bus
61608,9,7,72,148,2019,5,15,5,3,9,6,0,0,1,0,0,0,0,"626014,639497","5346588,22922","10,697881546","48,259964267",0,2,#fc8d62,car
61609,9,7,71,113,2019,5,16,5,3,0,1,0,1,0,0,0,0,0,"657412,595","5369312,602","11,129155949","48,457244082",0,1,#66c2a5,bicycle
61610,9,7,71,112,2019,5,16,5,3,5,3,0,0,1,0,1,0,0,"645967,099","5368039,814","10,974000262","48,448559625",0,2,#fc8d62,car
61611,9,7,71,113,2019,5,18,5,3,4,6,0,1,0,0,0,0,0,"656972,364","5370202,521","11,123539509","48,465354677",0,1,#66c2a5,bicycle
61655,9,2,61,0,2019,5,17,5,2,4,2,0,0,1,0,1,0,0,"724281,250193","5378268,009","12,037299587","48,517425725",0,2,#fc8d62,car
61657,9,1,73,118,2019,5,21,5,3,0,7,1,1,0,0,0,0,0,"690103,922726","5305118,29537","11,542226969","47,871241997",0,1,#66c2a5,bicycle
61665,9,1,83,140,2019,5,12,5,3,5,2,0,0,1,0,0,0,0,"740776,370336","5340996,06714","12,239014598","48,176536785",0,2,#fc8d62,car
61666,9,7,77,182,2019,6,9,7,3,0,3,0,0,1,0,0,0,0,"627847,148092","5309838,12188","10,711554058","47,929103639",0,2,#fc8d62,car
61670,9,1,63,0,2019,5,21,5,3,0,7,2,1,0,0,0,0,0,"732578,545687","5306069,43996","12,109958252","47,865815673",0,1,#66c2a5,bicycle
61671,9,7,72,147,2019,6,12,7,3,8,1,0,0,0,0,0,1,0,"633190,671505","5364551,53412","10,8002013","48,420026335",0,5,#a6d854,bus
61672,9,1,87,174,2019,5,13,5,3,4,7,0,0,1,0,0,0,1,"743703,609158","5310379,51537","12,260906988","47,900409158",0,2,#fc8d62,car
61673,9,7,72,223,2019,6,10,7,3,2,6,0,0,1,0,0,0,0,"617285,481872","5362999,42128","10,584884629","48,409229992",0,2,#fc8d62,car
61676,9,7,72,223,2019,6,10,7,3,2,6,0,0,1,0,0,0,0,"617264,957755","5362994,9039","10,584606134","48,409193186",0,2,#fc8d62,car
61678,9,1,85,166,2019,5,17,5,3,0,1,0,0,0,0,1,0,1,"673107,832763","5383505,65154","11,347162248","48,580701315",1,4,#e78ac3,marker
61679,9,7,72,147,2019,6,17,7,2,2,6,0,0,1,0,0,0,0,"631206,117729","5364364,40465","10,773333052","48,418760056",0,2,#fc8d62,car
61680,9,1,86,126,2019,5,20,5,3,0,7,0,0,0,0,1,0,0,"685424,071555","5375353,48254","11,510367722","48,503908655",0,4,#e78ac3,marker
61681,9,7,72,159,2019,6,12,7,3,5,2,0,1,1,0,0,0,0,"623821,818","5362180,343","10,67293068","48,400613998",0,1,#66c2a5,bicycle
61683,9,7,72,134,2019,6,19,7,3,0,7,0,1,0,0,0,0,0,"631499,210048","5383878,62284","10,783440541","48,594171631",0,1,#66c2a5,bicycle
61684,9,1,79,117,2019,5,21,5,2,0,1,1,1,0,0,0,0,0,"661148,569392","5351159,40185","11,172692913","48,293099297",0,1,#66c2a5,bicycle
61685,9,1,81,121,2019,5,12,5,3,8,1,0,1,0,0,0,0,0,"636665,768433","5313679,75327","10,83077299","47,961830439",0,1,#66c2a5,bicycle
61686,9,7,71,130,2019,6,19,7,3,0,1,0,1,0,0,0,0,0,"647736,498","5356750,835","10,993941913","48,346646493",0,1,#66c2a5,bicycle
61687,9,1,81,124,2019,5,12,5,3,5,3,0,0,1,0,0,0,0,"646013,0712","5317705,99519","10,95728465","47,995970661",0,2,#fc8d62,car
61688,9,7,71,142,2019,6,14,7,3,2,6,0,0,1,0,0,0,0,"645573,626781","5352040,3625","10,963141738","48,304795004",0,2,#fc8d62,car
61689,9,1,88,124,2019,5,12,5,3,0,7,0,0,1,0,0,0,0,"663065,593186","5319923,20613","11,1865507","48,011783844",0,2,#fc8d62,car
61690,9,7,72,163,2019,6,13,7,3,5,3,0,0,1,0,0,0,0,"641071,797607","5345965,01958","10,900439446","48,251186808",0,2,#fc8d62,car
61691,9,1,88,124,2019,5,13,5,1,4,6,0,0,1,0,1,0,0,"662312,804402","5318249,06047","11,175830689","47,996923761",0,2,#fc8d62,car
61692,9,7,72,215,2019,6,7,7,3,1,6,0,0,1,0,0,0,0,"633818,670458","5345470,02711","10,802624518","48,248308748",0,2,#fc8d62,car
61693,9,1,88,120,2019,5,19,5,2,5,3,0,1,0,0,1,0,0,"677521,281","5326375,546","11,38289576","48,065934685",0,1,#66c2a5,bicycle
61694,9,1,74,111,2019,5,11,5,3,8,1,0,0,0,0,1,0,0,"667568,867034","5358702,01077","11,262184359","48,359237475",0,4,#e78ac3,marker
61695,9,1,77,135,2019,5,11,5,2,2,6,0,1,0,0,0,0,0,"717460,387","5342415,981","11,926533247","48,197701313",0,1,#66c2a5,bicycle
61696,9,7,61,0,2019,6,13,7,3,0,1,0,1,0,0,0,0,0,"641487,247","5358363,984","10,910190313","48,36258208",0,1,#66c2a5,bicycle
61697,9,1,62,0,2019,5,15,4,3,2,6,0,0,1,0,0,0,0,"692892,449106","5339013,70341","11,594732988","48,175061494",0,2,#fc8d62,car
61698,9,7,71,114,2019,6,17,7,3,5,3,0,0,1,0,0,0,1,"644036,202069","5375304,20443","10,950406842","48,514320182",0,2,#fc8d62,car
61699,9,1,62,0,2019,5,14,4,3,1,6,0,0,1,0,0,0,0,"682759,977923","5336491,88232","11,457483968","48,15538855",0,2,#fc8d62,car
61701,9,1,62,0,2019,5,17,4,3,2,6,0,0,1,0,0,0,0,"684687,505107","5342413,29792","11,485951057","48,208055939",0,2,#fc8d62,car
61704,9,7,77,121,2019,5,20,4,2,9,6,1,0,1,0,0,0,0,"630115,864919","5321698,53887","10,745505226","48,035308308",0,2,#fc8d62,car
61710,9,7,78,203,2019,5,16,4,3,2,6,0,0,1,0,0,0,0,"620674,346155","5321958,61428","10,618974919","48,039501521",1,2,#fc8d62,car
61723,9,7,72,209,2019,5,14,4,2,5,3,0,0,1,0,1,0,0,"635895,178","5337178,314","10,827925339","48,173305645",0,2,#fc8d62,car
61725,9,7,72,207,2019,5,10,4,2,0,1,0,1,0,0,0,0,0,"640983,471903","5380738,33011","10,910932547","48,563873022",0,1,#66c2a5,bicycle
61727,9,7,71,146,2019,5,7,4,3,2,6,0,0,1,0,0,1,0,"646753,931112","5348809,39965","10,977926354","48,27547153",0,2,#fc8d62,car
61787,9,2,74,121,2019,6,12,7,3,0,1,0,1,0,0,0,0,0,"725122,653968","5368533,52665","12,043437842","48,429672867",0,1,#66c2a5,bicycle
61789,9,2,74,113,2019,6,15,7,3,2,6,0,0,1,0,1,0,0,"728382,406243","5383934,94357","12,095861339","48,566855039",0,2,#fc8d62,car
61793,9,1,73,137,2019,6,15,7,3,2,6,0,0,1,0,1,0,0,"675671,402749","5304596,08101","11,349185751","47,870657322",0,2,#fc8d62,car
61810,9,1,87,177,2019,6,7,7,3,5,3,0,1,1,0,0,0,0,"736764,012771","5306063,96997","12,165834282","47,864237871",0,1,#66c2a5,bicycle
61813,9,1,90,120,2019,5,14,4,2,4,1,0,0,1,0,0,1,0,"668242,076574","5296033,06821","11,246590032","47,795660586",1,2,#fc8d62,car
61817,9,1,83,139,2019,5,7,4,3,5,3,0,0,1,0,0,0,0,"734083,574317","5335523,29219","12,146113738","48,129873155",0,2,#fc8d62,car
61818,9,1,82,125,2019,6,19,7,3,2,6,0,0,1,0,0,0,0,"712588,56074","5296594,83962","11,838365393","47,787599497",0,2,#fc8d62,car
61820,9,1,87,169,2019,6,12,7,3,8,7,0,1,0,0,0,0,0,"741690,530596","5298597,52798","12,227435411","47,795331612",0,1,#66c2a5,bicycle
61824,9,1,79,142,2019,6,22,7,2,8,1,2,0,1,0,0,0,0,"677425,714704","5342356,04377","11,388271116","48,209612634",0,2,#fc8d62,car
61825,9,1,81,130,2019,6,5,7,3,9,1,0,0,1,0,0,0,0,"638323,648533","5325169,22624","10,856676491","48,064792835",0,2,#fc8d62,car
61828,9,1,79,134,2019,6,14,7,3,5,3,0,1,0,0,0,0,0,"666247,82549","5343379,72386","11,238333568","48,221841808",0,1,#66c2a5,bicycle
61830,9,1,74,126,2019,6,11,7,3,9,1,0,0,0,0,1,0,0,"682190,544347","5345053,25488","11,453507724","48,232507002",0,4,#e78ac3,marker
61831,9,1,84,114,2019,5,20,4,3,2,6,0,0,1,0,0,0,0,"699817,175432","5319143,63312","11,67848405","47,994346234",0,2,#fc8d62,car
61832,9,1,74,137,2019,6,9,7,3,9,7,0,0,1,0,0,0,0,"658779,445619","5350792,92685","11,140636654","48,290403364",0,2,#fc8d62,car
61833,9,1,84,129,2019,6,8,7,2,0,1,0,0,0,0,1,0,0,"701618,267303","5326675,39431","11,706143141","48,061469759",0,4,#e78ac3,marker
61834,9,1,63,0,2019,5,16,4,3,4,2,0,1,1,0,0,0,0,"732699,167199","5305600,31057","12,111316234","47,861557283",0,1,#66c2a5,bicycle
61835,9,1,78,145,2019,6,5,7,2,2,6,0,0,1,0,0,0,0,"693526,291258","5356654,45794","11,611316236","48,333414404",0,2,#fc8d62,car
61838,9,1,78,143,2019,6,17,7,3,2,6,0,0,1,0,1,0,0,"716703,774201","5372068,60272","11,931609821","48,464386914",0,2,#fc8d62,car
61839,9,1,62,0,2019,5,20,6,3,3,6,2,1,0,0,0,0,0,"694801,066847","5334123,34857","11,618141082","48,130527105",0,1,#66c2a5,bicycle
61840,9,1,84,131,2019,5,15,6,2,5,3,0,0,1,0,0,0,0,"704859,870743","5336961,50011","11,75453942","48,152874677",0,2,#fc8d62,car
61841,9,1,87,150,2019,5,15,4,3,5,3,0,0,1,0,0,0,0,"728581,514","5303455,126","12,055209247","47,843761584",1,2,#fc8d62,car
61842,9,1,62,0,2019,5,13,6,3,5,3,0,1,1,0,0,0,0,"688070,884862","5327918,07284","11,525044866","48,076776657",0,1,#66c2a5,bicycle
61850,9,1,62,0,2019,5,17,4,3,2,6,0,0,1,0,0,0,0,"680525,197668","5339583,91798","11,428774958","48,183820658",0,2,#fc8d62,car
61852,9,1,79,121,2019,5,22,4,3,2,6,2,0,1,0,0,0,0,"668409,457","5338042,997","11,26529686","48,173295436",1,2,#fc8d62,car
61853,9,1,79,142,2019,5,12,4,3,2,3,0,0,1,0,1,0,0,"672738,021205","5340851,15197","11,324613687","48,197377553",0,2,#fc8d62,car
61855,9,1,79,126,2019,5,15,4,3,5,2,0,0,1,0,0,0,0,"676389,579612","5340379,46799","11,373515098","48,192133704",0,2,#fc8d62,car
61857,9,1,74,115,2019,5,14,4,3,5,3,0,1,1,0,0,0,0,"681291,212","5347085,634","11,442278105","48,251033005",0,1,#66c2a5,bicycle
61859,9,1,78,124,2019,5,19,4,3,0,1,0,1,0,0,0,0,0,"702846,062196","5363978,56031","11,740456429","48,396308951",0,1,#66c2a5,bicycle
61861,9,1,75,115,2019,5,17,4,3,5,3,0,0,1,0,1,0,0,"721018,091289","5329337,12017","11,967559732","48,078961411",1,2,#fc8d62,car
61862,9,1,77,115,2019,5,16,4,3,5,3,0,0,1,0,0,0,0,"734128,739031","5350871,10432","12,155183013","48,267729854",1,2,#fc8d62,car
61864,9,1,62,0,2019,5,2,3,3,5,3,2,0,1,0,0,0,0,"684512,679","5332099,979","11,47912657","48,115405662",1,2,#fc8d62,car
61865,9,1,62,0,2019,5,7,3,3,2,6,0,0,1,0,0,0,0,"688683,468783","5336750,15285","11,537169028","48,155980083",1,2,#fc8d62,car
61867,9,1,84,122,2019,5,14,3,3,6,2,0,0,1,1,0,0,0,"688011,104146","5323772,03764","11,522420877","48,039528227",1,2,#fc8d62,car
61869,9,1,62,0,2019,5,8,3,2,5,3,0,1,1,0,0,0,0,"693650,484751","5339674,97791","11,605220247","48,180774237",1,1,#66c2a5,bicycle
61870,9,1,62,0,2019,5,19,3,3,4,7,0,0,1,0,0,0,1,"701668,516001","5332226,20544","11,709437507","48,111338962",0,2,#fc8d62,car
61871,9,7,62,0,2019,5,16,6,3,3,2,0,1,1,0,0,0,0,"621437,029017","5304048,41404","10,62414513","47,878279343",0,1,#66c2a5,bicycle
61872,9,1,62,0,2019,5,13,3,3,3,5,0,0,1,0,0,0,0,"701445,827448","5332300,08077","11,706484014","48,112073344",1,2,#fc8d62,car
61873,9,7,62,0,2019,5,12,6,3,2,6,0,0,1,0,0,0,0,"620532,024898","5304031,92603","10,612041633","47,878301595",0,2,#fc8d62,car
61874,9,1,62,0,2019,5,10,3,3,6,2,0,0,1,1,0,0,0,"684625,643599","5329125,7636","11,479356189","48,088638923",1,2,#fc8d62,car
61876,9,1,62,0,2019,5,20,3,3,5,3,1,1,1,0,0,0,0,"697766,763029","5330077,00093","11,656080097","48,093246743",1,1,#66c2a5,bicycle
61884,9,7,72,147,2019,5,15,6,3,3,6,0,0,1,0,0,1,0,"636140,905728","5364277,18596","10,839966362","48,416928827",0,2,#fc8d62,car
61887,9,7,71,155,2019,5,11,6,2,5,3,0,0,1,0,0,0,0,"648906,723901","5375094,04636","11,016242165","48,511294676",0,2,#fc8d62,car
61890,9,7,71,113,2019,5,21,6,3,5,3,2,0,1,0,0,0,0,"658858,331","5369786,655","11,148876612","48,461142551",0,2,#fc8d62,car
61892,9,7,71,158,2019,5,13,6,2,4,6,0,0,1,0,0,0,0,"641607,388749","5375008,01469","10,91743689","48,512209451",0,2,#fc8d62,car
61895,9,7,61,0,2019,5,9,3,3,2,6,0,0,1,0,0,0,0,"639881,727408","5353316,04935","10,886850407","48,31755004",1,2,#fc8d62,car
61897,9,7,72,137,2019,5,8,3,2,5,3,0,0,1,0,0,0,0,"623584,67","5372429,189","10,67275283","48,492824846",1,2,#fc8d62,car
61898,9,7,72,209,2019,5,16,3,3,5,3,0,1,0,0,0,0,0,"634474,464857","5335731,43892","10,808367672","48,160596946",0,1,#66c2a5,bicycle
61900,9,7,72,151,2019,5,18,3,3,2,6,0,0,1,0,0,0,0,"632450,034638","5343510,61169","10,783584642","48,230976305",0,2,#fc8d62,car
61969,9,2,74,114,2019,5,19,3,3,8,7,0,0,1,0,0,0,0,"737805,81474","5372322,90329","12,216779166","48,459050677",1,2,#fc8d62,car
61976,9,2,74,113,2019,5,19,3,3,4,2,0,0,1,0,0,0,0,"728393,52086","5383930,20068","12,096009172","48,566808385",0,2,#fc8d62,car
61978,9,1,90,142,2019,5,14,3,3,2,6,0,0,1,0,0,0,0,"662449,887289","5295786,69555","11,169211145","47,794932752",1,2,#fc8d62,car
61979,9,2,61,0,2019,5,9,6,2,5,3,0,1,1,0,0,0,0,"733262,01113","5380892,35521","12,160199368","48,537728262",0,1,#66c2a5,bicycle
61980,9,1,90,142,2019,5,8,3,3,2,6,0,0,1,0,0,0,0,"659075,341798","5298426,8159","11,12515137","47,819513329",1,2,#fc8d62,car
61983,9,1,73,137,2019,5,17,6,3,3,3,0,0,1,0,0,0,0,"676728,181733","5299214,90401","11,361107542","47,821991849",0,2,#fc8d62,car
61984,9,1,87,170,2019,5,15,3,3,5,3,0,0,1,0,0,0,0,"734261,975107","5318690,37471","12,139293159","47,978588299",1,2,#fc8d62,car
61985,9,1,63,0,2019,5,10,3,3,1,6,0,0,0,0,0,1,1,"730843,989852","5303383,80177","12,085366246","47,842312511",1,5,#a6d854,bus
61986,9,1,73,137,2019,5,17,6,2,3,6,0,1,0,0,0,1,0,"675766,123361","5311189,26019","11,353137234","47,929902477",0,1,#66c2a5,bicycle
61987,9,1,63,0,2019,5,16,3,3,0,1,0,0,0,0,1,0,0,"734694,64885","5304880,38396","12,137565097","47,854363841",1,4,#e78ac3,marker
61993,9,1,87,122,2019,5,19,3,2,4,6,0,0,1,0,0,0,0,"720858,303101","5305176,09067","11,95300394","47,861924599",1,2,#fc8d62,car
61994,9,1,84,114,2019,5,13,6,3,2,6,0,0,1,0,0,0,1,"700066,793564","5318532,10176","11,68154135","47,98877216",0,2,#fc8d62,car
61996,9,1,81,130,2019,5,22,3,2,2,6,2,0,1,0,1,0,0,"638504,936162","5317595,86663","10,856659825","47,996650796",0,2,#fc8d62,car
61997,9,1,79,138,2019,5,13,3,3,2,6,0,0,1,0,0,0,1,"648956,393186","5337660,46753","11,003674061","48,174713713",0,2,#fc8d62,car
61999,9,1,74,126,2019,5,12,3,3,0,3,0,1,1,0,0,0,0,"683100,777478","5344452,42144","11,46549423","48,226844293",1,1,#66c2a5,bicycle
62001,9,1,62,0,2019,5,12,3,2,2,6,0,0,0,0,0,1,0,"696222,114014","5343442,83039","11,641520411","48,213848161",1,5,#a6d854,bus
62003,9,1,78,124,2019,5,21,3,3,5,2,2,0,1,0,0,0,0,"703878,982","5364792,98","11,7547899","48,403294376",1,2,#fc8d62,car
62005,9,1,77,117,2019,5,7,3,3,8,1,0,0,1,0,0,0,0,"714077,900176","5349990,94788","11,884899398","48,266914799",1,2,#fc8d62,car
62006,9,1,86,143,2019,5,17,6,3,5,3,0,0,1,0,0,0,0,"684675,083499","5377296,90493","11,501097682","48,521596362",0,2,#fc8d62,car