OBJECTID,ULAND,UREGBEZ,UKREIS,UGEMEINDE,UJAHR,UMONAT,USTUNDE,UWOCHENTAG,UKATEGORIE,UART,UTYP1,ULICHTVERH,IstRad,IstPKW,IstFuss,IstKrad,IstGkfz,IstSonstig,LINREFX,LINREFY,XGCSWGS84,YGCSWGS84,STRZUSTAND,Teilnehmer,color,symbol
62007,9,1,75,122,2019,5,22,3,2,9,1,2,0,1,0,0,0,0,"720887,812643","5323475,32229","11,962787421","48,026338004",1,2,#fc8d62,car
62009,9,1,62,0,2019,5,8,2,3,6,4,0,0,1,1,0,0,0,"696979,740959","5329415,77149","11,645216806","48,087547704",0,2,#fc8d62,car
62010,9,1,62,0,2019,5,15,2,3,3,5,0,0,1,0,0,0,0,"696971,278591","5329667,70929","11,645219484","48,089814596",0,2,#fc8d62,car
62011,9,1,84,130,2019,5,18,2,2,2,6,0,0,1,0,1,0,0,"700229,860072","5343206,97482","11,695299573","48,210476863",1,2,#fc8d62,car
62012,9,1,74,113,2019,5,12,6,3,3,6,0,0,1,0,0,0,0,"670694,580369","5347605,75781","11,299857714","48,25865122",0,2,#fc8d62,car
62013,9,1,84,122,2019,5,17,2,3,5,2,0,1,1,0,0,0,0,"689537,889593","5326629,51569","11,544149553","48,064760524",1,1,#66c2a5,bicycle
62014,9,1,81,138,2019,5,6,6,2,5,3,0,0,1,0,0,0,0,"639973,575","5334743,628","10,88195231","48,15052754",0,2,#fc8d62,car
62015,9,1,84,122,2019,5,0,2,2,0,7,2,1,0,0,0,0,0,"690882,143843","5323218,39648","11,560653413","48,033700229",0,1,#66c2a5,bicycle
62016,9,1,79,113,2019,5,13,6,3,4,6,0,0,1,0,0,0,0,"671023,842524","5334375,85146","11,298960103","48,139630787",0,2,#fc8d62,car
62018,9,1,79,121,2019,5,14,6,3,1,1,0,1,1,0,0,0,0,"666545,067055","5338400,60853","11,240378843","48,177001696",0,1,#66c2a5,bicycle
62021,9,1,81,114,2019,5,10,6,3,5,3,0,1,1,0,0,0,0,"656827,810714","5314111,25873","11,100844967","47,961088948",0,1,#66c2a5,bicycle
62027,9,1,73,118,2019,6,10,3,2,2,7,0,0,1,0,1,0,0,"687947,867761","5304802,75453","11,513286046","47,869040222",0,2,#fc8d62,car
62032,9,1,87,177,2019,6,10,3,3,0,7,0,1,0,0,0,0,1,"736433,592867","5303937,03243","12,160260678","47,84525175",0,1,#66c2a5,bicycle
62033,9,1,87,177,2019,6,10,3,3,4,2,0,0,1,0,0,0,0,"736336,318045","5305686,40082","12,15991811","47,861003355",0,2,#fc8d62,car
62034,9,1,87,139,2019,6,17,3,3,1,6,0,0,1,0,0,0,0,"743497,695135","5316985,14373","12,261889502","47,959823813",0,2,#fc8d62,car
62038,9,1,81,115,2019,6,6,3,3,2,6,0,0,1,0,0,0,0,"657977,332288","5327158,75844","11,121041588","48,078116379",0,2,#fc8d62,car
62039,9,1,79,121,2019,6,14,3,3,6,4,0,1,0,1,0,0,0,"667377,838697","5338374,31181","11,251562051","48,176546479",0,1,#66c2a5,bicycle
62040,9,1,84,112,2019,6,16,3,3,2,6,0,0,1,0,0,0,0,"701237,655551","5340913,13515","11,707762459","48,189543862",0,2,#fc8d62,car
62041,9,1,84,135,2019,6,16,3,3,2,6,0,0,1,0,0,1,0,"693300,900461","5344950,53506","11,602925137","48,228295171",0,2,#fc8d62,car
62042,9,1,75,132,2019,6,16,3,3,2,6,0,0,1,0,0,0,0,"706224,992138","5332674,2863","11,770797474","48,113906754",0,2,#fc8d62,car
62043,9,1,75,135,2019,6,18,3,3,5,3,0,1,1,0,0,0,0,"709525,613505","5339172,16785","11,818285845","48,171220008",0,1,#66c2a5,bicycle
62044,9,1,78,143,2019,6,15,3,3,5,3,0,0,1,0,0,0,0,"716045,515769","5371515,27654","11,922431203","48,459641791",0,2,#fc8d62,car
62045,9,1,78,144,2019,6,21,3,2,8,1,1,0,0,0,1,0,0,"707024,489642","5379036,88423","11,80428748","48,530260794",0,4,#e78ac3,marker
62046,9,1,78,115,2019,6,17,3,3,4,1,0,0,1,0,0,0,0,"703439,715215","5377256,5885","11,754919908","48,515435204",0,2,#fc8d62,car
62047,9,7,61,0,2019,6,18,5,3,9,1,0,0,1,0,0,0,0,"644355,610954","5360798,49927","10,94972829","48,383822379",0,2,#fc8d62,car
62048,9,1,78,113,2019,6,19,3,3,2,2,0,0,1,0,0,1,0,"691193,350143","5367166,1552","11,584652032","48,428597704",0,2,#fc8d62,car
62049,9,7,71,156,2019,6,4,5,3,7,7,2,0,1,0,0,0,0,"653393,665365","5382306,87369","11,079611697","48,575061088",0,2,#fc8d62,car
62050,9,1,78,138,2019,6,16,3,3,5,3,0,0,1,0,1,0,0,"712377,65","5368061,633","11,871130674","48,429858784",0,2,#fc8d62,car
62052,9,1,77,133,2019,6,10,3,3,0,6,0,0,1,0,0,0,0,"707957,787609","5361766,75042","11,808336225","48,374769366",0,2,#fc8d62,car
62054,9,1,75,122,2019,6,9,3,2,2,6,0,0,1,0,0,0,0,"719853,904407","5327137,00843","11,950818727","48,059595543",0,2,#fc8d62,car
62056,9,1,77,115,2019,6,8,3,3,5,3,0,0,1,0,0,0,0,"736543,989801","5352995,2679","12,18886795","48,285913691",0,2,#fc8d62,car
62057,9,1,62,0,2019,6,15,2,3,2,6,0,0,1,0,0,0,0,"695114,640319","5340158,11764","11,62511832","48,18466852",0,2,#fc8d62,car
62060,9,1,84,121,2019,6,7,2,2,5,3,0,0,1,0,0,0,0,"705428,051534","5331126,18582","11,759357484","48,100252183",0,2,#fc8d62,car
62062,9,1,84,139,2019,6,15,2,3,5,3,0,0,0,0,1,0,1,"687360,932251","5326226,08591","11,514781054","48,061777389",0,4,#e78ac3,marker
62065,9,7,78,216,2019,6,11,2,3,8,7,0,0,0,0,0,1,0,"624740,250208","5320864,78658","10,673181053","48,02888294",0,5,#a6d854,bus
62089,9,7,72,163,2019,6,16,2,3,4,2,0,0,1,0,1,0,0,"639117,012006","5344596,10347","10,873670613","48,239309656",0,2,#fc8d62,car
62091,9,7,61,0,2019,6,18,2,3,5,2,0,0,1,0,0,0,0,"641424,117704","5352717,25127","10,907442862","48,311822723",0,2,#fc8d62,car
62093,9,7,61,0,2019,6,20,2,3,4,2,0,0,1,0,0,0,0,"640991,809388","5360400,24706","10,904188147","48,381002248",0,2,#fc8d62,car
62141,9,2,61,0,2019,6,13,5,3,2,6,0,0,1,0,0,0,0,"731897,389016","5381071,14417","12,141840192","48,539839987",0,2,#fc8d62,car
62143,9,2,61,0,2019,6,12,5,3,5,2,0,0,1,0,0,0,0,"733064,032766","5381060,26448","12,157615328","48,539310084",0,2,#fc8d62,car
62147,9,1,73,137,2019,6,14,5,3,5,3,0,0,1,0,0,0,0,"676648,685","5299277,863","11,360072056","47,822579672",0,2,#fc8d62,car
62149,9,1,90,157,2019,6,16,5,3,3,6,0,1,1,0,0,0,0,"660519,094","5300843,675","11,145320921","47,840885078",0,1,#66c2a5,bicycle
62150,9,1,90,157,2019,6,12,5,3,5,3,0,1,1,0,0,0,0,"659912,896714","5301022,39474","11,137291029","47,842643043",0,1,#66c2a5,bicycle
62152,9,1,83,126,2019,6,15,5,3,2,6,0,0,1,0,0,1,0,"730368,929128","5338255,64984","12,097742692","48,155775185",0,2,#fc8d62,car
62155,9,1,87,177,2019,6,15,5,3,4,2,0,0,1,0,0,0,0,"736328,4955","5305684,05755","12,159812403","47,86098518",0,2,#fc8d62,car
62156,9,1,82,120,2019,6,11,5,3,0,1,0,1,0,0,0,0,0,"702827,784856","5306060,79946","11,71263236","47,875820893",0,1,#66c2a5,bicycle
62158,9,1,82,127,2019,6,19,5,3,8,1,0,0,1,0,0,0,0,"698221,014868","5311448,53116","11,653565354","47,925682617",0,2,#fc8d62,car
62165,9,1,81,130,2019,6,15,5,3,6,4,0,0,1,1,0,0,0,"639568,176713","5323196,94864","10,872728736","48,046786465",0,2,#fc8d62,car
62167,9,1,78,143,2019,6,17,5,2,2,6,0,0,1,0,1,0,0,"720789,955205","5373445,17269","11,98753751","48,475333737",0,2,#fc8d62,car
62169,9,1,75,132,2019,6,15,5,3,2,6,0,0,1,0,0,0,0,"706760,302703","5330497,92978","11,776926589","48,094175504",0,2,#fc8d62,car
62170,9,1,78,124,2019,6,16,5,3,0,1,0,1,0,0,0,0,0,"702637,782051","5362933,04296","11,73714158","48,386980584",0,1,#66c2a5,bicycle
62172,9,1,84,135,2019,6,18,4,3,4,2,0,0,1,0,0,0,0,"692028,144456","5345062,61895","11,585855596","48,229689106",0,2,#fc8d62,car
62173,9,1,62,0,2019,6,11,4,3,5,3,0,0,1,0,1,0,0,"688747,030588","5329056,68799","11,534616651","48,086811045",0,2,#fc8d62,car
62175,9,1,62,0,2019,6,19,4,3,5,3,0,0,1,0,1,0,0,"685473,818273","5335316,12912","11,49342774","48,144034696",0,2,#fc8d62,car
62177,9,1,62,0,2019,6,8,4,3,0,1,0,0,0,0,1,0,0,"694668,87966","5334416,62975","11,616500393","48,133203436",0,4,#e78ac3,marker
62179,9,1,62,0,2019,6,20,4,3,2,6,0,0,1,0,1,0,0,"685453,841633","5335318,49669","11,493160478","48,1440618",0,2,#fc8d62,car
62180,9,1,84,122,2019,6,8,4,3,5,3,0,1,1,0,0,0,0,"688888,941928","5325134,87179","11,53478768","48,051518718",0,1,#66c2a5,bicycle
62182,9,1,84,145,2019,6,13,4,2,4,2,0,0,1,0,1,0,0,"696496,516263","5322576,26417","11,635593447","48,026226379",0,2,#fc8d62,car
62199,9,7,72,147,2019,6,6,4,2,2,6,0,0,1,0,1,1,0,"638940,923366","5364079,43733","10,877722621","48,41453953",0,2,#fc8d62,car
62201,9,7,71,145,2019,6,7,4,3,5,3,0,0,1,0,0,0,0,"645923,316919","5345732,69199","10,965676995","48,247999357",0,2,#fc8d62,car
62203,9,7,61,0,2019,6,6,4,2,2,2,0,0,1,0,1,0,0,"643246,991228","5359503,95512","10,934322538","48,372435257",0,2,#fc8d62,car
62205,9,7,61,0,2019,6,17,4,3,5,2,0,0,1,0,0,0,0,"641750,237459","5359750,01773","10,914206014","48,374985718",0,2,#fc8d62,car
62207,9,7,61,0,2019,6,11,4,3,2,2,0,0,1,0,1,0,0,"638423,071844","5355512,01912","10,867906857","48,337616973",0,2,#fc8d62,car
62208,9,7,61,0,2019,6,8,4,3,5,3,0,0,1,0,0,0,0,"640835,350513","5360480,67918","10,902103232","48,381760409",0,2,#fc8d62,car
62209,9,2,61,0,2019,6,15,2,3,5,2,0,0,1,0,1,0,0,"732908,160105","5381264,52107","12,155621018","48,541202722",0,2,#fc8d62,car
62211,9,2,74,182,2019,6,15,2,3,0,1,0,1,0,0,0,0,0,"728615,837604","5377862,38565","12,095689559","48,512219085",0,1,#66c2a5,bicycle
62213,9,1,90,159,2019,6,22,2,2,8,1,2,0,1,0,0,0,0,"665151,241118","5305869,90089","11,209102277","47,884901258",1,2,#fc8d62,car
62214,9,1,90,157,2019,6,8,2,3,2,6,0,0,1,0,0,0,0,"660443,459067","5300570,67191","11,144209609","47,838449351",0,2,#fc8d62,car
62217,9,1,83,118,2019,6,16,2,3,8,1,0,1,0,0,0,0,0,"743655,481106","5338319,09091","12,27614691","48,151394504",0,1,#66c2a5,bicycle
62231,9,1,87,116,2019,6,22,2,2,5,3,2,0,1,0,0,0,0,"743340,801432","5330019,77258","12,267188452","48,076967625",0,2,#fc8d62,car
62233,9,1,87,177,2019,6,14,2,3,5,3,0,0,1,0,0,0,0,"736336,75","5304007,754","12,159006891","47,845922697",0,2,#fc8d62,car
62238,9,1,87,150,2019,6,19,2,2,5,2,0,1,1,0,0,0,0,"728566,453","5304420,89","12,055518323","47,85244396",0,1,#66c2a5,bicycle
62255,9,1,88,113,2019,6,11,2,3,5,3,0,1,1,0,0,0,0,"675649,161561","5314861,69475","11,353071559","47,96294855",0,1,#66c2a5,bicycle
62256,9,1,88,139,2019,6,11,2,2,0,1,0,1,0,0,0,0,0,"676236,864153","5318680,11161","11,362504238","47,99711295",0,1,#66c2a5,bicycle
62258,9,1,81,128,2019,6,14,2,3,2,7,0,0,1,0,1,0,0,"638317,564921","5327619,48231","10,857387994","48,086827682",0,2,#fc8d62,car
62261,9,1,88,117,2019,6,13,2,3,2,6,0,0,1,0,0,0,0,"663426,733241","5315081,32382","11,189546548","47,968160074",0,2,#fc8d62,car
62263,9,1,88,132,2019,6,5,2,1,7,7,1,0,0,0,1,0,0,"668353,572","5323302,152","11,25872873","48,040790029",0,4,#e78ac3,marker
62265,9,1,79,121,2019,6,16,2,3,0,7,0,1,0,1,0,0,0,"667678,401848","5338453,06228","11,255633039","48,177175201",0,1,#66c2a5,bicycle
62267,9,1,74,126,2019,6,12,2,2,0,1,0,1,0,0,0,0,0,"683590,696302","5344025,53303","11,471899854","48,22286563",0,1,#66c2a5,bicycle
62269,9,1,74,113,2019,6,11,2,3,5,3,0,0,1,0,0,0,0,"677710,710993","5351093,77019","11,395771744","48,288075748",0,2,#fc8d62,car
62271,9,1,84,130,2019,6,4,2,2,2,6,2,0,0,0,0,1,1,"696952,346279","5342753,93431","11,651020009","48,20743072",0,5,#a6d854,bus
62274,9,1,75,133,2019,6,6,2,3,5,3,0,0,1,0,0,0,0,"708388,32","5341665,078","11,804229961","48,193995455",0,2,#fc8d62,car
62276,9,1,75,135,2019,6,11,2,3,5,2,0,1,1,0,0,0,0,"709068,588","5339105,372","11,812113336","48,170770259",0,1,#66c2a5,bicycle
62280,9,1,78,136,2019,6,8,2,3,5,3,0,0,1,0,0,0,0,"697123,309922","5369151,53326","11,665661359","48,444612134",0,2,#fc8d62,car
62281,9,1,62,0,2019,6,13,1,3,6,4,0,0,1,1,0,0,0,"694559,915327","5335508,08513","11,615535969","48,143046304",0,2,#fc8d62,car
62282,9,1,84,144,2019,6,17,1,2,9,6,0,1,0,0,1,0,0,"687938,838","5317674,262","11,518780062","47,984739921",0,1,#66c2a5,bicycle
62300,9,7,77,130,2019,6,8,1,3,2,6,0,0,1,0,0,0,0,"625011,020291","5308863,17295","10,673319439","47,920894962",0,2,#fc8d62,car
62303,9,7,77,140,2019,6,10,1,3,8,1,0,0,0,0,1,0,0,"627811,199534","5316357,63338","10,713010647","47,987742282",0,4,#e78ac3,marker
62309,9,7,73,116,2019,6,15,1,3,2,6,0,0,1,0,1,0,0,"620194,748282","5380669,57359","10,629265039","48,567585832",0,2,#fc8d62,car
62331,9,2,61,0,2019,6,7,4,3,2,6,0,0,1,0,1,0,0,"732031,58","5380859,682","12,143537686","48,537890867",0,2,#fc8d62,car
62339,9,1,73,130,2019,6,8,4,3,2,7,0,0,1,0,0,1,0,"679638,02495","5312627,05416","11,405526837","47,941753866",0,2,#fc8d62,car
62341,9,1,73,120,2019,6,11,4,3,4,2,0,1,1,0,0,0,0,"682992,272885","5310093,65925","11,449325174","47,918031793",0,1,#66c2a5,bicycle
62343,9,1,73,130,2019,6,7,4,2,5,3,0,0,1,0,1,0,0,"682837,916","5316233,047","11,449869134","47,973263069",0,2,#fc8d62,car
62345,9,1,73,147,2019,6,8,4,3,4,2,0,0,1,0,1,0,0,"680950,864593","5309168,22659","11,421638206","47,910292153",0,2,#fc8d62,car
62347,9,1,90,144,2019,6,18,4,3,5,3,0,0,1,0,0,0,0,"658129,01668","5308721,23966","11,116284036","47,91230649",0,2,#fc8d62,car
62348,9,1,90,140,2019,6,18,4,3,8,1,0,0,0,0,1,0,0,"645413,474404","5299847,79864","10,943227642","47,835524206",0,4,#e78ac3,marker
62350,9,1,90,152,2019,6,16,4,3,4,2,0,1,0,0,0,0,0,"672231,749723","5299435,74154","11,301173248","47,825196677",0,1,#66c2a5,bicycle
62352,9,1,90,152,2019,6,9,4,2,3,2,0,0,0,0,1,0,1,"669474,100249","5300185,49535","11,264651893","47,832669703",0,4,#e78ac3,marker
62359,9,1,83,119,2019,6,23,4,3,3,6,2,0,1,0,0,0,0,"732124,904578","5339160,97162","12,121812749","48,163269789",0,2,#fc8d62,car
62369,9,1,87,169,2019,6,8,4,3,0,7,0,0,0,0,1,1,0,"736817,729131","5299162,62042","12,162777918","47,802218353",0,4,#e78ac3,marker
62371,9,1,86,162,2019,6,10,4,3,3,6,0,0,1,0,0,1,0,"691247,149795","5382975,18981","11,592618559","48,570660436",0,2,#fc8d62,car
62376,9,1,81,130,2019,6,8,4,3,2,6,0,0,1,0,0,0,1,"638999,318142","5325318,57405","10,86578938","48,065988942",0,2,#fc8d62,car
62378,9,1,88,139,2019,6,12,4,2,5,3,0,0,1,0,1,0,0,"671015,927705","5321142,10537","11,293556725","48,020663822",0,2,#fc8d62,car
62380,9,1,81,127,2019,6,17,4,2,3,2,0,0,0,0,1,0,1,"635281,372272","5324068,80896","10,815514346","48,055549723",0,4,#e78ac3,marker
62381,9,1,79,123,2019,6,9,4,3,5,2,0,1,0,0,0,0,1,"675957,317958","5333557,81305","11,364881858","48,130932039",0,1,#66c2a5,bicycle
62383,9,1,74,115,2019,6,16,4,3,5,2,0,1,1,0,0,0,0,"681144,444361","5347295,2894","11,440392499","48,252959481",0,1,#66c2a5,bicycle
62384,9,1,74,146,2019,6,9,4,3,4,2,0,0,1,0,0,1,0,"668396,56372","5349721,36119","11,26976318","48,278284761",0,2,#fc8d62,car
62386,9,1,78,143,2019,6,15,4,3,2,6,0,0,1,0,0,1,0,"720287,257909","5372450,61885","11,980221281","48,466574672",0,2,#fc8d62,car
62388,9,1,77,116,2019,6,17,4,2,2,7,0,0,1,0,1,0,0,"712916,321718","5361686,04363","11,875170521","48,372390976",0,2,#fc8d62,car
62390,9,1,75,112,2019,6,16,4,3,2,6,0,0,1,0,1,0,0,"721742,873","5320325,064","11,972611791","47,997736615",0,2,#fc8d62,car
62392,9,1,84,136,2019,6,7,3,3,5,2,0,1,1,0,0,0,0,"699199,736594","5327380,40823","11,674046611","48,068565554",0,1,#66c2a5,bicycle
62393,9,1,62,0,2019,6,9,3,3,1,7,0,0,1,0,1,0,0,"695440,774553","5342548,47348","11,630601653","48,206051338",0,2,#fc8d62,car
62395,9,1,62,0,2019,6,14,3,3,2,6,0,0,1,0,1,0,0,"694985,534444","5332999,87116","11,620103701","48,120373291",0,2,#fc8d62,car
62397,9,1,62,0,2019,6,9,3,3,3,2,0,1,1,0,0,0,0,"693850,117274","5331648,3742","11,604248712","48,108573122",0,1,#66c2a5,bicycle
62399,9,1,62,0,2019,6,8,3,3,2,6,0,0,1,0,0,0,0,"690477,91705","5331967,55549","11,559135218","48,112459239",0,2,#fc8d62,car
62400,9,1,62,0,2019,6,7,3,3,2,6,0,0,1,0,1,1,0,"693800,999562","5336985,59638","11,606017268","48,15655726",0,2,#fc8d62,car
62409,9,1,73,147,2019,6,16,1,3,2,6,0,0,1,0,0,0,1,"681584,232822","5308858,01246","11,429975988","47,90732457",0,2,#fc8d62,car
62413,9,1,73,118,2019,6,11,1,3,4,2,0,1,1,0,0,0,0,"694123,584714","5302729,77041","11,594852533","47,84857126",0,1,#66c2a5,bicycle
62416,9,7,61,0,2019,6,7,3,3,2,6,0,0,1,0,0,0,0,"637792,14825","5361280,27137","10,861287188","48,389622239",0,2,#fc8d62,car
62418,9,7,61,0,2019,6,9,3,3,1,6,0,0,1,0,0,1,1,"643404,493134","5361380,35433","10,937088351","48,389271021",0,2,#fc8d62,car
62419,9,7,71,113,2019,6,17,3,3,9,7,0,0,1,0,0,0,0,"659937,377039","5372234,48701","11,164398227","48,482875234",0,2,#fc8d62,car
62440,9,1,82,120,2019,6,14,1,3,2,7,0,0,1,0,0,0,0,"703041,492722","5309814,52","11,717252789","47,909488924",0,2,#fc8d62,car
62443,9,1,87,170,2019,6,22,1,3,0,7,2,1,0,0,0,0,0,"732115,607446","5322274,32162","12,112511981","48,011568236",0,1,#66c2a5,bicycle
62445,9,1,82,125,2019,6,7,1,3,9,1,0,0,1,0,0,0,0,"713375,749332","5297931,11995","11,849519057","47,799347564",0,2,#fc8d62,car
62449,9,1,87,179,2019,6,10,1,2,0,6,0,0,0,0,1,0,1,"723355,868197","5309322,84276","11,988495156","47,898320434",0,4,#e78ac3,marker
62453,9,1,86,162,2019,6,17,1,3,2,6,0,0,1,0,0,0,0,"691362,690974","5384194,58135","11,59474433","48,581583903",0,2,#fc8d62,car
62456,9,1,74,135,2019,6,15,1,3,3,6,0,0,1,0,0,0,0,"660760,603033","5355101,85629","11,168968271","48,328641614",0,2,#fc8d62,car
62458,9,1,88,139,2019,6,12,1,2,0,1,0,1,0,0,0,0,0,"677225,215567","5319047,05267","11,375893132","48,000138389",0,1,#66c2a5,bicycle
62460,9,1,79,142,2019,6,16,1,3,0,1,0,0,0,0,1,0,0,"673414,279183","5343969,07705","11,334981149","48,225221442",0,4,#e78ac3,marker
62462,9,1,79,142,2019,6,15,1,3,0,1,0,1,0,0,0,0,0,"672915,402623","5340106,63961","11,326695559","48,190636516",0,1,#66c2a5,bicycle
62463,9,1,81,135,2019,6,14,1,3,0,7,0,0,0,0,1,0,0,"643774,332936","5309303,33646","10,924483242","47,920919884",0,4,#e78ac3,marker
62465,9,1,88,121,2019,6,20,1,3,5,3,0,0,1,0,0,0,0,"671949,838","5329723,875","11,30952105","48,09756145",0,2,#fc8d62,car
62468,9,1,79,123,2019,6,13,1,3,5,2,0,0,1,0,0,0,0,"676716,726","5333787,843","11,375174703","48,132789439",0,2,#fc8d62,car
62470,9,1,88,120,2019,6,12,1,3,0,1,0,1,0,0,0,0,0,"676983,469156","5326008,95792","11,375531348","48,062788735",0,1,#66c2a5,bicycle
62472,9,1,79,125,2019,6,17,1,3,2,6,0,0,1,0,0,0,0,"660504,590578","5332014,39828","11,156774543","48,1211406",0,2,#fc8d62,car
62474,9,1,79,121,2019,6,20,1,2,4,2,0,0,1,0,1,0,0,"667367,299543","5339226,8773","11,251756199","48,184213775",0,2,#fc8d62,car
62476,9,1,81,123,2019,6,10,1,3,5,3,0,0,1,0,0,0,0,"656025,64694","5326808,566","11,094728192","48,075448354",0,2,#fc8d62,car
62478,9,1,75,132,2019,6,20,1,3,5,3,1,0,1,0,0,0,0,"706146,872481","5330793,19256","11,768840374","48,097027594",0,2,#fc8d62,car
62481,9,1,78,155,2019,6,17,1,3,2,6,0,0,1,0,0,0,0,"715891,516198","5375726,22976","11,922525173","48,497528909",0,2,#fc8d62,car
62483,9,1,78,116,2019,6,12,1,3,5,3,0,0,1,0,1,0,0,"702205,034313","5382920,6156","11,740968898","48,56673112",0,2,#fc8d62,car
62486,9,1,78,124,2019,6,14,1,2,2,6,0,0,1,0,1,0,0,"701802,625626","5361119,72966","11,725003484","48,37095313",0,2,#fc8d62,car
62489,9,1,62,0,2019,6,21,7,2,5,2,1,0,1,0,1,0,0,"684614,074367","5342654,94097","11,485068768","48,210249281",0,2,#fc8d62,car
62493,9,1,62,0,2019,6,15,7,3,2,6,0,0,1,0,0,0,0,"693029,539477","5337837,69471","11,596041247","48,164450289",0,2,#fc8d62,car
62495,9,1,84,148,2019,6,7,7,2,5,3,0,0,1,0,0,0,0,"697131,036842","5326624,36127","11,645958821","48,062413249",0,2,#fc8d62,car
62497,9,1,62,0,2019,6,13,7,3,0,6,0,0,1,0,1,0,0,"682482,635755","5335559,76415","11,453358587","48,147089671",0,2,#fc8d62,car
62515,9,2,61,0,2019,6,8,3,3,4,2,0,0,1,0,0,0,1,"732582,027014","5382865,95044","12,152103456","48,55570884",0,2,#fc8d62,car
62560,9,1,73,118,2019,6,7,4,3,4,6,0,0,1,0,0,1,0,"688672,367852","5302372,99537","11,521904514","47,846987495",0,2,#fc8d62,car
62562,9,1,83,119,2019,6,17,4,3,4,6,0,0,1,0,0,0,0,"732239,681642","5339196,33687","12,123373296","48,163545585",0,2,#fc8d62,car
62565,9,2,61,0,2019,6,6,1,3,5,3,0,0,1,0,0,0,0,"732795,115996","5383060,94558","12,155095842","48,557381363",0,2,#fc8d62,car
62569,9,1,90,138,2019,6,12,1,2,8,1,0,0,0,0,1,0,0,"663385,495567","5308216,3854","11,186389509","47,906449867",0,4,#e78ac3,marker
62572,9,1,90,130,2019,6,4,1,3,9,1,1,0,1,0,0,0,0,"650858,104586","5295670,75291","11,014487146","47,79671032",0,2,#fc8d62,car
62574,9,1,82,127,2019,6,15,4,3,3,6,0,0,1,0,0,0,0,"702170,359176","5312421,49652","11,706830983","47,933193657",0,2,#fc8d62,car
62583,9,1,82,123,2019,6,15,1,2,4,1,0,0,1,0,1,0,0,"716813,057","5297924,436","11,89535904","47,798139393",0,2,#fc8d62,car
62584,9,1,74,131,2019,6,23,4,1,8,1,2,0,1,0,0,0,0,"676970,37008","5355743,38488","11,38775006","48,330078018",0,2,#fc8d62,car
62586,9,1,87,130,2019,6,13,1,2,0,1,0,1,0,0,0,0,0,"712393,523461","5310719,68256","11,842698612","47,91459478",0,1,#66c2a5,bicycle
62587,9,1,77,117,2019,6,16,4,3,3,6,0,0,1,0,1,0,0,"716130,889","5352154,28","11,91363432","48,285655544",0,2,#fc8d62,car
62589,9,1,78,120,2019,6,17,4,3,5,2,0,0,1,0,0,0,1,"693025,955744","5355033,56004","11,603830155","48,318999799",0,2,#fc8d62,car
62591,9,1,62,0,2019,6,17,3,2,5,3,0,1,1,0,0,0,0,"692043,381291","5341285,26394","11,584350494","48,19573482",0,1,#66c2a5,bicycle
62592,9,1,85,166,2019,6,16,1,2,5,3,0,1,1,0,0,0,0,"672351,124","5382824,92","11,336628807","48,574790976",0,1,#66c2a5,bicycle
62593,9,1,62,0,2019,6,11,3,3,3,6,0,0,1,0,1,0,0,"688552,738421","5335304,96948","11,534772761","48,143029354",0,2,#fc8d62,car
62594,9,1,86,152,2019,6,13,1,2,5,3,0,0,1,0,0,0,0,"691064,997674","5375752,65324","11,586840342","48,505805969",0,2,#fc8d62,car
62596,9,1,62,0,2019,6,11,1,2,8,7,0,0,0,0,1,0,0,"684445,342556","5342529,03732","11,482744967","48,209166662",0,4,#e78ac3,marker
62597,9,1,62,0,2019,6,23,3,2,6,4,2,0,1,1,0,0,0,"686164,965662","5335223,93574","11,502669733","48,143004161",0,2,#fc8d62,car
62598,9,1,79,134,2019,6,16,1,3,5,3,0,1,1,0,0,0,0,"666711,65114","5342911,77507","11,244389486","48,217513272",0,1,#66c2a5,bicycle
62599,9,1,62,0,2019,6,17,3,3,5,3,0,1,1,0,0,0,0,"692538,355","5339191,197","11,590055271","48,176764129",0,1,#66c2a5,bicycle
62600,9,1,81,128,2019,6,6,1,3,8,1,0,0,1,0,0,0,0,"637751,556257","5326683,6517","10,849489709","48,078534929",0,2,#fc8d62,car
62601,9,1,62,0,2019,6,15,3,3,2,6,0,0,1,0,0,0,0,"691860,885307","5339251,76484","11,580978798","48,177513396",0,2,#fc8d62,car
62602,9,1,88,117,2019,6,11,1,2,0,1,0,1,0,0,0,0,0,"664645,383146","5319005,43392","11,207365655","48,003127594",0,1,#66c2a5,bicycle
62603,9,1,62,0,2019,6,19,3,3,5,3,0,0,1,0,1,0,0,"692137,136678","5339773,29734","11,584926903","48,182117328",0,2,#fc8d62,car
62604,9,1,79,149,2019,6,18,1,1,8,1,0,1,0,0,0,0,0,"655246,769","5330636,934","11,085670627","48,110059606",0,1,#66c2a5,bicycle
62605,9,1,62,0,2019,6,8,3,3,1,6,0,0,1,0,0,0,0,"692067,714679","5341641,76889","11,584838886","48,198931625",0,2,#fc8d62,car
62606,9,1,81,114,2019,6,10,1,3,4,6,0,0,1,0,1,0,0,"655219,948227","5318337,64765","11,080848212","47,999481444",0,2,#fc8d62,car
62607,9,1,62,0,2019,6,20,3,3,2,6,1,0,1,0,0,0,0,"692038,593442","5341220,26208","11,584256732","48,19515205",0,2,#fc8d62,car