OBJECTID,ULAND,UREGBEZ,UKREIS,UGEMEINDE,UJAHR,UMONAT,USTUNDE,UWOCHENTAG,UKATEGORIE,UART,UTYP1,ULICHTVERH,IstRad,IstPKW,IstFuss,IstKrad,IstGkfz,IstSonstig,LINREFX,LINREFY,XGCSWGS84,YGCSWGS84,STRZUSTAND,Teilnehmer,color,symbol
62608,9,1,75,133,2019,6,14,1,3,2,2,0,0,1,0,1,0,0,"707942,576212","5342118,46124","11,798461164","48,19821571",0,2,#fc8d62,car
62609,9,1,77,144,2019,6,9,1,2,0,1,0,1,0,0,0,0,0,"718094,19389","5347074,7942","11,937447033","48,239343486",0,1,#66c2a5,bicycle
62610,9,1,84,145,2019,6,16,3,3,5,2,0,1,1,0,0,0,0,"699211,47","5324801,555","11,673003138","48,045384986",0,1,#66c2a5,bicycle
62611,9,1,77,133,2019,6,5,1,3,8,1,0,0,1,0,0,0,0,"713665,611201","5355124,81132","11,881947332","48,313183528",0,2,#fc8d62,car
62613,9,1,75,123,2019,6,14,1,2,4,2,0,0,1,0,1,0,0,"722271,98201","5337496,35025","11,988623966","48,151834426",0,2,#fc8d62,car
62615,9,1,75,121,2019,6,13,1,3,8,1,0,0,0,0,1,0,0,"712738,903","5319989,708","11,851899454","47,997781835",0,4,#e78ac3,marker
62617,9,1,62,0,2019,6,13,7,3,9,1,2,0,1,0,0,0,0,"689421,50489","5331870,6165","11,544913471","48,111903",0,2,#fc8d62,car
62619,9,1,88,127,2019,6,13,7,3,0,2,0,0,1,0,0,0,0,"679523,860842","5329511,61675","11,411069838","48,093564696",0,2,#fc8d62,car
62621,9,1,62,0,2019,6,16,7,2,2,7,0,1,0,0,0,0,1,"693217,709235","5339015,32193","11,59910436","48,174977237",0,1,#66c2a5,bicycle
62625,9,7,62,0,2019,6,7,3,3,2,6,0,0,1,0,0,1,0,"620519,408909","5305442,96302","10,612266837","47,890994552",1,2,#fc8d62,car
62630,9,7,78,204,2019,6,17,7,3,5,3,0,1,1,0,0,0,0,"615591,94","5328382,844","10,552552735","48,098220058",0,1,#66c2a5,bicycle
62634,9,7,72,223,2019,6,8,3,3,2,6,0,0,1,0,0,0,0,"618175,685465","5362026,50954","10,596635208","48,400314252",0,2,#fc8d62,car
62636,9,7,72,200,2019,6,12,3,3,0,1,0,1,0,0,0,0,0,"629501,224564","5337096,46544","10,741937631","48,17390482",0,1,#66c2a5,bicycle
62637,9,7,72,147,2019,6,14,3,3,1,5,0,0,1,0,0,1,0,"639085,072154","5365198,0741","10,880040626","48,424566153",0,2,#fc8d62,car
62639,9,7,61,0,2019,6,21,3,3,0,1,2,1,0,0,0,0,0,"639969,740893","5360641,97141","10,890472787","48,383403343",0,1,#66c2a5,bicycle
62644,9,7,77,139,2019,6,17,7,3,5,3,0,1,1,0,0,0,0,"617575,609936","5307371,62902","10,573426908","47,908886981",0,1,#66c2a5,bicycle
62649,9,7,72,200,2019,6,11,7,3,5,3,0,1,1,0,0,0,0,"630629,787374","5336113,28188","10,756808604","48,164832363",0,1,#66c2a5,bicycle
62651,9,7,72,177,2019,6,12,7,3,5,3,0,1,1,0,0,0,0,"636885,8807","5378442,68671","10,854668498","48,544139704",0,1,#66c2a5,bicycle
62653,9,7,71,111,2019,6,16,7,2,4,7,0,0,0,0,1,0,0,"654161,561422","5357412,22964","11,080842453","48,351057525",0,4,#e78ac3,marker
62655,9,7,61,0,2019,6,10,7,3,2,1,0,0,1,0,0,0,0,"637863,083823","5353024,58575","10,859540868","48,315372586",0,2,#fc8d62,car
62722,9,1,90,159,2019,6,15,7,3,1,6,0,0,1,0,0,0,1,"663257,37299","5306216,29336","11,18391957","47,888500057",0,2,#fc8d62,car
62741,9,1,87,129,2019,6,13,7,3,1,6,0,0,1,0,0,0,0,"721284,772449","5301210,35171","11,956670789","47,826144",0,2,#fc8d62,car
62746,9,1,82,120,2019,6,11,7,3,5,3,0,1,0,0,0,0,0,"701713,455385","5306658,1562","11,698025303","47,881540541",0,1,#66c2a5,bicycle
62748,9,1,82,136,2019,6,17,7,3,0,1,0,1,0,0,0,0,0,"703721,430555","5301073,34878","11,722221378","47,830714607",0,1,#66c2a5,bicycle
62753,9,1,86,146,2019,6,16,7,3,8,7,0,0,0,0,0,0,1,"681639,083037","5367721,77083","11,455859926","48,436419317",0,6,#ffd92f,circle
62757,9,1,81,128,2019,6,18,7,3,5,2,0,1,1,0,0,0,0,"638619,31831","5327636,07496","10,86144324","48,086911335",0,1,#66c2a5,bicycle
62759,9,1,79,121,2019,6,20,7,3,6,4,1,0,1,1,0,0,0,"666130,862258","5338491,34663","11,234846798","48,177925863",0,2,#fc8d62,car
62761,9,1,81,144,2019,6,14,7,3,2,6,0,0,1,0,0,0,0,"653445,206693","5322661,76723","11,058620274","48,038789501",0,2,#fc8d62,car
62762,9,1,73,147,2019,6,11,3,3,2,6,0,0,1,0,0,0,0,"681932,108124","5308455,71231","11,434457259","47,903609642",0,2,#fc8d62,car
62763,9,1,62,0,2019,6,23,6,3,8,7,2,0,0,0,1,0,0,"691324,658984","5339270,31326","11,573781209","48,177841777",0,4,#e78ac3,marker
62764,9,1,62,0,2019,6,17,6,3,5,3,0,1,1,0,0,0,0,"680201,845451","5334994,37712","11,422484181","48,142657658",0,1,#66c2a5,bicycle
62765,9,1,90,142,2019,6,14,3,2,0,7,0,1,0,0,0,0,0,"658417,952266","5298328,2102","11,116339197","47,818788934",0,1,#66c2a5,bicycle
62766,9,1,62,0,2019,6,19,6,3,4,7,0,0,1,0,1,0,0,"685996,273698","5335253,30053","11,500417026","48,143317442",0,2,#fc8d62,car
62768,9,1,62,0,2019,6,14,6,3,5,2,0,0,1,0,1,0,0,"692601,492648","5331174,84011","11,587278295","48,10469583",0,2,#fc8d62,car
62771,9,1,84,138,2019,6,17,6,3,5,3,0,1,1,0,0,0,0,"682348,515141","5330227,39172","11,449276052","48,099196739",0,1,#66c2a5,bicycle
62773,9,1,62,0,2019,6,11,6,3,5,3,0,1,1,0,0,0,0,"688331,174014","5328399,06108","11,528747982","48,081023102",0,1,#66c2a5,bicycle
62774,9,1,84,136,2019,6,11,6,3,5,3,0,1,0,0,0,0,1,"697654,675383","5327974,25225","11,653603507","48,074383288",0,1,#66c2a5,bicycle
62776,9,1,84,123,2019,6,7,6,3,0,1,0,1,0,0,0,0,0,"703151,56683","5331869,10139","11,729169043","48,10765847",0,1,#66c2a5,bicycle
62778,9,1,62,0,2019,6,18,6,3,4,2,0,0,1,0,0,0,0,"694644,056211","5332071,24746","11,615096216","48,112131651",0,2,#fc8d62,car
62785,9,1,86,152,2019,6,7,3,2,2,6,0,0,0,0,0,1,0,"691113,285399","5381044,83715","11,589919335","48,553352995",0,5,#a6d854,bus
62787,9,7,78,203,2019,6,13,6,3,0,7,0,0,0,0,1,0,1,"622483,196","5324447,052","10,643944605","48,061536573",1,4,#e78ac3,marker
62788,9,1,85,166,2019,6,20,3,3,6,1,1,0,1,1,0,0,0,"672181,475932","5383086,73793","11,334439224","48,57719104",0,2,#fc8d62,car
62796,9,1,81,130,2019,6,16,3,3,2,6,0,0,1,0,0,0,0,"638884,625858","5325308,29268","10,86424737","48,065921472",0,2,#fc8d62,car
62797,9,7,62,0,2019,6,15,6,2,2,6,0,0,1,0,0,0,0,"623077,251","5306081,117","10,646652293","47,896248416",0,2,#fc8d62,car
62798,9,1,81,126,2019,6,14,3,3,8,7,0,0,0,0,0,1,0,"636658,704965","5329925,24721","10,835862296","48,107919893",0,5,#a6d854,bus
62800,9,1,79,113,2019,6,15,3,2,9,1,0,0,1,0,0,0,0,"670826,767016","5335943,8308","11,296942353","48,153779423",0,2,#fc8d62,car
62801,9,7,77,141,2019,6,17,6,3,0,1,0,1,0,0,0,0,0,"630679,268276","5306823,62503","10,74853712","47,901422687",0,1,#66c2a5,bicycle
62802,9,1,79,121,2019,6,17,3,3,2,6,0,0,1,0,0,0,0,"668169,138476","5339800,49282","11,262762508","48,18915875",0,2,#fc8d62,car
62804,9,1,84,147,2019,6,19,3,3,2,6,0,0,1,0,0,0,0,"699325,544273","5341497,22311","11,682337501","48,195395952",1,2,#fc8d62,car
62808,9,1,62,0,2019,6,16,3,3,3,6,0,0,1,0,0,1,0,"696513,764754","5343163,09553","11,645312655","48,211243876",0,2,#fc8d62,car
62810,9,1,77,133,2019,6,6,3,2,3,6,0,0,1,0,0,1,0,"710762,058923","5356661,18544","11,843602129","48,327962945",0,2,#fc8d62,car
62811,9,7,72,160,2019,6,17,6,3,0,6,0,0,1,0,0,0,0,"637795,567283","5340304,34244","10,854487843","48,201006212",0,2,#fc8d62,car
62812,9,1,84,148,2019,6,15,2,3,8,1,0,0,1,0,0,0,0,"693859,642","5328037,785","11,602737303","48,076119178",0,2,#fc8d62,car
62813,9,7,72,216,2019,6,17,6,2,3,6,0,0,1,0,1,0,0,"624395,233201","5366186,31211","10,681862728","48,436525397",0,2,#fc8d62,car
62814,9,1,84,132,2019,6,17,2,3,6,2,0,0,1,1,0,0,0,"683956,954464","5329348,50294","11,470480914","48,090834383",0,2,#fc8d62,car
62815,9,7,72,145,2019,6,7,6,3,5,3,0,0,1,0,0,0,0,"634500,645162","5370072,65956","10,819670789","48,46939372",0,2,#fc8d62,car
62816,9,7,61,0,2019,6,11,6,2,6,2,0,0,1,1,0,0,0,"642765,981786","5359810,71986","10,92793527","48,375302532",0,2,#fc8d62,car
62818,9,7,71,112,2019,6,6,6,3,0,6,0,1,1,0,0,0,0,"646680,809784","5368425,04905","10,983781156","48,451857383",0,1,#66c2a5,bicycle
62899,9,1,90,142,2019,6,18,2,3,8,7,0,0,1,0,0,0,0,"662748,017178","5295369,63477","11,173032739","47,791107666",1,2,#fc8d62,car
62917,9,1,84,146,2019,6,15,2,2,8,1,0,0,1,0,0,0,0,"695118,991537","5328495,50039","11,619835916","48,0798489",0,2,#fc8d62,car
62919,9,1,87,169,2019,6,14,2,3,2,6,0,0,1,0,0,0,1,"735984,932182","5299439,89074","12,151823893","47,805015048",0,2,#fc8d62,car
62925,9,1,82,133,2019,6,12,2,3,0,7,0,1,0,0,0,0,1,"706014,004218","5303446,97195","11,753949081","47,851316274",0,1,#66c2a5,bicycle
62927,9,1,87,129,2019,6,13,2,3,3,6,0,1,1,0,0,0,0,"718734,590829","5298832,8088","11,921443224","47,805652056",0,1,#66c2a5,bicycle
62929,9,1,87,117,2019,6,14,2,3,1,5,0,0,1,0,0,0,0,"726604,981801","5304958,59186","12,029616747","47,857969598",0,2,#fc8d62,car
62933,9,1,73,137,2019,6,18,6,2,0,1,0,1,0,0,0,0,0,"674736,598769","5303468,70649","11,336240032","47,860777331",0,1,#66c2a5,bicycle
62935,9,1,73,120,2019,6,12,6,3,4,2,0,0,1,0,0,0,0,"686359,620566","5315751,82814","11,496802319","47,967921781",0,2,#fc8d62,car
62936,9,1,79,126,2019,6,22,2,3,6,7,2,0,1,1,0,0,0,"676932,119144","5339902,55322","11,380610352","48,187695754",0,2,#fc8d62,car
62937,9,1,90,157,2019,6,9,6,2,0,7,0,0,0,0,0,0,1,"659960,254994","5301022,0952","11,137923423","47,842628568",0,6,#ffd92f,circle
62938,9,1,90,138,2019,6,15,6,3,5,2,0,0,1,0,0,0,1,"659560,536285","5310733,83728","11,136173917","47,930047297",0,2,#fc8d62,car
62939,9,1,90,140,2019,6,16,6,2,8,1,0,0,0,0,1,0,0,"646769,605","5300532,432","10,961571447","47,841372432",0,4,#e78ac3,marker
62941,9,1,81,137,2019,6,17,2,3,8,1,0,0,0,0,1,0,0,"647517,483605","5307107,9149","10,973805488","47,900328337",1,4,#e78ac3,marker
62943,9,1,81,127,2019,6,10,2,3,0,1,0,1,0,0,0,0,0,"635624,450256","5322818,67406","10,819719929","48,044234976",0,1,#66c2a5,bicycle
62945,9,1,81,143,2019,6,4,2,3,8,1,2,0,1,0,0,0,0,"638295,345771","5315461,47775","10,853164349","47,977502684",1,2,#fc8d62,car
62948,9,1,74,137,2019,6,3,2,3,8,1,2,0,1,0,0,0,0,"659540,006224","5351752,48758","11,151245442","48,298838917",0,2,#fc8d62,car
62950,9,1,62,0,2019,6,16,1,3,5,7,0,0,1,0,0,0,1,"688707,469308","5337836,17837","11,537973188","48,165734266",0,2,#fc8d62,car
62952,9,1,62,0,2019,6,17,1,3,5,3,0,0,1,0,0,0,0,"682893,086617","5335914,651","11,45902404","48,150161752",0,2,#fc8d62,car
62954,9,1,84,135,2019,6,4,1,2,5,2,1,0,1,0,0,0,0,"692562,730448","5349021,35304","11,594847118","48,265106435",0,2,#fc8d62,car
62957,9,1,62,0,2019,6,12,1,1,6,7,0,0,1,1,0,0,0,"690877,914927","5330143,88023","11,563687991","48,095948289",0,2,#fc8d62,car
62973,9,7,71,168,2019,6,14,1,2,5,3,0,1,1,0,0,0,0,"648859,569796","5342098,83092","11,003928621","48,214643395",0,1,#66c2a5,bicycle
62977,9,7,61,0,2019,6,17,1,3,0,7,0,1,0,0,0,0,0,"641203,851655","5360157,32182","10,906968655","48,378770538",0,1,#66c2a5,bicycle
62978,9,1,87,122,2019,6,18,6,3,5,3,0,0,1,0,0,0,1,"720186,758193","5307541,16112","11,945242273","47,883406389",0,2,#fc8d62,car
62985,9,1,62,0,2019,6,14,6,3,2,6,0,0,1,0,0,0,1,"685189,639332","5333063,63851","11,488631955","48,123871022",0,2,#fc8d62,car
62986,9,1,62,0,2019,6,15,6,3,2,6,0,0,1,0,0,0,0,"679095,470265","5340910,15893","11,410116479","48,196146789",0,2,#fc8d62,car
62988,9,1,88,139,2019,6,17,6,3,3,6,0,1,0,0,0,0,0,"675818,518","5319059,463","11,357056528","48,000638317",0,1,#66c2a5,bicycle
62991,9,1,79,142,2019,6,17,6,3,4,2,0,1,1,0,0,0,0,"671767,917886","5340813,43448","11,311554366","48,197301648",0,1,#66c2a5,bicycle
62993,9,1,74,137,2019,6,22,6,3,9,1,2,0,1,0,0,0,0,"659947,680354","5351934,42412","11,156807431","48,300371663",0,2,#fc8d62,car
62995,9,1,74,118,2019,6,7,6,3,5,3,0,1,1,0,0,0,0,"670977,728137","5355681,79617","11,306939439","48,331173883",0,1,#66c2a5,bicycle
62997,9,1,74,135,2019,6,17,6,1,9,1,0,0,0,0,1,0,0,"664230,42835","5352585,7838","11,214767147","48,305130214",0,4,#e78ac3,marker
62999,9,1,84,119,2019,6,12,6,3,2,6,0,0,1,0,0,1,0,"695864,829387","5346141,7928","11,637963045","48,238214878",0,2,#fc8d62,car
63000,9,1,77,133,2019,6,19,6,2,3,6,0,0,1,0,1,0,0,"709718,309297","5359952,42665","11,831176406","48,357884029",0,2,#fc8d62,car
63002,9,1,78,143,2019,6,18,6,2,0,3,0,1,1,0,0,0,0,"717734,558","5372225,175","11,945616796","48,465437786",0,1,#66c2a5,bicycle
63004,9,1,78,143,2019,6,23,6,2,3,6,2,0,1,0,1,0,0,"717483,224715","5372124,80871","11,942169142","48,464622965",0,2,#fc8d62,car
63005,9,1,78,122,2019,6,18,6,3,8,1,0,0,1,0,0,0,0,"706750,782","5383910,831","11,803004433","48,574146101",0,2,#fc8d62,car
63007,9,1,78,143,2019,6,9,6,3,2,6,0,0,1,0,0,0,0,"718339,863549","5372278,96744","11,953822415","48,465711318",0,2,#fc8d62,car
63008,9,1,77,135,2019,6,11,6,1,5,2,0,0,1,0,1,0,0,"719016,489115","5344506,64656","11,948525215","48,215951086",0,2,#fc8d62,car
63010,9,1,77,133,2019,6,18,6,2,4,6,0,0,1,0,0,0,1,"711336,337439","5359179,82493","11,852603718","48,350402454",0,2,#fc8d62,car
63011,9,1,77,117,2019,6,12,6,3,0,3,0,1,1,0,0,0,0,"716713,749","5354276,404","11,92257011","48,304523613",0,1,#66c2a5,bicycle
63012,9,1,75,123,2019,6,12,6,1,0,5,0,0,1,0,0,0,0,"726015,466","5335405,508","12,037775726","48,131730624",0,2,#fc8d62,car
63014,9,1,75,122,2019,6,8,6,3,4,6,0,0,1,0,0,0,0,"721604,633529","5326405,38083","11,973904942","48,052416346",0,2,#fc8d62,car
63016,9,1,62,0,2019,6,15,5,3,5,2,0,1,1,0,0,0,0,"694850,240106","5334112,12828","11,618796128","48,13041121",0,1,#66c2a5,bicycle
63018,9,1,62,0,2019,6,19,5,3,5,3,0,1,1,0,0,0,0,"680127,159006","5334976,73576","11,421473626","48,142520231",0,1,#66c2a5,bicycle
63020,9,1,84,142,2019,6,18,5,3,0,1,0,0,0,0,1,0,0,"683919,956","5317485,362","11,464889782","47,984209952",0,4,#e78ac3,marker
63022,9,1,62,0,2019,6,9,5,2,6,7,0,1,0,1,0,0,0,"701594,361776","5332261,11262","11,708458889","48,111676145",0,1,#66c2a5,bicycle
63035,9,7,72,177,2019,6,16,5,3,5,3,0,1,1,0,0,0,0,"637405,875","5375482,53","10,860734242","48,517409472",0,1,#66c2a5,bicycle
63036,9,7,61,0,2019,6,15,5,3,5,2,0,1,0,0,0,1,0,"638046,643741","5361358,33963","10,86474866","48,39026856",0,1,#66c2a5,bicycle
63053,9,1,86,152,2019,6,13,4,2,8,1,0,0,1,0,0,0,0,"693125,841203","5374470,04886","11,61411898","48,493649029",0,2,#fc8d62,car
63083,9,1,79,123,2019,6,10,4,2,0,7,0,1,0,0,0,0,0,"676544,877676","5334277,19506","11,373069825","48,13723604",0,1,#66c2a5,bicycle
63096,9,2,61,0,2019,6,11,4,3,2,6,0,0,1,0,0,0,0,"734237,634973","5382233,19113","12,174149683","48,549408985",0,2,#fc8d62,car
63101,9,1,62,0,2019,6,15,3,3,3,6,0,0,1,0,0,1,0,"687330,377074","5331980,16921","11,516895158","48,113506174",0,2,#fc8d62,car
63106,9,1,78,120,2019,6,16,4,3,2,6,0,0,1,0,0,0,1,"694613,898847","5354113,8582","11,624803213","48,310247502",0,2,#fc8d62,car
63107,9,2,61,0,2019,6,20,7,2,5,3,0,0,1,0,1,0,0,"732651,811355","5381780,83199","12,152441581","48,545935679",0,2,#fc8d62,car
63127,9,1,84,114,2019,6,8,7,3,2,6,0,0,1,0,0,0,0,"699588,380791","5319598,6709","11,675632181","47,998507269",0,2,#fc8d62,car
63129,9,1,82,125,2019,6,13,7,3,8,1,0,0,0,0,1,0,0,"708975,778178","5295931,65942","11,789869924","47,782821708",0,4,#e78ac3,marker
63141,9,1,79,147,2019,6,14,7,2,8,1,0,0,0,0,1,0,0,"664313,258122","5333427,67091","11,208459324","48,1328748",0,4,#e78ac3,marker
63143,9,1,81,139,2019,6,9,7,3,5,2,0,1,1,0,0,0,0,"656029,495644","5325917,2246","11,094454457","48,067433313",0,1,#66c2a5,bicycle
63145,9,1,74,150,2019,6,17,7,3,0,1,0,1,0,0,0,0,0,"684220,74822","5360099,7458","11,487386949","48,367162195",0,1,#66c2a5,bicycle
63147,9,1,74,118,2019,6,9,7,2,0,3,0,1,1,0,0,0,0,"671337,602","5355196,081","11,311593538","48,326710169",0,1,#66c2a5,bicycle
63148,9,2,61,0,2019,6,12,3,3,5,3,0,0,1,0,0,0,0,"732031,58","5380859,682","12,143537686","48,537890867",0,2,#fc8d62,car
63149,9,1,75,127,2019,6,12,7,3,3,2,0,0,1,0,0,0,0,"711404,348","5341634,673","11,844749217","48,192725552",0,2,#fc8d62,car
63152,9,1,77,126,2019,6,9,7,2,8,6,0,0,1,0,0,0,0,"719358,980643","5370676,73713","11,966750754","48,450961768",0,2,#fc8d62,car
63154,9,1,77,117,2019,6,13,7,3,0,1,0,1,0,0,0,0,0,"715408,925901","5355176,25453","11,905456342","48,31305446",0,1,#66c2a5,bicycle
63155,9,1,88,113,2019,6,17,3,3,2,6,0,0,1,0,0,0,1,"680054,123077","5314418,1331","11,411843141","47,95773759",0,2,#fc8d62,car
63157,9,1,75,122,2019,6,18,7,3,3,2,0,0,1,0,1,0,0,"721045,77969","5325594,24991","11,965996753","48,045322076",0,2,#fc8d62,car
63158,9,1,88,139,2019,6,18,3,2,8,1,0,0,0,0,1,0,0,"678504,991759","5319556,51569","11,393246401","48,004362113",0,4,#e78ac3,marker
63159,9,1,77,137,2019,6,4,7,3,0,1,2,1,0,0,0,0,0,"733984,204939","5347793,32554","12,151537065","48,240135083",0,1,#66c2a5,bicycle
63160,9,1,62,0,2019,6,11,6,3,4,2,0,1,1,0,0,0,0,"697512,880966","5333583,51672","11,654297599","48,124839777",0,1,#66c2a5,bicycle
63161,9,1,90,157,2019,6,15,3,2,0,7,0,1,0,0,0,0,0,"660536,275092","5300888,67136","11,145567067","47,841285355",0,1,#66c2a5,bicycle
63162,9,1,62,0,2019,6,15,6,3,3,6,0,0,1,0,1,0,0,"690467,868701","5339045,97715","11,562166754","48,176082851",0,2,#fc8d62,car
63163,9,1,90,152,2019,6,12,3,3,0,7,0,0,1,0,1,0,0,"670875,4","5299591,952","11,283127728","47,826962774",1,2,#fc8d62,car
63164,9,1,84,119,2019,6,13,6,3,5,6,0,1,0,0,0,1,0,"696134,030219","5345698,09339","11,641379312","48,234144038",0,1,#66c2a5,bicycle
63167,9,1,62,0,2019,6,11,6,3,5,2,0,0,1,0,1,0,0,"682579,561153","5341713,2084","11,457303517","48,202372937",0,2,#fc8d62,car
63169,9,1,84,141,2019,6,20,6,3,4,6,1,1,0,0,0,0,0,"698004,386578","5315019,78351","11,652311097","47,957846668",0,1,#66c2a5,bicycle
63180,9,1,87,117,2019,6,16,4,3,2,6,0,1,1,0,0,0,0,"726702,754","5304872,768","12,030877048","47,857164005",0,1,#66c2a5,bicycle
63186,9,1,87,182,2019,6,16,3,2,5,1,0,0,1,0,1,0,0,"741004,099514","5327256,37658","12,234309931","48,053032026",0,2,#fc8d62,car
63189,9,1,87,132,2019,6,10,3,3,8,1,0,0,0,0,1,0,0,"743651,837453","5298982,1767","12,253798384","47,798047986",0,4,#e78ac3,marker
63199,9,1,81,123,2019,6,16,4,2,5,2,0,0,1,0,1,0,0,"655796,822828","5326690,93173","11,091615344","48,074446644",0,2,#fc8d62,car
63200,9,7,71,160,2019,6,9,6,3,8,6,0,0,1,0,0,0,0,"654157,161372","5350907,56944","11,078404911","48,292576839",0,2,#fc8d62,car
63202,9,7,61,0,2019,6,21,6,3,2,2,2,0,1,0,0,0,0,"642135,007528","5362245,60481","10,9202432","48,397338298",0,2,#fc8d62,car
63203,9,1,81,146,2019,6,17,3,3,2,6,0,0,1,0,0,0,0,"650758,897663","5325772,6322","11,023700389","48,067400755",0,2,#fc8d62,car
63204,9,7,71,158,2019,6,13,6,3,5,3,0,0,1,0,0,0,0,"639240,535023","5372377,86796","10,884529549","48,489089664",0,2,#fc8d62,car
63205,9,1,81,140,2019,6,16,3,3,2,6,0,0,1,0,0,1,0,"644752,903533","5324302,56144","10,942630837","48,055573335",0,2,#fc8d62,car
63215,9,1,81,141,2019,6,16,3,3,3,6,0,0,0,0,1,1,0,"643781,314065","5317792,85402","10,927415026","47,997257435",0,4,#e78ac3,marker
63218,9,1,79,123,2019,6,6,3,3,2,6,0,0,1,0,0,0,1,"677380,475897","5332213,24668","11,383432565","48,118450441",0,2,#fc8d62,car
63220,9,1,74,115,2019,6,20,3,3,0,1,0,1,0,0,0,0,0,"681051,371556","5348939,50407","11,439843402","48,267765285",0,1,#66c2a5,bicycle
63221,9,1,77,135,2019,6,18,4,3,5,2,0,0,1,0,0,0,0,"718682,163874","5342536,11518","11,943015073","48,198361192",0,2,#fc8d62,car
63223,9,1,74,113,2019,6,7,3,3,3,1,0,0,1,0,0,0,0,"678371,191873","5345135,38745","11,402155616","48,234330958",0,2,#fc8d62,car
63226,9,1,75,111,2019,6,6,3,3,0,6,0,0,1,0,0,1,0,"714224,891778","5338778,45192","11,881214514","48,166115945",0,2,#fc8d62,car
63228,9,1,84,112,2019,6,14,3,3,2,6,0,0,1,0,0,1,0,"702697,759916","5339887,74446","11,726896749","48,179864759",0,2,#fc8d62,car
63232,9,1,84,119,2019,6,2,3,3,2,6,2,0,0,0,0,1,1,"695536,601716","5345087,46444","11,633060695","48,2288406",0,5,#a6d854,bus
63235,9,1,78,145,2019,6,9,3,3,0,1,0,1,0,0,0,1,0,"697441,075214","5354472,34785","11,663059262","48,3125931",0,1,#66c2a5,bicycle
63238,9,1,77,130,2019,6,21,3,3,8,1,2,0,0,0,1,0,0,"711623,436588","5351352,81669","11,852547642","48,279976646",0,4,#e78ac3,marker
63240,9,1,62,0,2019,6,14,2,3,2,1,0,0,1,0,1,0,0,"688031,614","5340319,408","11,529991236","48,188254121",0,2,#fc8d62,car
63244,9,1,62,0,2019,6,7,2,3,2,6,0,0,1,0,1,0,0,"693330,732549","5331467,57348","11,597196634","48,107105973",0,2,#fc8d62,car
63245,9,2,61,0,2019,6,11,4,3,0,1,0,1,0,0,0,0,0,"731624,053881","5381491,52893","12,138376402","48,543717172",0,1,#66c2a5,bicycle
63247,9,1,84,147,2019,6,7,2,2,5,3,0,0,1,0,0,0,1,"695602,225581","5339713,72301","11,631466662","48,180524638",0,2,#fc8d62,car
63249,9,1,62,0,2019,6,19,2,2,6,4,0,1,0,1,0,0,0,"695156,730295","5341768,50919","11,626424011","48,199128865",0,1,#66c2a5,bicycle
63250,9,1,62,0,2019,6,22,3,3,0,1,2,1,0,0,0,0,0,"680486,119533","5335062,63618","11,426331107","48,143190651",0,1,#66c2a5,bicycle
63260,9,7,62,0,2019,6,17,2,3,5,3,0,0,1,0,1,0,0,"622253,110032","5307233,2065","10,635957273","47,906767489",0,2,#fc8d62,car
63268,9,7,72,160,2019,6,13,2,3,8,1,0,0,0,0,1,0,0,"638697,678","5342628,887","10,867382095","48,221712243",0,4,#e78ac3,marker
63270,9,7,72,207,2019,6,15,2,3,3,2,0,0,1,0,1,0,0,"640661,180306","5381449,15704","10,906806981","48,570336687",0,2,#fc8d62,car
63272,9,7,61,0,2019,6,6,2,3,5,2,0,1,1,0,0,0,0,"639369,04112","5360885,7046","10,882444966","48,385727922",0,1,#66c2a5,bicycle
63275,9,7,71,112,2019,6,15,2,3,2,6,0,0,1,0,0,0,0,"642858,631663","5369592,58633","10,932517749","48,463234367",0,2,#fc8d62,car
63290,9,1,90,158,2019,6,13,6,2,5,3,0,0,1,0,1,0,0,"651703,754","5301352,776","11,027761789","47,847603429",0,2,#fc8d62,car
63293,9,1,86,152,2019,6,15,4,2,2,6,0,0,1,0,0,0,0,"691326,002416","5380593,32328","11,5925915","48,54923034",0,2,#fc8d62,car
63301,9,1,83,119,2019,6,5,6,3,5,3,0,0,1,0,0,0,0,"737281,29","5338158,669","12,190490973","48,152362981",0,2,#fc8d62,car
63313,9,1,78,120,2019,6,14,4,3,2,6,0,0,1,0,0,0,0,"691932,184802","5352938,64878","11,588138505","48,300504704",0,2,#fc8d62,car
63317,9,1,87,139,2019,6,14,6,3,2,6,0,0,1,0,0,0,1,"743484,143056","5316980,68197","12,261705737","47,959788887",0,2,#fc8d62,car
63322,9,1,81,141,2019,6,12,4,3,2,6,0,0,1,0,0,0,1,"643871,863887","5320139,80702","10,929415408","48,018341031",0,2,#fc8d62,car
63328,9,1,85,158,2019,6,17,6,3,5,3,0,1,1,0,0,0,0,"666555,51175","5381297,757","11,257508756","48,562630028",0,1,#66c2a5,bicycle
63331,9,7,71,130,2019,6,10,3,3,2,6,0,0,1,0,0,0,1,"645638,724467","5362842,91391","10,967756909","48,401909318",0,2,#fc8d62,car
63334,9,1,88,137,2019,6,0,6,3,8,1,2,0,0,0,1,0,0,"672182,819205","5313803,91926","11,306250812","47,954380861",0,4,#e78ac3,marker
63336,9,1,79,134,2019,6,21,6,2,8,1,1,0,0,0,1,0,0,"669897,48","5341927,616","11,286850028","48,207821009",0,4,#e78ac3,marker