OBJECTID,ULAND,UREGBEZ,UKREIS,UGEMEINDE,UJAHR,UMONAT,USTUNDE,UWOCHENTAG,UKATEGORIE,UART,UTYP1,ULICHTVERH,IstRad,IstPKW,IstFuss,IstKrad,IstGkfz,IstSonstig,LINREFX,LINREFY,XGCSWGS84,YGCSWGS84,STRZUSTAND,Teilnehmer,color,symbol
63339,9,1,81,130,2019,6,17,6,3,4,2,0,0,1,0,0,0,0,"642007,082051","5324136,05218","10,90574708","48,054693056",0,2,#fc8d62,car
63341,9,1,75,111,2019,6,16,6,2,0,1,0,1,0,0,0,0,0,"710818,416925","5336936,4465","11,834545163","48,150702571",0,1,#66c2a5,bicycle
63343,9,1,62,0,2019,6,18,3,3,6,4,0,1,0,1,0,0,0,"695648,459451","5333941,69655","11,62943429","48,128634608",0,1,#66c2a5,bicycle
63344,9,1,75,132,2019,6,15,6,3,0,3,0,0,1,0,1,0,0,"706581,177224","5330580,58811","11,774563735","48,094976395",0,2,#fc8d62,car
63346,9,1,75,133,2019,6,7,6,3,4,6,0,0,1,0,1,0,0,"707929,871082","5343134,4106","11,798788079","48,207349317",0,2,#fc8d62,car
63347,9,1,78,123,2019,6,15,6,3,0,1,0,0,0,0,1,0,0,"693000,44564","5360692,34549","11,606079563","48,369865002",0,4,#e78ac3,marker
63349,9,1,78,143,2019,6,14,6,3,5,2,0,0,1,0,0,0,0,"717479,232834","5372122,76241","11,94211415","48,464605959",0,2,#fc8d62,car
63351,9,1,78,113,2019,6,10,6,2,9,1,0,0,0,0,0,0,1,"693361,487752","5367332,38551","11,614007163","48,42942985",0,6,#ffd92f,circle
63352,9,7,72,157,2019,6,9,3,3,3,6,0,0,1,0,0,0,0,"627212,869802","5334904,51322","10,710515329","48,154655025",0,2,#fc8d62,car
63353,9,1,77,119,2019,6,12,6,3,2,6,0,0,1,0,0,0,0,"721828,591073","5339135,46206","11,983525174","48,166716179",0,2,#fc8d62,car
63354,9,1,77,143,2019,6,16,6,3,5,3,0,0,1,0,1,0,0,"719643,106573","5364036,7022","11,967110995","48,391205736",0,2,#fc8d62,car
63357,9,7,61,0,2019,6,7,3,3,3,6,0,1,0,0,0,0,0,"639858,479127","5360722,26501","10,888997628","48,384149995",0,1,#66c2a5,bicycle
63359,9,1,84,144,2019,6,15,5,3,4,6,0,1,0,0,0,0,1,"686815,900593","5317477,81816","11,503659793","47,983303064",0,1,#66c2a5,bicycle
63362,9,1,62,0,2019,6,19,5,3,5,2,0,0,1,0,1,0,0,"697783,592289","5333465,87129","11,657876938","48,12369842",0,2,#fc8d62,car
63364,9,1,84,147,2019,6,19,5,3,2,6,0,1,1,0,0,0,0,"695629,11","5339979,109","11,631950126","48,182901491",0,1,#66c2a5,bicycle
63366,9,1,84,123,2019,6,16,3,3,2,6,0,0,1,0,0,0,0,"703208,290687","5331839,39889","11,729916037","48,107373448",0,2,#fc8d62,car
63380,9,7,71,130,2019,6,21,5,2,2,1,1,0,1,0,0,0,0,"643736,398901","5363278,72068","10,942218872","48,406264418",0,2,#fc8d62,car
63383,9,7,61,0,2019,6,22,5,3,2,1,2,0,1,0,0,0,0,"640021,519114","5355714,67695","10,889531844","48,339087017",0,2,#fc8d62,car
63385,9,7,72,170,2019,6,18,5,3,5,2,0,0,1,0,0,0,0,"629574,381","5332650,036","10,741567146","48,133904143",0,2,#fc8d62,car
63386,9,1,73,126,2019,6,16,2,3,2,6,0,0,1,0,0,0,0,"687418,630986","5303525,91581","11,505662455","47,857717629",0,2,#fc8d62,car
63387,9,7,72,147,2019,6,17,5,2,4,6,0,0,1,0,1,1,0,"630766,885866","5367626,25751","10,768417381","48,448182664",0,2,#fc8d62,car
63389,9,7,71,130,2019,6,19,5,3,0,6,0,0,1,0,0,0,0,"645200,878396","5360582,06071","10,961063111","48,381682321",0,2,#fc8d62,car
63391,9,1,83,140,2019,6,18,4,3,2,6,0,0,1,0,0,0,0,"739243,685229","5340179,90495","12,217970958","48,169784204",0,2,#fc8d62,car
63392,9,7,61,0,2019,6,10,5,3,5,3,0,1,1,0,0,0,0,"643076,46583","5360499,16855","10,932359963","48,381422375",0,1,#66c2a5,bicycle
63394,9,7,61,0,2019,6,18,5,3,4,2,0,1,1,0,0,0,0,"642438,83489","5359304,3497","10,923348469","48,370823424",0,1,#66c2a5,bicycle
63400,9,1,82,137,2019,6,7,2,3,3,6,0,0,0,0,0,0,1,"711351,15577","5305164,6611","11,826045748","47,865019518",0,6,#ffd92f,circle
63402,9,1,63,0,2019,6,10,2,3,1,6,0,0,1,0,0,0,0,"733244,393805","5305281,39449","12,118423066","47,858494452",0,2,#fc8d62,car
63403,9,7,61,0,2019,6,18,5,2,3,1,0,0,1,0,1,0,0,"641456,066491","5357679,82056","10,909539584","48,35643733",0,2,#fc8d62,car
63404,9,7,71,112,2019,6,18,5,3,8,6,0,0,1,0,0,0,0,"646677,343487","5369978,10476","10,984278646","48,465821817",0,2,#fc8d62,car
63406,9,1,86,146,2019,6,9,4,3,1,7,0,0,1,0,1,0,0,"681648,88546","5367705,48101","11,455985272","48,436270073",0,2,#fc8d62,car
63417,9,1,79,142,2019,6,9,2,3,9,6,0,0,1,0,0,0,0,"677620,101034","5342221,02183","11,390828798","48,208344554",0,2,#fc8d62,car
63418,9,1,79,126,2019,6,16,2,3,0,7,0,1,0,0,0,0,0,"676142,700017","5340485,87798","11,370240153","48,193158759",0,1,#66c2a5,bicycle
63420,9,1,81,128,2019,6,19,2,2,5,3,0,0,1,0,0,0,0,"637469,926227","5326939,11172","10,845792704","48,08089291",0,2,#fc8d62,car
63423,9,1,88,144,2019,6,11,2,3,5,3,0,1,1,0,0,0,0,"668909,60543","5325216,64265","11,266938365","48,057854558",0,1,#66c2a5,bicycle
63425,9,1,79,121,2019,6,12,2,3,5,2,0,1,1,0,0,0,0,"667602,24389","5338657,21253","11,254689888","48,17903059",0,1,#66c2a5,bicycle
63427,9,1,79,138,2019,6,18,2,3,8,1,0,0,0,0,1,0,0,"652046,419866","5339894,77596","11,046011764","48,194070904",0,4,#e78ac3,marker
63430,9,1,74,126,2019,6,8,2,3,1,6,0,0,1,0,1,0,0,"683730,259245","5343904,67232","11,473724763","48,22173888",0,2,#fc8d62,car
63433,9,1,75,118,2019,6,18,2,1,9,6,0,0,1,0,0,1,0,"718240,487214","5338839,22871","11,935180539","48,165296327",0,2,#fc8d62,car
63434,9,1,88,120,2019,6,19,4,2,0,1,0,1,0,0,0,0,0,"677413,070039","5326402,77331","11,381455825","48,066209543",0,1,#66c2a5,bicycle
63436,9,1,78,143,2019,6,14,2,3,5,3,0,0,0,0,1,1,0,"716080,490939","5371519,1582","11,922905673","48,459664659",0,4,#e78ac3,marker
63438,9,1,78,124,2019,6,9,2,3,3,7,0,1,1,0,0,0,0,"703667,332475","5364890,80361","11,751981007","48,404241838",0,1,#66c2a5,bicycle
63440,9,1,75,124,2019,6,8,2,3,5,3,0,0,1,0,1,0,0,"712947,208312","5329350,70391","11,859343109","48,081829729",0,2,#fc8d62,car
63442,9,7,61,0,2019,6,19,3,3,5,3,0,1,1,0,0,0,0,"644348,880978","5360799,45218","10,949637774","48,383832487",0,1,#66c2a5,bicycle
63444,9,1,84,144,2019,6,11,1,3,8,7,0,1,0,0,0,0,0,"684907,506","5316335,286","11,477617137","47,973587486",0,1,#66c2a5,bicycle
63455,9,7,77,112,2019,6,13,1,3,8,2,0,0,1,0,0,0,0,"622854,157","5298573,328","10,641535094","47,828768359",0,2,#fc8d62,car
63458,9,7,72,147,2019,6,0,1,3,9,1,2,0,0,0,0,1,0,"637424,664999","5364161,69443","10,857269298","48,415611667",1,5,#a6d854,bus
63460,9,7,71,155,2019,6,14,1,3,0,1,0,1,0,0,0,0,0,"649221,52857","5375326,86627","11,020585219","48,51331319",0,1,#66c2a5,bicycle
63461,9,1,78,120,2019,6,13,4,3,3,6,0,0,1,0,1,0,0,"693689,878338","5354319,34061","11,612448555","48,312377862",0,2,#fc8d62,car
63470,9,7,61,0,2019,6,8,3,3,0,7,0,1,0,0,0,0,1,"644260,309536","5360805,99018","10,948444454","48,383911533",0,1,#66c2a5,bicycle
63489,9,1,62,0,2019,6,14,3,3,2,6,0,0,1,0,0,0,0,"687583,941307","5335050,36974","11,521649887","48,141027326",0,2,#fc8d62,car
63499,9,7,61,0,2019,6,15,3,3,0,7,0,1,0,0,0,0,0,"641073,11722","5365076,70786","10,906857215","48,4230328",0,1,#66c2a5,bicycle
63531,9,1,87,179,2019,6,10,4,3,8,1,0,1,0,0,0,0,0,"723369,186611","5312217,27096","11,990172247","47,924322429",0,1,#66c2a5,bicycle
63539,9,1,90,138,2019,6,19,5,2,9,3,0,0,1,0,0,0,0,"661860,36","5307268,007","11,165639791","47,898309747",0,2,#fc8d62,car
63540,9,1,90,142,2019,6,16,1,2,9,1,0,0,1,0,0,0,0,"658351,320517","5296467,66178","11,114770113","47,802076499",0,2,#fc8d62,car
63544,9,1,87,169,2019,6,13,1,3,2,6,0,0,1,0,0,0,0,"741267,101282","5298751,66665","12,221876044","47,796875027",0,2,#fc8d62,car
63547,9,1,87,182,2019,6,11,1,3,0,1,0,1,0,0,0,0,0,"739239,853884","5328849,93488","12,211563333","48,068010526",0,1,#66c2a5,bicycle
63550,9,1,74,113,2019,6,16,4,3,2,6,0,0,1,0,0,0,0,"674138,971812","5344564,47608","11,344975122","48,230375139",0,2,#fc8d62,car
63555,9,1,87,122,2019,6,19,1,3,0,1,0,1,0,0,0,0,0,"717549,280415","5307027,77661","11,90975186","47,8796923",0,1,#66c2a5,bicycle
63557,9,1,87,134,2019,6,16,5,3,8,1,0,0,1,0,0,0,0,"738995,377831","5319568,52098","12,203111324","47,984726765",0,2,#fc8d62,car
63558,9,1,87,179,2019,6,12,1,3,0,1,0,1,0,0,0,0,0,"725908,074465","5315376,29065","12,025767952","47,951815883",0,1,#66c2a5,bicycle
63561,9,1,81,128,2019,6,22,4,3,9,1,2,1,0,0,0,0,0,"638532,352","5327125,209","10,860110358","48,082336379",0,1,#66c2a5,bicycle
63562,9,1,63,0,2019,6,11,5,3,4,2,0,1,1,0,0,0,0,"732354,198","5307316,297","12,107633219","47,877098787",0,1,#66c2a5,bicycle
63564,9,1,87,177,2019,6,17,5,3,2,6,0,0,1,0,0,0,0,"736430,760957","5305660,76475","12,16116485","47,860738308",0,2,#fc8d62,car
63566,9,1,86,143,2019,6,15,1,3,8,1,0,0,1,0,0,0,0,"682741,943749","5379810,82716","11,476044455","48,544756974",0,2,#fc8d62,car
63572,9,7,71,112,2019,6,20,3,3,2,6,0,1,1,0,0,0,0,"645923,995875","5367997,34188","10,973402912","48,448187747",0,1,#66c2a5,bicycle
63574,9,1,81,127,2019,6,9,1,3,8,7,0,0,1,0,0,0,0,"633348,711307","5322432,31375","10,789080761","48,041240006",0,2,#fc8d62,car
63576,9,1,79,145,2019,6,3,1,3,1,5,2,0,1,0,0,0,0,"673439,148062","5336695,23775","11,332344852","48,159827107",1,2,#fc8d62,car
63579,9,1,88,120,2019,6,13,1,3,0,7,0,1,0,0,0,0,0,"677437,393009","5326391,79375","11,381777469","48,06610408",0,1,#66c2a5,bicycle
63582,9,1,74,131,2019,6,1,1,3,8,1,2,0,1,0,0,0,0,"676977,629805","5355949,29996","11,38793439","48,331926924",1,2,#fc8d62,car
63583,9,1,86,152,2019,6,16,5,3,4,6,0,0,1,0,0,0,0,"690940,711945","5375134,80035","11,584876859","48,50029097",0,2,#fc8d62,car
63584,9,1,62,0,2019,6,18,1,3,2,6,0,0,1,0,0,0,0,"684936,144442","5342574,16826","11,489364663","48,20942951",0,2,#fc8d62,car
63585,9,1,77,139,2019,6,17,4,3,5,3,0,0,1,0,0,0,1,"732935,241","5358570,927","12,143372537","48,337338639",0,2,#fc8d62,car
63586,9,1,88,121,2019,6,15,5,3,2,6,0,0,1,0,0,0,0,"674448,114928","5330901,78959","11,343528956","48,107471262",0,2,#fc8d62,car
63587,9,1,62,0,2019,6,16,7,3,1,2,0,0,1,0,0,0,0,"696345,874724","5331450,78612","11,637650035","48,106032933",0,2,#fc8d62,car
63588,9,1,62,0,2019,6,15,5,3,2,6,0,0,1,0,0,0,0,"686966,092348","5333202,69858","11,51254175","48,12460173",0,2,#fc8d62,car
63589,9,1,62,0,2019,6,13,5,3,2,6,0,0,1,0,0,0,0,"681743,51784","5341866,24406","11,446127571","48,203988395",0,2,#fc8d62,car
63590,9,1,62,0,2019,6,1,7,3,5,2,2,0,1,0,0,0,0,"689044,445834","5331682,0494","11,539769207","48,110320155",0,2,#fc8d62,car
63591,9,1,81,130,2019,6,18,5,3,5,2,0,0,1,0,0,1,0,"642251,236597","5324568,22398","10,909165487","48,058524806",0,2,#fc8d62,car
63592,9,1,84,141,2019,6,19,7,3,4,6,0,0,1,0,0,0,0,"697159,20751","5316377,92533","11,641624958","47,970313976",0,2,#fc8d62,car
63593,9,1,88,117,2019,6,13,5,2,5,3,0,1,1,0,0,0,0,"664160,519943","5315314,57685","11,199459222","47,970069386",0,1,#66c2a5,bicycle
63594,9,7,71,113,2019,6,9,3,3,8,1,0,1,0,0,0,0,0,"657473,687","5368862,637","11,129812401","48,453183499",0,1,#66c2a5,bicycle
63595,9,1,74,147,2019,6,16,5,3,5,3,0,0,1,0,1,0,0,"667470,388","5367792,593","11,264482003","48,440983705",0,2,#fc8d62,car
63596,9,1,84,122,2019,6,10,7,3,4,2,0,1,1,0,0,0,0,"687869,867879","5322780,92373","11,520093183","48,030661252",0,1,#66c2a5,bicycle
63597,9,1,78,113,2019,6,19,5,3,3,6,0,0,1,0,0,0,0,"691520,819832","5370508,86671","11,590602572","48,45854014",0,2,#fc8d62,car
63598,9,1,78,113,2019,6,3,5,2,8,1,2,0,0,0,0,0,1,"691525,728768","5369759,24814","11,590325939","48,451801625",0,6,#ffd92f,circle
63599,9,1,62,0,2019,6,18,7,3,2,2,0,0,1,0,0,0,0,"680459,417034","5335056,38451","11,425969822","48,14314203",0,2,#fc8d62,car
63601,9,1,78,116,2019,6,17,5,3,5,3,0,0,1,0,0,0,1,"702727,883826","5381649,74845","11,747428842","48,555142315",0,2,#fc8d62,car
63602,9,1,78,144,2019,6,20,5,3,5,3,0,1,1,0,0,0,0,"710660,33192","5377624,83175","11,852761191","48,516363618",0,1,#66c2a5,bicycle
63604,9,1,77,117,2019,6,10,5,3,5,3,0,1,0,0,0,0,0,"715611,026422","5355151,13576","11,90816581","48,312759907",0,1,#66c2a5,bicycle
63605,9,1,62,0,2019,6,17,7,3,2,6,2,0,1,0,0,0,0,"691715,822935","5339260,1713","11,579033213","48,177632732",0,2,#fc8d62,car
63606,9,1,62,0,2019,6,18,4,3,2,6,0,0,1,0,0,0,0,"687568,633232","5333101,80268","11,520586477","48,123517612",0,2,#fc8d62,car
63607,9,1,62,0,2019,6,10,7,3,2,6,0,0,1,0,0,0,0,"685758,437487","5335283,88086","11,497236199","48,143661796",0,2,#fc8d62,car
63608,9,1,62,0,2019,6,11,4,3,2,6,0,0,1,0,0,0,0,"701449,987636","5332299,02957","11,706539346","48,112062581",0,2,#fc8d62,car
63610,9,1,90,157,2019,6,16,4,3,5,3,0,0,1,0,0,0,0,"661706,766","5303076,08","11,162016873","47,860659031",0,2,#fc8d62,car
63615,9,1,62,0,2019,6,12,3,3,1,6,0,0,1,0,0,0,0,"685220,333","5335345,942","11,490036306","48,144376517",0,2,#fc8d62,car
63617,9,7,62,0,2019,6,21,7,3,1,6,2,0,1,0,1,0,0,"622442,03345","5304824,57001","10,637800857","47,885068972",1,2,#fc8d62,car
63619,9,7,62,0,2019,6,16,4,3,2,6,0,0,1,0,0,0,0,"620492,736412","5305553,19471","10,611940941","47,891990962",1,2,#fc8d62,car
63621,9,7,73,139,2019,6,22,7,3,3,6,2,1,0,0,0,0,0,"618118,083779","5383974,15601","10,602066114","48,59769793",0,1,#66c2a5,bicycle
63622,9,7,77,182,2019,6,23,4,3,2,3,2,0,1,0,0,0,0,"626486,236326","5308678,84321","10,693002788","47,918947848",0,2,#fc8d62,car
63623,9,7,72,223,2019,6,15,7,3,2,7,0,0,1,0,0,0,0,"623138,477085","5363758,07532","10,66416524","48,41493599",0,2,#fc8d62,car
63625,9,7,61,0,2019,6,7,4,3,2,6,0,0,1,0,0,1,0,"641805,331073","5361874,17675","10,915666439","48,394072821",0,2,#fc8d62,car
63626,9,7,61,0,2019,6,15,7,3,3,2,0,1,1,0,0,0,0,"639372,074367","5360885,81655","10,88248595","48,385728259",0,1,#66c2a5,bicycle
63628,9,7,71,114,2019,6,9,7,3,5,3,0,0,1,0,0,0,1,"646058,723818","5375127,42837","10,977715227","48,512263626",0,2,#fc8d62,car
63671,9,1,82,123,2019,6,19,7,3,8,1,0,0,1,0,0,0,0,"717086,078055","5301377,28128","11,9007291","47,829074489",1,2,#fc8d62,car
63673,9,1,87,150,2019,6,13,7,2,2,6,0,0,1,0,1,0,0,"728583,714767","5303455,64373","12,055238893","47,843765453",0,2,#fc8d62,car
63674,9,1,86,152,2019,6,19,7,2,8,1,1,0,1,0,0,0,0,"691526,791784","5379617,24284","11,594860647","48,54039694",1,2,#fc8d62,car
63680,9,1,81,126,2019,6,17,7,3,8,1,0,0,1,0,0,0,0,"636279,949795","5333172,41556","10,831815057","48,137200861",1,2,#fc8d62,car
63681,9,1,81,116,2019,6,21,7,3,2,2,0,0,1,0,0,0,0,"647470,533","5341509,222","10,985036299","48,209666283",0,2,#fc8d62,car
63682,9,1,79,121,2019,6,23,7,3,5,3,2,0,1,0,0,0,0,"667483,915669","5339060,94654","11,253258478","48,182691334",1,2,#fc8d62,car
63683,9,1,81,114,2019,6,15,7,3,5,2,0,0,1,0,0,0,1,"649581,946","5316138,879","11,004548996","47,98105474",0,2,#fc8d62,car
63684,9,1,62,0,2019,6,14,6,2,2,6,0,0,1,0,0,0,0,"688544,013919","5334741,24565","11,53440602","48,137965103",0,2,#fc8d62,car
63685,9,1,84,136,2019,6,8,6,2,5,3,0,1,1,0,0,0,0,"698421,124733","5326627,92115","11,66325714","48,062045352",0,1,#66c2a5,bicycle
63686,9,1,62,0,2019,6,23,6,3,5,3,2,0,1,0,0,0,0,"678312,6319","5339050,37233","11,398810572","48,179649476",0,2,#fc8d62,car
63687,9,1,62,0,2019,6,20,6,3,5,3,2,0,1,0,0,0,0,"687195,565","5329350,467","11,513932215","48,089909121",1,2,#fc8d62,car
63688,9,1,84,147,2019,6,20,6,3,8,1,1,0,1,0,0,0,0,"698161,756463","5340058,34448","11,666022701","48,182828749",1,2,#fc8d62,car
63693,9,7,77,112,2019,6,16,6,3,0,1,0,0,1,0,0,0,0,"621893,445101","5295684,74556","10,62789132","47,802971716",1,2,#fc8d62,car
63696,9,7,77,121,2019,6,9,6,3,1,5,0,0,1,0,1,0,0,"628423,429473","5321698,79518","10,722811974","48,035653248",0,2,#fc8d62,car
63698,9,7,71,122,2019,6,13,6,2,3,6,0,0,1,0,0,1,0,"655370,536739","5359898,27549","11,098067737","48,373112265",0,2,#fc8d62,car
63699,9,7,72,147,2019,6,17,6,2,9,1,0,0,0,0,1,0,0,"637450,047739","5364871,86324","10,857844901","48,421991823",0,4,#e78ac3,marker
63749,9,2,61,0,2019,6,17,6,3,4,6,0,0,1,0,0,0,0,"730919,28424","5381889,77236","12,129062766","48,547554312",0,2,#fc8d62,car
63750,9,2,61,0,2019,6,17,6,3,2,6,0,0,1,0,1,0,0,"732385,542905","5380415,25141","12,148077829","48,533767697",0,2,#fc8d62,car
63751,9,2,74,124,2019,6,15,6,2,8,6,0,0,1,0,0,0,0,"728130,971408","5377709,95848","12,089050616","48,511026063",0,2,#fc8d62,car
63760,9,1,87,182,2019,6,4,6,3,8,1,2,0,1,0,0,0,0,"740673,546","5327313,261","12,229913152","48,05366772",0,2,#fc8d62,car
63763,9,1,82,120,2019,6,19,6,3,0,1,1,0,0,0,1,0,0,"702796,976814","5308104,56446","11,713180562","47,894198494",1,4,#e78ac3,marker
63766,9,1,86,162,2019,6,18,6,2,3,6,0,0,1,0,1,0,0,"691246,344494","5383578,85607","11,592885231","48,576085869",0,2,#fc8d62,car
63770,9,1,88,139,2019,6,9,6,3,0,1,0,0,0,0,1,0,0,"674168,979868","5317437,82479","11,334303658","47,986511721",0,4,#e78ac3,marker
63771,9,1,78,120,2019,6,12,6,3,0,2,0,0,1,0,1,0,0,"694503,804097","5352651,1227","11,622645937","48,297135365",0,2,#fc8d62,car
63772,9,1,78,124,2019,6,13,6,3,0,6,0,0,0,0,1,0,0,"703558,131141","5362294,55481","11,749249144","48,380946702",0,4,#e78ac3,marker
63773,9,1,77,116,2019,6,21,6,3,5,3,2,0,1,0,0,0,0,"714679,227231","5361168,10004","11,898680462","48,367140103",1,2,#fc8d62,car
63774,9,1,77,135,2019,6,13,6,3,8,6,0,0,1,0,0,0,0,"719374,825653","5343115,49972","11,952623463","48,20332802",0,2,#fc8d62,car
63775,9,1,75,123,2019,6,8,6,2,5,1,0,0,0,0,1,1,0,"722181,06013","5336672,42356","11,986973193","48,144463445",0,4,#e78ac3,marker
63776,9,1,62,0,2019,6,14,5,3,0,1,0,1,0,0,0,0,0,"691964,355076","5331655,23172","11,578944565","48,109205837",0,1,#66c2a5,bicycle
63780,9,7,71,122,2019,6,17,5,2,8,1,0,0,1,0,0,0,0,"648390,882349","5359499,54112","11,003737632","48,371207041",1,2,#fc8d62,car
63781,9,7,61,0,2019,6,15,5,3,3,6,0,1,0,0,0,0,0,"640865,810558","5360495,48148","10,902519347","48,381886706",0,1,#66c2a5,bicycle
63782,9,7,71,113,2019,6,20,5,3,8,7,0,0,1,0,0,0,0,"660216,868","5366371,339","11,165933362","48,43009421",0,2,#fc8d62,car
63808,9,2,74,134,2019,6,17,5,3,8,1,0,0,0,0,1,0,0,"742364,472355","5376341,31678","12,280668321","48,493403861",0,4,#e78ac3,marker
63811,9,2,74,126,2019,6,14,5,3,0,1,0,1,0,0,0,0,0,"733071,018968","5383387,86332","12,159012289","48,560215473",0,1,#66c2a5,bicycle
63814,9,1,84,114,2019,6,10,5,3,2,6,0,0,1,0,0,0,0,"699999,235904","5318691,42822","11,680711094","47,990225208",0,2,#fc8d62,car
63815,9,1,87,182,2019,6,17,5,3,9,1,1,0,1,0,0,0,0,"736728,007116","5324367,66908","12,175419539","48,028682098",1,2,#fc8d62,car
63817,9,1,87,167,2019,6,15,5,3,0,6,0,1,0,0,0,0,0,"744086,242856","5306975,4908","12,264094568","47,869686263",0,1,#66c2a5,bicycle
63818,9,1,63,0,2019,6,1,5,2,9,1,2,0,1,0,0,0,0,"730250,397757","5301051,05566","12,076204316","47,821566861",0,2,#fc8d62,car
63820,9,1,87,165,2019,6,1,5,3,5,2,2,0,1,0,0,0,0,"732625,080718","5295693,02055","12,105010577","47,772574777",0,2,#fc8d62,car
63821,9,1,87,117,2019,6,8,5,3,4,6,0,0,1,0,0,0,0,"725438,927247","5306598,07971","12,014904333","47,873110381",0,2,#fc8d62,car
63823,9,1,74,143,2019,6,15,5,3,0,7,0,0,0,0,1,0,0,"677132,475","5353290,253","11,388904915","48,307981769",0,4,#e78ac3,marker
63824,9,1,74,143,2019,6,9,5,3,6,7,0,0,1,1,0,0,0,"672737,153832","5353243,68877","11,329659731","48,308778758",0,2,#fc8d62,car
63826,9,1,75,112,2019,6,13,5,3,3,2,0,1,0,0,0,0,0,"724043,719069","5319756,80489","12,003115967","47,99182902",0,1,#66c2a5,bicycle
63827,9,1,75,116,2019,6,8,5,2,0,1,0,1,0,0,0,0,0,"708665,702293","5320595,68538","11,79765834","48,004569472",1,1,#66c2a5,bicycle
63828,9,1,84,135,2019,6,16,4,3,3,6,0,0,1,0,1,0,0,"688653,022639","5347384,36656","11,541487073","48,251569661",0,2,#fc8d62,car
63829,9,1,84,135,2019,6,13,4,3,2,6,0,0,1,0,0,0,1,"688302,718781","5347424,47341","11,536790515","48,252034308",0,2,#fc8d62,car
63830,9,1,62,0,2019,6,19,4,3,4,2,0,1,1,0,0,0,0,"684382,939213","5332119,26934","11,477393407","48,115616631",0,1,#66c2a5,bicycle
63831,9,1,84,140,2019,6,17,4,3,5,3,0,0,1,0,1,0,0,"702267,857177","5328563,15061","11,715744985","48,078229366",0,2,#fc8d62,car
63839,9,7,78,169,2019,6,20,4,2,9,1,0,0,1,0,1,0,0,"617179,746335","5331675,53306","10,574775572","48,127543162",0,2,#fc8d62,car
63844,9,7,78,204,2019,6,18,4,2,2,6,0,1,1,0,0,0,0,"616890,324033","5328630,9125","10,570052947","48,10021421",0,1,#66c2a5,bicycle
63847,9,7,77,167,2019,6,16,4,3,1,6,0,0,1,0,0,0,0,"618986,748888","5296614,34911","10,589343022","47,811876452",0,2,#fc8d62,car
63848,9,7,77,167,2019,6,16,4,3,2,3,0,0,1,0,0,0,0,"618984,303972","5296618,23845","10,589311445","47,811911885",0,2,#fc8d62,car
63856,9,7,71,122,2019,6,18,4,3,2,6,0,0,1,0,0,0,0,"654171,420048","5360976,92308","11,08228208","48,383104083",0,2,#fc8d62,car
63858,9,7,72,167,2019,6,19,4,3,5,3,0,1,1,0,0,0,0,"624886,946","5357830,47","10,686022285","48,361286861",0,1,#66c2a5,bicycle
63861,9,7,72,207,2019,6,15,4,3,0,7,0,0,1,0,0,0,0,"640691,526862","5382101,4737","10,907438809","48,576195047",0,2,#fc8d62,car
63862,9,7,72,215,2019,6,12,4,3,0,1,0,1,0,0,0,0,0,"632681,924265","5346265,41593","10,787568934","48,255700196",0,1,#66c2a5,bicycle
63863,9,7,61,0,2019,6,23,4,3,5,3,2,0,1,0,0,0,0,"636978,362","5360155,308","10,849933856","48,379683966",0,2,#fc8d62,car
63865,9,7,61,0,2019,6,20,4,3,5,3,0,1,1,0,0,0,0,"643396,222302","5360750,98715","10,936761891","48,383613989",0,1,#66c2a5,bicycle
63867,9,7,61,0,2019,6,18,4,3,2,6,0,0,1,0,0,0,0,"642049,316112","5364843,79522","10,919965718","48,420719209",0,2,#fc8d62,car
63868,9,7,61,0,2019,6,10,4,3,0,7,0,1,0,0,0,0,0,"640821,147827","5354480,20623","10,899903779","48,327809296",0,1,#66c2a5,bicycle
63870,9,7,71,144,2019,6,23,4,3,0,1,1,1,0,0,0,0,0,"660344,384423","5374551,17138","11,170791352","48,503598435",0,1,#66c2a5,bicycle
63914,9,7,72,163,2019,6,15,3,3,4,6,0,0,1,0,0,0,0,"641415,439859","5347504,52577","10,905580707","48,264953153",0,2,#fc8d62,car
63938,9,1,88,139,2019,6,16,3,3,8,1,0,0,0,0,1,0,0,"679556,702485","5320388,21295","11,407682158","48,011543902",0,4,#e78ac3,marker
63939,9,1,90,157,2019,6,17,3,2,4,3,0,0,1,0,1,0,0,"660632,498","5301096,572","11,146929315","47,843130579",0,2,#fc8d62,car
63941,9,1,83,118,2019,6,14,3,3,0,1,0,0,0,0,1,0,0,"743340,536931","5339124,42932","12,272379838","48,158748807",0,4,#e78ac3,marker
63949,9,1,79,142,2019,6,23,1,2,4,6,2,0,1,0,0,0,0,"672232,797366","5343336,84643","11,31882951","48,219859903",0,2,#fc8d62,car
63951,9,1,87,170,2019,6,22,3,3,0,7,2,1,0,0,0,0,0,"733404,67004","5319292,94005","12,128149709","47,984314858",0,1,#66c2a5,bicycle
63952,9,1,63,0,2019,6,12,3,3,5,3,0,1,1,0,0,0,0,"730714,750013","5303419,16126","12,083660312","47,842676578",0,1,#66c2a5,bicycle
63955,9,1,82,133,2019,6,12,3,3,5,3,0,0,1,0,0,0,0,"704927,78","5306122,58","11,740714077","47,875709464",0,2,#fc8d62,car
63956,9,7,71,145,2019,6,16,3,3,5,3,0,1,1,0,0,0,0,"643521,665725","5347755,84411","10,934030829","48,266739213",0,1,#66c2a5,bicycle