OBJECTID,ULAND,UREGBEZ,UKREIS,UGEMEINDE,UJAHR,UMONAT,USTUNDE,UWOCHENTAG,UKATEGORIE,UART,UTYP1,ULICHTVERH,IstRad,IstPKW,IstFuss,IstKrad,IstGkfz,IstSonstig,LINREFX,LINREFY,XGCSWGS84,YGCSWGS84,STRZUSTAND,Teilnehmer,color,symbol
63957,9,1,87,165,2019,6,7,3,3,3,2,0,1,1,0,0,0,0,"733008,703","5297537,805","12,111112919","47,789010239",0,1,#66c2a5,bicycle
63958,9,1,87,165,2019,6,6,3,2,2,6,0,0,1,0,0,0,0,"733187,008315","5297710,32109","12,113582671","47,790495646",0,2,#fc8d62,car
63961,9,1,87,150,2019,6,17,3,3,5,3,0,0,0,0,1,0,1,"727162,212372","5304523,95332","12,036827638","47,853867754",0,4,#e78ac3,marker
63966,9,1,85,158,2019,6,6,3,3,2,6,0,0,1,0,0,0,0,"668153,387","5384738,965","11,280540418","48,593137027",0,2,#fc8d62,car
63967,9,1,86,152,2019,6,13,3,3,8,1,0,0,0,0,1,0,0,"694840,16936","5376829,4496","11,638399411","48,514323498",0,4,#e78ac3,marker
63969,9,7,71,113,2019,6,20,3,3,0,7,0,1,0,0,0,0,0,"657402,305151","5369102,35464","11,128937803","48,45535648",0,1,#66c2a5,bicycle
63972,9,1,88,145,2019,6,14,3,3,3,1,0,0,1,0,0,0,0,"664306,0322","5328134,0848","11,206323306","48,085285575",0,2,#fc8d62,car
63973,9,1,88,113,2019,6,19,3,2,0,3,0,1,1,0,0,0,0,"676309,024994","5317096,67465","11,362820511","47,982858686",0,1,#66c2a5,bicycle
63974,9,1,88,139,2019,6,18,3,3,2,6,0,0,1,0,0,0,0,"676114,225025","5318999,2359","11,360992632","48,00001552",0,2,#fc8d62,car
63975,9,1,88,120,2019,6,6,3,3,0,7,0,0,1,0,0,0,0,"675778,73509","5325032,21783","11,358973888","48,054341437",0,2,#fc8d62,car
63976,9,1,74,143,2019,6,19,3,2,4,2,1,0,1,0,1,0,0,"675877,724926","5352166,74714","11,371529653","48,298232703",0,2,#fc8d62,car
63977,9,1,74,115,2019,6,17,3,3,4,2,0,1,1,0,0,0,0,"683263,553","5348445,905","11,46941225","48,262692486",0,1,#66c2a5,bicycle
63979,9,1,79,118,2019,6,14,1,3,0,7,0,1,0,0,0,0,0,"673277,045917","5338783,01537","11,33101767","48,178639316",1,1,#66c2a5,bicycle
63980,9,1,78,137,2019,6,16,3,2,5,3,0,0,1,0,0,0,0,"690861,508789","5362413,5151","11,578009552","48,385984355",0,2,#fc8d62,car
63981,9,1,77,130,2019,6,7,3,2,5,6,0,0,1,0,1,0,0,"707394,562333","5350903,99649","11,79539613","48,277342702",0,2,#fc8d62,car
63982,9,1,77,113,2019,6,14,3,3,2,6,0,0,1,0,0,0,0,"720781,343065","5353031,53119","11,976697991","48,291932736",0,2,#fc8d62,car
63984,9,1,75,119,2019,6,6,3,3,9,1,0,0,1,0,0,0,0,"725482,424406","5324375,39395","12,02480092","48,032819801",0,2,#fc8d62,car
63985,9,1,62,0,2019,6,23,2,3,1,6,2,0,1,0,1,0,0,"688664,098635","5335781,73028","11,536479551","48,147281531",0,2,#fc8d62,car
63986,9,1,62,0,2019,6,11,2,3,4,2,0,0,1,0,1,0,0,"679908,154545","5334923,80565","11,418509879","48,142106412",0,2,#fc8d62,car
63987,9,1,84,137,2019,6,11,2,3,2,2,0,0,1,0,0,0,0,"706312,277972","5316868,06764","11,764352548","47,971834206",0,2,#fc8d62,car
63988,9,1,84,122,2019,6,8,2,3,0,1,0,1,0,0,0,0,0,"688605,545956","5324689,54691","11,53079226","48,047599801",0,1,#66c2a5,bicycle
63989,9,1,62,0,2019,6,19,2,2,2,6,0,0,1,0,0,0,0,"687776,092","5335027,881","11,524220412","48,140768514",0,2,#fc8d62,car
63990,9,1,62,0,2019,6,14,2,3,2,6,0,1,0,0,0,0,0,"685946,340633","5335266,50674","11,499752187","48,14345074",0,1,#66c2a5,bicycle
63991,9,1,84,136,2019,6,7,2,3,5,2,0,1,1,0,0,0,0,"698231,354973","5326974,78818","11,660873629","48,065221762",0,1,#66c2a5,bicycle
63992,9,1,79,125,2019,6,18,1,3,2,6,0,1,0,0,0,0,0,"658934,675","5333552,648","11,136267876","48,135364428",0,1,#66c2a5,bicycle
63994,9,7,77,121,2019,6,12,2,2,9,1,0,0,0,0,1,0,0,"630216,5935","5321761,3146","10,746874939","48,035852313",0,4,#e78ac3,marker
63998,9,7,78,203,2019,6,17,2,3,8,1,0,0,1,0,0,0,0,"621665,601518","5322405,29704","10,632395042","48,043330612",0,2,#fc8d62,car
64000,9,7,77,167,2019,6,14,2,2,3,2,0,0,1,0,0,0,0,"618850,697414","5298943,80977","10,588165525","47,832852781",0,2,#fc8d62,car
64001,9,7,78,116,2019,6,15,3,2,5,2,0,1,1,0,0,0,0,"619261,74333","5319677,07725","10,599395863","48,01924767",0,1,#66c2a5,bicycle
64003,9,7,62,0,2019,6,16,2,3,1,6,0,0,1,0,0,0,0,"621768,117229","5303392,49225","10,628386492","47,87231744",0,2,#fc8d62,car
64004,9,7,77,145,2019,6,8,2,2,5,3,0,0,1,0,0,1,0,"630083,658056","5328183,97718","10,747046488","48,093637786",0,2,#fc8d62,car
64006,9,7,72,163,2019,6,15,2,2,2,6,0,0,1,0,1,0,0,"638876,407348","5349360,73432","10,871996042","48,282205837",0,2,#fc8d62,car
64007,9,7,71,130,2019,6,10,2,2,2,6,0,0,1,0,0,1,0,"645740,620186","5362840,43734","10,969131939","48,401863503",0,2,#fc8d62,car
64008,9,7,61,0,2019,6,8,2,3,2,6,0,0,1,0,0,0,1,"641366,981321","5357476,19012","10,908269301","48,354626312",0,2,#fc8d62,car
64009,9,7,72,200,2019,6,19,2,3,3,6,0,0,1,0,0,0,0,"630805,930105","5337469,18899","10,759593565","48,176989367",0,2,#fc8d62,car
64010,9,7,71,130,2019,6,7,3,3,4,6,0,1,0,0,0,0,0,"647083,243963","5357358,66938","10,985343071","48,352264123",0,1,#66c2a5,bicycle
64011,9,7,71,112,2019,6,8,2,3,3,6,0,1,1,0,0,0,0,"643191,761","5367140,475","10,936182741","48,441110883",0,1,#66c2a5,bicycle
64012,9,7,71,144,2019,6,12,2,2,4,6,0,0,1,0,0,0,1,"662170,101445","5372637,91242","11,194746833","48,485929985",0,2,#fc8d62,car
64015,9,7,77,130,2019,6,12,3,2,4,2,0,0,1,0,1,0,0,"623681,569486","5308903,2939","10,655543485","47,921513661",0,2,#fc8d62,car
64039,9,1,74,115,2019,6,13,1,3,1,6,0,0,0,0,1,0,1,"683263,357906","5348444,87483","11,469409177","48,262683283",1,4,#e78ac3,marker
64048,9,1,77,113,2019,6,18,1,3,2,6,0,0,1,0,0,0,0,"721631,652527","5357359,40756","11,990419283","48,330519137",0,2,#fc8d62,car
64052,9,7,78,216,2019,6,2,7,3,7,7,2,0,1,0,0,0,0,"624600,668752","5320903,43271","10,671320868","48,029257744",0,2,#fc8d62,car
64067,9,2,74,183,2019,6,22,2,3,0,6,2,0,1,0,1,0,0,"742789,287978","5359449,21521","12,276633806","48,341519121",0,2,#fc8d62,car
64071,9,7,72,171,2019,6,6,3,2,5,3,0,1,1,0,0,0,0,"638232,963118","5369085,41359","10,869811808","48,459707505",0,1,#66c2a5,bicycle
64072,9,2,61,0,2019,6,16,2,3,2,6,0,0,1,0,0,0,0,"730724,532902","5380955,95062","12,125910786","48,539237508",0,2,#fc8d62,car
64075,9,1,73,137,2019,6,20,2,3,8,1,0,0,0,0,1,0,0,"674519,133052","5308548,81159","11,335387997","47,906506042",1,4,#e78ac3,marker
64078,9,1,83,140,2019,6,17,2,3,2,6,0,0,1,0,0,0,1,"741094,811569","5341402,1811","12,243521613","48,180063984",0,2,#fc8d62,car
64082,9,1,87,182,2019,6,7,2,3,4,6,0,0,1,0,0,0,0,"739240,901","5328850,229","12,211577531","48,068012776",0,2,#fc8d62,car
64083,9,1,63,0,2019,6,15,2,3,5,3,0,1,1,0,0,0,0,"733188,641148","5302892,76666","12,116391745","47,837055019",0,1,#66c2a5,bicycle
64084,9,1,63,0,2019,6,18,2,3,4,2,1,1,1,0,0,0,0,"733346,397299","5305220,37967","12,119751821","47,857909264",0,1,#66c2a5,bicycle
64085,9,1,63,0,2019,6,6,2,3,4,2,0,1,1,0,0,0,0,"732696,003","5305602,368","12,111275098","47,861576913",0,1,#66c2a5,bicycle
64086,9,7,61,0,2019,6,15,3,3,0,1,0,1,0,0,0,0,0,"641901,285107","5357635,15475","10,915531118","48,355935817",0,1,#66c2a5,bicycle
64087,9,1,87,139,2019,6,5,2,2,8,1,0,0,0,0,1,0,0,"743698,742","5315196,058","12,263565079","47,943676616",0,4,#e78ac3,marker
64089,9,1,82,133,2019,6,14,2,3,5,3,0,0,1,0,0,0,0,"705885,748597","5311152,85238","11,755910597","47,920609811",0,2,#fc8d62,car
64090,9,1,82,133,2019,6,4,2,3,0,7,1,1,0,0,0,0,0,"704848,261372","5306153,47477","11,739666496","47,876012487",0,1,#66c2a5,bicycle
64092,9,1,87,117,2019,6,10,2,3,5,3,0,0,1,0,0,0,0,"723434,221336","5305042,89267","11,987328516","47,859837272",0,2,#fc8d62,car
64093,9,1,87,117,2019,6,23,2,3,5,3,2,1,1,0,0,0,0,"726054,917","5305174,887","12,022386249","47,860106701",0,1,#66c2a5,bicycle
64097,9,1,62,0,2019,6,20,2,3,3,6,0,0,1,0,0,0,0,"680916,043079","5339202,69926","11,433866132","48,18028279",0,2,#fc8d62,car
64098,9,1,88,139,2019,6,16,2,3,0,6,0,0,1,0,0,0,0,"674790,394787","5319112,66122","11,343306956","48,001398445",0,2,#fc8d62,car
64099,9,1,81,128,2019,6,10,2,3,5,3,0,1,1,0,0,0,0,"638294,738196","5327651,71188","10,857092071","48,087122454",0,1,#66c2a5,bicycle
64100,9,1,79,145,2019,6,9,2,3,2,6,0,0,1,0,0,0,0,"673969,346409","5335727,19346","11,33907282","48,150980089",0,2,#fc8d62,car
64101,9,1,79,121,2019,6,18,2,2,5,3,0,0,1,0,0,0,1,"664979,863629","5340012,7636","11,219966143","48,1919035",0,2,#fc8d62,car
64102,9,1,79,121,2019,6,17,2,2,5,3,0,0,1,0,0,0,0,"665466,649283","5339739,9025","11,226404884","48,189323817",0,2,#fc8d62,car
64103,9,1,74,131,2019,6,16,2,3,4,2,0,0,1,0,0,0,0,"676403,213125","5358414,40329","11,381223307","48,354246008",0,2,#fc8d62,car
64104,9,1,74,131,2019,6,12,2,3,9,1,0,0,1,0,0,0,0,"676988,40636","5356814,35676","11,388443039","48,339699759",0,2,#fc8d62,car
64105,9,1,74,113,2019,6,7,2,3,8,1,0,0,0,0,1,0,0,"677002,375174","5351455,61799","11,386382705","48,291526835",0,4,#e78ac3,marker
64106,9,1,75,135,2019,6,17,2,2,3,7,0,1,0,0,0,0,0,"707033,894313","5338604,45808","11,78453516","48,166934872",0,1,#66c2a5,bicycle
64107,9,1,75,132,2019,6,22,2,2,0,7,2,1,0,0,0,0,0,"706367,518824","5332451,50421","11,772602323","48,111858566",0,1,#66c2a5,bicycle
64108,9,1,78,155,2019,6,12,2,3,2,3,0,0,1,0,0,0,0,"716088,058041","5374975,81117","11,924793998","48,490719095",0,2,#fc8d62,car
64109,9,1,78,124,2019,6,16,2,3,5,3,0,1,1,0,0,0,0,"698458,253765","5365607,64241","11,682015444","48,412345079",0,1,#66c2a5,bicycle
64119,9,7,71,122,2019,6,13,1,3,1,6,0,0,1,0,0,0,0,"655219,280651","5360034,5959","11,096076978","48,374375084",0,2,#fc8d62,car
64120,9,7,72,177,2019,6,5,1,3,9,1,0,0,1,0,0,0,0,"635722,390691","5375782,1955","10,838046499","48,520470144",1,2,#fc8d62,car
64126,9,7,71,130,2019,6,8,3,3,2,6,0,0,1,0,0,1,0,"645501,131145","5364340,40035","10,966418223","48,41540535",0,2,#fc8d62,car
64139,9,7,61,0,2019,6,4,7,2,8,1,0,0,1,0,0,0,0,"639636,572202","5352390,12958","10,883238881","48,309278518",0,2,#fc8d62,car
64144,9,7,61,0,2019,6,13,7,3,2,6,0,0,1,0,0,0,1,"639931,612247","5355220,83208","10,888155238","48,334666399",0,2,#fc8d62,car
64148,9,7,72,223,2019,6,9,7,3,9,7,0,0,1,0,0,0,0,"618828,287363","5366906,78565","10,606831773","48,444079829",0,2,#fc8d62,car
64151,9,7,71,130,2019,6,18,7,3,8,1,0,0,1,0,0,0,0,"645063,128847","5358729,53959","10,958564652","48,365057371",1,2,#fc8d62,car
64153,9,7,71,122,2019,6,15,7,3,5,3,0,1,1,0,0,0,0,"652013,721395","5361000,1499","11,053167603","48,383836531",0,1,#66c2a5,bicycle
64154,9,7,71,145,2019,6,17,7,2,4,2,0,0,1,0,0,0,0,"647505,309136","5346303,97719","10,987173248","48,252769813",0,2,#fc8d62,car
64158,9,7,61,0,2019,6,19,7,3,5,2,0,0,1,0,0,0,0,"639313,529743","5360881,35669","10,881694158","48,38570109",1,2,#fc8d62,car
64170,9,2,74,183,2019,6,23,1,3,0,7,2,1,0,0,0,0,0,"739805,374751","5361254,59455","12,237458874","48,358874873",0,1,#66c2a5,bicycle
64184,9,1,87,159,2019,6,22,1,2,0,7,2,0,1,0,0,0,1,"731544,077387","5329572,08552","12,108806321","48,07733771",0,2,#fc8d62,car
64186,9,1,87,174,2019,6,15,1,3,0,1,0,1,0,0,0,0,0,"740992,754754","5313591,69038","12,226489124","47,930288",0,1,#66c2a5,bicycle
64187,9,1,82,137,2019,6,13,1,3,9,1,0,0,1,0,0,0,0,"714440,719","5303064,386","11,866263049","47,84512239",1,2,#fc8d62,car
64188,9,1,82,133,2019,6,12,1,3,5,3,0,0,1,0,0,0,0,"705651,671","5310994,895","11,752705702","47,919265378",0,2,#fc8d62,car
64197,9,1,63,0,2019,6,14,6,3,6,7,0,0,1,1,0,0,0,"732562,587216","5305920,93253","12,109665305","47,864487239",0,2,#fc8d62,car
64198,9,1,82,123,2019,6,11,6,3,9,1,0,0,0,0,1,0,0,"714457,590568","5303023,36425","11,86646794","47,844748135",0,4,#e78ac3,marker
64199,9,1,82,120,2019,6,21,6,3,0,1,2,1,0,0,0,0,0,"701627,339","5306858,27","11,69696819","47,883366091",0,1,#66c2a5,bicycle
64200,9,1,87,165,2019,6,11,6,2,5,3,0,0,1,0,1,0,0,"733593,84298","5299328,28995","12,119877489","47,804884336",0,2,#fc8d62,car
64212,9,1,81,121,2019,6,17,6,3,3,2,0,1,1,0,0,0,0,"636465,604964","5312531,28049","10,827728613","47,951545301",0,1,#66c2a5,bicycle
64214,9,1,81,145,2019,6,15,6,2,5,3,0,0,1,0,0,0,0,"642301,710446","5334469,62769","10,913144654","48,147547092",0,2,#fc8d62,car
64215,9,1,79,145,2019,6,12,6,2,5,6,0,0,1,0,1,0,0,"673187,98","5335617,695","11,328531567","48,150208996",0,2,#fc8d62,car
64216,9,1,79,113,2019,6,6,6,3,0,6,0,0,1,0,0,0,0,"670724,804924","5336030,03105","11,295607093","48,154581719",0,2,#fc8d62,car
64217,9,1,74,126,2019,6,11,6,3,2,6,0,0,1,0,0,0,0,"683381,202724","5344208,33194","11,469160986","48,2245693",0,2,#fc8d62,car
64219,9,1,74,135,2019,6,19,6,3,5,3,0,0,1,0,1,0,0,"662708,095","5353015,339","11,194418718","48,309385346",0,2,#fc8d62,car
64220,9,1,78,140,2019,6,17,6,3,3,6,0,0,1,0,0,0,0,"708360,221142","5363647,54358","11,814696415","48,391536921",0,2,#fc8d62,car
64222,9,1,75,132,2019,6,9,6,3,0,7,0,1,0,0,0,0,0,"707051,283164","5337793,06611","11,784373797","48,159637803",0,1,#66c2a5,bicycle
64223,9,1,78,130,2019,6,18,6,3,2,6,0,0,1,0,0,0,0,"701914,104422","5356079,59741","11,724090279","48,325624579",0,2,#fc8d62,car
64225,9,1,78,115,2019,6,21,6,2,9,1,0,0,0,0,1,0,0,"705209,813158","5374741,71864","11,777624791","48,492261199",0,4,#e78ac3,marker
64226,9,1,78,157,2019,6,11,6,3,5,3,0,0,1,0,0,0,1,"706394,023273","5370532,60822","11,791556769","48,45405147",0,2,#fc8d62,car
64227,9,1,78,124,2019,6,7,6,3,5,3,0,0,1,0,0,0,0,"702022,109","5364344,045","11,729513785","48,399857802",0,2,#fc8d62,car
64228,9,1,62,0,2019,6,14,5,3,4,6,0,1,0,0,0,0,0,"694209,132644","5340502,79387","11,613106158","48,188043756",0,1,#66c2a5,bicycle
64230,9,1,62,0,2019,6,21,5,3,5,2,1,1,1,0,0,0,0,"689193,259196","5330624,08094","11,541297336","48,100766782",0,1,#66c2a5,bicycle
64231,9,1,84,114,2019,6,17,5,3,5,3,0,0,1,0,0,0,0,"696912,273521","5319940,15464","11,639953348","48,002406069",0,2,#fc8d62,car
64233,9,1,62,0,2019,6,19,5,3,2,6,0,0,1,0,0,0,0,"678093,870267","5335319,57454","11,394308154","48,146174461",0,2,#fc8d62,car
64234,9,1,84,147,2019,6,9,5,3,3,6,0,1,0,0,0,0,0,"695729,289369","5340053,49399","11,633330705","48,183539164",0,1,#66c2a5,bicycle
64236,9,1,84,138,2019,6,23,5,3,4,6,2,1,0,0,0,0,0,"683013,325727","5331930,49517","11,458927728","48,114314872",0,1,#66c2a5,bicycle
64237,9,1,62,0,2019,6,15,5,3,3,6,0,0,1,0,0,0,1,"689874,981239","5339027,05226","11,554191036","48,176090175",0,2,#fc8d62,car
64238,9,1,84,122,2019,6,16,5,3,5,2,0,0,1,1,0,0,0,"688008,99676","5323790,29888","11,52240065","48,039692987",0,2,#fc8d62,car
64247,9,7,62,0,2019,6,12,5,3,3,2,0,0,1,0,1,0,0,"620991,006179","5304640,66455","10,618348247","47,883690124",0,2,#fc8d62,car
64248,9,7,62,0,2019,6,10,5,3,0,1,0,1,0,0,0,0,0,"621421,068557","5304063,04382","10,623935871","47,878413938",0,1,#66c2a5,bicycle
64249,9,7,77,158,2019,6,11,5,3,4,6,0,0,0,0,0,1,0,"618890,276137","5311827,76705","10,592243107","47,948722337",0,5,#a6d854,bus
64250,9,7,62,0,2019,6,10,5,3,4,2,0,0,1,0,0,0,0,"620477,245","5305599,567","10,611746728","47,892410933",0,2,#fc8d62,car
64251,9,7,77,130,2019,6,18,5,3,5,3,0,0,1,0,0,0,0,"623831,237562","5308968,48767","10,65756474","47,922071091",0,2,#fc8d62,car
64252,9,7,77,152,2019,6,19,5,3,0,1,0,0,0,0,1,0,0,"625395,70571","5303458,23988","10,676895585","47,87221063",0,4,#e78ac3,marker
64253,9,7,71,130,2019,6,18,6,3,0,1,0,1,0,0,0,0,0,"647176,442594","5358172,22535","10,986884801","48,359557265",0,1,#66c2a5,bicycle
64255,9,7,72,147,2019,6,6,5,3,3,6,0,0,1,0,1,0,0,"638630,960265","5364047,11811","10,873525264","48,414317192",0,2,#fc8d62,car
64257,9,7,71,169,2019,6,21,5,2,4,6,1,0,1,0,1,0,0,"640766,778107","5375011,93744","10,906062493","48,512433707",0,2,#fc8d62,car
64317,9,7,61,0,2019,6,6,6,3,5,1,0,1,1,0,0,0,0,"640803,363771","5354461,93748","10,899657878","48,327648991",0,1,#66c2a5,bicycle
64344,9,2,74,121,2019,6,6,5,2,4,6,0,0,1,0,0,1,0,"722620,888483","5371712,99851","12,011354947","48,459126481",0,2,#fc8d62,car
64346,9,2,61,0,2019,6,7,5,3,0,1,0,1,0,0,0,0,0,"732036,754288","5379552,71885","12,142880287","48,526148767",0,1,#66c2a5,bicycle
64348,9,1,90,148,2019,6,12,5,3,2,6,0,0,1,0,0,0,0,"642805,171","5296806,711","10,90738945","47,808761879",0,2,#fc8d62,car
64363,9,1,84,141,2019,6,13,5,3,3,1,0,0,0,0,0,1,1,"700322,514375","5317306,83585","11,684393532","47,977680267",0,5,#a6d854,bus
64375,9,1,86,152,2019,6,7,5,2,0,6,0,0,1,0,0,0,0,"691245,75352","5381048,61921","11,591714334","48,553346605",0,2,#fc8d62,car
64379,9,1,81,123,2019,6,7,5,3,2,6,0,0,1,0,0,0,0,"655239,946891","5326551,3497","11,084093566","48,073327455",0,2,#fc8d62,car
64380,9,1,88,124,2019,6,20,5,3,4,6,0,0,1,0,0,0,0,"659231,18204","5322715,44471","11,13620997","48,037855412",0,2,#fc8d62,car
64381,9,7,71,156,2019,6,7,6,3,4,2,0,0,1,0,1,0,0,"654486,807","5383254,409","11,094773613","48,583311138",0,2,#fc8d62,car
64382,9,1,88,126,2019,6,16,5,3,3,2,0,1,1,0,0,0,0,"660192,67764","5328219,79846","11,151161656","48,087103162",0,1,#66c2a5,bicycle
64383,9,1,88,121,2019,6,8,5,3,5,3,0,1,1,0,0,0,0,"671548,675351","5330684,35167","11,304523516","48,106304014",0,1,#66c2a5,bicycle
64384,9,1,88,120,2019,6,15,5,2,4,6,0,0,1,0,0,0,1,"672116,006376","5325402,97753","11,310010588","48,058672853",0,2,#fc8d62,car
64385,9,1,74,113,2019,6,13,5,3,2,6,0,0,1,0,0,0,1,"678613,698496","5342085,64732","11,404133794","48,206848875",0,2,#fc8d62,car
64386,9,7,72,209,2019,6,7,6,3,0,1,0,0,0,0,1,0,1,"634382,473951","5335904,32079","10,80718587","48,16217103",1,4,#e78ac3,marker
64387,9,1,74,126,2019,6,7,5,3,4,2,0,1,0,0,0,0,1,"683001,590381","5344538,01118","11,464196889","48,227642238",0,1,#66c2a5,bicycle
64388,9,1,74,113,2019,6,8,5,3,5,3,0,0,1,0,1,0,0,"677966,816068","5346939,75189","11,397473023","48,250663856",0,2,#fc8d62,car
64390,9,1,77,139,2019,6,16,5,3,8,1,0,0,0,0,1,0,0,"730443,539","5359080,967","12,110078703","48,342833955",0,4,#e78ac3,marker
64391,9,1,62,0,2019,6,7,4,3,5,2,0,1,1,0,0,0,0,"685941,585","5340765,674","11,502092972","48,192880527",0,1,#66c2a5,bicycle
64393,9,1,84,146,2019,6,13,4,3,0,7,0,0,0,0,1,0,0,"697494,78029","5328375,92537","11,651644843","48,078042828",0,4,#e78ac3,marker
64394,9,1,84,135,2019,6,7,4,3,3,6,0,1,0,0,0,0,0,"689464,940222","5347432,70832","11,552435416","48,25176197",0,1,#66c2a5,bicycle
64395,9,1,62,0,2019,6,13,4,2,9,7,0,1,1,0,0,0,0,"694078,57909","5340269,40491","11,611244811","48,185986064",0,1,#66c2a5,bicycle
64396,9,1,62,0,2019,6,21,4,3,3,6,0,0,1,0,1,0,0,"692086,514689","5340225,1943","11,584450884","48,186194165",0,2,#fc8d62,car
64398,9,1,62,0,2019,6,7,4,3,1,6,0,0,1,0,0,0,0,"687716,885314","5331603,16126","11,521916996","48,110003716",0,2,#fc8d62,car
64410,9,1,90,138,2019,6,12,6,2,2,6,0,0,1,0,0,0,0,"662078,187924","5306541,54803","11,168279272","47,891723239",0,2,#fc8d62,car
64413,9,7,62,0,2019,6,8,4,3,2,6,0,0,1,0,0,0,0,"620397,74506","5306427,85221","10,610914723","47,899875278",0,2,#fc8d62,car
64417,9,7,72,131,2019,6,7,4,3,5,3,0,0,1,0,0,0,0,"621596,291","5357031,373","10,641385454","48,354743047",0,2,#fc8d62,car
64419,9,7,71,130,2019,6,7,4,3,5,2,0,0,1,0,0,0,0,"645611,705096","5357728,11729","10,965620134","48,35592696",0,2,#fc8d62,car
64420,9,7,72,202,2019,6,15,4,3,0,1,0,0,0,0,1,0,0,"636737,80889","5359115,57234","10,846348688","48,370386927",0,4,#e78ac3,marker
64421,9,1,90,138,2019,6,7,6,1,4,1,0,0,1,0,1,0,0,"663280,758125","5306509,61234","11,184343106","47,891131285",0,2,#fc8d62,car
64441,9,1,90,129,2019,6,12,6,3,2,6,0,0,1,0,0,0,0,"641901,658","5301731,577","10,896942261","47,853248675",0,2,#fc8d62,car
64450,9,7,71,130,2019,6,12,6,3,0,3,0,0,1,1,0,0,0,"647464,875847","5357165,47539","10,990423467","48,35043808",0,2,#fc8d62,car
64456,9,1,73,118,2019,6,10,6,3,4,1,0,0,1,0,1,0,0,"694991,562015","5303257,77952","11,606680385","47,853054351",1,2,#fc8d62,car
64476,9,1,63,0,2019,6,15,4,3,1,7,0,0,1,0,1,0,0,"734696,392274","5304658,57632","12,137468043","47,852370504",0,2,#fc8d62,car
64478,9,1,82,120,2019,6,18,4,3,0,7,0,1,0,0,0,0,0,"701585,205716","5306923,54965","11,69643573","47,883966015",0,1,#66c2a5,bicycle
64481,9,1,87,150,2019,6,7,4,3,5,3,0,0,1,0,1,0,0,"727966,153614","5304471,3033","12,047531726","47,853110084",0,2,#fc8d62,car
64482,9,1,86,143,2019,6,11,4,2,0,6,0,0,1,0,0,0,1,"688125,068584","5382786,29621","11,55025308","48,569907613",0,2,#fc8d62,car
64484,9,1,62,0,2019,6,15,4,3,6,7,0,0,1,0,0,0,1,"679184,050028","5340827,90202","11,411272701","48,195382402",0,2,#fc8d62,car
64486,9,1,62,0,2019,6,18,4,3,3,6,0,0,0,0,1,0,1,"680574,192168","5339519,3017","11,429406049","48,183225911",0,4,#e78ac3,marker
64487,9,1,74,135,2019,6,13,4,3,2,6,0,0,1,0,0,0,0,"661134,932657","5354816,61775","11,173905881","48,325981949",0,2,#fc8d62,car
64489,9,1,81,122,2019,6,9,4,3,0,5,0,1,0,0,0,0,0,"651524,513904","5330869,28396","11,035779482","48,11304519",0,1,#66c2a5,bicycle
64490,9,1,88,132,2019,6,15,4,3,2,2,0,0,1,0,1,0,0,"664481,719","5322027,569","11,206332592","48,030340185",0,2,#fc8d62,car
64491,9,1,88,132,2019,6,17,4,2,0,1,0,0,0,0,0,0,1,"666809,376073","5325600,84714","11,238923436","48,061861147",0,6,#ffd92f,circle
64492,9,1,79,123,2019,6,21,4,3,0,7,2,1,0,0,0,0,0,"675413,979","5333216,879","11,357445406","48,128017238",0,1,#66c2a5,bicycle
64494,9,1,79,118,2019,6,18,4,3,3,6,0,1,0,0,0,0,1,"673089,461496","5338443,8509","11,328358215","48,175641534",0,1,#66c2a5,bicycle
64495,9,1,74,115,2019,6,6,4,3,0,7,0,0,0,0,1,0,1,"679411,812728","5349494,39433","11,418004715","48,273219547",1,4,#e78ac3,marker
64496,9,1,78,120,2019,6,21,4,3,8,7,0,0,1,0,0,0,0,"692002,828965","5353011,08066","11,589123048","48,301134254",0,2,#fc8d62,car
64497,9,1,75,121,2019,6,23,4,3,8,7,2,0,1,0,0,0,0,"716056,732426","5320138,21343","11,896393405","47,998003976",0,2,#fc8d62,car
64498,9,1,75,124,2019,6,17,4,2,5,2,0,0,1,0,1,0,0,"712950,843416","5329349,61619","11,859391314","48,081818741",0,2,#fc8d62,car
64500,9,1,75,122,2019,6,9,4,3,5,3,0,1,1,0,0,0,0,"721382,227378","5325757,6226","11,970589414","48,046673411",0,1,#66c2a5,bicycle
64502,9,1,77,139,2019,6,9,4,3,5,3,0,0,1,0,0,0,1,"732917,056739","5359560,1896","12,143674468","48,346231981",0,2,#fc8d62,car
64503,9,1,62,0,2019,6,11,3,3,5,3,0,0,1,0,0,0,0,"686190,295291","5335258,50977","11,503025028","48,143307513",0,2,#fc8d62,car
64504,9,1,84,118,2019,6,16,3,2,5,2,0,1,0,0,0,1,0,"703017,4436","5336265,35841","11,729463482","48,147209395",0,1,#66c2a5,bicycle
64505,9,1,62,0,2019,6,11,3,3,5,3,0,1,0,0,1,0,0,"682655,212286","5341242,28295","11,458118077","48,198118226",0,1,#66c2a5,bicycle
64507,9,1,62,0,2019,6,9,3,3,6,2,0,0,1,1,0,0,0,"683034,472","5338899,673","11,462207726","48,176952302",0,2,#fc8d62,car
64508,9,1,84,145,2019,6,10,3,3,1,6,0,0,1,0,1,0,0,"697619,179117","5324302,76162","11,65143148","48,041396967",0,2,#fc8d62,car