OBJECTID,ULAND,UREGBEZ,UKREIS,UGEMEINDE,UJAHR,UMONAT,USTUNDE,UWOCHENTAG,UKATEGORIE,UART,UTYP1,ULICHTVERH,IstRad,IstPKW,IstFuss,IstKrad,IstGkfz,IstSonstig,LINREFX,LINREFY,XGCSWGS84,YGCSWGS84,STRZUSTAND,Teilnehmer,color,symbol
64514,9,7,61,0,2019,6,7,6,3,0,1,0,0,1,0,1,0,0,"641036,949406","5356920,11483","10,903630542","48,349700069",0,2,#fc8d62,car
64522,9,1,75,133,2019,6,19,1,2,5,3,0,1,0,0,0,0,0,"706223,661","5340647,341","11,774642195","48,185556282",0,1,#66c2a5,bicycle
64524,9,1,74,146,2019,7,14,2,3,8,7,0,0,0,0,0,0,1,"668820,466373","5349716,55294","11,275470232","48,278128659",0,6,#ffd92f,circle
64529,9,1,73,147,2019,6,12,1,2,2,2,0,0,1,0,1,0,0,"680854,339505","5310212,25904","11,420785591","47,919704479",0,2,#fc8d62,car
64534,9,1,74,126,2019,7,16,2,3,5,2,0,0,1,0,0,0,0,"683774,073551","5346838,62498","11,475586726","48,248097773",1,2,#fc8d62,car
64538,9,1,88,141,2019,7,11,2,3,1,7,0,0,1,0,0,0,0,"669276,121302","5311980,70997","11,26663261","47,938764744",0,2,#fc8d62,car
64548,9,1,62,0,2019,6,13,1,3,0,1,0,1,0,0,0,0,0,"691875,876005","5339252,36697","11,581180518","48,177514282",0,1,#66c2a5,bicycle
64556,9,1,84,148,2019,6,2,1,3,8,1,2,0,1,0,0,0,0,"693188,416608","5328990,6863","11,594165947","48,084887382",0,2,#fc8d62,car
64559,9,7,61,0,2019,6,12,7,2,6,4,0,0,1,1,0,0,0,"637427,23292","5359467,09749","10,855767697","48,373398051",0,2,#fc8d62,car
64560,9,1,62,0,2019,6,13,1,3,0,7,2,1,0,0,0,0,0,"691660,910043","5339276,2124","11,578302514","48,17779347",0,1,#66c2a5,bicycle
64562,9,7,72,115,2019,7,18,2,3,8,7,0,0,1,0,0,0,0,"616119,572","5367063,382","10,570261616","48,445993633",1,2,#fc8d62,car
64566,9,1,81,132,2019,6,19,1,3,5,3,0,0,1,0,1,0,0,"641991,991","5328681,816","10,907055101","48,095572301",0,2,#fc8d62,car
64571,9,1,87,170,2019,7,12,2,3,0,5,0,1,1,0,0,0,0,"732970,889584","5318620,55612","12,121980419","47,978432351",0,1,#66c2a5,bicycle
64579,9,1,77,133,2019,6,14,1,3,0,1,0,0,0,0,1,0,0,"708171,496895","5361774,80434","11,811222608","48,374771285",0,4,#e78ac3,marker
64581,9,1,81,127,2019,7,11,2,3,2,6,0,0,1,0,0,0,0,"634679,323","5322818,841","10,807045442","48,044436585",0,2,#fc8d62,car
64594,9,1,62,0,2019,6,15,7,3,0,6,0,0,1,0,1,0,0,"682667,870122","5335979,95471","11,456026886","48,150813465",0,2,#fc8d62,car
64596,9,1,81,126,2019,7,11,2,3,0,7,0,0,0,0,1,0,0,"636666,514924","5332108,92848","10,836667151","48,127554699",0,4,#e78ac3,marker
64604,9,7,72,111,2019,6,13,7,3,8,7,0,0,0,0,1,0,0,"626955,807985","5364989,71071","10,716104031","48,425253916",0,4,#e78ac3,marker
64605,9,2,74,114,2019,6,2,7,3,8,1,2,0,1,0,0,0,0,"734133,006912","5370954,40764","12,166411785","48,448134981",0,2,#fc8d62,car
64606,9,1,62,0,2019,6,18,1,3,5,3,0,1,1,0,0,0,0,"680399,554834","5335042,39173","11,425159896","48,143033227",0,1,#66c2a5,bicycle
64608,9,7,62,0,2019,6,2,7,3,4,2,2,0,1,0,0,0,0,"623013,223352","5306250,81106","10,645844411","47,897786861",0,2,#fc8d62,car
64609,9,2,74,183,2019,6,13,7,3,8,1,0,0,0,0,1,0,0,"742977,96308","5358459,66531","12,278605237","48,332558559",0,4,#e78ac3,marker
64610,9,1,78,138,2019,7,6,2,3,2,6,0,0,1,0,0,1,0,"712398,210829","5369270,78926","11,87202106","48,440716351",0,2,#fc8d62,car
64613,9,2,74,134,2019,6,8,7,2,1,7,0,0,1,1,0,0,0,"741192,191815","5374531,08968","12,263782567","48,477595637",0,2,#fc8d62,car
64619,9,2,74,134,2019,6,2,7,3,1,7,2,0,1,0,0,0,0,"741189,272199","5374266,61944","12,2635906","48,475221331",0,2,#fc8d62,car
64620,9,7,61,0,2019,7,11,2,3,3,6,0,0,1,0,0,1,0,"642862,433003","5360079,01009","10,929328174","48,377693031",0,2,#fc8d62,car
64626,9,2,74,182,2019,6,21,7,3,0,1,1,1,0,0,0,0,0,"729066,828384","5378090,09893","12,101912103","48,51410038",0,1,#66c2a5,bicycle
64628,9,1,74,146,2019,6,20,1,3,3,6,0,0,1,0,0,0,0,"667732,118581","5350433,89745","11,261097417","48,284866629",0,2,#fc8d62,car
64629,9,2,61,0,2019,6,19,7,3,5,3,0,1,1,0,0,0,0,"732447,472","5382736,028","12,150210223","48,554591666",0,1,#66c2a5,bicycle
64633,9,1,73,147,2019,6,8,7,3,1,3,0,0,1,0,0,0,0,"680636,739886","5309452,31137","11,417557206","47,912934422",0,2,#fc8d62,car
64636,9,1,90,138,2019,6,17,7,3,5,2,0,1,1,0,0,0,0,"660985,517","5310778,75","11,155254237","47,930094766",0,1,#66c2a5,bicycle
64638,9,1,62,0,2019,6,18,7,2,0,6,0,1,0,1,0,0,0,"684100,189064","5335414,9207","11,475021934","48,145321668",0,1,#66c2a5,bicycle
64639,9,1,90,152,2019,6,8,7,3,0,1,0,1,0,0,0,0,0,"672169,549881","5299223,59721","11,300258587","47,823306106",0,1,#66c2a5,bicycle
64640,9,1,79,132,2019,7,11,2,2,5,3,0,0,1,0,0,0,0,"660917,217","5337368,963","11,164339013","48,169176861",0,2,#fc8d62,car
64642,9,1,75,132,2019,6,10,1,3,8,6,0,0,1,0,0,0,1,"709050,047192","5337017,7448","11,810838398","48,15201675",0,2,#fc8d62,car
64649,9,1,73,137,2019,6,12,1,3,3,1,0,0,1,0,0,0,0,"676794,538824","5297624,39763","11,361344587","47,807675242",0,2,#fc8d62,car
64654,9,1,79,136,2019,7,15,2,3,0,1,0,0,0,0,1,0,0,"659059,454146","5342322,78267","11,141225807","48,214182301",1,4,#e78ac3,marker
64659,9,1,82,120,2019,6,4,1,3,2,6,2,0,0,0,0,0,1,"702863,408652","5310335,66616","11,715117472","47,914228919",0,6,#ffd92f,circle
64668,9,1,62,0,2019,6,9,1,3,5,3,0,0,1,0,0,0,0,"687318,772","5331950,491","11,516726358","48,11324283",0,2,#fc8d62,car
64678,9,7,72,145,2019,6,11,7,3,2,2,0,0,1,0,0,0,0,"635639,727584","5368678,41678","10,834621324","48,456612282",0,2,#fc8d62,car
64679,9,1,82,137,2019,6,12,7,3,2,6,0,0,1,0,0,0,0,"713829,097009","5304223,55307","11,858671366","47,855742622",0,2,#fc8d62,car
64680,9,1,84,121,2019,6,20,1,3,1,6,1,0,1,0,0,0,0,"705041,956058","5331307,19465","11,754264536","48,102003195",0,2,#fc8d62,car
64684,9,1,87,129,2019,6,14,7,3,2,6,0,0,1,0,0,0,0,"726348,39987","5300589,83235","12,023907439","47,818807206",0,2,#fc8d62,car
64686,9,1,88,113,2019,6,9,1,3,0,3,0,1,1,0,0,0,0,"675383,629","5312668,921","11,348623558","47,943308991",0,1,#66c2a5,bicycle
64693,9,2,74,184,2019,6,11,1,2,8,1,0,0,0,0,1,0,0,"744078,22685","5369826,56863","12,300026375","48,434228555",0,4,#e78ac3,marker
64695,9,1,82,137,2019,6,18,7,3,8,1,0,1,0,0,0,0,0,"711555,696832","5305691,49053","11,829035118","47,869686508",0,1,#66c2a5,bicycle
64698,9,1,87,172,2019,6,15,7,2,8,1,0,0,0,0,1,0,0,"742490,851","5297482,036","12,237481894","47,785010195",0,4,#e78ac3,marker
64700,9,1,78,136,2019,6,9,1,2,2,6,0,0,0,0,1,0,0,"698266,774","5370784,016","11,681879647","48,458923571",0,4,#e78ac3,marker
64701,9,1,82,116,2019,6,15,7,2,4,6,0,0,1,0,0,0,0,"703979,623951","5296129,80175","11,723342104","47,786203618",0,2,#fc8d62,car
64702,9,7,71,129,2019,7,20,2,3,8,7,1,0,1,0,0,0,0,"660217,297044","5355737,01646","11,161884943","48,334489817",1,2,#fc8d62,car
64707,9,1,90,148,2019,6,15,1,3,5,3,0,0,1,0,0,0,0,"639811,92823","5296443,09016","10,867314877","47,80614914",0,2,#fc8d62,car
64711,9,1,87,130,2019,6,14,7,3,0,6,0,1,1,0,0,0,0,"714816,647454","5307014,02708","11,873243509","47,880488704",0,1,#66c2a5,bicycle
64712,9,1,78,140,2019,7,16,2,3,4,6,0,0,1,0,0,0,0,"707121,969214","5361637,21156","11,796999243","48,373880192",0,2,#fc8d62,car
64713,9,1,87,122,2019,6,1,7,3,2,6,2,0,1,0,0,0,0,"719208,618636","5312144,14979","11,934515158","47,925101381",0,2,#fc8d62,car
64715,9,1,88,120,2019,6,18,7,3,3,7,0,1,0,1,0,0,0,"678995,698358","5328790,15978","11,403680495","48,087227994",0,1,#66c2a5,bicycle
64717,9,1,79,117,2019,7,17,2,1,8,1,0,0,1,0,0,0,0,"660797,927018","5349427,21091","11,167309612","48,277615584",1,2,#fc8d62,car
64730,9,1,62,0,2019,6,16,1,3,0,1,0,1,0,0,0,0,0,"696258,181048","5333762,3027","11,637537093","48,126834627",0,1,#66c2a5,bicycle
64735,9,1,79,142,2019,6,3,7,3,2,1,2,0,1,0,0,0,0,"676118,518741","5343465,31592","11,37115168","48,219948089",0,2,#fc8d62,car
64741,9,1,79,142,2019,6,17,7,3,8,1,0,0,0,0,0,0,1,"677635,854695","5342207,88174","11,391035155","48,208222029",0,6,#ffd92f,circle
64746,9,1,81,130,2019,6,0,7,2,2,6,2,0,1,0,0,0,0,"640795,193066","5324498,71857","10,889612","48,058222772",0,2,#fc8d62,car
64752,9,1,62,0,2019,6,18,1,3,2,6,0,0,1,0,0,0,0,"688683,886877","5331696,32013","11,534936413","48,110555332",0,2,#fc8d62,car
64755,9,7,71,130,2019,7,13,2,3,5,3,0,1,0,0,0,0,0,"647490,253","5357141,768","10,990757477","48,350218997",0,1,#66c2a5,bicycle
64758,9,1,88,139,2019,6,10,7,3,2,6,0,0,1,0,0,0,0,"676236,589178","5318389,50725","11,362381235","47,994500627",0,2,#fc8d62,car
64762,9,1,74,143,2019,6,23,1,3,5,3,2,0,1,0,0,0,0,"675960,931","5352039,017","11,37259737","48,297061405",0,2,#fc8d62,car
64763,9,1,88,120,2019,6,10,7,3,0,7,0,1,0,0,0,0,1,"676554,381054","5325347,57203","11,369504094","48,056962168",1,1,#66c2a5,bicycle
64778,9,1,75,118,2019,6,20,7,3,9,1,1,0,1,0,0,0,0,"714842,574474","5339076,98538","11,889661892","48,168589979",0,2,#fc8d62,car
64783,9,1,62,0,2019,6,20,6,3,9,1,0,1,0,0,0,0,0,"689472,430903","5340623,29197","11,549493343","48,190557299",0,1,#66c2a5,bicycle
64784,9,1,78,155,2019,7,10,3,3,7,7,0,0,1,0,0,0,1,"721312,758633","5374511,43203","11,995165994","48,484729408",0,2,#fc8d62,car
64787,9,1,77,133,2019,6,12,1,3,2,6,0,0,0,0,1,0,0,"713379,652605","5354403,73589","11,877730733","48,306800955",0,4,#e78ac3,marker
64788,9,1,62,0,2019,6,7,6,3,0,7,0,0,1,0,1,0,0,"682652,69983","5341397,46322","11,458151066","48,1995138",0,2,#fc8d62,car
64790,9,1,74,135,2019,7,15,2,3,9,7,0,0,1,0,0,0,0,"661200,887508","5354770,95896","11,174777567","48,325554652",1,2,#fc8d62,car
64796,9,1,88,120,2019,6,20,6,2,6,4,0,0,1,1,0,0,0,"679016,464867","5328868,57936","11,403991978","48,087927085",0,2,#fc8d62,car
64797,9,1,73,120,2019,7,18,3,3,9,1,0,0,1,0,0,0,0,"688839,432361","5311227,95615","11,528007996","47,926532235",0,2,#fc8d62,car
64799,9,1,73,120,2019,7,16,3,3,8,1,0,0,1,0,0,0,0,"689980,733495","5311668,11661","11,543465252","47,930151369",0,2,#fc8d62,car
64801,9,1,73,126,2019,7,16,3,3,2,6,0,0,1,0,0,1,0,"682744,370679","5307208,73371","11,444787954","47,892169514",0,2,#fc8d62,car
64804,9,1,62,0,2019,6,20,6,3,5,3,0,0,1,0,0,0,0,"682446,939166","5337743,03017","11,453815308","48,166724596",0,2,#fc8d62,car
64808,9,2,61,0,2019,6,11,1,3,5,3,0,1,1,0,0,0,0,"734163,098306","5381586,23305","12,172777603","48,543625497",0,1,#66c2a5,bicycle
64809,9,1,84,123,2019,6,18,6,3,2,6,0,0,1,0,0,0,0,"703748,444786","5331701,37092","11,737098024","48,105960498",0,2,#fc8d62,car
64812,9,1,87,165,2019,7,19,3,2,2,6,0,0,1,0,0,0,1,"730525,383817","5300042,75085","12,079336511","47,81240933",0,2,#fc8d62,car
64814,9,7,77,121,2019,6,18,6,3,2,6,0,0,1,0,0,0,0,"630653,554683","5321871,19341","10,752767525","48,036751182",0,2,#fc8d62,car
64816,9,1,79,145,2019,7,13,2,3,8,1,0,0,1,0,0,0,0,"672940,27877","5335640,63476","11,325213364","48,150482612",0,2,#fc8d62,car
64825,9,1,85,158,2019,7,17,3,3,1,6,0,0,1,0,0,0,1,"666135,421434","5380687,86607","11,251575946","48,557258967",0,2,#fc8d62,car
64826,9,1,84,114,2019,6,11,1,3,2,6,0,0,1,0,0,0,0,"699100,025841","5320619,24376","11,669566344","48,00783181",0,2,#fc8d62,car
64831,9,7,72,177,2019,6,11,7,3,5,3,0,1,1,0,0,0,0,"636810,805186","5378735,62823","10,85374808","48,5467901",0,1,#66c2a5,bicycle
64836,9,1,88,126,2019,7,16,3,2,2,6,0,0,1,0,0,0,0,"661836,270529","5327831,80772","11,173069408","48,08319973",0,2,#fc8d62,car
64838,9,1,81,127,2019,7,7,3,3,9,7,0,0,1,0,0,1,0,"634526,156455","5322720,97974","10,804960648","48,043588851",0,2,#fc8d62,car
64841,9,1,62,0,2019,7,9,3,3,2,6,0,0,1,0,0,0,1,"685858,543345","5333240,33339","11,497689086","48,125264309",0,2,#fc8d62,car
64842,9,1,75,121,2019,7,14,2,3,1,1,0,0,1,0,0,0,0,"712675,156521","5320112,88471","11,851107022","47,998909909",1,2,#fc8d62,car
64843,9,1,62,0,2019,7,8,3,3,2,6,0,0,1,0,0,0,0,"682638,635354","5342079,74922","11,458255567","48,205650627",0,2,#fc8d62,car
64845,9,1,79,145,2019,7,7,3,2,2,2,0,1,1,0,0,0,0,"675919,605","5338357,463","11,366359456","48,174087819",1,1,#66c2a5,bicycle
64846,9,1,84,121,2019,7,14,3,3,1,6,0,0,0,0,0,1,0,"704910,386697","5331346,61081","11,752518246","48,102399739",0,5,#a6d854,bus
64849,9,1,84,119,2019,7,15,3,3,3,6,0,0,1,0,0,0,0,"695803,107473","5345981,87766","11,637058759","48,236796738",0,2,#fc8d62,car
64851,9,1,75,118,2019,7,16,3,3,3,7,0,0,1,0,1,0,0,"718016,436248","5339141,13248","11,932326067","48,168085838",0,2,#fc8d62,car
64852,9,1,86,143,2019,6,15,1,3,5,3,0,0,1,0,0,0,0,"683321,200545","5379234,19019","11,483631637","48,539405237",0,2,#fc8d62,car
64853,9,1,78,130,2019,7,7,3,3,4,2,0,0,1,0,0,1,0,"701399,815336","5354125,97756","11,716227164","48,308232292",0,2,#fc8d62,car
64854,9,1,82,133,2019,7,17,2,3,4,6,0,0,1,0,0,0,0,"703705,358086","5307967,93664","11,725254949","47,892682926",0,2,#fc8d62,car
64855,9,1,78,144,2019,7,16,3,3,4,6,0,0,1,0,0,0,1,"707806,980741","5378290,35794","11,814501537","48,523294335",0,2,#fc8d62,car
64857,9,1,78,124,2019,7,20,3,3,5,3,0,0,1,0,1,0,0,"705953,229533","5362628,30093","11,781721377","48,383168554",0,2,#fc8d62,car
64860,9,1,75,123,2019,7,15,3,2,5,3,0,0,1,0,1,0,0,"721432,774663","5337920,36124","11,977576592","48,155936761",0,2,#fc8d62,car
64861,9,7,61,0,2019,7,15,2,3,3,7,0,1,1,0,0,0,0,"639935,843596","5360657,72239","10,890020465","48,383552491",1,1,#66c2a5,bicycle
64863,9,1,84,140,2019,7,14,2,3,4,6,0,0,1,0,0,0,0,"701659,20792","5328419,63048","11,707514716","48,077132314",0,2,#fc8d62,car
64864,9,1,62,0,2019,6,0,1,3,3,6,2,0,1,0,0,0,1,"685998,246102","5331790,38386","11,498932137","48,112190737",0,2,#fc8d62,car
64865,9,1,62,0,2019,7,18,2,3,3,6,0,0,1,0,1,0,0,"687310,494967","5335087,66524","11,517994097","48,141443106",1,2,#fc8d62,car
64867,9,1,62,0,2019,7,14,2,3,3,6,0,0,1,0,0,1,0,"694691,820784","5340361,94201","11,619529191","48,1866301",0,2,#fc8d62,car
64875,9,1,88,139,2019,6,19,1,3,2,6,0,0,1,0,0,0,0,"674795,655161","5319121,84478","11,343381158","48,001479563",0,2,#fc8d62,car
64885,9,7,77,112,2019,7,16,2,3,5,3,0,0,1,0,0,0,0,"623327,075475","5298130,50575","10,647725284","47,82469522",0,2,#fc8d62,car
64891,9,1,84,135,2019,6,11,7,3,5,3,0,0,1,0,0,0,0,"692117,075","5344757,578","11,586913603","48,226920578",0,2,#fc8d62,car
64896,9,2,74,134,2019,7,15,6,3,2,6,0,0,1,0,0,0,0,"742753,906613","5373804,7803","12,284457923","48,47047137",0,2,#fc8d62,car
64897,9,2,61,0,2019,7,16,6,3,3,2,0,1,1,0,0,0,0,"731594,764495","5381549,6154","12,138012455","48,544249764",0,1,#66c2a5,bicycle
64898,9,2,61,0,2019,7,6,6,3,0,1,0,0,0,0,1,0,0,"731986,233189","5381337,4815","12,143190274","48,542199602",0,4,#e78ac3,marker
64901,9,1,73,120,2019,7,13,6,2,2,6,0,0,1,0,0,0,0,"692415,486","5313328,427","11,576769763","47,944348279",0,2,#fc8d62,car
64902,9,1,73,120,2019,7,6,6,2,4,6,0,0,1,0,1,0,0,"687907,649213","5311375,73324","11,515611068","47,928134353",0,2,#fc8d62,car
64903,9,1,90,158,2019,7,16,6,2,5,3,0,0,0,0,1,0,1,"650231,262645","5305223,28508","11,009437397","47,882752372",0,4,#e78ac3,marker
64913,9,1,87,170,2019,7,14,6,2,0,7,0,1,0,0,0,0,0,"732229,24116","5319881,07894","12,11273844","47,990026339",0,1,#66c2a5,bicycle
64916,9,1,87,179,2019,7,16,6,3,8,7,0,0,0,0,0,0,1,"723322,324866","5309011,82522","11,987886049","47,895537583",0,6,#ffd92f,circle
64917,9,1,87,122,2019,7,15,6,3,4,6,0,0,1,0,0,0,0,"721338,12473","5307229,66634","11,960462256","47,880211638",0,2,#fc8d62,car
64922,9,1,88,139,2019,7,16,6,3,0,3,0,1,1,0,0,0,0,"674221,348263","5317749,32629","11,335131308","47,989297773",0,1,#66c2a5,bicycle
64923,9,1,81,141,2019,7,6,6,2,4,6,0,0,1,0,0,0,0,"642135,302284","5318890,27437","10,905726215","48,007493684",0,2,#fc8d62,car
64924,9,1,79,123,2019,7,15,6,3,5,3,0,1,0,0,0,0,1,"674937,706336","5332861,72794","11,350904437","48,124955712",0,1,#66c2a5,bicycle
64925,9,1,74,136,2019,7,17,6,3,0,2,0,1,1,0,0,0,0,"682424,959453","5364850,07157","11,46522591","48,410380801",0,1,#66c2a5,bicycle
64926,9,1,75,135,2019,7,13,6,3,5,3,0,0,1,0,1,0,0,"708793,820913","5339433,14637","11,808583111","48,173805983",0,2,#fc8d62,car
64927,9,1,78,124,2019,7,12,6,3,0,6,0,0,0,0,1,0,1,"702857,073029","5363931,19233","11,74058213","48,395879749",1,4,#e78ac3,marker
64928,9,1,77,117,2019,7,14,6,2,4,6,0,0,1,0,0,0,1,"718636,209774","5355365,79096","11,949024997","48,313650126",0,2,#fc8d62,car
64929,9,1,77,119,2019,7,12,6,3,0,3,0,0,1,0,0,1,0,"721359,799047","5340043,12477","11,977701425","48,175034701",0,2,#fc8d62,car
64930,9,1,62,0,2019,7,21,5,3,2,6,2,0,1,0,1,0,0,"693358,904267","5339244,22724","11,601105771","48,17699161",0,2,#fc8d62,car
64931,9,1,84,131,2019,7,6,5,3,2,2,0,0,1,0,0,0,0,"705530,256384","5339522,9773","11,764780267","48,175676983",0,2,#fc8d62,car
64932,9,1,84,146,2019,7,7,5,3,5,3,0,1,0,0,0,0,0,"697478,0837","5328425,56666","11,651443857","48,078494146",0,1,#66c2a5,bicycle
64933,9,1,84,135,2019,7,7,5,3,0,6,0,0,1,0,1,0,0,"692175,363337","5344267,41169","11,587475438","48,22249748",0,2,#fc8d62,car
64934,9,1,62,0,2019,7,17,5,3,5,3,0,0,1,0,1,0,0,"689049,024092","5341551,08931","11,544215002","48,199022504",0,2,#fc8d62,car
64941,9,7,62,0,2019,7,17,5,3,2,6,0,0,1,0,0,0,0,"623077,251","5306081,117","10,646652293","47,896248416",0,2,#fc8d62,car
64942,9,7,71,130,2019,7,8,5,2,2,1,0,0,0,0,0,1,0,"643639,941867","5363299,93345","10,940923548","48,406477138",0,5,#a6d854,bus
64943,9,7,72,149,2019,7,10,5,3,8,7,0,0,0,0,1,0,0,"635193,518716","5338782,80735","10,819002805","48,187883497",0,4,#e78ac3,marker
64944,9,7,72,131,2019,7,19,5,3,9,1,0,0,0,0,1,0,0,"617593,436673","5355747,65138","10,587015664","48,34395646",0,4,#e78ac3,marker
64945,9,7,72,145,2019,7,18,5,3,5,3,0,0,1,0,0,0,0,"634497,387","5370076,027","10,819627815","48,469424696",0,2,#fc8d62,car
64946,9,7,72,171,2019,7,22,5,1,6,6,2,0,1,1,0,0,0,"636649,420416","5373236,95818","10,849760775","48,497383066",0,2,#fc8d62,car
64947,9,7,72,184,2019,7,22,5,2,8,1,1,0,0,0,1,0,0,"633073,541842","5358932,9868","10,796838549","48,369528365",0,4,#e78ac3,marker
64948,9,7,61,0,2019,7,13,5,3,2,1,0,0,1,0,0,0,0,"642040,414719","5359576,62585","10,918063728","48,373361405",0,2,#fc8d62,car
64949,9,7,61,0,2019,7,7,5,3,2,1,0,0,1,0,1,0,0,"641514,301164","5358066,92319","10,910455435","48,35990496",0,2,#fc8d62,car
65005,9,2,74,111,2019,7,15,5,3,5,3,0,0,1,0,1,0,0,"740740,230873","5382400,51026","12,262216137","48,548450384",0,2,#fc8d62,car
65008,9,2,61,0,2019,7,14,5,3,2,7,0,0,1,0,0,0,0,"731331,947274","5382074,44157","12,134748386","48,549061148",0,2,#fc8d62,car
65010,9,1,73,147,2019,7,16,5,3,1,3,0,1,1,0,0,0,0,"681445,436256","5309527,57323","11,428402055","47,913382686",0,1,#66c2a5,bicycle
65011,9,1,73,137,2019,7,18,5,3,5,3,0,0,1,0,0,0,0,"680506,520729","5307708,5579","11,415086308","47,897295907",0,2,#fc8d62,car
65020,9,1,87,134,2019,7,7,5,2,2,3,0,0,1,0,0,0,0,"736963,368673","5317867,24556","12,17498291","47,970199306",0,2,#fc8d62,car
65023,9,1,87,122,2019,7,18,5,3,2,6,0,0,1,0,0,0,0,"717908,1391","5308216,61946","11,915145074","47,890253227",0,2,#fc8d62,car
65027,9,1,88,139,2019,7,19,5,2,5,3,0,1,0,0,1,0,0,"675977,458","5319001,962","11,359161857","48,000077683",0,1,#66c2a5,bicycle
65028,9,1,81,132,2019,7,20,5,3,8,1,0,1,0,0,0,0,0,"641973,664822","5329358,71077","10,90703428","48,101663051",0,1,#66c2a5,bicycle
65029,9,1,81,128,2019,7,7,5,3,5,3,0,1,1,0,0,0,0,"638564,824411","5327004,99339","10,860507141","48,081248306",0,1,#66c2a5,bicycle
65030,9,1,88,132,2019,7,12,5,3,1,6,0,0,1,0,0,0,0,"664987,41638","5323535,9897","11,213691838","48,04377107",0,2,#fc8d62,car
65031,9,1,79,145,2019,7,18,5,3,2,3,0,1,1,0,0,0,0,"675913,702","5338632,217","11,366393835","48,17655928",0,1,#66c2a5,bicycle
65033,9,1,81,139,2019,7,19,5,2,0,1,0,1,0,0,0,0,0,"655607,691811","5324702,77167","11,088354405","48,05661708",0,1,#66c2a5,bicycle
65035,9,1,78,120,2019,7,8,5,3,1,6,0,0,1,0,0,0,0,"694731,156308","5355127,09335","11,626850687","48,31931759",0,2,#fc8d62,car
65036,9,1,78,124,2019,7,7,5,3,4,6,0,1,1,0,0,0,0,"702435,470907","5364244,78012","11,735044237","48,398833212",0,1,#66c2a5,bicycle
65038,9,1,78,124,2019,7,8,5,3,0,1,0,1,0,0,0,0,0,"702384,404233","5366363,23861","11,735376634","48,417886675",0,1,#66c2a5,bicycle
65040,9,1,75,124,2019,7,15,5,3,4,6,0,1,0,0,0,0,0,"713124,838674","5329299,5212","11,861699624","48,081310464",0,1,#66c2a5,bicycle
65042,9,1,84,141,2019,7,17,4,3,2,6,0,0,1,0,0,0,0,"696904,93511","5319904,28079","11,63983861","48,002085909",0,2,#fc8d62,car
65044,9,1,84,145,2019,7,8,4,3,5,3,0,0,1,0,0,0,0,"695036,410234","5323945,82072","11,616653914","48,038983041",0,2,#fc8d62,car
65046,9,1,84,132,2019,7,17,4,3,4,2,0,0,1,0,0,0,0,"683122,548","5328836,742","11,459066399","48,086474568",0,2,#fc8d62,car
65047,9,1,62,0,2019,7,18,4,3,5,3,0,1,0,0,0,0,0,"680194,599776","5334992,66565","11,422386142","48,142644326",0,1,#66c2a5,bicycle
65049,9,1,84,122,2019,7,15,4,3,2,6,0,0,1,0,0,0,0,"687974,759234","5323663,99468","11,521886324","48,038567794",0,2,#fc8d62,car
65051,9,1,84,140,2019,7,8,4,3,5,3,0,1,1,0,0,0,0,"702268,780678","5328565,1828","11,715758332","48,078247336",0,1,#66c2a5,bicycle
65052,9,2,61,0,2019,7,16,7,3,2,6,0,0,1,0,1,0,1,"731827,169961","5381181,44207","12,140951684","48,540856714",0,2,#fc8d62,car
65053,9,2,74,146,2019,7,13,7,2,5,3,0,0,1,0,1,0,0,"735595,873468","5379729,47846","12,191110232","48,526411131",0,2,#fc8d62,car
65056,9,2,61,0,2019,7,14,7,3,1,6,0,0,1,0,0,0,0,"726670,016602","5380099,96726","12,070596665","48,53302542",0,2,#fc8d62,car
65063,9,7,72,125,2019,7,16,4,3,0,1,0,1,0,0,0,0,0,"636515,519511","5348758,83575","10,839995017","48,27730702",0,1,#66c2a5,bicycle
65064,9,7,72,215,2019,7,7,4,3,1,6,0,0,1,0,0,0,0,"633659,900521","5345176,39407","10,800394174","48,245701798",0,2,#fc8d62,car
65080,9,1,84,145,2019,7,10,7,3,2,6,0,0,1,0,0,0,0,"696486,871627","5322546,53752","11,635450596","48,025962174",0,2,#fc8d62,car
65083,9,1,82,137,2019,7,9,7,3,0,3,0,0,1,0,1,0,1,"712074,833097","5300409,3459","11,833380115","47,822047833",0,2,#fc8d62,car
65085,9,1,82,137,2019,7,9,7,3,2,6,0,0,1,0,0,0,1,"712086,089844","5300398,63613","11,833525077","47,82194788",0,2,#fc8d62,car
65087,9,1,82,120,2019,7,22,7,3,2,6,2,0,1,0,1,0,0,"703264,190669","5306056,58323","11,71846011","47,875645024",0,2,#fc8d62,car
65095,9,1,87,122,2019,7,9,7,3,0,6,0,1,1,0,0,0,0,"718493,861634","5305613,23874","11,921653626","47,86666103",0,1,#66c2a5,bicycle
65113,9,1,81,123,2019,7,15,7,2,0,7,0,0,0,0,1,0,0,"655239,946891","5326551,3497","11,084093566","48,073327455",0,4,#e78ac3,marker
65114,9,1,88,139,2019,7,10,7,3,5,2,0,1,1,0,0,0,0,"675218,725519","5319202,9177","11,349081186","48,002092573",0,1,#66c2a5,bicycle