OBJECTID,ULAND,UREGBEZ,UKREIS,UGEMEINDE,UJAHR,UMONAT,USTUNDE,UWOCHENTAG,UKATEGORIE,UART,UTYP1,ULICHTVERH,IstRad,IstPKW,IstFuss,IstKrad,IstGkfz,IstSonstig,LINREFX,LINREFY,XGCSWGS84,YGCSWGS84,STRZUSTAND,Teilnehmer,color,symbol
65117,9,1,88,132,2019,7,16,7,3,0,1,0,1,0,0,0,0,0,"666780,705538","5320287,79685","11,236469668","48,014102946",0,1,#66c2a5,bicycle
65119,9,1,88,117,2019,7,16,7,2,5,3,0,0,1,0,1,0,0,"660608,104527","5313386,93997","11,151178301","47,953639512",0,2,#fc8d62,car
65121,9,1,74,113,2019,7,11,7,3,0,3,0,1,1,0,0,0,0,"677497,970444","5346719,87608","11,391070515","48,248818874",0,1,#66c2a5,bicycle
65123,9,1,74,113,2019,7,14,7,2,5,7,0,0,1,0,0,0,0,"674603,702","5345113,703","11,35145409","48,235184507",0,2,#fc8d62,car
65125,9,1,75,118,2019,7,18,7,3,5,3,0,0,1,0,0,0,0,"714818,168444","5339163,63632","11,889377834","48,169376826",0,2,#fc8d62,car
65128,9,1,78,123,2019,7,16,7,3,9,7,0,0,1,0,0,1,0,"692235,949666","5361154,26677","11,595978793","48,374249742",0,2,#fc8d62,car
65130,9,1,84,149,2019,7,9,7,3,2,6,0,0,1,0,0,0,0,"691143,07597","5352342,81802","11,577239127","48,295388482",0,2,#fc8d62,car
65132,9,1,75,135,2019,7,13,7,3,0,7,0,1,0,0,0,0,0,"709064,390382","5339126,11339","11,812067144","48,170958023",0,1,#66c2a5,bicycle
65134,9,1,75,122,2019,7,18,7,3,6,7,0,0,1,1,0,0,0,"719351,19776","5325062,71985","11,943017722","48,041130595",0,2,#fc8d62,car
65144,9,1,75,122,2019,7,18,7,3,8,1,0,0,0,0,1,0,0,"718920,787117","5324768,94716","11,937100631","48,038638668",0,4,#e78ac3,marker
65146,9,1,77,123,2019,7,16,7,2,8,1,0,1,0,0,0,0,0,"724995,529913","5340038,09911","12,026535887","48,173712955",0,1,#66c2a5,bicycle
65149,9,1,62,0,2019,7,13,6,3,5,3,0,1,1,0,0,0,0,"701196,951621","5332367,36922","11,703175895","48,112756727",0,1,#66c2a5,bicycle
65150,9,2,74,185,2019,7,10,4,3,5,3,0,0,1,0,0,0,0,"729468,929464","5370441,67533","12,103151236","48,445246244",0,2,#fc8d62,car
65152,9,1,84,149,2019,7,16,6,2,0,3,0,0,1,0,1,0,0,"690378,330965","5350607,28521","11,566156524","48,280020552",0,2,#fc8d62,car
65153,9,1,62,0,2019,7,19,6,3,3,6,0,0,1,0,0,0,1,"688711,025463","5336170,37187","11,537282107","48,150760769",0,2,#fc8d62,car
65156,9,1,62,0,2019,7,20,6,1,0,3,0,0,1,0,1,0,0,"694821,874107","5332400,24872","11,617632948","48,11503422",0,2,#fc8d62,car
65157,9,1,90,152,2019,7,18,4,3,5,3,0,0,1,0,1,0,0,"672854,860658","5299171,27739","11,309386085","47,822651975",0,2,#fc8d62,car
65158,9,1,84,147,2019,7,15,6,3,3,6,0,0,1,0,0,0,1,"695753,163314","5340100,56729","11,63367324","48,183954875",0,2,#fc8d62,car
65175,9,1,87,124,2019,7,14,4,3,4,6,0,0,1,0,0,0,0,"733837,7527","5329231,30327","12,139368046","48,073439461",0,2,#fc8d62,car
65177,9,1,87,142,2019,7,8,4,3,8,1,0,0,0,0,1,0,0,"732359,286","5311725,274","12,110074725","47,916707592",0,4,#e78ac3,marker
65178,9,1,87,177,2019,7,15,4,3,2,2,0,0,1,0,0,0,0,"736732,254719","5303450,45769","12,163980324","47,840770616",0,2,#fc8d62,car
65180,9,1,87,139,2019,7,15,4,1,5,3,0,0,1,0,1,0,0,"744143,083851","5315811,49073","12,269854636","47,949035665",0,2,#fc8d62,car
65181,9,7,62,0,2019,7,15,6,3,1,6,0,0,1,0,0,0,1,"623090,236638","5306188,53812","10,646856598","47,897212031",0,2,#fc8d62,car
65183,9,1,86,126,2019,7,16,4,2,4,6,0,0,1,0,0,0,0,"686237,609201","5375350,79111","11,521369536","48,503643832",0,2,#fc8d62,car
65189,9,1,88,126,2019,7,9,4,3,2,6,0,0,1,0,0,0,0,"660117,848943","5327972,62815","11,150064884","48,084899727",0,2,#fc8d62,car
65191,9,1,88,113,2019,7,14,4,3,0,1,0,0,0,0,1,0,0,"675425,068735","5314056,11111","11,349743536","47,955768058",0,4,#e78ac3,marker
65193,9,1,79,134,2019,7,7,4,3,5,3,0,0,1,0,0,0,0,"669547,593526","5342262,11429","11,282278055","48,210921606",0,2,#fc8d62,car
65194,9,7,61,0,2019,7,13,6,3,2,6,0,0,1,0,0,0,0,"638314,830055","5356782,04733","10,866864155","48,349060602",0,2,#fc8d62,car
65195,9,7,71,130,2019,7,8,6,2,2,6,0,0,1,0,0,1,0,"644146,469951","5363186,85677","10,947725025","48,405344795",0,2,#fc8d62,car
65196,9,1,79,123,2019,7,17,4,3,2,6,0,0,1,0,0,0,0,"676728,457","5333749,574","11,375316359","48,132442172",0,2,#fc8d62,car
65197,9,7,71,122,2019,7,12,6,3,3,7,0,0,1,0,0,0,0,"652741,576082","5362225,55434","11,063437282","48,394678008",0,2,#fc8d62,car
65198,9,1,78,120,2019,7,8,4,3,2,6,0,0,1,0,0,0,0,"694374,245843","5354850,138","11,621913707","48,316938333",0,2,#fc8d62,car
65199,9,7,71,122,2019,7,14,6,3,3,2,0,0,1,0,0,0,0,"649222,932997","5360377,85706","11,015277447","48,378907819",0,2,#fc8d62,car
65200,9,1,77,130,2019,7,16,4,3,2,6,0,0,1,0,0,0,0,"706620,309738","5350885,29042","11,784963947","48,277427692",0,2,#fc8d62,car
65201,9,7,71,163,2019,7,19,6,3,5,3,0,0,1,0,0,0,0,"644211,705818","5343967,53205","10,942033315","48,232519434",0,2,#fc8d62,car
65202,9,1,77,130,2019,7,15,4,2,5,6,0,0,1,0,1,0,0,"705863,790059","5350719,7974","11,774698932","48,276186915",0,2,#fc8d62,car
65203,9,1,75,127,2019,7,11,4,3,5,3,0,1,1,0,0,0,0,"712924,055414","5341499,40393","11,865104808","48,191002461",0,1,#66c2a5,bicycle
65204,9,7,71,130,2019,7,13,6,2,2,1,0,0,1,0,1,0,0,"645271,355983","5360163,41246","10,961869689","48,377901901",0,2,#fc8d62,car
65205,9,1,78,123,2019,7,17,4,3,4,1,0,0,0,0,0,1,1,"692399,053978","5360230,64482","11,597756494","48,36589913",0,5,#a6d854,bus
65206,9,7,61,0,2019,7,6,6,2,5,3,0,1,0,0,1,0,0,"637408,558105","5359469,69933","10,855516507","48,373425514",0,1,#66c2a5,bicycle
65207,9,1,78,143,2019,7,19,4,1,2,6,0,0,1,0,1,0,0,"713960,446467","5369920,58929","11,893449359","48,446025937",0,2,#fc8d62,car
65208,9,1,78,144,2019,7,15,4,2,8,1,0,0,1,0,0,0,0,"707026,074157","5379024,50651","11,80430277","48,53014905",0,2,#fc8d62,car
65209,9,7,61,0,2019,7,14,6,2,9,6,0,1,0,0,0,0,0,"641351,48545","5361162,40465","10,9092994","48,387774767",0,1,#66c2a5,bicycle
65210,9,1,78,143,2019,7,12,4,3,6,3,0,0,1,1,0,0,0,"716914,114312","5372306,50618","11,93457479","48,466451912",0,2,#fc8d62,car
65211,9,7,61,0,2019,7,12,6,3,5,3,0,1,1,0,0,0,0,"640866,413692","5360480,13148","10,902522343","48,381748549",0,1,#66c2a5,bicycle
65212,9,1,77,138,2019,7,6,4,3,5,3,0,0,1,0,0,0,0,"729104,161548","5362918,62606","12,094119013","48,377796587",0,2,#fc8d62,car
65213,9,7,71,144,2019,7,16,6,3,2,2,0,0,1,0,0,0,1,"660005,614","5372280,065","11,165338425","48,483267617",0,2,#fc8d62,car
65214,9,7,71,162,2019,7,19,6,3,9,1,0,0,0,0,1,0,0,"662652,646391","5369513,99583","11,200057412","48,457721923",0,4,#e78ac3,marker
65215,9,1,62,0,2019,7,17,3,3,2,6,0,0,1,0,0,0,0,"694679,515345","5332082,02097","11,615577022","48,112217642",0,2,#fc8d62,car
65216,9,1,62,0,2019,7,12,3,3,3,6,0,0,1,0,1,0,0,"690848,698521","5329909,56539","11,563191248","48,093851011",0,2,#fc8d62,car
65217,9,7,71,144,2019,7,18,6,2,5,3,0,0,1,0,0,0,0,"658670,612","5374256,45","11,148035972","48,50137385",0,2,#fc8d62,car
65218,9,1,84,147,2019,7,15,3,2,5,3,0,0,1,0,1,0,0,"696675,395286","5341597,15646","11,646760314","48,197120324",0,2,#fc8d62,car
65220,9,1,84,141,2019,7,7,3,3,1,6,0,0,1,0,0,0,1,"699191,540472","5316616,99841","11,668935402","47,971833425",1,2,#fc8d62,car
65223,9,1,84,130,2019,7,8,3,3,2,6,0,0,1,0,0,0,0,"699980,214784","5346811,41217","11,693643424","48,24294822",0,2,#fc8d62,car
65224,9,1,62,0,2019,7,15,3,3,2,6,0,0,1,0,0,0,0,"688200,337976","5340199,55268","11,532206038","48,187126884",0,2,#fc8d62,car
65242,9,7,62,0,2019,7,16,3,3,2,6,0,0,1,0,0,0,0,"621619,139326","5303697,80224","10,626481012","47,875091556",0,2,#fc8d62,car
65246,9,7,77,121,2019,7,16,3,3,3,2,0,1,1,0,0,0,0,"628483,788602","5321743,44494","10,723634714","48,036042643",0,1,#66c2a5,bicycle
65249,9,7,71,122,2019,7,15,3,3,2,6,0,0,1,0,0,1,0,"655673,82988","5359621,66327","11,102058027","48,370550629",0,2,#fc8d62,car
65251,9,7,61,0,2019,7,18,3,3,2,5,0,0,0,0,1,0,1,"641046,197011","5356892,61734","10,903746076","48,349450756",0,4,#e78ac3,marker
65253,9,7,72,141,2019,7,14,3,3,4,2,0,0,1,0,0,0,0,"622699,175656","5352540,48942","10,654958611","48,314143632",0,2,#fc8d62,car
65255,9,7,71,158,2019,7,15,3,3,2,6,0,0,1,0,0,0,1,"638537,236205","5372460,38595","10,875043544","48,489987049",0,2,#fc8d62,car
65257,9,7,61,0,2019,7,13,3,3,5,2,0,0,1,0,0,0,0,"639363,072359","5360885,3664","10,882364279","48,3857262",0,2,#fc8d62,car
65259,9,7,71,158,2019,7,16,3,3,2,6,0,0,1,0,0,0,0,"638495,982","5372442,633","10,874479611","48,489836514",0,2,#fc8d62,car
65260,9,7,71,156,2019,7,17,3,3,8,1,0,0,1,0,0,0,0,"652014,938877","5379864,13897","11,060040018","48,55343572",0,2,#fc8d62,car
65311,9,1,75,124,2019,7,16,4,2,5,2,0,1,0,0,0,1,0,"712627,073069","5329405,20026","11,855077158","48,082426259",0,1,#66c2a5,bicycle
65312,9,1,62,0,2019,7,7,3,3,3,2,0,0,1,0,1,0,0,"689225,16","5330392,838","11,541622881","48,098678858",0,2,#fc8d62,car
65313,9,1,84,141,2019,7,19,3,3,5,3,0,1,1,0,0,0,0,"697899,646","5313941,689","11,650413746","47,94818954",0,1,#66c2a5,bicycle
65314,9,1,62,0,2019,7,7,3,3,2,6,0,0,1,0,0,1,0,"692238,077102","5331102,78824","11,582369102","48,104157999",0,2,#fc8d62,car
65315,9,1,62,0,2019,7,7,3,3,2,6,0,0,1,0,0,0,0,"695203,239906","5341891,3004","11,627105719","48,200218143",0,2,#fc8d62,car
65316,9,1,84,129,2019,7,14,3,2,5,2,0,0,1,0,0,0,0,"701763,06221","5326529,47431","11,708015516","48,060112602",0,2,#fc8d62,car
65323,9,7,78,204,2019,7,16,3,2,9,1,0,0,1,0,0,0,0,"615635,37218","5326717,63747","10,55268486","48,083235749",0,2,#fc8d62,car
65331,9,7,61,0,2019,7,8,3,3,2,6,0,0,1,0,1,0,0,"639893,333399","5354300,38002","10,88733347","48,326398372",0,2,#fc8d62,car
65332,9,7,72,179,2019,7,12,3,3,5,2,0,0,1,0,0,0,0,"619117,536064","5337092,89255","10,602323447","48,175904087",0,2,#fc8d62,car
65333,9,7,61,0,2019,7,11,3,3,5,3,0,0,1,0,0,0,0,"643149,554","5359562,968","10,933027674","48,372987979",0,2,#fc8d62,car
65370,9,1,73,130,2019,7,18,3,3,1,1,0,0,1,0,1,0,0,"682838,862238","5316228,17867","11,44987973","47,973219037",0,2,#fc8d62,car
65373,9,1,83,126,2019,7,8,3,2,3,3,0,0,0,0,0,1,1,"729931,066901","5338021,7188","12,091737332","48,153832029",0,5,#a6d854,bus
65376,9,1,62,0,2019,7,15,3,3,2,6,0,0,1,0,0,1,0,"694650,036951","5331739,36625","11,615025042","48,109146997",0,2,#fc8d62,car
65377,9,1,87,182,2019,7,6,3,3,3,6,0,0,1,0,0,1,0,"741604,337671","5328721,45025","12,243179209","48,0659654",0,2,#fc8d62,car
65378,9,1,87,134,2019,7,19,3,3,4,2,0,0,1,0,0,1,0,"736789,252347","5319825,86087","12,173733","47,98785877",0,2,#fc8d62,car
65382,9,1,81,130,2019,7,10,3,3,4,2,0,0,1,0,1,0,0,"640478,944944","5323104,14768","10,884912154","48,045752179",0,2,#fc8d62,car
65383,9,1,81,122,2019,7,7,3,3,0,1,0,1,0,0,0,0,0,"651413,923","5331023,082","11,034349237","48,114454343",0,1,#66c2a5,bicycle
65384,9,1,79,123,2019,7,15,3,3,2,6,0,0,1,0,0,0,0,"676108,204009","5334932,91487","11,367476538","48,143251488",0,2,#fc8d62,car
65385,9,1,79,121,2019,7,13,3,3,6,4,0,0,1,1,0,0,0,"667581,941694","5338490,92235","11,254351415","48,177541007",0,2,#fc8d62,car
65386,9,1,84,119,2019,7,8,3,3,2,6,0,0,1,0,0,0,1,"695986,818552","5346554,56708","11,639795208","48,241886893",0,2,#fc8d62,car
65387,9,1,84,149,2019,7,4,3,3,2,1,2,0,1,0,0,0,1,"688305,353677","5348811,52633","11,537443233","48,264500288",0,2,#fc8d62,car
65388,9,1,77,133,2019,7,22,3,2,0,6,2,0,1,0,1,0,0,"710262,557306","5360073,78218","11,838574965","48,358793507",0,2,#fc8d62,car
65389,9,1,77,117,2019,7,17,3,3,2,6,0,0,1,0,0,0,0,"714301,719691","5355556,47489","11,890735183","48,316846926",0,2,#fc8d62,car
65390,9,1,77,116,2019,7,6,3,3,2,6,0,0,1,0,0,0,0,"711671,995853","5361438,80066","11,858264815","48,370587909",0,2,#fc8d62,car
65391,9,1,84,135,2019,7,15,2,3,2,6,0,0,1,0,0,0,0,"692206,312146","5343960,373","11,587752514","48,219728549",0,2,#fc8d62,car
65392,9,1,62,0,2019,7,10,2,3,2,6,0,0,1,0,1,0,0,"688043,36545","5334994,23672","11,527794812","48,14038718",0,2,#fc8d62,car
65393,9,1,62,0,2019,7,16,2,3,5,2,0,1,1,0,0,0,0,"688636,467132","5331669,09084","11,534287941","48,110324635",0,1,#66c2a5,bicycle
65394,9,7,77,121,2019,7,13,2,3,2,6,0,0,1,0,0,1,0,"629543,469885","5321241,33921","10,737691926","48,031313099",1,2,#fc8d62,car
65400,9,7,62,0,2019,7,13,2,3,4,6,0,0,1,0,0,0,0,"621322,840353","5304451,05006","10,622731671","47,881922144",0,2,#fc8d62,car
65403,9,7,71,158,2019,7,11,2,3,0,6,0,0,1,0,0,0,1,"639619,43128","5372352,44642","10,889646266","48,48877703",0,2,#fc8d62,car
65404,9,7,72,171,2019,7,6,2,3,2,6,0,1,0,0,0,0,0,"637853,941989","5372111,44745","10,865685427","48,486999765",0,1,#66c2a5,bicycle
65405,9,7,71,130,2019,7,10,2,3,5,3,0,0,1,0,0,0,0,"651292,906959","5358701,05142","11,042611095","48,363338911",0,2,#fc8d62,car
65455,9,1,63,0,2019,7,14,2,3,5,2,0,1,1,0,0,0,0,"734695,398718","5304875,49683","12,137572454","47,854319662",0,1,#66c2a5,bicycle
65463,9,1,62,0,2019,7,18,5,3,3,6,0,0,1,0,0,1,0,"683399,476497","5342565,4481","11,468696325","48,209796985",0,2,#fc8d62,car
65465,9,1,62,0,2019,7,11,5,2,2,6,0,0,1,0,0,0,0,"687328,578933","5333159,67927","11,517389244","48,124108502",0,2,#fc8d62,car
65466,9,1,86,143,2019,7,13,2,2,4,2,0,0,1,0,0,0,0,"684680,081414","5377298,67195","11,501166085","48,521610773",0,2,#fc8d62,car
65467,9,1,62,0,2019,7,19,5,3,1,6,0,0,1,0,0,0,0,"684635,507128","5342409,16679","11,485250034","48,208033934",1,2,#fc8d62,car
65468,9,1,88,126,2019,7,6,5,3,2,6,0,0,1,0,0,0,0,"660048,286098","5327907,20748","11,149106961","48,084329017",0,2,#fc8d62,car
65471,9,1,79,126,2019,7,13,5,3,9,1,0,1,0,0,0,0,0,"676262,55164","5340247,29461","11,371752459","48,190980842",0,1,#66c2a5,bicycle
65473,9,1,79,123,2019,7,11,5,3,2,6,0,0,1,0,0,0,0,"677381,046613","5332210,78466","11,383439203","48,11842815",0,2,#fc8d62,car
65474,9,1,62,0,2019,7,13,2,2,3,6,0,0,1,0,0,0,0,"681027,0666","5339756,46504","11,435594273","48,185228837",0,2,#fc8d62,car
65475,9,1,88,120,2019,7,14,5,3,0,7,0,1,0,0,0,0,0,"677411,316566","5326403,77245","11,381432724","48,066219013",1,1,#66c2a5,bicycle
65476,9,1,81,146,2019,7,9,2,2,8,1,0,0,1,0,0,0,1,"651327,276727","5326212,63072","11,031480779","48,071222371",1,2,#fc8d62,car
65477,9,1,79,121,2019,7,10,5,3,0,1,0,1,0,0,0,0,0,"666835,918536","5338314,84388","11,244254624","48,176154374",0,1,#66c2a5,bicycle
65478,9,1,62,0,2019,7,9,2,3,2,6,0,0,1,0,0,0,0,"683677,335098","5333014,89568","11,468307807","48,123871",1,2,#fc8d62,car
65479,9,1,81,123,2019,7,7,2,3,1,6,0,0,1,0,0,0,0,"655925,685103","5326684,84686","11,093341939","48,074360439",1,2,#fc8d62,car
65480,9,1,74,121,2019,7,12,5,3,5,3,0,0,1,0,0,0,0,"690752,116","5353317,966","11,57241381","48,304270721",0,2,#fc8d62,car
65481,9,1,79,142,2019,7,17,2,3,0,7,0,0,0,0,0,0,1,"673586,579","5341137,972","11,33614057","48,199724491",0,6,#ffd92f,circle
65482,9,1,78,120,2019,7,18,5,3,8,1,0,0,1,0,0,0,0,"694308,308889","5354582,52134","11,620901977","48,314553453",1,2,#fc8d62,car
65483,9,1,74,122,2019,7,17,2,2,5,3,0,0,1,0,1,0,0,"684767,507","5354374,904","11,492250984","48,315546829",0,2,#fc8d62,car
65484,9,1,84,129,2019,7,15,2,3,2,6,0,0,1,0,0,1,0,"700919,540366","5326100,79684","11,696505657","48,056526187",1,2,#fc8d62,car
65485,9,1,75,132,2019,7,19,5,3,3,6,0,0,1,0,0,0,0,"707298,226588","5336533,45398","11,787077014","48,148238114",1,2,#fc8d62,car
65486,9,1,78,124,2019,7,22,2,2,4,3,2,0,1,0,0,0,0,"703009,131898","5363867,27134","11,742603089","48,39525641",0,2,#fc8d62,car
65487,9,1,77,126,2019,7,6,2,3,2,6,0,0,1,0,0,0,1,"717749,94069","5370160,25017","11,944750557","48,446879999",0,2,#fc8d62,car
65488,9,1,75,135,2019,7,11,5,3,5,3,0,1,1,0,0,0,0,"707632,242855","5338777,89299","11,792657517","48,168298258",0,1,#66c2a5,bicycle
65489,9,1,77,116,2019,7,7,2,3,5,3,0,0,1,0,0,0,0,"714754,777956","5359745,06913","11,898973012","48,354328349",1,2,#fc8d62,car
65490,9,1,62,0,2019,7,7,4,3,4,6,0,1,0,0,0,0,0,"688937,506227","5331709,19713","11,538345985","48,110595893",0,1,#66c2a5,bicycle
65491,9,1,62,0,2019,7,15,1,2,5,6,0,1,0,0,0,0,0,"692885,069508","5338947,481","11,594603776","48,174468548",0,1,#66c2a5,bicycle
65492,9,1,84,132,2019,7,20,1,2,4,6,0,1,1,0,0,0,0,"680581,737585","5327411,76804","11,424376673","48,074390311",0,1,#66c2a5,bicycle
65493,9,1,84,119,2019,7,9,4,2,0,6,0,1,0,0,0,0,0,"696977,592784","5347850,65782","11,653728339","48,25322802",0,1,#66c2a5,bicycle
65494,9,7,78,203,2019,7,7,1,3,8,1,0,0,1,0,0,0,0,"621392,154644","5322126,79918","10,628648752","48,040878006",1,2,#fc8d62,car
65495,9,1,62,0,2019,7,21,4,3,5,2,0,1,1,0,0,0,0,"687348,379606","5335081,14581","11,518499997","48,141373354",0,1,#66c2a5,bicycle
65498,9,1,84,145,2019,7,15,4,3,0,7,0,1,1,0,0,0,0,"694827,61389","5323541,99739","11,613671974","48,035417314",0,1,#66c2a5,bicycle
65505,9,7,72,147,2019,7,11,1,3,9,1,0,0,1,0,0,0,0,"635179,691762","5364373,82848","10,827013444","48,418004785",1,2,#fc8d62,car
65507,9,7,61,0,2019,7,15,1,3,5,3,0,1,1,0,0,0,0,"641596,949729","5359674,15753","10,912111654","48,37433803",0,1,#66c2a5,bicycle
65509,9,7,71,144,2019,7,15,1,3,2,6,0,0,1,0,0,0,0,"658674,47227","5374263,46107","11,148090858","48,501435905",0,2,#fc8d62,car
65521,9,7,61,0,2019,7,6,4,3,2,6,0,0,1,0,0,0,0,"639342,128537","5356428,65977","10,880605126","48,345657207",0,2,#fc8d62,car
65524,9,7,61,0,2019,7,13,4,3,0,7,0,1,0,0,0,0,0,"643897,151021","5357568,42496","10,942434589","48,354884147",0,1,#66c2a5,bicycle
65585,9,2,74,126,2019,7,9,1,2,5,3,0,0,1,0,0,0,0,"733300,915215","5383715,81129","12,162307139","48,563075812",1,2,#fc8d62,car
65587,9,2,74,121,2019,7,12,1,3,8,1,0,0,1,0,0,0,0,"725276,321202","5370663,60976","12,046657369","48,44875411",1,2,#fc8d62,car
65588,9,2,61,0,2019,7,9,1,3,0,1,0,1,0,0,0,0,0,"732116,167428","5380730,68074","12,144610028","48,5367008",1,1,#66c2a5,bicycle
65590,9,1,73,130,2019,7,1,1,3,8,1,2,0,1,0,0,0,0,"679638,182613","5312627,32927","11,405529061","47,941756294",1,2,#fc8d62,car
65592,9,1,73,120,2019,7,13,1,2,9,1,0,0,1,0,0,0,0,"691650,921745","5312511,06231","11,566177749","47,937230779",1,2,#fc8d62,car
65623,9,1,81,127,2019,7,5,1,2,8,7,1,0,1,0,0,0,0,"634987,725873","5322958,41031","10,81122528","48,045626535",0,2,#fc8d62,car
65625,9,1,79,142,2019,7,9,1,2,5,3,0,0,1,0,1,0,0,"670868,300404","5341478,2783","11,299725612","48,203521052",1,2,#fc8d62,car
65627,9,1,81,122,2019,7,17,1,3,8,1,0,0,1,0,0,0,0,"651507,32895","5330937,08934","11,035572837","48,113658939",0,2,#fc8d62,car
65630,9,1,74,118,2019,7,11,1,3,8,1,0,0,0,0,1,0,0,"667726,499321","5352503,55105","11,261843756","48,3034737",1,4,#e78ac3,marker
65631,9,1,78,116,2019,7,11,1,2,5,2,0,0,1,0,0,0,0,"703219,266","5379780,136","11,753168068","48,538183087",1,2,#fc8d62,car
65633,9,1,75,124,2019,7,15,1,2,2,2,0,0,1,0,0,0,0,"713604,703826","5329386,22505","11,868177922","48,081928998",1,2,#fc8d62,car
65635,9,1,77,123,2019,7,15,1,3,8,1,0,0,0,0,1,0,0,"725684,339028","5339962,11177","12,03574762","48,172786072",0,4,#e78ac3,marker
65638,9,1,62,0,2019,7,13,7,3,2,6,0,0,1,0,0,0,0,"688675,865685","5336061,40378","11,536761551","48,149791781",0,2,#fc8d62,car
65639,9,1,84,147,2019,7,10,7,3,1,6,0,0,1,0,0,0,0,"696719,953819","5341675,70441","11,647395691","48,197812454",0,2,#fc8d62,car
65641,9,1,84,127,2019,7,13,7,3,5,3,0,0,1,0,0,0,0,"702464,643","5322013,741","11,715286031","48,019307477",0,2,#fc8d62,car
65643,9,1,84,141,2019,7,17,7,2,2,2,0,0,1,0,1,0,0,"695811,028582","5315683,05627","11,623264648","47,964482481",0,2,#fc8d62,car
65644,9,1,62,0,2019,7,8,7,3,1,7,0,0,1,0,0,0,1,"698598,266907","5333088,41159","11,668636659","48,120052507",0,2,#fc8d62,car
65646,9,1,84,121,2019,7,9,7,3,5,3,0,0,1,0,1,0,0,"703205,667572","5330615,78883","11,729298246","48,096377939",0,2,#fc8d62,car
65650,9,2,74,126,2019,7,19,4,2,5,3,1,1,1,0,0,0,0,"733566,216874","5383898,09349","12,165999782","48,564614409",0,1,#66c2a5,bicycle
65655,9,1,90,138,2019,7,9,4,3,2,6,0,0,0,0,1,0,1,"660722,168255","5310508,212","11,151630192","47,927728467",0,4,#e78ac3,marker
65658,9,1,90,148,2019,7,16,4,3,2,6,0,0,1,0,0,1,0,"640346,606593","5295012,61064","10,873989226","47,793168931",0,2,#fc8d62,car
65664,9,7,72,111,2019,7,19,7,3,2,6,0,0,1,0,0,0,1,"626371,930201","5364172,93747","10,707969063","48,418026476",0,2,#fc8d62,car
65666,9,7,72,184,2019,7,12,7,3,2,6,0,0,1,0,0,0,0,"633402,949296","5359011,13291","10,801308913","48,370161525",0,2,#fc8d62,car
65668,9,7,61,0,2019,7,12,7,3,5,1,0,1,1,0,0,0,0,"641493,38414","5358603,3745","10,910353642","48,36473321",0,1,#66c2a5,bicycle
65670,9,7,61,0,2019,7,19,7,3,0,7,0,0,0,0,0,0,1,"640585,16227","5360232,10795","10,898643005","48,379581148",1,6,#ffd92f,circle
65672,9,7,71,176,2019,7,12,7,3,0,6,0,0,0,0,1,0,1,"643162,569346","5383673,76112","10,941461884","48,589771951",0,4,#e78ac3,marker
65678,9,1,87,165,2019,7,11,4,3,5,3,0,1,1,0,0,0,0,"733490,193782","5298048,49598","12,117806608","47,793424052",0,1,#66c2a5,bicycle
65680,9,1,87,122,2019,7,7,4,3,2,6,0,0,1,0,0,0,0,"720003,493192","5305265,22593","11,941635592","47,86301877",0,2,#fc8d62,car
65688,9,1,86,143,2019,7,16,4,3,5,2,0,0,1,0,0,0,0,"687877,001983","5377488,50442","11,544504153","48,522368437",0,2,#fc8d62,car
65692,9,1,81,115,2019,7,8,4,3,2,6,0,0,1,0,0,0,1,"657346,419082","5327012,0379","11,112522748","48,076953228",0,2,#fc8d62,car
65695,9,1,62,0,2019,7,18,4,3,2,6,0,0,1,0,0,0,0,"679479,928286","5337658,81634","11,413912081","48,166812243",0,2,#fc8d62,car
65698,9,1,88,139,2019,7,12,4,3,0,1,0,1,0,0,0,0,0,"677214,176768","5319045,54564","11,375744655","48,000127902",0,1,#66c2a5,bicycle
65700,9,1,81,133,2019,7,17,4,3,2,1,0,0,1,0,0,0,1,"642563,519234","5313678,54453","10,909734294","47,960533378",0,2,#fc8d62,car
65702,9,1,81,141,2019,7,16,4,3,2,6,0,0,1,0,0,0,0,"643938,234","5319891,119","10,930221451","48,016089868",0,2,#fc8d62,car
65704,9,1,88,132,2019,7,17,4,3,2,6,0,0,1,0,0,0,0,"665863,442537","5324402,58633","11,225772442","48,051335046",0,2,#fc8d62,car
65707,9,1,79,145,2019,7,7,4,3,0,7,0,1,0,0,0,0,0,"676216,877993","5338917,35929","11,370586774","48,179038481",0,1,#66c2a5,bicycle
65709,9,1,74,143,2019,7,14,4,2,4,6,0,0,1,0,1,0,0,"675718,222278","5352280,61768","11,369428229","48,299300601",0,2,#fc8d62,car
65712,9,1,75,132,2019,7,16,4,3,2,6,0,0,1,0,0,0,0,"705343,47659","5335833,76156","11,7604902","48,142584311",0,2,#fc8d62,car
65714,9,1,78,120,2019,7,21,4,3,3,6,0,0,1,0,0,0,0,"694721,15533","5353875,8476","11,626138399","48,308075435",0,2,#fc8d62,car
65716,9,1,78,123,2019,7,15,4,3,3,7,0,0,1,0,0,1,0,"692258,42847","5359657,25378","11,595597787","48,360788693",0,2,#fc8d62,car
65717,9,1,78,143,2019,7,7,4,3,2,6,0,0,1,0,0,0,0,"722129,210883","5374375,0317","12,006127271","48,483216076",0,2,#fc8d62,car