OBJECTID,ULAND,UREGBEZ,UKREIS,UGEMEINDE,UJAHR,UMONAT,USTUNDE,UWOCHENTAG,UKATEGORIE,UART,UTYP1,ULICHTVERH,IstRad,IstPKW,IstFuss,IstKrad,IstGkfz,IstSonstig,LINREFX,LINREFY,XGCSWGS84,YGCSWGS84,STRZUSTAND,Teilnehmer,color,symbol
66408,9,7,61,0,2019,7,16,4,3,5,3,0,1,1,0,0,0,0,"641158,744903","5360208,07225","10,90637688","48,379236959",0,1,#66c2a5,bicycle
66438,9,1,87,182,2019,7,17,7,3,0,1,0,1,0,0,0,0,0,"740113,889423","5328085,85841","12,22284827","48,060818612",0,1,#66c2a5,bicycle
66440,9,1,87,124,2019,7,15,7,2,8,7,0,0,1,0,0,0,0,"735850,858913","5329363,53075","12,166425183","48,073886157",0,2,#fc8d62,car
66450,9,1,87,117,2019,7,19,7,3,2,6,0,0,1,0,0,0,0,"727146,946794","5308208,29922","12,038560072","47,886976011",0,2,#fc8d62,car
66455,9,1,85,158,2019,7,19,7,3,0,1,0,1,0,0,0,0,0,"661058,536053","5383029,88688","11,183730309","48,579637743",0,1,#66c2a5,bicycle
66456,9,1,86,143,2019,7,11,7,3,5,3,0,0,1,0,1,0,0,"685538,704061","5378867,59095","11,513481169","48,535458596",0,2,#fc8d62,car
66457,9,1,86,152,2019,7,12,7,3,0,7,0,1,0,0,0,0,0,"691245,828211","5381048,70692","11,591715386","48,553347371",0,1,#66c2a5,bicycle
66460,9,1,81,146,2019,7,21,7,3,0,6,2,0,1,0,0,0,0,"652232,373608","5326584,215","11,043755542","48,074348011",0,2,#fc8d62,car
66461,9,1,81,121,2019,7,21,7,3,3,6,1,1,1,0,0,0,0,"637646,004354","5309209,8064","10,842467834","47,921423903",0,1,#66c2a5,bicycle
66462,9,1,88,126,2019,7,12,7,2,5,3,0,0,1,0,1,0,0,"659634,249874","5323914,10006","11,142060495","48,04853167",0,2,#fc8d62,car
66463,9,1,88,117,2019,7,9,7,3,5,3,0,0,1,0,0,0,0,"665946,827781","5315977,23505","11,223629898","47,975566327",0,2,#fc8d62,car
66464,9,1,74,122,2019,7,15,7,3,1,6,0,0,1,0,1,0,0,"683240,546","5351371,47","11,47037067","48,288995246",0,2,#fc8d62,car
66465,9,1,84,121,2019,7,19,7,3,3,6,0,0,1,0,0,0,0,"703792,722688","5328924,45119","11,736366761","48,080990817",0,2,#fc8d62,car
66467,9,1,62,0,2019,7,0,7,3,2,6,2,0,1,0,0,0,0,"700865,89","5335622,414","11,700267165","48,142114272",0,2,#fc8d62,car
66469,9,1,77,113,2019,7,15,7,3,2,6,0,0,1,0,0,0,0,"721633,733346","5357360,14201","11,990447706","48,330525006",0,2,#fc8d62,car
66471,9,1,77,123,2019,7,8,7,2,5,3,0,0,1,0,1,0,0,"727101,372","5344467,81","12,057189757","48,21276091",0,2,#fc8d62,car
66472,9,1,84,137,2019,7,17,6,3,5,2,0,0,1,0,0,0,0,"707280,60318","5315800,10696","11,776796398","47,961923962",0,2,#fc8d62,car
66475,9,1,84,118,2019,7,12,6,3,0,7,0,0,0,1,0,0,1,"702558,994103","5335869,62283","11,72311883","48,143799143",0,3,#8da0cb,toilet
66477,9,1,84,132,2019,7,15,6,2,3,3,0,0,1,0,1,0,0,"683734,726519","5329494,56753","11,467562187","48,092211412",0,2,#fc8d62,car
66480,9,1,62,0,2019,7,8,6,2,2,6,0,0,1,0,0,0,0,"682770,626554","5336625,20378","11,457684285","48,15658387",0,2,#fc8d62,car
66481,9,1,84,119,2019,7,14,6,3,0,6,0,1,0,0,0,0,1,"696127,347107","5345489,7477","11,641192975","48,23227365",0,1,#66c2a5,bicycle
66483,9,1,84,136,2019,7,8,6,3,4,6,0,1,0,0,0,0,0,"699517,61663","5327466,03065","11,678348943","48,069235719",0,1,#66c2a5,bicycle
66505,9,7,61,0,2019,7,17,6,3,2,6,0,0,1,0,0,0,0,"641464,496772","5363783,31171","10,911708125","48,411315441",0,2,#fc8d62,car
66507,9,7,72,209,2019,7,13,6,3,1,1,0,0,1,0,0,0,0,"634633,036537","5335727,22705","10,810497654","48,16052551",0,2,#fc8d62,car
66509,9,7,71,130,2019,7,8,6,3,5,3,0,1,0,0,0,0,1,"647186,611891","5357299,53261","10,986716791","48,351708329",0,1,#66c2a5,bicycle
66510,9,7,61,0,2019,7,20,6,3,7,1,1,1,0,0,0,0,0,"637049,62104","5359523,84736","10,850689832","48,373990462",0,1,#66c2a5,bicycle
66512,9,7,61,0,2019,7,18,6,3,3,1,0,0,1,0,1,0,0,"641792,647049","5359735,39589","10,914773452","48,374844717",0,2,#fc8d62,car
66529,9,2,61,0,2019,7,7,4,3,2,6,0,0,1,0,0,0,0,"726849,695189","5380108,53447","12,073031706","48,533037473",0,2,#fc8d62,car
66537,9,2,74,121,2019,7,18,4,2,8,1,0,0,0,0,1,0,0,"729194,768951","5370099,8496","12,099262352","48,442275373",0,4,#e78ac3,marker
66539,9,2,61,0,2019,7,14,4,2,6,7,0,0,0,1,0,0,1,"732012,389691","5379643,53892","12,142601317","48,526973591",0,3,#8da0cb,toilet
66541,9,2,74,113,2019,7,7,4,3,2,6,0,0,1,0,1,0,0,"729618,385292","5381798,61729","12,111411896","48,547212924",0,2,#fc8d62,car
66545,9,1,73,123,2019,7,12,4,3,9,1,0,0,1,0,0,0,0,"679851,761764","5302107,22492","11,404002632","47,847126847",0,2,#fc8d62,car
66547,9,1,90,148,2019,7,7,4,3,5,3,0,1,1,0,0,0,0,"642373,511253","5296910,32533","10,901661262","47,809789267",0,1,#66c2a5,bicycle
66577,9,1,82,123,2019,7,13,4,2,1,7,0,0,1,0,0,0,0,"717485,74928","5301559,1281","11,906153761","47,830573544",0,2,#fc8d62,car
66580,9,1,87,165,2019,7,16,4,2,1,6,0,0,1,0,1,0,0,"728353,799552","5300393,16041","12,050555947","47,816331712",0,2,#fc8d62,car
66581,9,1,87,159,2019,7,10,4,2,3,2,0,0,1,0,0,0,0,"731072,84166","5329670,04819","12,102541905","48,078388699",0,2,#fc8d62,car
66584,9,1,87,154,2019,7,20,4,3,8,1,0,1,0,0,0,0,0,"735214,387001","5295762,17964","12,139556002","47,772256484",1,1,#66c2a5,bicycle
66595,9,1,86,151,2019,7,15,4,3,5,3,0,0,0,0,1,1,0,"680727,25","5374997,779","11,446686897","48,502080229",0,4,#e78ac3,marker
66602,9,1,81,145,2019,7,17,4,3,2,6,0,0,1,0,1,0,1,"648329,723775","5329698,21483","10,992476473","48,103267594",0,2,#fc8d62,car
66604,9,1,88,121,2019,7,15,4,3,5,3,0,0,1,0,0,0,0,"671807,701818","5330453,36536","11,307907248","48,104157705",0,2,#fc8d62,car
66607,9,1,79,136,2019,7,6,4,3,4,2,0,0,1,0,0,0,0,"662767,598","5342158,793","11,191043691","48,211767748",0,2,#fc8d62,car
66609,9,1,79,147,2019,7,13,4,3,2,6,0,0,1,0,0,0,0,"664490,847924","5334262,81734","11,211166909","48,140337112",0,2,#fc8d62,car
66610,9,1,73,118,2019,7,12,6,3,2,2,0,0,1,0,0,0,0,"688182,111441","5303406,5951","11,515807609","47,856421957",0,2,#fc8d62,car
66612,9,1,81,114,2019,7,22,4,3,4,1,2,0,1,0,1,0,0,"657148,774621","5312374,70187","11,1045072","47,945396546",1,2,#fc8d62,car
66614,9,1,78,145,2019,7,14,4,3,1,6,0,0,1,0,0,0,0,"693659,652","5356374,436","11,612985101","48,330856914",0,2,#fc8d62,car
66616,9,1,78,143,2019,7,11,4,3,0,6,0,0,1,0,1,0,0,"716794,847366","5373019,86324","11,933333156","48,472902283",0,2,#fc8d62,car
66618,9,1,84,145,2019,7,12,3,3,5,3,0,1,0,0,0,0,1,"698664,938382","5324600,57786","11,665584794","48,043749035",0,1,#66c2a5,bicycle
66620,9,1,62,0,2019,7,21,3,3,0,7,2,0,0,0,0,0,1,"693551,029786","5339508,00823","11,603807645","48,179303883",0,6,#ffd92f,circle
66622,9,1,62,0,2019,7,22,1,3,2,6,2,0,1,0,0,0,0,"687450,356188","5332888,63521","11,518904903","48,121636436",0,2,#fc8d62,car
66623,9,1,62,0,2019,7,21,3,2,5,3,2,0,1,0,1,0,0,"695828,54833","5343759,31167","11,63637422","48,216814034",0,2,#fc8d62,car
66624,9,1,84,123,2019,7,8,3,2,3,6,0,0,1,0,1,0,0,"703576,251488","5331731,943","11,734802148","48,106290289",0,2,#fc8d62,car
66626,9,1,62,0,2019,7,12,3,3,3,6,0,0,1,0,0,1,0,"691986,569478","5331596,60164","11,579216306","48,108672181",0,2,#fc8d62,car
66632,9,1,87,177,2019,7,8,6,3,5,3,0,0,1,0,0,0,0,"736336,512667","5305687,46961","12,159921292","47,861012885",0,2,#fc8d62,car
66635,9,1,62,0,2019,7,15,1,3,2,6,0,0,1,0,0,0,0,"695324,920222","5342228,55355","11,628896736","48,20321175",0,2,#fc8d62,car
66650,9,1,79,130,2019,7,9,6,3,5,3,0,0,1,0,0,1,0,"659647,855253","5337225,20578","11,14722459","48,168204502",0,2,#fc8d62,car
66651,9,1,84,122,2019,7,16,1,3,0,7,0,0,1,0,0,0,0,"687853,852969","5322667,26596","11,519828738","48,029644358",1,2,#fc8d62,car
66654,9,1,88,124,2019,7,14,6,3,5,3,0,0,1,0,0,0,0,"661815,637806","5318845,96426","11,169396128","48,00241637",0,2,#fc8d62,car
66655,9,1,79,123,2019,7,21,6,2,4,6,2,0,1,0,0,0,0,"677728,581996","5335272,47252","11,38938196","48,145853217",0,2,#fc8d62,car
66656,9,7,77,158,2019,7,18,3,3,5,3,0,0,1,0,0,0,0,"620479,165234","5309749,29768","10,612932005","47,929732255",0,2,#fc8d62,car
66657,9,1,74,131,2019,7,12,6,3,6,4,0,0,1,1,0,0,0,"673848,490614","5361562,70845","11,348069421","48,383254712",0,2,#fc8d62,car
66658,9,7,62,0,2019,7,17,3,3,4,6,0,1,0,0,0,0,0,"621608,960217","5304394,82451","10,626541189","47,881362328",0,1,#66c2a5,bicycle
66659,9,1,74,118,2019,7,14,6,2,5,3,0,0,1,0,0,0,1,"670816,656728","5356994,33051","11,305300152","48,343016289",0,2,#fc8d62,car
66660,9,1,74,122,2019,7,6,6,2,4,6,0,0,1,0,0,1,0,"684761,152795","5352875,35656","11,491508785","48,302070478",1,2,#fc8d62,car
66662,9,1,75,127,2019,7,22,6,3,6,6,2,1,0,1,0,0,0,"713831,181382","5342157,16549","11,877626344","48,19660808",0,1,#66c2a5,bicycle
66665,9,1,75,132,2019,7,10,6,3,2,6,0,0,1,0,0,0,1,"705751,407384","5334844,85477","11,765489828","48,133565742",0,2,#fc8d62,car
66666,9,1,75,132,2019,7,7,6,3,0,1,0,1,0,0,0,0,0,"706330,453003","5331360,94019","11,771577566","48,102070244",0,1,#66c2a5,bicycle
66668,9,1,75,128,2019,7,6,6,3,4,6,0,0,1,0,0,0,1,"713381,253548","5324591,83403","11,862789867","48,038922186",0,2,#fc8d62,car
66669,9,7,71,113,2019,7,10,3,3,0,1,0,1,0,0,0,0,0,"657553,122","5369303,643","11,131051971","48,457128368",0,1,#66c2a5,bicycle
66670,9,1,62,0,2019,7,14,5,3,5,7,0,1,1,0,0,0,0,"694572,271343","5334826,21093","11,615390376","48,136914126",0,1,#66c2a5,bicycle
66674,9,1,62,0,2019,7,12,5,3,5,2,0,1,1,0,0,0,0,"687702,807169","5327427,66629","11,519892631","48,072477156",0,1,#66c2a5,bicycle
66675,9,1,84,149,2019,7,6,5,3,2,6,0,0,1,0,0,0,0,"691243,70789","5352311,04013","11,578580159","48,295072473",0,2,#fc8d62,car
66700,9,7,71,130,2019,7,21,5,3,3,6,2,0,1,0,0,1,0,"644585,60079","5363089,2632","10,953621414","48,40436673",0,2,#fc8d62,car
66703,9,7,72,147,2019,7,17,5,3,8,1,0,0,1,0,0,0,1,"629376,485222","5364180,58774","10,748559783","48,41748548",0,2,#fc8d62,car
66704,9,7,72,171,2019,7,18,5,3,8,1,0,0,0,0,0,0,1,"638775,849407","5370480,9557","10,877614049","48,472136175",0,6,#ffd92f,circle
66706,9,7,61,0,2019,7,8,5,3,5,1,0,1,1,0,0,0,0,"637987,568","5353407,793","10,861344412","48,318791208",0,1,#66c2a5,bicycle
66708,9,7,71,169,2019,7,19,5,3,8,1,0,0,1,0,0,0,0,"640426,796536","5374923,38694","10,901431791","48,511713628",0,2,#fc8d62,car
66747,9,7,61,0,2019,7,12,4,3,0,1,0,1,0,0,0,0,0,"640746,141546","5352361,50633","10,898185279","48,308775201",0,1,#66c2a5,bicycle
66748,9,7,71,158,2019,7,16,4,3,5,3,0,0,1,0,0,0,0,"638536,377887","5372460,01836","10,875031812","48,489983933",0,2,#fc8d62,car
66761,9,1,86,152,2019,7,16,5,2,9,1,0,0,0,0,1,0,0,"694572,024583","5376542,82845","11,634638727","48,511830804",0,4,#e78ac3,marker
66772,9,1,88,139,2019,7,8,5,3,2,6,0,0,1,0,0,0,0,"679428,463883","5320277,70651","11,40591794","48,010586548",0,2,#fc8d62,car
66782,9,1,81,114,2019,7,15,5,3,0,1,0,1,0,0,0,0,0,"657513,261084","5311228,45211","11,108965521","47,935000889",0,1,#66c2a5,bicycle
66787,9,7,61,0,2019,7,9,4,2,0,7,0,1,0,0,0,0,0,"644092,604457","5357592,03179","10,945079473","48,355051836",0,1,#66c2a5,bicycle
66797,9,1,62,0,2019,7,8,4,3,5,2,0,1,1,0,0,0,0,"678312,912773","5339045,45345","11,398812284","48,179605181",0,1,#66c2a5,bicycle
66801,9,1,77,113,2019,7,22,5,2,3,6,2,0,1,0,0,0,0,"721177,027266","5352967,63579","11,981991872","48,291220533",0,2,#fc8d62,car
66833,9,1,73,123,2019,7,18,4,3,0,7,0,0,0,0,1,0,1,"679459,207477","5295968,19152","11,396217996","47,792049199",0,4,#e78ac3,marker
66835,9,1,73,120,2019,7,6,4,2,4,6,0,0,1,0,1,0,0,"684537,928816","5307457,46542","11,468865916","47,893892176",0,2,#fc8d62,car
66837,9,1,73,147,2019,7,8,4,3,3,6,0,0,1,0,0,1,0,"682331,211841","5307793,05297","11,43951268","47,897539577",0,2,#fc8d62,car
66838,9,1,83,126,2019,7,10,4,3,5,3,0,0,1,0,1,0,0,"733032,317759","5336797,78133","12,132703762","48,141708224",0,2,#fc8d62,car
66845,9,1,87,177,2019,7,14,4,3,5,3,0,0,1,0,1,0,0,"735898,719704","5305939,91054","12,1542147","47,86344161",0,2,#fc8d62,car
66847,9,1,87,124,2019,7,16,4,3,5,2,0,0,0,0,1,0,1,"735811,609","5329514,737","12,165982477","48,075259003",0,4,#e78ac3,marker
66848,9,1,87,177,2019,7,13,4,3,2,2,0,1,1,0,0,0,0,"735627,215","5304635,325","12,149879401","47,851821096",0,1,#66c2a5,bicycle
66851,9,1,82,136,2019,7,10,4,3,2,6,0,0,1,0,0,0,0,"703366,917574","5301539,82177","11,717708773","47,835019131",0,2,#fc8d62,car
66857,9,7,61,0,2019,7,7,5,3,2,1,0,0,1,0,0,0,1,"640196,342628","5354194,90253","10,891384045","48,325382809",0,2,#fc8d62,car
66862,9,1,86,143,2019,7,11,4,3,5,3,0,0,1,0,0,0,0,"685536,427785","5378852,15912","11,513443494","48,535320573",0,2,#fc8d62,car
66869,9,2,74,114,2019,7,14,7,3,8,7,0,0,1,0,0,0,0,"734267,998552","5372017,57823","12,168829314","48,457634912",0,2,#fc8d62,car
66872,9,1,74,113,2019,7,17,4,3,2,6,0,0,1,0,0,0,0,"674446,421346","5344867,57829","11,349236444","48,233015316",0,2,#fc8d62,car
66873,9,1,81,132,2019,7,8,4,3,2,6,0,0,1,0,0,0,0,"647199,586852","5324765,5086","10,975605369","48,059176322",0,2,#fc8d62,car
66875,9,1,88,139,2019,7,22,4,2,5,3,2,0,1,0,0,0,0,"671015,971772","5321142,33094","11,293557406","48,020665838",0,2,#fc8d62,car
66876,9,1,78,150,2019,7,17,5,3,5,3,0,0,1,0,1,0,0,"689714,26627","5372243,75521","11,566978636","48,474679553",0,2,#fc8d62,car
66878,9,1,79,145,2019,7,11,4,3,0,3,0,0,0,0,1,1,0,"675905,841057","5338362,95948","11,366176751","48,174141038",0,4,#e78ac3,marker
66879,9,1,84,118,2019,7,7,4,3,3,6,0,0,1,0,0,0,1,"703734,157901","5335831,98376","11,738880565","48,143085677",0,2,#fc8d62,car
66881,9,1,73,123,2019,7,15,7,2,5,3,0,0,1,0,1,0,0,"680335,085778","5300295,53135","11,409702416","47,830705269",1,2,#fc8d62,car
66882,9,1,86,152,2019,7,5,4,1,2,6,0,0,0,0,0,1,1,"691316,001931","5373304,52994","11,589113831","48,483727783",0,5,#a6d854,bus
66883,9,1,90,148,2019,7,19,7,3,3,6,0,1,1,0,0,0,0,"642157,596129","5297525,1016","10,89898057","47,815365392",0,1,#66c2a5,bicycle
66884,9,1,78,124,2019,7,8,4,3,5,3,0,1,0,0,0,1,0,"701517,262713","5364074,02553","11,722571267","48,39759284",0,1,#66c2a5,bicycle
66885,9,1,77,126,2019,7,7,4,2,5,2,0,0,1,0,1,0,0,"720906,615707","5369487,99288","11,98702555","48,439740599",0,2,#fc8d62,car
66888,9,1,77,138,2019,7,6,4,3,5,3,0,0,0,0,0,1,1,"728243,136647","5364137,7254","12,083170157","48,389060398",0,5,#a6d854,bus
66890,9,1,62,0,2019,7,5,3,2,4,7,0,0,1,0,1,0,0,"690068,466575","5339290,20697","11,556908787","48,178397555",0,2,#fc8d62,car
66893,9,1,84,132,2019,7,10,3,2,5,3,0,1,0,0,0,1,0,"680766,846869","5322450,32766","11,424763647","48,029739323",0,1,#66c2a5,bicycle
66894,9,1,62,0,2019,7,9,3,3,5,3,0,1,1,0,0,0,0,"692536,149664","5339192,34267","11,590026155","48,176775094",0,1,#66c2a5,bicycle
66897,9,1,62,0,2019,7,11,3,3,4,3,0,1,1,0,0,0,0,"684761,254811","5335395,99299","11,483892365","48,14495989",0,1,#66c2a5,bicycle
66899,9,1,84,136,2019,7,18,3,3,3,2,0,1,0,0,0,0,1,"697664,044567","5326715,12432","11,653147038","48,063064073",0,1,#66c2a5,bicycle
66903,9,1,62,0,2019,7,7,3,3,1,6,0,1,0,0,0,0,0,"699341,904514","5329120,41413","11,676764501","48,084158994",0,1,#66c2a5,bicycle
66907,9,1,75,116,2019,7,16,5,3,8,1,0,0,1,0,0,0,0,"708525,526622","5320124,35281","11,795552227","48,000379594",0,2,#fc8d62,car
66916,9,1,87,170,2019,7,3,7,3,7,5,2,0,1,0,0,0,0,"733467,267841","5318701,18636","12,128665803","47,978975832",0,2,#fc8d62,car
66919,9,1,82,137,2019,7,10,7,3,5,3,0,1,1,0,0,0,0,"709620,718112","5304278,48012","11,802506649","47,857622667",0,1,#66c2a5,bicycle
66922,9,1,82,133,2019,7,14,7,2,8,1,0,0,0,0,1,0,0,"708292,722129","5305818,90457","11,785516037","47,871897897",0,4,#e78ac3,marker
66929,9,7,62,0,2019,7,13,3,3,3,2,0,1,1,0,0,0,0,"621738,682395","5304428,99683","10,628285155","47,881645077",0,1,#66c2a5,bicycle
66933,9,7,77,145,2019,7,9,3,2,6,7,0,0,0,1,0,0,1,"629577,155491","5327699,44373","10,740100273","48,089383627",0,3,#8da0cb,toilet
66937,9,1,84,127,2019,7,14,4,2,5,3,0,1,1,0,0,0,0,"703455,250176","5322125,68741","11,728608785","48,019998903",0,1,#66c2a5,bicycle
66942,9,1,88,120,2019,7,13,7,3,6,4,0,0,0,1,1,0,0,"677278,858274","5326381,75375","11,379647166","48,066057904",0,3,#8da0cb,toilet
66944,9,1,74,131,2019,7,11,7,3,9,1,0,0,1,0,0,0,0,"676912,921919","5358496,83682","11,388132182","48,354844407",0,2,#fc8d62,car
66945,9,7,61,0,2019,7,18,3,3,2,6,0,0,1,0,0,0,0,"642098,244","5363729,352","10,920249124","48,410687689",0,2,#fc8d62,car
66946,9,1,78,137,2019,7,17,7,3,2,6,0,0,1,0,0,0,0,"692275,648007","5362149,49177","11,596969517","48,383182075",0,2,#fc8d62,car
66948,9,1,77,117,2019,7,4,7,3,5,3,1,0,1,0,0,0,0,"716327,378775","5354871,02993","11,917671384","48,309998563",0,2,#fc8d62,car
66949,9,7,72,159,2019,7,10,3,3,0,7,0,1,0,0,0,0,0,"624019,244177","5362586,9759","10,675717019","48,40423192",0,1,#66c2a5,bicycle
66951,9,1,77,135,2019,7,15,7,3,0,6,0,1,1,0,0,0,0,"717232,6853","5342366,67792","11,923447806","48,197336245",0,1,#66c2a5,bicycle
66952,9,7,61,0,2019,7,17,3,3,2,6,0,0,1,0,0,0,0,"644793,858438","5356543,99938","10,95417939","48,345468155",0,2,#fc8d62,car
66954,9,1,75,112,2019,7,16,7,3,5,3,0,0,1,0,0,0,0,"724043,34","5319123,387","12,002780439","47,986137999",0,2,#fc8d62,car
66955,9,7,61,0,2019,7,22,3,2,4,1,2,1,0,0,0,0,0,"637227,718659","5350732,88307","10,850230305","48,294903782",0,1,#66c2a5,bicycle
66956,9,7,61,0,2019,7,13,3,3,5,1,0,1,1,0,0,0,0,"638378,069258","5355105,47226","10,867166388","48,333971212",0,1,#66c2a5,bicycle
66957,9,7,71,130,2019,7,19,5,3,2,6,0,0,1,0,0,0,1,"645627,890684","5357732,44425","10,965839988","48,355962133",0,2,#fc8d62,car
66958,9,1,75,119,2019,7,12,7,2,8,7,0,0,1,0,0,0,0,"725878,833547","5321826,92419","12,028768201","48,009782858",0,2,#fc8d62,car
66959,9,7,61,0,2019,7,13,3,3,2,1,0,0,1,0,0,0,0,"642528,238995","5359185,37559","10,924514658","48,369733481",0,2,#fc8d62,car
66961,9,1,84,119,2019,7,16,6,3,2,6,0,0,1,0,1,0,0,"696645,039406","5347105,39769","11,648906907","48,246633509",0,2,#fc8d62,car
66962,9,7,71,112,2019,7,18,3,3,2,6,0,0,1,0,0,0,1,"646344,370026","5368554,23027","10,979278973","48,453097189",0,2,#fc8d62,car
66965,9,1,84,135,2019,7,13,6,2,0,6,0,0,0,0,1,0,0,"689274,103295","5346643,76245","11,54951444","48,244728038",0,4,#e78ac3,marker
66967,9,1,84,134,2019,7,17,6,3,2,6,0,0,1,0,0,0,1,"694309,869838","5321522,48755","11,605818026","48,017424049",0,2,#fc8d62,car
66969,9,1,62,0,2019,7,15,6,3,5,2,0,0,1,0,1,0,0,"686539,152483","5329126,36542","11,505027824","48,088087238",0,2,#fc8d62,car
66971,9,1,62,0,2019,7,10,6,3,2,6,0,0,1,0,0,0,0,"688260,067357","5331618,9047","11,529214061","48,109984911",0,2,#fc8d62,car
66993,9,7,62,0,2019,7,16,4,2,0,1,0,1,0,0,0,0,0,"621616,557592","5303700,83572","10,626447353","47,875119327",0,1,#66c2a5,bicycle
66999,9,1,62,0,2019,7,21,5,2,3,6,2,0,1,0,1,0,0,"686390,306678","5330851,99655","11,503784381","48,103641507",0,2,#fc8d62,car
67003,9,1,78,124,2019,7,10,5,3,4,2,0,0,1,0,0,0,0,"703010,046579","5363869,93311","11,742616718","48,395280035",0,2,#fc8d62,car
67009,9,1,88,144,2019,7,19,5,2,8,1,0,0,0,0,1,0,0,"670031,019342","5327037,6264","11,282700668","48,073927252",0,4,#e78ac3,marker
67016,9,7,61,0,2019,7,7,4,3,1,6,0,0,1,0,0,1,0,"637756,003324","5361142,77992","10,860754125","48,388393835",0,2,#fc8d62,car
67017,9,7,62,0,2019,7,6,6,3,5,3,0,0,1,0,1,0,0,"623082,675513","5306078,20517","10,646724006","47,896221188",0,2,#fc8d62,car
67023,9,7,73,182,2019,7,15,6,3,4,3,0,0,1,0,0,0,0,"622309,758274","5379924,94665","10,657703144","48,560480589",0,2,#fc8d62,car
67025,9,7,73,188,2019,7,12,6,2,8,1,0,0,1,0,1,0,0,"621456,91","5375751,217","10,644932276","48,52311363",0,2,#fc8d62,car
67030,9,7,61,0,2019,7,13,6,3,3,6,0,0,0,0,0,0,1,"639948,431251","5353709,5365","10,887880252","48,321073436",0,6,#ffd92f,circle
67032,9,1,84,147,2019,7,17,4,3,2,6,0,0,1,0,0,0,1,"695824,08593","5340440,37544","11,63478302","48,186987001",0,2,#fc8d62,car
67033,9,7,72,223,2019,7,17,6,3,8,7,0,0,1,0,0,0,0,"618856,078803","5363108,29816","10,606130408","48,409914882",0,2,#fc8d62,car
67036,9,7,71,122,2019,7,21,6,3,8,1,2,0,0,0,0,0,1,"656446,335085","5359278,1613","11,112354001","48,367271365",1,6,#ffd92f,circle
67038,9,7,61,0,2019,7,14,6,3,2,6,0,0,1,0,0,0,0,"641735,22792","5363745,25508","10,915351723","48,410912426",0,2,#fc8d62,car
67042,9,7,72,159,2019,7,11,6,1,4,6,0,0,1,0,0,0,0,"623333,720109","5361972,60604","10,66627797","48,398841549",0,2,#fc8d62,car
67044,9,7,72,184,2019,7,17,6,3,4,2,0,0,1,0,0,0,1,"635178,043342","5362378,52478","10,826348395","48,400063435",0,2,#fc8d62,car
67048,9,7,61,0,2019,7,7,6,3,2,2,0,0,1,0,0,0,0,"642847,057","5360049,501","10,929110618","48,377431182",0,2,#fc8d62,car
67050,9,1,73,137,2019,7,17,3,3,5,3,0,0,1,0,1,0,0,"676934,903445","5308231,60305","11,367556988","47,902992676",0,2,#fc8d62,car
67051,9,7,61,0,2019,7,19,6,3,2,2,0,0,1,0,0,0,0,"643651,234981","5357589,21589","10,9391241","48,355127078",0,2,#fc8d62,car
67052,9,1,73,137,2019,7,15,3,3,7,7,0,1,0,0,0,0,1,"674457,739281","5307713,087","11,334229172","47,899009692",0,1,#66c2a5,bicycle
67054,9,7,61,0,2019,7,16,6,3,5,3,0,1,1,0,0,0,0,"640866,413692","5360480,13148","10,902522343","48,381748549",0,1,#66c2a5,bicycle
67059,9,1,83,144,2019,7,11,3,3,5,3,0,1,1,0,0,0,0,"743285,155049","5352267,01589","12,27917448","48,276818392",0,1,#66c2a5,bicycle
67073,9,1,87,129,2019,7,12,3,3,2,6,0,0,1,0,0,0,0,"721294,195429","5301227,03867","11,956805043","47,826290699",0,2,#fc8d62,car
67075,9,1,82,123,2019,7,8,3,3,2,6,0,0,1,0,0,0,0,"719987,031691","5301007,41393","11,939251791","47,824765531",0,2,#fc8d62,car
67078,9,1,87,177,2019,7,12,3,3,4,2,0,0,1,0,0,0,0,"736336,084985","5305685,12093","12,159914299","47,860991942",0,2,#fc8d62,car
67081,9,1,63,0,2019,7,13,3,3,2,6,0,0,1,0,1,0,0,"733592,109","5303201,244","12,121941943","47,839679989",0,2,#fc8d62,car
67083,9,1,87,177,2019,7,17,3,3,0,1,0,1,0,0,0,0,0,"735620,356541","5306720,55415","12,150923973","47,870556871",0,1,#66c2a5,bicycle
67085,9,1,87,177,2019,7,11,3,2,5,3,0,1,1,0,0,0,0,"736285,584","5305695,503","12,159245813","47,861103782",0,1,#66c2a5,bicycle
67088,9,1,82,120,2019,7,7,3,3,4,2,0,1,1,0,0,0,0,"701532,059946","5303437,18927","11,694100138","47,852649278",0,1,#66c2a5,bicycle
67089,9,1,82,134,2019,7,18,3,3,8,6,0,0,1,0,0,0,0,"702333,611272","5296363,52538","11,701500376","47,788823287",0,2,#fc8d62,car
67095,9,1,86,152,2019,7,6,3,3,5,3,0,0,1,0,0,1,0,"691234,649595","5375633,0679","11,589080049","48,504679612",0,2,#fc8d62,car
67096,9,1,88,145,2019,7,2,3,3,3,6,2,0,0,0,0,1,1,"663566,086882","5328033,81599","11,19635641","48,084574405",0,5,#a6d854,bus
67099,9,1,81,128,2019,7,17,3,3,0,3,0,0,1,0,1,0,0,"639266,960914","5327933,28284","10,870232216","48,089442725",0,2,#fc8d62,car
67101,9,1,88,124,2019,7,13,3,2,9,1,0,0,1,0,0,0,0,"661881,82799","5316280,77834","11,169315613","47,979336688",0,2,#fc8d62,car