OBJECTID,ULAND,UREGBEZ,UKREIS,UGEMEINDE,UJAHR,UMONAT,USTUNDE,UWOCHENTAG,UKATEGORIE,UART,UTYP1,ULICHTVERH,IstRad,IstPKW,IstFuss,IstKrad,IstGkfz,IstSonstig,LINREFX,LINREFY,XGCSWGS84,YGCSWGS84,STRZUSTAND,Teilnehmer,color,symbol
67105,9,1,84,147,2019,7,5,3,1,8,7,0,0,0,0,0,1,0,"699605,269709","5341403,92508","11,686053638","48,19446963",0,5,#a6d854,bus
67106,9,1,62,0,2019,7,10,3,3,1,6,0,0,1,0,0,0,0,"688831,031805","5344567,24755","11,542626894","48,226196562",0,2,#fc8d62,car
67108,9,1,78,124,2019,7,16,3,3,2,1,0,0,1,0,1,0,0,"703376,499019","5362200,92083","11,746753657","48,380163852",0,2,#fc8d62,car
67111,9,1,77,126,2019,7,5,3,3,5,2,1,0,1,0,0,0,0,"719079,708852","5370490,29132","11,962881425","48,449383914",0,2,#fc8d62,car
67113,9,1,77,133,2019,7,13,3,3,3,1,0,1,0,0,0,0,0,"711564,33817","5354265,79437","11,853211148","48,306171142",0,1,#66c2a5,bicycle
67116,9,1,77,134,2019,7,12,3,3,0,3,0,1,0,0,0,0,1,"713977,945194","5344204,77887","11,880631221","48,214957447",0,1,#66c2a5,bicycle
67117,9,7,77,121,2019,7,7,4,3,6,4,0,0,1,1,0,0,0,"628671,060421","5321824,52476","10,726170184","48,036734086",0,2,#fc8d62,car
67119,9,1,77,139,2019,7,10,3,2,3,6,0,0,1,0,0,0,1,"737696,348","5360362,442","12,20852915","48,351658395",0,2,#fc8d62,car
67120,9,1,84,149,2019,7,16,2,3,2,6,0,0,1,0,0,1,0,"691297,499428","5352208,9128","11,579258417","48,294138336",0,2,#fc8d62,car
67123,9,1,62,0,2019,7,12,2,3,0,1,0,0,0,0,1,0,0,"678556,040604","5334566,55251","11,400200192","48,139275946",0,4,#e78ac3,marker
67125,9,1,62,0,2019,7,8,2,3,5,2,0,1,1,0,0,0,0,"685936,4487","5340766,35785","11,502024224","48,192888177",0,1,#66c2a5,bicycle
67126,9,7,61,0,2019,7,18,5,3,2,6,0,0,1,0,0,0,0,"636947,46037","5359567,81881","10,849325347","48,374408029",0,2,#fc8d62,car
67128,9,1,84,136,2019,7,19,2,3,3,2,0,1,1,0,0,0,0,"698597,132131","5327178,38387","11,665872535","48,066937786",0,1,#66c2a5,bicycle
67131,9,1,84,118,2019,7,9,2,3,4,6,0,1,0,0,0,0,0,"702746,849298","5336797,3996","11,726083163","48,152077017",0,1,#66c2a5,bicycle
67132,9,1,84,118,2019,7,8,2,3,4,6,0,1,0,0,0,0,0,"702679,629","5336997,584","11,725275729","48,153897449",0,1,#66c2a5,bicycle
67139,9,7,74,198,2019,7,11,2,3,0,1,0,0,0,0,1,0,0,"615503,79181","5352166,59779","10,557843798","48,31213639",0,4,#e78ac3,marker
67140,9,1,74,143,2019,7,16,5,3,5,3,0,0,1,0,1,0,0,"676033,795881","5352148,54296","11,373624643","48,298025667",0,2,#fc8d62,car
67163,9,7,72,137,2019,7,18,2,3,0,6,0,0,1,0,0,0,0,"623532,528496","5372263,87254","10,671998502","48,491348477",0,2,#fc8d62,car
67164,9,7,72,130,2019,7,6,2,2,3,6,2,1,1,0,0,0,0,"632164,377","5357794,327","10,784210905","48,359480299",1,1,#66c2a5,bicycle
67166,9,7,72,184,2019,7,17,2,3,2,2,0,0,1,0,0,0,0,"632943,130828","5358931,82249","10,795078192","48,369545379",0,2,#fc8d62,car
67167,9,1,77,113,2019,7,7,5,3,5,3,0,0,1,0,0,0,1,"724857,236165","5358272,14706","12,034365257","48,337580133",0,2,#fc8d62,car
67199,9,1,84,127,2019,7,18,4,3,5,2,0,1,1,0,0,0,0,"702351,368644","5322012,39524","11,713768021","48,019331263",0,1,#66c2a5,bicycle
67207,9,2,74,111,2019,7,18,6,2,9,7,0,0,0,0,1,0,0,"742479,597089","5382914,37965","12,286044807","48,552395897",0,4,#e78ac3,marker
67213,9,2,61,0,2019,7,10,6,3,2,6,0,0,1,0,1,0,0,"731995,953064","5379697,28729","12,142408932","48,527462476",0,2,#fc8d62,car
67215,9,1,87,159,2019,7,19,5,3,0,1,0,1,0,0,0,0,0,"731827,556422","5326457,20917","12,110918366","48,049251293",0,1,#66c2a5,bicycle
67229,9,1,73,137,2019,7,23,6,3,2,7,2,0,1,0,0,0,0,"676837,80671","5299687,86486","11,362763905","47,826213553",0,2,#fc8d62,car
67231,9,1,73,147,2019,7,16,6,3,0,7,0,0,1,1,0,0,0,"680629,823306","5309343,04406","11,417418949","47,911954133",0,2,#fc8d62,car
67252,9,1,63,0,2019,7,15,6,3,2,6,0,0,1,0,0,0,0,"734527,991045","5304323,24808","12,135038555","47,849419399",0,2,#fc8d62,car
67265,9,1,87,129,2019,7,18,6,3,2,6,0,0,1,0,0,0,0,"725103,345","5296371,836","12,005109443","47,781344787",0,2,#fc8d62,car
67268,9,1,87,165,2019,7,14,6,3,2,2,0,0,1,0,0,0,0,"733405,397","5297940,388","12,11661791","47,792483522",0,2,#fc8d62,car
67270,9,1,78,137,2019,7,18,5,2,5,2,0,0,1,0,1,0,0,"694310,009581","5366366,38683","11,626368374","48,42045649",0,2,#fc8d62,car
67279,9,1,88,145,2019,7,19,5,3,8,1,0,0,0,0,1,0,0,"663716,427264","5328697,93072","11,198628218","48,090506483",0,4,#e78ac3,marker
67280,9,1,86,162,2019,7,10,6,3,3,6,0,0,1,0,0,0,0,"691067,767112","5382015,70006","11,589748761","48,562092117",0,2,#fc8d62,car
67287,9,7,61,0,2019,7,9,4,3,2,6,0,0,1,0,0,1,0,"637593,444119","5357124,89152","10,857244851","48,352300992",0,2,#fc8d62,car
67294,9,1,81,115,2019,7,14,6,3,2,6,0,0,1,0,0,0,0,"657221,407464","5326947,60634","11,110821825","48,076404762",0,2,#fc8d62,car
67296,9,1,81,123,2019,7,15,6,3,2,6,0,0,1,0,0,0,0,"656171,16057","5326773,62384","11,096667666","48,075098567",0,2,#fc8d62,car
67298,9,1,62,0,2019,7,17,6,3,2,6,0,0,1,0,0,0,0,"683930,054681","5342575,74962","11,475835865","48,209736055",0,2,#fc8d62,car
67300,9,1,90,157,2019,7,9,2,3,5,3,0,0,1,0,0,0,0,"660535,2","5300886,296","11,145551828","47,841264267",0,2,#fc8d62,car
67301,9,1,62,0,2019,7,10,6,3,2,6,0,0,1,0,0,1,0,"686744,675911","5333240,38689","11,509585721","48,125005472",0,2,#fc8d62,car
67303,9,1,84,149,2019,7,21,4,3,4,6,2,1,0,0,0,0,0,"691880,492167","5348083,83271","11,585238279","48,256887371",0,1,#66c2a5,bicycle
67304,9,1,81,127,2019,7,14,6,3,2,6,0,0,1,0,0,0,0,"632593,823285","5322263,70733","10,778905616","48,039881001",0,2,#fc8d62,car
67307,9,1,81,130,2019,7,11,6,3,3,2,0,1,1,0,0,0,0,"639282,851355","5322844,66694","10,868787713","48,04368096",0,1,#66c2a5,bicycle
67309,9,1,79,123,2019,7,5,6,3,5,3,1,0,1,0,0,0,0,"676848,975292","5333338,56237","11,376764147","48,128714016",0,2,#fc8d62,car
67312,9,1,88,120,2019,7,7,6,3,4,6,0,1,0,0,0,0,0,"674259,066043","5326674,48442","11,339266561","48,069521501",0,1,#66c2a5,bicycle
67315,9,1,74,143,2019,7,22,6,3,0,1,2,1,0,0,0,0,0,"674643,68205","5352688,03259","11,355120172","48,303260393",1,1,#66c2a5,bicycle
67316,9,1,87,129,2019,7,8,2,3,2,6,0,0,1,0,0,0,1,"725822,796342","5300712,62846","12,016959677","47,820095179",0,2,#fc8d62,car
67319,9,1,74,113,2019,7,19,6,3,2,6,0,0,1,0,0,0,0,"676219,477286","5345726,07182","11,373449795","48,240242219",0,2,#fc8d62,car
67321,9,1,75,118,2019,7,11,6,3,4,1,0,1,0,0,0,0,0,"715086,513964","5338967,56101","11,892883232","48,167524266",0,1,#66c2a5,bicycle
67323,9,1,78,116,2019,7,16,6,1,7,1,0,0,0,0,1,0,0,"702772,33271","5381684,29523","11,74804733","48,555438382",0,4,#e78ac3,marker
67326,9,1,62,0,2019,7,13,5,3,0,7,0,1,0,0,0,0,0,"688051,983432","5334993,74842","11,527910328","48,140380244",0,1,#66c2a5,bicycle
67327,9,1,62,0,2019,7,3,2,3,8,7,1,0,1,0,0,0,0,"686864,221349","5333238,92506","11,511190003","48,124957255",0,2,#fc8d62,car
67328,9,1,62,0,2019,7,2,2,3,2,7,2,0,1,0,0,1,0,"679637,573657","5340406,19372","11,41719172","48,191463596",0,2,#fc8d62,car
67330,9,1,84,148,2019,7,14,5,3,5,3,0,0,1,0,0,0,0,"694843,068086","5326964,40954","11,61543722","48,06617231",0,2,#fc8d62,car
67331,9,1,74,135,2019,7,11,2,3,3,6,0,0,1,0,0,1,1,"664437,243216","5352145,21653","11,217382388","48,301115804",0,2,#fc8d62,car
67332,9,1,62,0,2019,7,13,4,3,2,6,0,0,1,0,0,1,0,"692816,217006","5331224,81646","11,590182285","48,105080057",0,2,#fc8d62,car
67333,9,1,84,135,2019,7,16,5,3,5,3,0,0,1,0,1,0,0,"689437,160847","5347321,33831","11,552011724","48,250769296",0,2,#fc8d62,car
67334,9,1,88,120,2019,7,14,2,2,8,1,0,0,1,0,0,0,0,"676488,457381","5324484,49242","11,368264139","48,04922183",0,2,#fc8d62,car
67335,9,1,74,141,2019,7,11,2,3,2,6,0,0,1,0,0,0,0,"681603,560877","5357714,01297","11,451053569","48,346476677",0,2,#fc8d62,car
67337,9,1,84,119,2019,7,16,5,3,3,7,0,0,0,0,1,0,1,"696334,033074","5346415,53101","11,64440231","48,240529927",0,4,#e78ac3,marker
67338,9,1,75,127,2019,7,19,2,3,5,2,0,0,1,0,0,0,0,"711991,616","5341386,693","11,852517827","48,190301542",0,2,#fc8d62,car
67339,9,1,84,120,2019,7,7,5,3,0,7,0,0,1,1,0,0,0,"681365,048","5332099,879","11,436874725","48,116308976",0,2,#fc8d62,car
67340,9,1,75,133,2019,7,17,2,3,0,7,0,1,0,0,0,0,0,"706289,816","5340924,736","11,775665896","48,188027567",0,1,#66c2a5,bicycle
67341,9,1,62,0,2019,7,18,5,3,5,3,0,1,1,0,0,0,0,"687946,512652","5343102,24279","11,530079512","48,213291685",0,1,#66c2a5,bicycle
67343,9,1,84,118,2019,7,8,5,3,5,3,0,1,1,0,0,0,0,"702932,836673","5336418,91147","11,72840052","48,148616332",0,1,#66c2a5,bicycle
67344,9,1,75,124,2019,7,12,2,3,3,6,0,1,1,0,0,0,0,"713122,885643","5329299,78375","11,861673564","48,081313476",0,1,#66c2a5,bicycle
67345,9,1,75,115,2019,7,9,2,3,5,3,0,0,1,0,1,0,0,"721352,55144","5328939,57692","11,971838302","48,075273503",0,2,#fc8d62,car
67346,9,1,62,0,2019,7,15,5,3,0,1,0,1,0,0,0,0,0,"694529,433924","5334797,84766","11,614802236","48,136672304",0,1,#66c2a5,bicycle
67347,9,1,75,121,2019,7,17,2,3,8,1,0,0,1,0,0,0,0,"712953,684397","5319761,30499","11,854661724","47,995657918",0,2,#fc8d62,car
67348,9,1,87,122,2019,7,5,5,3,8,1,0,0,1,0,0,0,0,"719761,387518","5305118,79448","11,938328415","47,861785852",0,2,#fc8d62,car
67349,9,7,61,0,2019,7,7,5,3,0,1,0,1,0,0,0,0,0,"636723,664281","5360465,58272","10,846596889","48,382529174",0,1,#66c2a5,bicycle
67370,9,1,90,159,2019,7,11,3,2,5,3,0,0,1,0,0,0,0,"663095,894545","5305780,12268","11,181596306","47,88461957",0,2,#fc8d62,car
67387,9,1,83,126,2019,7,17,3,2,4,6,0,0,1,0,0,1,0,"731586,224929","5338904,70347","12,114439744","48,161163988",0,2,#fc8d62,car
67393,9,1,87,122,2019,7,7,3,3,5,3,0,0,1,0,0,0,0,"716950,578","5306123,627","11,901300793","47,871770312",0,2,#fc8d62,car
67400,9,1,62,0,2019,7,17,3,2,1,6,0,0,0,0,0,1,1,"686568,054725","5333289,52643","11,507236049","48,125498941",0,5,#a6d854,bus
67401,9,1,62,0,2019,7,17,3,3,2,6,0,0,1,0,0,0,0,"685510,462725","5333128,66844","11,492967346","48,124362139",0,2,#fc8d62,car
67402,9,1,81,146,2019,7,8,3,2,5,3,0,0,1,0,0,0,0,"649377,304111","5325500,4483","11,005071404","48,06527845",0,2,#fc8d62,car
67403,9,1,81,120,2019,7,15,3,3,5,3,0,1,1,0,0,0,0,"651356,731879","5320673,11407","11,02991704","48,021407065",0,1,#66c2a5,bicycle
67404,9,1,74,137,2019,7,17,3,3,5,3,0,0,1,0,1,0,0,"659151,164218","5351384,58615","11,145867424","48,295629261",0,2,#fc8d62,car
67405,9,1,74,126,2019,7,17,3,3,4,2,0,1,1,0,0,0,0,"683697,767228","5343933,62125","11,473300259","48,222008494",0,1,#66c2a5,bicycle
67406,9,1,75,132,2019,7,13,3,3,2,6,0,0,1,0,0,1,0,"707980,104","5336822,511","11,796374616","48,150613083",0,2,#fc8d62,car
67412,9,1,78,150,2019,7,2,3,2,9,1,2,0,0,0,0,1,0,"691056,480899","5372206,9545","11,585103833","48,473942499",0,5,#a6d854,bus
67413,9,1,78,136,2019,7,7,3,3,0,6,1,0,1,0,1,0,0,"696510,535102","5370422,29764","11,657980577","48,456223788",0,2,#fc8d62,car
67414,9,1,77,122,2019,7,15,3,2,4,6,0,0,1,0,0,0,0,"727517,81384","5358338,34633","12,070251243","48,337222676",0,2,#fc8d62,car
67415,9,1,77,127,2019,7,13,3,3,3,6,0,0,1,0,1,0,0,"727768,990045","5353462,96397","12,071003564","48,293333022",0,2,#fc8d62,car
67416,9,1,77,139,2019,7,13,3,2,0,7,0,0,0,0,1,0,0,"731236,530724","5356298,60536","12,119238263","48,317549437",0,4,#e78ac3,marker
67417,9,1,77,139,2019,7,10,3,3,4,3,0,0,1,0,0,0,0,"731958,172863","5359219,2492","12,130564814","48,343522002",0,2,#fc8d62,car
67418,9,1,77,127,2019,7,4,3,2,5,3,2,0,1,0,0,0,0,"725682,353","5353123,048","12,042729294","48,291026621",0,2,#fc8d62,car
67419,9,1,84,142,2019,7,18,2,2,4,2,0,1,1,0,0,0,0,"683662,395139","5317569,46821","11,461477225","47,985039967",0,1,#66c2a5,bicycle
67420,9,1,84,119,2019,7,16,2,3,0,7,0,1,0,0,0,0,0,"693175,321945","5347227,40701","11,602274257","48,24879687",1,1,#66c2a5,bicycle
67421,9,1,84,149,2019,7,19,2,3,2,6,0,0,1,0,0,0,0,"690022,358983","5349831,92943","11,561014738","48,273158773",0,2,#fc8d62,car
67423,9,1,62,0,2019,7,1,2,3,5,3,2,0,1,0,0,0,0,"694090,43298","5331698,93399","11,607496734","48,108954361",1,2,#fc8d62,car
67432,9,7,72,207,2019,7,14,2,3,4,2,0,1,1,0,0,0,0,"639145,800167","5380673,42504","10,88601664","48,563700037",0,1,#66c2a5,bicycle
67433,9,7,71,142,2019,7,17,2,3,2,6,0,0,1,0,0,0,0,"645497,324182","5352482,34169","10,962265776","48,30878658",0,2,#fc8d62,car
67479,9,1,90,115,2019,7,9,2,1,9,1,0,0,1,0,0,0,0,"670266,138206","5301801,32193","11,275862722","47,84698732",1,2,#fc8d62,car
67481,9,1,83,139,2019,7,15,2,3,0,1,0,0,0,0,1,0,0,"735282,136","5336243,741","12,162594977","48,135903303",1,4,#e78ac3,marker
67487,9,1,82,137,2019,7,18,2,3,3,6,0,0,1,0,0,0,1,"713160,733051","5304640,85642","11,849953154","47,859714647",0,2,#fc8d62,car
67488,9,1,82,125,2019,7,7,2,2,4,1,0,0,1,0,0,1,0,"713919,297872","5298520,99353","11,857059417","47,80446801",1,2,#fc8d62,car
67490,9,1,85,158,2019,7,11,2,3,5,2,0,1,1,0,0,0,0,"666501,033652","5381344,97937","11,256789847","48,563068995",1,1,#66c2a5,bicycle
67491,9,1,79,134,2019,7,16,2,3,5,3,0,0,1,0,0,0,0,"668874,51831","5345739,92248","11,274610876","48,242365631",0,2,#fc8d62,car
67492,9,1,81,122,2019,7,6,2,3,8,6,1,0,1,0,1,0,0,"648312,010688","5331933,30277","10,993016","48,123368648",1,2,#fc8d62,car
67493,9,1,81,133,2019,7,6,2,3,4,1,0,0,1,0,0,0,1,"640409,551112","5313396,19464","10,880804468","47,958470406",1,2,#fc8d62,car
67494,9,1,88,121,2019,7,8,2,3,5,3,0,0,1,0,0,0,0,"671950,994302","5329723,27226","11,309536325","48,09755572",1,2,#fc8d62,car
67495,9,1,81,123,2019,7,17,2,3,5,3,0,0,1,0,0,0,0,"656255,778","5326678,783","11,097768228","48,074225121",0,2,#fc8d62,car
67496,9,1,84,119,2019,7,11,2,3,0,6,0,0,1,0,1,0,0,"695950,853337","5346390,48135","11,639235405","48,24042333",1,2,#fc8d62,car
67497,9,1,78,123,2019,7,7,2,2,4,1,0,0,1,0,0,0,0,"688115,369","5361002,682","11,540323629","48,374129019",1,2,#fc8d62,car
67498,9,1,75,122,2019,7,6,2,3,0,6,0,0,1,0,0,0,0,"719885,274839","5327296,17072","11,951321005","48,061014831",1,2,#fc8d62,car
67499,9,1,62,0,2019,7,16,1,3,3,6,0,0,1,0,1,0,0,"690339,927196","5331954,61831","11,55727742","48,112384212",1,2,#fc8d62,car
67505,9,7,77,130,2019,7,14,1,2,6,4,0,0,1,1,0,0,0,"626918,916713","5314032,75212","10,700370304","47,967011721",0,2,#fc8d62,car
67507,9,7,72,223,2019,7,7,1,3,9,1,0,0,1,0,0,0,0,"624978,348509","5364301,11032","10,689180989","48,419457061",0,2,#fc8d62,car
67508,9,7,72,163,2019,7,19,1,3,8,1,0,0,1,0,0,0,0,"638532,167982","5347672,13629","10,86680501","48,267097433",1,2,#fc8d62,car
67509,9,7,72,121,2019,7,17,1,3,5,3,0,0,1,0,0,0,0,"632349,889802","5376052,38674","10,792483087","48,523619721",0,2,#fc8d62,car
67510,9,7,72,184,2019,7,10,1,3,0,1,0,1,0,0,0,0,0,"632970,61519","5358920,13343","10,795445417","48,369434478",0,1,#66c2a5,bicycle
67511,9,7,72,202,2019,7,17,1,3,2,6,0,0,1,0,0,0,0,"636105,470373","5359663,94589","10,837992419","48,37545457",1,2,#fc8d62,car
67565,9,1,84,132,2019,7,18,1,3,8,1,0,0,1,0,0,0,0,"681653,906664","5323735,84533","11,437196548","48,041043162",1,2,#fc8d62,car
67572,9,1,84,114,2019,7,7,1,1,3,1,0,0,1,0,0,0,0,"699709,763356","5319358,62317","11,677145875","47,996311977",0,2,#fc8d62,car
67574,9,1,82,120,2019,7,14,1,3,2,6,0,0,1,0,1,0,0,"703237,109976","5305605,11513","11,717886015","47,871596138",0,2,#fc8d62,car
67575,9,7,77,121,2019,7,17,1,3,2,1,0,0,1,0,0,0,0,"630881,500422","5321898,51421","10,755832368","48,036950191",1,2,#fc8d62,car
67576,9,1,74,113,2019,7,10,1,3,0,7,0,0,1,0,0,0,0,"672988,674946","5345924,35853","11,330053747","48,242914398",0,2,#fc8d62,car
67577,9,1,81,115,2019,7,18,1,3,8,7,0,0,1,0,0,0,0,"657987,244431","5327160,38938","11,121175179","48,078128586",1,2,#fc8d62,car
67579,9,1,88,113,2019,7,13,1,3,5,3,0,1,1,0,0,0,0,"678321,67095","5314293,84665","11,388606219","47,957105129",0,1,#66c2a5,bicycle
67581,9,1,79,125,2019,7,22,1,3,5,3,2,0,1,0,1,0,0,"660513,420011","5332260,83163","11,156985898","48,123353961",1,2,#fc8d62,car
67582,9,1,78,156,2019,7,11,1,3,2,6,0,0,1,0,0,0,0,"699473,564113","5376176,04048","11,70075779","48,506997251",0,2,#fc8d62,car
67583,9,1,84,114,2019,7,13,7,3,1,6,0,0,1,0,0,0,0,"700291,556","5323630,038","11,686931227","48,034518369",0,2,#fc8d62,car
67585,9,1,62,0,2019,7,0,7,2,0,1,2,1,0,0,0,0,0,"694558,246747","5336743,55175","11,616078219","48,154150653",0,1,#66c2a5,bicycle
67586,9,1,62,0,2019,7,14,7,2,3,3,0,1,1,0,0,0,0,"688067,789822","5334992,85283","11,528122197","48,140367523",1,1,#66c2a5,bicycle
67588,9,1,84,146,2019,7,16,7,3,2,6,0,0,1,0,0,0,0,"695337,602988","5328156,19623","11,622612895","48,076732428",0,2,#fc8d62,car
67602,9,7,72,115,2019,7,13,7,3,8,1,0,0,0,0,1,0,0,"617366,613915","5367360,89815","10,587201807","48,448437909",0,4,#e78ac3,marker
67604,9,7,72,171,2019,7,16,7,3,5,2,0,1,1,0,0,0,0,"637496,298346","5371943,57049","10,860792576","48,485568608",0,1,#66c2a5,bicycle
67606,9,7,71,130,2019,7,21,7,3,1,3,1,1,1,0,0,0,0,"647142,881014","5358111,68638","10,986410831","48,359020769",0,1,#66c2a5,bicycle
67607,9,7,61,0,2019,7,13,7,3,1,2,0,0,1,0,0,1,0,"641318,012348","5365085,69495","10,91016853","48,423058718",0,2,#fc8d62,car
67608,9,7,61,0,2019,7,21,7,3,0,1,2,1,0,0,0,0,0,"641080,221129","5360296,65711","10,905346746","48,380051043",0,1,#66c2a5,bicycle
67610,9,7,71,158,2019,7,15,7,3,2,6,0,0,1,0,0,0,0,"642326,151272","5370876,99319","10,925755947","48,474903632",0,2,#fc8d62,car
67627,9,2,61,0,2019,8,2,6,2,0,1,2,1,0,0,0,0,0,"731997,985472","5382537,74015","12,144017718","48,552976906",0,1,#66c2a5,bicycle
67628,9,2,74,126,2019,8,7,6,3,6,4,0,0,1,1,0,0,0,"733128,826353","5383496,25311","12,159855264","48,56116761",0,2,#fc8d62,car
67629,9,2,74,113,2019,8,12,6,3,5,3,0,0,1,0,1,0,0,"728796,933","5383808,72","12,101402529","48,565570026",0,2,#fc8d62,car
67634,9,1,73,118,2019,8,12,6,3,2,6,0,0,1,0,0,0,0,"688182,092942","5303408,44992","11,515808169","47,856438635",0,2,#fc8d62,car
67635,9,1,87,174,2019,8,12,6,3,1,6,0,0,1,0,0,0,0,"739808,409727","5310407,11948","12,208887362","47,902124532",0,2,#fc8d62,car
67636,9,1,87,163,2019,8,15,6,3,3,2,0,0,1,0,1,0,0,"735808,780274","5308588,92838","12,154459551","47,887272706",0,2,#fc8d62,car
67638,9,1,82,136,2019,8,16,6,2,5,3,0,0,1,0,0,0,0,"708667,046999","5295780,29785","11,785680606","47,7815615",1,2,#fc8d62,car
67639,9,1,82,133,2019,8,9,6,3,0,1,0,1,0,0,0,0,0,"708312,66608","5305730,87218","11,785739991","47,871100305",0,1,#66c2a5,bicycle
67643,9,1,81,129,2019,8,15,6,3,5,3,0,0,1,0,0,0,0,"641481,962629","5304652,49033","10,892291084","47,87960749",1,2,#fc8d62,car
67644,9,1,81,130,2019,8,10,6,3,0,1,0,1,0,0,0,0,0,"639911,44387","5323534,90778","10,877442631","48,049750336",0,1,#66c2a5,bicycle
67645,9,1,88,117,2019,8,18,6,2,9,1,0,0,0,0,1,0,0,"665516,148573","5313693,44997","11,216984188","47,955145509",0,4,#e78ac3,marker
67646,9,1,79,131,2019,8,13,6,3,0,1,0,1,0,0,0,0,0,"659364,191","5332268,391","11,141556566","48,123710651",0,1,#66c2a5,bicycle
67647,9,1,79,138,2019,8,16,6,3,2,1,0,0,1,0,0,0,0,"656284,611922","5335347,87335","11,101331964","48,152161501",0,2,#fc8d62,car
67648,9,1,84,149,2019,8,16,6,3,2,6,0,0,1,0,0,0,0,"690340,8802","5351694,84368","11,56614216","48,289806468",0,2,#fc8d62,car
67649,9,1,78,113,2019,8,16,6,3,2,6,0,0,1,0,0,0,0,"691571,099465","5366728,75626","11,589553372","48,424551895",0,2,#fc8d62,car
67651,9,1,75,127,2019,8,12,6,3,2,2,0,0,1,0,1,0,0,"712441,002418","5341355,19784","11,858541129","48,189868407",0,2,#fc8d62,car
67652,9,1,78,130,2019,8,13,6,1,8,1,0,0,1,0,0,0,0,"705288,276387","5357167,10689","11,77008716","48,334310493",0,2,#fc8d62,car
67653,9,1,78,124,2019,8,18,6,3,2,2,0,0,1,0,1,0,0,"700618,68073","5357777,10477","11,70744172","48,341291818",0,2,#fc8d62,car
67654,9,1,75,115,2019,8,22,6,3,0,1,2,1,0,0,0,0,0,"721085,500035","5329286,67551","11,968437458","48,078484802",0,1,#66c2a5,bicycle
67655,9,1,84,135,2019,8,11,5,3,2,6,0,0,1,0,0,0,0,"689764,447083","5348709,69356","11,557038796","48,263149676",0,2,#fc8d62,car
67656,9,1,62,0,2019,8,16,5,3,2,6,0,0,1,0,1,0,0,"689423,530289","5339033,05468","11,548127049","48,17627885",0,2,#fc8d62,car
67657,9,1,62,0,2019,8,17,5,3,3,2,0,1,1,0,0,0,0,"682699,939989","5335565,19436","11,456279647","48,147076108",0,1,#66c2a5,bicycle
67658,9,1,62,0,2019,8,19,5,3,0,7,0,1,0,0,0,0,0,"692092,253666","5341882,43692","11,585277687","48,201087255",0,1,#66c2a5,bicycle
67659,9,1,84,120,2019,8,17,5,3,5,3,0,1,1,0,0,0,0,"681939,794798","5332379,34505","11,444709161","48,118657094",0,1,#66c2a5,bicycle
67660,9,1,84,135,2019,8,9,5,3,2,1,0,0,1,0,0,0,0,"692227,209179","5344783,45814","11,588406758","48,227119816",0,2,#fc8d62,car
67661,9,1,84,136,2019,8,18,5,3,2,2,0,1,1,0,0,0,0,"698419,033537","5327080,95431","11,663439294","48,066117572",0,1,#66c2a5,bicycle
67662,9,1,62,0,2019,8,18,5,3,0,1,0,1,0,0,0,0,0,"696302,695835","5333743,21283","11,638125883","48,126649333",0,1,#66c2a5,bicycle
67663,9,1,62,0,2019,8,19,5,3,5,2,0,1,1,0,0,0,0,"694986,843386","5333005,60729","11,620123894","48,120424445",0,1,#66c2a5,bicycle
67666,9,1,81,113,2019,8,18,5,3,8,1,0,0,0,0,1,0,0,"631449,0454","5302508,63627","10,757518564","47,862460156",0,4,#e78ac3,marker
67669,9,7,72,147,2019,8,18,5,3,2,2,0,0,1,0,0,0,0,"637442,108815","5364890,39725","10,857743728","48,422160209",0,2,#fc8d62,car
67670,9,7,72,125,2019,8,14,5,3,3,2,0,1,0,0,0,0,0,"635856,63809","5347733,27835","10,830789572","48,268226762",0,1,#66c2a5,bicycle
67716,9,2,74,146,2019,8,10,5,3,2,6,0,0,1,0,0,1,1,"733078,231061","5377943,62024","12,156065681","48,511308959",0,2,#fc8d62,car
67717,9,2,61,0,2019,8,11,5,3,5,2,0,1,1,0,0,0,0,"733039,215421","5382102,98569","12,157862842","48,548685706",0,1,#66c2a5,bicycle
67718,9,2,61,0,2019,8,17,5,3,5,3,0,1,0,0,0,0,1,"730856,831","5381861,768","12,12820229","48,547325734",0,1,#66c2a5,bicycle
67719,9,2,61,0,2019,8,13,5,3,0,7,0,1,0,0,0,0,0,"736487,582992","5383935,45594","12,205556068","48,563855033",0,1,#66c2a5,bicycle
67720,9,1,90,142,2019,8,13,5,3,8,1,0,0,0,0,0,1,0,"661134,289798","5297540,19525","11,152308138","47,811029264",0,5,#a6d854,bus
67721,9,1,90,130,2019,8,17,5,3,4,6,0,0,1,0,1,0,0,"651288,185223","5297672,08711","11,020924764","47,814605192",0,2,#fc8d62,car
67723,9,1,83,126,2019,8,16,5,2,4,6,0,0,1,0,0,0,0,"727331,623968","5336611,07203","12,056082937","48,142092941",0,2,#fc8d62,car
67729,9,1,87,129,2019,8,6,5,3,2,6,0,1,1,0,0,0,0,"722814,085342","5297945,23246","11,975398335","47,796278005",0,1,#66c2a5,bicycle
67736,9,1,62,0,2019,8,16,5,3,2,6,0,0,1,0,0,0,0,"680716,639113","5341868,52477","11,43232051","48,204302033",0,2,#fc8d62,car