OBJECTID,ULAND,UREGBEZ,UKREIS,UGEMEINDE,UJAHR,UMONAT,USTUNDE,UWOCHENTAG,UKATEGORIE,UART,UTYP1,ULICHTVERH,IstRad,IstPKW,IstFuss,IstKrad,IstGkfz,IstSonstig,LINREFX,LINREFY,XGCSWGS84,YGCSWGS84,STRZUSTAND,Teilnehmer,color,symbol
68419,9,1,79,142,2019,8,22,5,3,5,3,2,0,1,0,0,0,0,"673376,290985","5344073,12925","11,334512647","48,226167188",0,2,#fc8d62,car
68420,9,7,72,223,2019,8,15,6,3,2,6,0,0,1,0,0,0,0,"618658,024702","5363094,70539","10,603451303","48,409829963",0,2,#fc8d62,car
68421,9,1,88,120,2019,8,20,5,3,0,6,0,1,1,0,0,0,0,"676175,999363","5325373,26671","11,36444097","48,057297727",0,1,#66c2a5,bicycle
68422,9,1,84,135,2019,8,11,5,3,8,7,0,0,1,0,0,0,0,"688210,363777","5348574,10108","11,536058898","48,262394549",0,2,#fc8d62,car
68423,9,7,72,130,2019,8,9,6,3,4,2,0,0,1,0,0,0,0,"632586,635647","5358153,74894","10,790021752","48,362623767",0,2,#fc8d62,car
68424,9,1,78,124,2019,8,17,5,3,2,6,0,0,1,0,0,0,0,"702509,543953","5365659,84995","11,736726481","48,411525641",0,2,#fc8d62,car
68425,9,7,72,200,2019,8,9,6,3,5,3,0,1,1,0,0,0,0,"629748,313286","5337237,36449","10,745302668","48,175121484",0,1,#66c2a5,bicycle
68426,9,1,78,143,2019,8,15,5,2,5,3,0,0,1,0,1,0,0,"718350,245","5372221,513","11,953932685","48,465191516",0,2,#fc8d62,car
68427,9,7,71,111,2019,8,17,6,2,0,1,0,0,0,0,1,0,0,"653852,740698","5357017,57465","11,076532678","48,347584597",0,4,#e78ac3,marker
68428,9,1,78,150,2019,8,17,5,2,4,6,0,0,1,0,0,0,0,"690638,24","5371520,265","11,579137783","48,467897916",0,2,#fc8d62,car
68429,9,1,84,118,2019,8,10,4,3,1,6,0,0,1,0,0,0,0,"704211,213403","5335971,55535","11,745353122","48,14418702",0,2,#fc8d62,car
68430,9,7,61,0,2019,8,15,6,3,2,2,0,0,1,0,0,0,0,"642184,669392","5357572,94107","10,919333286","48,355312671",0,2,#fc8d62,car
68431,9,1,84,130,2019,8,15,4,3,2,6,0,0,1,0,0,0,0,"698881,380066","5346171,78164","11,678559133","48,237545513",1,2,#fc8d62,car
68433,9,1,62,0,2019,8,8,4,3,4,6,0,0,1,0,0,0,0,"684096,571912","5335414,98445","11,47497338","48,145323288",0,2,#fc8d62,car
68435,9,1,84,121,2019,8,17,4,3,2,2,0,0,1,0,0,0,0,"703190,76202","5330576,61344","11,729079636","48,096030629",1,2,#fc8d62,car
68447,9,7,73,143,2019,8,17,4,3,4,2,0,0,1,0,1,0,0,"624319,264004","5374712,64275","10,683371331","48,51321393",1,2,#fc8d62,car
68448,9,7,72,156,2019,8,14,4,3,9,1,0,1,0,0,0,0,0,"629705,279566","5368533,51193","10,754348957","48,456560597",1,1,#66c2a5,bicycle
68449,9,7,71,160,2019,8,17,4,2,4,1,0,0,1,0,0,0,0,"653812,41279","5350940,37099","11,073771995","48,292955635",0,2,#fc8d62,car
68450,9,7,71,144,2019,8,19,4,2,5,3,0,0,1,0,1,0,0,"661635,392232","5373374,87786","11,187800899","48,492692914",1,2,#fc8d62,car
68532,9,2,61,0,2019,8,18,4,3,2,6,0,0,1,0,0,0,0,"728513,062127","5380788,85214","12,095903419","48,538545577",1,2,#fc8d62,car
68535,9,1,84,114,2019,8,16,4,3,9,1,0,0,0,0,1,0,0,"698169,811572","5322703,52545","11,658071171","48,026853273",1,4,#e78ac3,marker
68536,9,1,87,170,2019,8,15,4,2,9,1,0,0,0,0,1,0,0,"732688,317971","5321146,33111","12,119568124","48,001226357",1,4,#e78ac3,marker
68537,9,1,63,0,2019,8,16,4,3,5,3,0,0,1,0,0,0,0,"730925,365573","5303387,13561","12,086454028","47,842313245",1,2,#fc8d62,car
68539,9,1,63,0,2019,8,16,4,3,5,3,0,1,1,0,0,0,0,"733417,325371","5303187,10446","12,11960193","47,839616422",1,1,#66c2a5,bicycle
68552,9,1,74,113,2019,8,20,4,3,9,1,1,0,1,0,0,0,0,"670792,966945","5347491,68722","11,301136174","48,257599269",1,2,#fc8d62,car
68553,9,1,88,141,2019,8,17,4,3,0,1,0,1,0,0,0,0,0,"669647,972","5308041,855","11,270057181","47,90325516",1,1,#66c2a5,bicycle
68554,9,1,88,132,2019,8,17,4,3,2,6,0,0,1,0,0,0,0,"664332,501874","5322395,65816","11,204473761","48,03368789",1,2,#fc8d62,car
68555,9,1,88,120,2019,8,14,4,3,0,7,0,1,0,0,0,0,0,"677659,878457","5326421,29907","11,384773516","48,066307388",1,1,#66c2a5,bicycle
68557,9,1,81,114,2019,8,19,4,2,8,1,1,0,1,0,0,0,0,"653248,002321","5316908,48592","11,053920175","47,987106966",1,2,#fc8d62,car
68558,9,1,74,115,2019,8,16,4,3,5,3,0,0,1,0,1,0,0,"679408,25645","5349498,6384","11,417958631","48,273258703",1,2,#fc8d62,car
68559,9,1,62,0,2019,8,14,4,3,2,6,0,0,1,0,0,0,0,"698441,944532","5335124,22403","11,667486467","48,138397549",1,2,#fc8d62,car
68560,9,1,75,139,2019,8,16,4,3,0,7,0,0,0,0,1,0,0,"710751,933302","5331591,21815","11,831009373","48,102692473",1,4,#e78ac3,marker
68562,9,1,75,135,2019,8,15,4,3,0,7,0,1,0,0,0,0,0,"709867,70712","5338851,54643","11,822723245","48,168226053",1,1,#66c2a5,bicycle
68564,9,1,78,124,2019,8,14,4,3,8,1,0,0,0,0,0,1,0,"703205,451582","5366684,17208","11,746615938","48,420506427",1,5,#a6d854,bus
68565,9,1,78,157,2019,8,9,4,3,9,1,0,0,1,0,0,0,0,"705911,438811","5372955,86625","11,786230216","48,475984476",0,2,#fc8d62,car
68566,9,1,77,119,2019,8,14,4,3,5,3,0,1,1,0,0,0,0,"718023,16","5339251,353","11,932472887","48,169073878",1,1,#66c2a5,bicycle
68568,9,1,84,145,2019,8,7,3,3,5,3,0,1,1,0,0,0,0,"699044,940066","5325341,11584","11,671022074","48,050286136",1,1,#66c2a5,bicycle
68569,9,1,62,0,2019,8,18,3,3,2,6,2,0,1,0,1,0,0,"691894,860216","5339253,12952","11,581435975","48,177515403",0,2,#fc8d62,car
68571,9,1,62,0,2019,8,17,3,3,5,3,0,0,1,0,1,0,0,"687361,193","5335083,496","11,518673107","48,141390705",0,2,#fc8d62,car
68573,9,1,84,130,2019,8,12,3,3,2,7,0,1,1,0,0,0,0,"698197,951349","5344538,35792","11,668601124","48,223079815",0,1,#66c2a5,bicycle
68574,9,1,62,0,2019,8,13,3,3,4,6,0,1,0,0,0,0,0,"692081,259054","5340383,35176","11,58445176","48,18761723",0,1,#66c2a5,bicycle
68580,9,7,78,203,2019,8,14,3,3,0,1,0,1,0,0,0,0,0,"620846,99","5322375,074","10,62140772","48,043214301",0,1,#66c2a5,bicycle
68587,9,7,62,0,2019,8,15,3,3,2,6,0,0,1,0,0,0,0,"623302,323854","5306168,53492","10,649687236","47,896991406",0,2,#fc8d62,car
68591,9,7,72,202,2019,8,17,3,3,2,6,0,0,1,0,0,0,1,"637210,33826","5358115,42845","10,852399449","48,361291175",0,2,#fc8d62,car
68593,9,7,71,130,2019,8,10,3,2,0,1,0,1,0,0,0,0,0,"650490,127788","5354277,28859","11,030199038","48,323756795",0,1,#66c2a5,bicycle
68594,9,7,71,145,2019,8,17,3,3,2,6,0,0,1,0,0,0,0,"647490,281","5346296,717","10,986968388","48,252708032",0,2,#fc8d62,car
68596,9,7,61,0,2019,8,13,3,3,5,3,0,0,1,0,0,0,0,"642783,246692","5359801,06255","10,928165001","48,375211792",0,2,#fc8d62,car
68601,9,7,72,157,2019,8,20,1,3,0,1,2,1,0,0,0,0,0,"627413,829716","5335676,00238","10,713447275","48,161552723",1,1,#66c2a5,bicycle
68602,9,1,87,132,2019,8,10,6,2,9,7,0,0,1,0,0,0,0,"742391,09","5298814,375","12,2368961","47,797016326",0,2,#fc8d62,car
68617,9,1,62,0,2019,8,12,5,3,0,1,0,0,0,0,1,0,0,"688054,910503","5334993,58257","11,527949563","48,140377889",1,4,#e78ac3,marker
68624,9,1,90,159,2019,8,16,5,2,9,7,0,0,1,0,0,0,0,"665247,22681","5305856,99431","11,210380277","47,884760518",0,2,#fc8d62,car
68641,9,1,86,132,2019,8,14,5,3,5,3,0,0,1,0,1,0,0,"680228,014","5367432,24","11,436675005","48,434222338",1,2,#fc8d62,car
68644,9,1,81,128,2019,8,21,5,3,4,2,2,0,1,0,0,0,0,"638561,604","5327018,766","10,860468392","48,081372853",1,2,#fc8d62,car
68646,9,1,79,113,2019,8,21,5,2,0,7,2,1,0,0,0,0,0,"671070,012","5334515,552","11,299636329","48,140874243",1,1,#66c2a5,bicycle
68647,9,1,62,0,2019,8,12,5,3,3,6,0,0,1,0,0,0,0,"687144,636388","5344072,55622","11,519723948","48,22224995",1,2,#fc8d62,car
68649,9,1,78,120,2019,8,21,5,3,3,1,2,0,1,0,0,0,0,"698592,401646","5351295,77735","11,677076592","48,283685191",0,2,#fc8d62,car
68650,9,1,62,0,2019,8,18,4,3,3,6,0,0,1,0,0,0,0,"692130,597294","5339738,9579","11,584823491","48,181810672",0,2,#fc8d62,car
68652,9,1,84,119,2019,8,7,4,2,0,3,0,1,0,0,0,0,1,"693183,60854","5347225,93952","11,602385097","48,248781155",0,1,#66c2a5,bicycle
68654,9,1,62,0,2019,8,17,4,3,2,6,0,0,1,0,1,0,0,"684876,159152","5342094,74019","11,488349124","48,205137709",0,2,#fc8d62,car
68656,9,7,71,165,2019,8,18,5,2,9,1,0,0,0,0,1,0,0,"660244,844511","5361411,51804","11,164417451","48,385497739",1,4,#e78ac3,marker
68657,9,1,62,0,2019,8,4,4,3,5,2,2,1,1,0,0,0,0,"694778,313703","5340919,27412","11,620947243","48,191612591",1,1,#66c2a5,bicycle
68660,9,1,84,137,2019,8,11,4,2,4,2,0,0,1,0,0,0,0,"709519,355197","5312413,03195","11,805101664","47,930757472",0,2,#fc8d62,car
68661,9,1,84,113,2019,8,11,4,3,0,7,0,1,0,0,0,0,0,"685432,732409","5321560,19779","11,486905261","48,020400763",0,1,#66c2a5,bicycle
68663,9,1,62,0,2019,8,7,4,3,2,6,0,0,1,0,0,0,0,"693823,649095","5331642,22815","11,603890718","48,108525937",0,2,#fc8d62,car
68665,9,1,84,120,2019,8,7,4,3,0,3,0,0,1,0,1,0,0,"681374,613452","5332122,79989","11,437012878","48,116512285",0,2,#fc8d62,car
68685,9,7,72,223,2019,8,15,4,1,8,6,0,0,1,0,0,1,0,"622372,811231","5363454,22939","10,653733448","48,412352732",0,2,#fc8d62,car
68687,9,7,72,202,2019,8,16,4,2,5,3,0,1,1,0,0,0,0,"636105,470373","5359663,94589","10,837992419","48,37545457",0,1,#66c2a5,bicycle
68688,9,7,71,165,2019,8,10,4,3,5,3,0,0,1,0,1,0,0,"659899,247735","5360640,31161","11,159459522","48,378652145",0,2,#fc8d62,car
68701,9,1,88,121,2019,8,17,6,3,2,6,0,0,1,0,0,0,0,"672146,008863","5329590,9285","11,312100055","48,096313335",0,2,#fc8d62,car
68715,9,7,71,130,2019,8,18,5,3,3,6,0,0,1,0,0,0,1,"648630,828541","5362709,358","11,008111032","48,400010208",0,2,#fc8d62,car
68738,9,2,74,134,2019,8,7,4,2,5,3,0,1,1,0,0,0,0,"740817,595618","5373802,69717","12,258302731","48,471196844",0,1,#66c2a5,bicycle
68748,9,1,83,140,2019,8,6,4,1,4,6,1,0,1,0,0,1,0,"740605,771318","5340556,74198","12,236474813","48,172655131",0,2,#fc8d62,car
68754,9,1,84,145,2019,8,9,4,3,3,6,0,0,1,0,1,0,0,"696166,655807","5322744,99666","11,631251132","48,027844261",0,2,#fc8d62,car
68755,9,1,87,186,2019,8,14,4,3,9,1,0,0,1,0,0,0,0,"733410,486343","5331773,66774","12,135029711","48,096435475",0,2,#fc8d62,car
68767,9,1,84,120,2019,8,12,4,3,2,6,0,0,1,0,0,0,1,"682050,608199","5333327,88881","11,446601844","48,127151676",0,2,#fc8d62,car
68768,9,1,81,143,2019,8,11,4,3,5,3,0,0,1,0,0,0,0,"636722,866719","5315704,05577","10,832181479","47,980022048",0,2,#fc8d62,car
68769,9,1,84,130,2019,8,12,4,3,2,6,0,0,1,0,0,0,0,"697171,263915","5342579,96873","11,653882575","48,2057993",0,2,#fc8d62,car
68771,9,1,63,0,2019,8,17,6,3,1,1,0,0,1,0,1,0,0,"734701,80413","5304886,52797","12,137663938","47,854416426",0,2,#fc8d62,car
68772,9,1,62,0,2019,8,9,3,3,2,6,0,0,1,0,0,0,0,"688017,738335","5343911,35494","11,531396065","48,220542935",0,2,#fc8d62,car
68774,9,1,62,0,2019,8,16,3,3,1,5,0,0,1,0,0,0,0,"700767,27714","5332538,31354","11,697490123","48,114428592",0,2,#fc8d62,car
68775,9,1,62,0,2019,8,10,3,3,1,6,0,0,1,0,0,0,0,"692071,569831","5341550,32898","11,584849343","48,198108624",0,2,#fc8d62,car
68778,9,7,77,112,2019,8,11,3,3,2,6,0,1,0,0,0,0,0,"622701,454823","5299834,88497","10,639853144","47,84014365",0,1,#66c2a5,bicycle
68779,9,7,73,182,2019,8,18,3,3,1,6,0,0,1,0,0,0,0,"624553,085891","5379805,61134","10,688058334","48,558965804",0,2,#fc8d62,car
68782,9,7,72,148,2019,8,9,3,3,0,1,0,0,1,0,0,0,0,"626727,551715","5350502,0045","10,708656227","48,295017659",0,2,#fc8d62,car
68784,9,7,72,130,2019,8,16,3,1,8,1,0,0,0,0,1,0,0,"629853,336783","5360069,30424","10,753729848","48,380417336",0,4,#e78ac3,marker
68786,9,1,75,111,2019,8,8,6,3,5,3,0,0,1,0,0,1,0,"712368,922933","5338221,52585","11,856006951","48,161734226",0,2,#fc8d62,car
68787,9,7,72,131,2019,8,11,3,2,5,3,0,0,1,0,0,0,0,"621594,533318","5357030,19582","10,641361397","48,354732799",0,2,#fc8d62,car
68789,9,7,72,131,2019,8,5,3,3,5,3,1,0,1,0,0,0,0,"621594,09847","5357029,90459","10,641355446","48,354730264",1,2,#fc8d62,car
68790,9,7,71,130,2019,8,23,3,3,2,6,2,0,1,0,0,0,0,"647645,117939","5357007,24833","10,992799284","48,348973321",0,2,#fc8d62,car
68806,9,7,77,172,2019,8,10,5,3,1,6,0,1,0,0,0,0,0,"627510,264316","5306022,38188","10,705917562","47,894854544",0,1,#66c2a5,bicycle
68813,9,1,84,145,2019,8,9,1,3,0,1,0,0,0,0,1,0,0,"697643,558668","5324018,25474","11,651626901","48,038832422",0,4,#e78ac3,marker
68816,9,1,82,127,2019,8,14,1,3,2,6,0,0,1,0,0,0,0,"702359,599724","5311957,84936","11,709143965","47,928967035",0,2,#fc8d62,car
68818,9,1,87,159,2019,8,15,1,3,8,7,0,0,1,0,0,0,0,"730205,727667","5323693,50223","12,087702413","48,025008918",0,2,#fc8d62,car
68822,9,1,63,0,2019,8,8,1,2,0,1,0,0,0,0,1,0,0,"734999,697576","5303682,08871","12,140986146","47,843487037",1,4,#e78ac3,marker
68825,9,7,61,0,2019,8,16,5,3,5,2,0,1,1,0,0,0,0,"641740,320812","5359769,65528","10,914078798","48,375164518",0,1,#66c2a5,bicycle
68828,9,1,82,123,2019,8,18,1,3,4,2,0,0,1,0,0,0,0,"717270,741","5301399,445","11,903204432","47,829211307",0,2,#fc8d62,car
68831,9,1,82,136,2019,8,11,1,3,1,6,0,1,1,0,0,0,0,"704278,108103","5298603,0747","11,72848689","47,808337079",0,1,#66c2a5,bicycle
68833,9,1,87,129,2019,8,18,1,2,8,1,0,0,0,0,1,0,0,"723956,473725","5296998,9257","11,990143822","47,787378973",0,4,#e78ac3,marker
68843,9,1,90,148,2019,8,21,3,3,5,3,2,0,1,0,0,0,0,"641806,376155","5297480,11504","10,89427681","47,815038346",1,2,#fc8d62,car
68848,9,1,82,136,2019,8,11,3,2,2,6,0,0,1,0,0,0,0,"703318,511351","5304296,13576","11,718357695","47,859806241",0,2,#fc8d62,car
68849,9,1,87,165,2019,8,13,3,3,5,3,0,1,1,0,0,0,0,"732938,033953","5297382,06124","12,110087229","47,787636554",0,1,#66c2a5,bicycle
68850,9,1,87,117,2019,8,11,3,3,2,6,0,0,1,0,0,0,0,"725544,675","5301060,044","12,013430141","47,82331425",0,2,#fc8d62,car
68855,9,1,62,0,2019,8,13,3,2,9,1,0,0,0,0,1,0,0,"687521,557194","5333170,42337","11,519984682","48,124148262",0,4,#e78ac3,marker
68856,9,1,81,137,2019,8,12,3,3,4,3,0,1,1,0,0,0,0,"646296,713761","5306102,77843","10,957140545","47,891569591",0,1,#66c2a5,bicycle
68858,9,1,62,0,2019,8,9,2,3,2,6,0,0,1,0,0,0,1,"689387,45585","5339032,65669","11,547642096","48,176286025",1,2,#fc8d62,car
68859,9,1,84,123,2019,8,14,2,3,5,2,0,1,1,0,0,0,0,"702732,872944","5331964,54411","11,723596195","48,108649581",1,1,#66c2a5,bicycle
68863,9,1,81,126,2019,8,16,1,3,4,2,0,0,1,0,0,0,0,"636862,459519","5331823,12686","10,839207263","48,124942569",0,2,#fc8d62,car
68865,9,1,88,117,2019,8,18,1,3,8,1,0,0,1,0,0,0,0,"666537,536875","5312647,95578","11,230249684","47,945481246",0,2,#fc8d62,car
68868,9,1,88,132,2019,8,9,1,2,5,2,0,1,1,0,0,0,0,"664413,098805","5322216,16971","11,205485222","48,032053461",0,1,#66c2a5,bicycle
68871,9,1,79,118,2019,8,11,1,3,0,7,0,1,0,0,0,0,0,"673143,9436","5336993,40327","11,328499822","48,162587921",0,1,#66c2a5,bicycle
68873,9,1,79,125,2019,8,17,1,2,2,6,0,0,1,0,1,0,0,"662478,052204","5332975,48113","11,183639404","48,129280601",0,2,#fc8d62,car
68874,9,1,88,144,2019,8,18,6,3,2,6,0,0,1,0,0,0,0,"666203,148495","5328631,37745","11,231971641","48,089264549",0,2,#fc8d62,car
68876,9,1,74,118,2019,8,17,1,3,8,1,0,0,0,0,1,0,0,"668631,368025","5355474,31745","11,275223979","48,32993913",0,4,#e78ac3,marker
68877,9,7,72,111,2019,8,14,2,3,3,6,0,0,1,0,0,1,0,"626369,462251","5364173,14605","10,707935786","48,418028847",1,2,#fc8d62,car
68878,9,7,61,0,2019,8,8,2,2,0,7,0,1,0,0,0,0,0,"642834,999245","5360346,33311","10,929048749","48,380102874",1,1,#66c2a5,bicycle
68880,9,1,75,132,2019,8,17,1,3,9,6,0,0,1,0,0,0,0,"709526,596501","5337295,89354","11,817374876","48,154359411",0,2,#fc8d62,car
68883,9,1,78,145,2019,8,17,1,3,7,6,0,0,1,0,0,0,0,"699198,094522","5356782,32923","11,687821964","48,33280147",0,2,#fc8d62,car
68885,9,1,78,145,2019,8,17,1,3,3,6,0,0,1,0,0,0,0,"699200,124309","5356782,48381","11,687849394","48,33280222",0,2,#fc8d62,car
68887,9,1,78,138,2019,8,17,1,3,5,3,0,0,1,0,1,0,0,"711991,130085","5369002,65152","11,866388082","48,43844425",0,2,#fc8d62,car
68891,9,1,78,124,2019,8,22,1,2,5,3,2,0,1,0,0,0,1,"702532,575162","5365577,75029","11,736997733","48,410780472",1,2,#fc8d62,car
68894,9,1,78,136,2019,8,7,1,3,0,1,0,0,1,0,0,0,0,"696951,361444","5369219,32426","11,663370624","48,445275169",0,2,#fc8d62,car
68898,9,1,84,112,2019,8,16,7,2,5,3,0,0,1,0,1,0,0,"702434,48123","5337563,24694","11,722252384","48,159059009",1,2,#fc8d62,car
68901,9,1,62,0,2019,8,10,7,2,2,2,0,0,1,0,0,1,0,"693941,357612","5331668,56091","11,605482329","48,108726782",1,2,#fc8d62,car
68903,9,1,62,0,2019,8,14,7,3,2,6,0,0,1,0,1,0,0,"692112,245996","5340033,12183","11,584709868","48,184460088",1,2,#fc8d62,car
68905,9,1,84,140,2019,8,12,7,3,5,3,0,0,1,0,1,0,0,"702356,403256","5328926,28364","11,717104431","48,081464727",0,2,#fc8d62,car
68917,9,1,82,123,2019,8,9,6,2,2,6,0,0,1,0,1,0,0,"720987,217951","5301275,29836","11,952733637","47,826829853",0,2,#fc8d62,car
68947,9,1,78,155,2019,8,16,2,3,2,1,0,0,1,0,0,0,0,"721914,4293","5375672,69879","12,003913855","48,494950211",0,2,#fc8d62,car
68949,9,2,61,0,2019,8,16,2,3,2,6,0,0,1,0,0,0,0,"732369,712056","5379124,21964","12,147144315","48,522176518",0,2,#fc8d62,car
68958,9,1,83,126,2019,8,18,2,2,8,1,1,0,0,0,0,1,0,"727866,284054","5336734,43204","12,063325883","48,143009986",1,5,#a6d854,bus
68963,9,1,79,130,2019,8,14,6,2,8,1,0,0,0,0,1,0,0,"659223,723929","5338259,64114","11,141911735","48,177611106",0,4,#e78ac3,marker
68972,9,1,87,177,2019,8,5,2,3,8,1,1,0,1,0,0,0,0,"735729,15494","5307142,45796","12,152606761","47,874307237",1,2,#fc8d62,car
68978,9,7,72,157,2019,8,15,5,3,2,6,0,0,1,0,0,0,0,"627611,097723","5335290,25324","10,715983152","48,158044153",0,2,#fc8d62,car
68988,9,1,81,132,2019,8,19,2,3,9,1,0,0,1,0,0,0,0,"646702,838182","5324708,64451","10,968922954","48,058779426",1,2,#fc8d62,car
68992,9,1,88,117,2019,8,21,2,3,5,3,2,0,1,0,0,1,0,"663076,87247","5314943,32993","11,184810391","47,967008647",1,2,#fc8d62,car
68993,9,1,74,131,2019,8,8,2,3,0,1,0,0,1,0,0,0,0,"673427,450885","5364533,29947","11,343614437","48,410073333",1,2,#fc8d62,car
68995,9,1,78,143,2019,8,15,2,3,2,6,0,0,1,0,1,0,0,"718328,824078","5372270,54798","11,953668881","48,465639504",1,2,#fc8d62,car
68997,9,1,78,124,2019,8,13,2,3,5,3,0,0,1,0,0,0,0,"700011,871047","5356866,70054","11,698829828","48,333302694",1,2,#fc8d62,car
68998,9,1,62,0,2019,8,18,1,3,1,2,0,0,1,0,1,0,0,"689217,893521","5330133,72957","11,541410525","48,096352105",0,2,#fc8d62,car
69000,9,1,62,0,2019,8,16,1,2,2,6,0,0,1,0,0,0,0,"694110,438727","5336811,58965","11,610094406","48,154898982",0,2,#fc8d62,car
69002,9,1,84,122,2019,8,10,1,2,0,7,0,1,0,0,0,0,0,"688604,017598","5324687,40853","11,530770831","48,047581032",0,1,#66c2a5,bicycle
69003,9,1,84,142,2019,8,18,1,2,8,1,0,0,0,0,1,0,0,"683927,896","5317480,107","11,464993841","47,984160432",0,4,#e78ac3,marker
69027,9,7,62,0,2019,8,15,1,3,4,6,0,0,1,0,1,0,0,"619374,729298","5303750,76973","10,596492059","47,875989135",0,2,#fc8d62,car
69045,9,1,78,124,2019,8,11,1,3,0,1,0,0,0,0,1,0,0,"698507,327154","5365575,45045","11,682662649","48,412040328",0,4,#e78ac3,marker
69055,9,1,84,149,2019,8,12,6,2,5,2,0,0,1,0,0,1,0,"691164,401","5352534,449","11,577613109","48,297104345",0,2,#fc8d62,car
69062,9,7,71,130,2019,8,9,1,3,8,1,0,0,1,0,0,0,0,"644766,529726","5363048,89353","10,956050697","48,40396223",0,2,#fc8d62,car
69065,9,7,72,202,2019,8,18,6,3,2,3,0,0,1,0,1,0,0,"636831,167855","5359369,39088","10,847691214","48,372649009",0,2,#fc8d62,car
69068,9,1,84,142,2019,8,13,1,3,0,1,0,0,0,0,1,0,0,"683932,782","5317444,811","11,465044145","47,983841756",0,4,#e78ac3,marker
69071,9,1,81,130,2019,8,16,2,3,2,6,0,0,1,0,0,1,0,"638901,05965","5325314,70918","10,864469924","48,065975593",0,2,#fc8d62,car
69072,9,7,61,0,2019,8,17,7,3,1,6,0,0,1,0,1,0,0,"637539,314903","5357175,73719","10,856531225","48,352769983",0,2,#fc8d62,car
69074,9,7,71,156,2019,8,19,1,3,5,3,0,0,1,0,0,0,0,"655927,553722","5379177,10518","11,112767706","48,546298534",0,2,#fc8d62,car
69084,9,1,82,125,2019,8,11,7,3,8,7,0,1,0,0,0,0,0,"709533,370806","5296133,58724","11,797402183","47,784455302",0,1,#66c2a5,bicycle
69091,9,1,87,150,2019,8,20,1,3,2,6,1,0,1,0,0,0,0,"728877,314773","5303474,41821","12,059167284","47,843829692",0,2,#fc8d62,car
69093,9,7,78,203,2019,8,6,1,3,0,7,1,0,1,0,0,0,0,"619974,263837","5326422,13175","10,610838553","48,079776271",0,2,#fc8d62,car
69097,9,1,88,132,2019,8,13,7,3,8,1,0,0,0,0,1,0,0,"666699,97103","5320438,64049","11,235446547","48,015480142",0,4,#e78ac3,marker
69102,9,1,62,0,2019,8,14,7,3,5,3,0,1,1,0,0,0,0,"685973,04831","5331789,97751","11,498593755","48,112194443",0,1,#66c2a5,bicycle
69106,9,1,74,143,2019,8,11,1,3,0,7,0,0,0,0,1,0,1,"675669,723212","5352368,80854","11,368811533","48,300106817",1,4,#e78ac3,marker
69112,9,1,62,0,2019,8,5,6,3,5,2,1,0,1,0,0,0,1,"684577,366797","5342930,11108","11,484694859","48,212733291",0,2,#fc8d62,car
69116,9,1,86,125,2019,8,7,2,3,4,6,1,0,1,0,0,0,0,"675733,131191","5377098,61526","11,380022792","48,522380584",0,2,#fc8d62,car
69119,9,7,72,202,2019,8,18,1,3,4,6,0,1,0,0,0,0,0,"636400,335085","5357504,32808","10,841271845","48,355971705",0,1,#66c2a5,bicycle
69128,9,1,73,134,2019,8,17,1,2,2,2,0,0,1,0,0,0,0,"685950,720485","5299601,75268","11,48437092","47,822869928",0,2,#fc8d62,car
69129,9,1,79,126,2019,8,14,2,3,0,1,0,1,0,0,0,0,0,"676368,188065","5340394,44177","11,373233726","48,192274246",0,1,#66c2a5,bicycle
69142,9,1,62,0,2019,8,17,1,3,5,2,0,1,1,0,0,0,0,"694994,392201","5332994,19109","11,620219999","48,120319529",0,1,#66c2a5,bicycle
69162,9,1,90,158,2019,8,10,2,3,8,1,0,0,1,0,0,0,0,"651790,134","5299127,729","11,028135464","47,827575865",1,2,#fc8d62,car
69163,9,1,78,124,2019,8,10,1,3,0,1,0,0,0,0,1,0,0,"705805,189008","5365565,64372","11,781163682","48,4096117",0,4,#e78ac3,marker
69172,9,1,62,0,2019,8,10,6,3,3,6,0,0,1,0,0,1,0,"687744,272188","5333508,80401","11,523123655","48,127124075",0,2,#fc8d62,car
69180,9,1,75,121,2019,8,11,7,3,5,3,0,0,1,0,1,0,0,"713184,828401","5318591,27052","11,857175353","47,985066982",0,2,#fc8d62,car
69199,9,7,72,151,2019,8,15,6,2,8,1,0,0,0,0,1,0,0,"623757,696576","5344914,03165","10,666996117","48,245353153",0,4,#e78ac3,marker
69202,9,1,83,140,2019,8,17,1,3,2,6,0,0,1,0,1,0,0,"739145,191862","5340165,06748","12,216639986","48,16968798",0,2,#fc8d62,car
69205,9,1,62,0,2019,8,11,1,3,5,3,0,0,1,0,0,0,0,"690055,765397","5339302,03787","11,556743391","48,178507689",0,2,#fc8d62,car
69210,9,1,81,115,2019,8,17,2,3,8,6,0,0,1,0,0,0,0,"658284,746339","5327199,27533","11,125181072","48,078404421",0,2,#fc8d62,car
69215,9,7,71,112,2019,8,12,1,2,0,1,0,1,0,0,0,0,0,"644947,55393","5367342,18225","10,959979313","48,442522688",0,1,#66c2a5,bicycle
69229,9,2,61,0,2019,8,7,4,2,6,7,0,1,0,1,0,0,0,"731847,047969","5381150,22122","12,141203213","48,54056892",1,1,#66c2a5,bicycle
69230,9,2,61,0,2019,8,19,4,3,3,6,1,0,1,0,0,0,0,"732133,329003","5379972,92575","12,144420228","48,529887702",0,2,#fc8d62,car