OBJECTID,ULAND,UREGBEZ,UKREIS,UGEMEINDE,UJAHR,UMONAT,USTUNDE,UWOCHENTAG,UKATEGORIE,UART,UTYP1,ULICHTVERH,IstRad,IstPKW,IstFuss,IstKrad,IstGkfz,IstSonstig,LINREFX,LINREFY,XGCSWGS84,YGCSWGS84,STRZUSTAND,Teilnehmer,color,symbol
69232,9,2,61,0,2019,8,12,4,3,2,6,0,0,1,0,0,0,0,"733045,579425","5382128,39355","12,157963158","48,548911572",0,2,#fc8d62,car
69233,9,1,87,182,2019,8,14,7,3,8,7,0,0,0,0,1,0,0,"739476,872472","5327799,47152","12,214151778","48,058485384",0,4,#e78ac3,marker
69241,9,1,73,123,2019,8,15,4,3,4,3,0,0,1,0,0,0,0,"680092,05188","5300087,55557","11,406371394","47,828903765",0,2,#fc8d62,car
69246,9,1,82,120,2019,8,18,4,3,0,1,0,0,0,0,0,0,1,"702457,026252","5307512,63316","11,708360087","47,888985962",0,6,#ffd92f,circle
69255,9,1,81,127,2019,8,13,4,3,2,6,0,0,0,0,0,1,1,"636487,39","5326604,686","10,832500485","48,078096711",0,5,#a6d854,bus
69257,9,1,78,136,2019,8,17,4,2,8,1,0,0,0,0,1,0,0,"697738,029441","5369041,08635","11,673912551","48,443426814",0,4,#e78ac3,marker
69259,9,1,81,141,2019,8,12,7,3,8,1,0,0,0,0,1,0,0,"643800,193773","5317889,16881","10,927700237","47,998119261",0,4,#e78ac3,marker
69260,9,1,77,126,2019,8,14,4,2,4,6,0,0,1,0,0,0,0,"720308,082143","5369761,86164","11,979087783","48,442410798",0,2,#fc8d62,car
69263,9,1,75,121,2019,8,16,4,2,2,6,0,1,1,0,1,0,0,"714523,706807","5319078,7084","11,875339606","47,988999514",0,1,#66c2a5,bicycle
69265,9,1,77,137,2019,8,22,4,3,8,1,2,0,0,0,1,0,0,"734417,591207","5344634,05668","12,155618338","48,211594802",1,4,#e78ac3,marker
69267,9,1,84,149,2019,8,13,3,3,5,3,0,1,1,0,0,0,0,"690350,192999","5351653,98231","11,56624917","48,289436418",1,1,#66c2a5,bicycle
69268,9,1,75,122,2019,8,16,1,3,0,1,0,1,0,0,0,0,0,"719059,462717","5324817,72214","11,938983553","48,039029371",0,1,#66c2a5,bicycle
69269,9,1,62,0,2019,8,17,3,3,2,6,1,0,1,0,0,0,0,"693242,477355","5331409,97812","11,595986194","48,106615097",1,2,#fc8d62,car
69276,9,1,81,130,2019,8,17,1,3,2,6,0,0,1,0,0,0,1,"638602,511473","5318541,09991","10,858272455","48,005129614",0,2,#fc8d62,car
69285,9,7,72,151,2019,8,14,3,3,8,1,0,0,0,0,0,0,1,"622511,676","5342927,636","10,649645157","48,227731394",1,6,#ffd92f,circle
69287,9,1,62,0,2019,8,17,6,2,3,2,0,1,0,0,0,0,0,"700176,463071","5332885,11234","11,689723871","48,11773127",0,1,#66c2a5,bicycle
69288,9,7,61,0,2019,8,6,3,3,3,6,0,0,1,0,0,1,0,"642616,17","5359550,035","10,925824947","48,372992458",0,2,#fc8d62,car
69291,9,7,61,0,2019,8,12,3,3,0,7,0,0,1,0,1,0,0,"642458,739031","5359338,67167","10,923628705","48,371127538",1,2,#fc8d62,car
69297,9,1,73,147,2019,8,14,6,2,0,1,0,1,0,0,0,0,0,"680914,454926","5310621,56224","11,42176133","47,923366855",0,1,#66c2a5,bicycle
69299,9,7,72,202,2019,8,14,1,3,2,6,0,0,1,0,0,0,0,"637151,687327","5357940,83565","10,851551152","48,359733995",0,2,#fc8d62,car
69304,9,7,61,0,2019,8,17,6,3,5,1,0,1,1,0,0,0,0,"641461,790669","5354318,5252","10,908487847","48,326212455",0,1,#66c2a5,bicycle
69311,9,7,77,151,2019,8,18,6,2,2,6,0,0,1,0,1,0,0,"623383,422614","5296096,65871","10,647898769","47,806392502",0,2,#fc8d62,car
69317,9,1,62,0,2019,8,13,2,3,1,6,2,0,1,0,0,1,1,"678636,663497","5336670,05947","11,40216572","48,158161824",0,2,#fc8d62,car
69318,9,7,61,0,2019,8,11,7,3,2,3,0,1,1,0,0,0,0,"640985,566869","5360385,31627","10,904098877","48,380869391",0,1,#66c2a5,bicycle
69320,9,1,90,152,2019,8,12,6,3,4,2,0,0,1,0,0,0,0,"671626,272","5298488,322","11,292714965","47,816840957",0,2,#fc8d62,car
69332,9,1,73,134,2019,8,17,6,3,5,3,0,0,1,0,0,0,0,"685503,839","5300501,704","11,478791585","47,831088624",0,2,#fc8d62,car
69341,9,1,84,137,2019,8,13,1,2,5,2,0,0,1,0,1,0,0,"710077,067224","5313618,88624","11,813147376","47,941411263",0,2,#fc8d62,car
69357,9,1,83,140,2019,8,12,6,3,4,6,0,0,1,0,0,0,0,"739341,379342","5340189,44901","12,219288222","48,169833164",0,2,#fc8d62,car
69358,9,2,74,156,2019,8,11,3,3,5,3,0,0,1,0,0,0,0,"743969,699167","5383051,80355","12,306284013","48,553052411",1,2,#fc8d62,car
69359,9,7,78,203,2019,8,21,1,3,8,1,2,0,1,0,0,0,0,"621414,916611","5322411,73292","10,629034822","48,043436223",0,2,#fc8d62,car
69366,9,1,75,139,2019,8,13,7,3,0,7,0,1,0,0,0,0,0,"709079,76425","5329517,59891","11,807560001","48,084609372",0,1,#66c2a5,bicycle
69379,9,1,82,137,2019,8,0,3,1,6,4,2,0,1,1,0,0,0,"713669,981735","5304346,6815","11,85660772","47,856902",1,2,#fc8d62,car
69381,9,1,74,111,2019,8,16,1,3,8,1,0,0,0,0,1,0,0,"662892,133276","5364278,75214","11,201259302","48,410595911",0,4,#e78ac3,marker
69382,9,1,87,177,2019,8,13,3,3,6,7,0,0,1,1,0,0,0,"735746,474534","5307548,10778","12,153059339","47,877945135",0,2,#fc8d62,car
69385,9,7,77,112,2019,8,18,1,2,2,6,0,0,1,0,1,0,0,"621904,711945","5296927,25121","10,62839109","47,814144493",0,2,#fc8d62,car
69392,9,1,84,142,2019,8,14,6,3,0,1,0,1,0,0,0,0,0,"683788,185724","5317885,22034","11,463296611","47,987842101",0,1,#66c2a5,bicycle
69401,9,1,81,145,2019,8,14,3,3,5,3,0,0,1,0,0,0,0,"642292,351318","5334465,16422","10,913017407","48,147509051",1,2,#fc8d62,car
69403,9,1,88,120,2019,8,16,3,1,8,1,0,0,1,0,1,0,0,"672724,431403","5323137,54548","11,31725524","48,038142797",1,2,#fc8d62,car
69405,9,1,74,131,2019,8,18,3,3,8,1,0,0,1,0,0,0,0,"673480,830282","5364428,09818","11,344291662","48,409112988",1,2,#fc8d62,car
69407,9,1,84,129,2019,8,13,3,3,8,1,0,0,1,0,0,0,0,"699840,01936","5324332,21346","11,681208342","48,040970454",1,2,#fc8d62,car
69408,9,1,62,0,2019,8,22,7,3,0,6,2,0,1,0,0,0,0,"693279,793544","5338534,12247","11,599719836","48,17063351",0,2,#fc8d62,car
69409,9,1,75,132,2019,8,9,3,3,2,6,0,0,1,0,0,0,0,"709193,117153","5337076,77547","11,812788693","48,152500168",0,2,#fc8d62,car
69411,9,1,75,132,2019,8,6,3,3,3,6,0,0,1,0,0,1,0,"705229,060068","5335422,94916","11,758755952","48,13892945",1,2,#fc8d62,car
69412,9,7,77,128,2019,8,22,1,2,8,7,2,0,1,0,0,0,0,"616721,01663","5303464,01263","10,560938171","47,873897934",0,2,#fc8d62,car
69414,9,1,78,113,2019,8,16,3,3,9,1,0,0,1,0,0,0,0,"691514,770372","5367111,98877","11,588967803","48,428013254",1,2,#fc8d62,car
69415,9,1,78,113,2019,8,5,3,1,0,7,2,0,1,0,0,0,1,"691588,434505","5366009,86732","11,589459046","48,418085735",1,2,#fc8d62,car
69417,9,1,78,124,2019,8,15,3,3,0,1,0,0,0,0,1,0,0,"703487,455431","5364747,08722","11,749483736","48,403008457",1,4,#e78ac3,marker
69419,9,1,77,142,2019,8,17,3,3,2,6,0,0,1,0,1,0,0,"719466,325016","5349727,67354","11,957277632","48,262705709",1,2,#fc8d62,car
69422,9,1,62,0,2019,8,18,2,3,5,2,0,0,1,0,0,0,0,"692103,527","5340041,341","11,584596401","48,184536596",0,2,#fc8d62,car
69423,9,1,62,0,2019,8,16,2,3,2,6,0,0,1,0,0,0,0,"689422,43548","5339033,03802","11,548112329","48,176279027",0,2,#fc8d62,car
69424,9,1,62,0,2019,8,10,1,2,2,6,0,0,1,0,1,0,0,"695166,637277","5341794,78661","11,626569275","48,199361986",0,2,#fc8d62,car
69426,9,1,84,135,2019,8,12,2,3,4,2,0,0,1,0,0,0,0,"689119,767313","5347355,19861","11,547755463","48,251168409",0,2,#fc8d62,car
69427,9,1,62,0,2019,8,13,2,3,2,6,0,0,1,0,0,0,0,"685168,28219","5335352,12554","11,489339928","48,144447249",0,2,#fc8d62,car
69430,9,1,62,0,2019,8,16,2,3,2,6,0,0,1,0,0,0,0,"697108,216692","5330567,81793","11,647471988","48,097861926",0,2,#fc8d62,car
69433,9,7,71,169,2019,8,14,1,3,5,3,0,0,1,0,1,0,0,"641595,097778","5375344,80464","10,917384859","48,515240414",0,2,#fc8d62,car
69434,9,2,74,182,2019,8,14,7,3,4,6,0,1,0,0,0,0,0,"728847,380052","5378018,52444","12,09890572","48,513537403",0,1,#66c2a5,bicycle
69443,9,7,77,121,2019,8,11,2,3,0,1,0,1,0,1,0,0,0,"627847,211117","5321572,93689","10,715047976","48,034637026",0,1,#66c2a5,bicycle
69445,9,7,72,147,2019,8,15,2,3,8,7,0,0,0,0,1,0,0,"635088,713068","5364615,91827","10,825862457","48,420201158",0,4,#e78ac3,marker
69448,9,7,72,202,2019,8,12,2,2,2,6,0,1,0,0,0,0,0,"636874,157447","5359477,43017","10,848306579","48,373611166",0,1,#66c2a5,bicycle
69449,9,7,61,0,2019,8,11,2,3,3,1,0,0,1,0,0,1,0,"641398,630001","5357522,47847","10,908711822","48,355035433",0,2,#fc8d62,car
69451,9,7,61,0,2019,8,7,2,3,1,1,0,0,1,0,0,1,0,"641456,5782","5358556,5451","10,909841251","48,364320387",0,2,#fc8d62,car
69458,9,1,88,139,2019,8,16,1,3,0,1,0,0,0,0,1,0,0,"675785,564934","5319067,59532","11,356618471","48,000720484",0,4,#e78ac3,marker
69473,9,1,84,132,2019,8,17,1,3,9,1,0,0,1,0,0,0,0,"683709,122018","5325639,99427","11,465561801","48,057571099",1,2,#fc8d62,car
69474,9,1,73,137,2019,8,11,1,3,0,1,0,0,0,0,1,0,0,"676238,754265","5299204,53592","11,354570236","47,822032897",0,4,#e78ac3,marker
69475,9,1,73,137,2019,8,10,1,3,5,3,0,1,1,0,0,0,0,"680329,794851","5307518,72336","11,412644649","47,895639104",0,1,#66c2a5,bicycle
69476,9,1,90,138,2019,8,18,1,3,5,3,0,0,1,0,0,0,0,"661949,293323","5312215,69752","11,168688067","47,942771323",1,2,#fc8d62,car
69486,9,1,84,114,2019,8,14,1,3,2,6,0,0,1,0,0,0,0,"699562,700657","5319696,67275","11,675333878","47,999396062",0,2,#fc8d62,car
69488,9,1,87,179,2019,8,11,1,3,5,3,0,0,1,0,1,0,0,"721135,809175","5316788,25337","11,962664451","47,96616798",0,2,#fc8d62,car
69492,9,1,81,130,2019,8,14,1,3,0,1,0,0,0,0,1,0,0,"637119,010543","5323404,95475","10,839950133","48,049187798",0,4,#e78ac3,marker
69493,9,1,79,134,2019,8,11,1,2,0,1,0,1,0,0,0,0,0,"669057,160579","5342657,63442","11,275839394","48,214608054",0,1,#66c2a5,bicycle
69494,9,1,78,113,2019,8,10,1,3,2,6,0,0,1,0,0,0,0,"691604,415903","5365961,44554","11,589652699","48,417645693",0,2,#fc8d62,car
69495,9,1,75,111,2019,8,21,1,3,0,1,2,0,0,0,1,0,0,"712029,741593","5335792,05635","11,850241235","48,14001669",0,4,#e78ac3,marker
69496,9,1,75,111,2019,8,21,1,1,7,7,2,0,1,0,1,0,0,"712014,730383","5335777,0972","11,850032257","48,139887271",0,2,#fc8d62,car
69497,9,1,78,129,2019,8,23,1,3,4,1,2,0,1,0,0,0,0,"710721,008","5371428,361","11,850457182","48,460666353",1,2,#fc8d62,car
69498,9,1,77,133,2019,8,13,1,3,0,1,0,1,0,0,0,0,0,"708158,747213","5358112,85017","11,809239461","48,341869936",0,1,#66c2a5,bicycle
69499,9,1,75,115,2019,8,14,1,1,5,2,0,0,1,0,1,0,0,"721871,98","5332952,078","11,98088712","48,111144781",0,2,#fc8d62,car
69500,9,1,77,127,2019,8,4,1,3,8,1,2,0,1,0,0,0,0,"726531,138056","5349096,36641","12,051998958","48,25454786",0,2,#fc8d62,car
69501,9,1,84,135,2019,8,10,7,3,4,2,0,0,1,0,0,0,0,"692203,987749","5344019,33322","11,587747977","48,220259167",0,2,#fc8d62,car
69575,9,1,88,113,2019,8,17,7,2,2,6,0,0,1,0,0,0,1,"679421,60802","5311884,14122","11,402321864","47,935136193",0,2,#fc8d62,car
69576,9,1,73,123,2019,8,11,7,3,4,7,0,0,1,0,0,0,0,"680030,617554","5296764,19474","11,404171042","47,799045461",0,2,#fc8d62,car
69585,9,1,84,114,2019,8,13,7,3,3,6,0,0,1,0,0,0,0,"700629,88008","5316042,22353","11,687917351","47,966218505",0,2,#fc8d62,car
69588,9,1,87,176,2019,8,19,7,3,8,1,0,0,0,0,1,0,0,"739474,35095","5336063,51081","12,218752816","48,132720914",0,4,#e78ac3,marker
69592,9,1,82,136,2019,8,12,7,3,2,6,0,0,1,0,0,0,0,"703650,249315","5298069,73943","11,7198601","47,803742749",0,2,#fc8d62,car
69595,9,1,87,122,2019,8,15,7,2,2,2,0,0,0,0,1,0,0,"719325,764618","5305484,33854","11,932697222","47,865219324",0,4,#e78ac3,marker
69602,9,1,88,139,2019,8,20,7,2,0,1,1,1,0,0,0,0,0,"674392,019461","5318078,66712","11,337550659","47,99221194",1,1,#66c2a5,bicycle
69604,9,1,81,128,2019,8,17,7,3,0,1,0,1,0,0,0,0,0,"638769,995772","5327704,53542","10,863487743","48,087494164",0,1,#66c2a5,bicycle
69606,9,1,81,122,2019,8,11,7,3,0,1,0,1,0,0,0,0,0,"650743,684769","5331934,52528","11,025672247","48,122808481",0,1,#66c2a5,bicycle
69607,9,1,74,126,2019,8,16,7,3,5,3,0,1,1,0,0,0,0,"682893,04","5344609,115","11,462767295","48,228312662",0,1,#66c2a5,bicycle
69609,9,1,77,133,2019,8,14,7,3,2,6,0,0,1,0,0,0,0,"710071,979661","5360021,75528","11,835979449","48,35838944",0,2,#fc8d62,car
69611,9,1,78,150,2019,8,16,7,2,8,1,0,0,0,0,1,0,0,"689116,014643","5372555,93804","11,55903345","48,477665465",0,4,#e78ac3,marker
69612,9,1,77,117,2019,8,12,7,3,5,3,0,0,1,0,0,1,0,"714734,877228","5355298,27175","11,896438903","48,31438",0,2,#fc8d62,car
69615,9,1,75,124,2019,8,16,7,3,8,1,0,1,0,0,0,0,0,"713034,579491","5325567,865","11,858630408","48,047808456",0,1,#66c2a5,bicycle
69617,9,1,84,135,2019,8,12,6,3,5,7,0,1,1,0,0,0,0,"689705,554965","5347858,48308","11,55586442","48,255516789",0,1,#66c2a5,bicycle
69619,9,1,62,0,2019,8,18,6,3,5,2,0,1,1,0,0,0,0,"691932,727058","5331793,96658","11,578582525","48,110462302",0,1,#66c2a5,bicycle
69621,9,1,62,0,2019,8,8,6,3,2,6,0,0,1,0,0,0,0,"692081,460921","5340281,90072","11,5844086","48,186705355",0,2,#fc8d62,car
69623,9,1,84,145,2019,8,17,6,3,5,3,0,0,1,0,1,0,0,"696496,835556","5322563,32541","11,635591792","48,026109992",0,2,#fc8d62,car
69624,9,1,84,123,2019,8,13,6,3,5,3,0,1,0,0,0,0,0,"703839,268124","5334368,41405","11,739591594","48,129899388",0,1,#66c2a5,bicycle
69627,9,2,74,113,2019,8,14,3,3,5,3,0,1,1,0,0,0,0,"728814,611248","5381693,98507","12,10047964","48,546566652",0,1,#66c2a5,bicycle
69630,9,1,73,147,2019,8,9,3,3,5,3,0,1,1,0,0,0,0,"681100,482535","5309123,11826","11,423619724","47,909844434",0,1,#66c2a5,bicycle
69643,9,7,61,0,2019,8,14,6,3,2,6,0,0,1,0,0,0,0,"639573,705006","5352099,01322","10,882295187","48,306674722",0,2,#fc8d62,car
69644,9,7,72,209,2019,8,16,6,3,0,1,0,1,0,0,0,0,0,"634344,377965","5335931,09234","10,806682273","48,162419823",0,1,#66c2a5,bicycle
69645,9,7,72,170,2019,8,21,6,2,8,1,2,0,1,0,0,0,0,"631843,493","5332042,3","10,77186247","48,127972881",0,2,#fc8d62,car
69646,9,7,61,0,2019,8,14,6,3,2,2,0,1,0,0,0,0,0,"640577,207","5360225,993","10,898533583","48,379527937",0,1,#66c2a5,bicycle
69656,9,1,82,125,2019,8,19,3,2,3,2,0,1,1,0,0,0,0,"715348,526","5295998,503","11,874871565","47,781324031",0,1,#66c2a5,bicycle
69659,9,1,82,120,2019,8,15,3,2,8,1,0,0,0,0,1,0,0,"698160,111219","5305303,3286","11,649929091","47,870470189",0,4,#e78ac3,marker
69661,9,1,87,117,2019,8,17,3,3,2,6,0,0,1,0,0,0,0,"725430,735718","5301903,22499","12,012348745","47,83093017",0,2,#fc8d62,car
69671,9,1,88,113,2019,8,18,3,2,5,3,0,0,1,0,0,0,0,"678799,839364","5311313,04429","11,393767295","47,930176137",0,2,#fc8d62,car
69673,9,1,75,132,2019,8,17,3,3,3,2,0,0,1,0,1,0,0,"705837,946945","5334735,70778","11,766598864","48,132556914",0,2,#fc8d62,car
69675,9,1,78,155,2019,8,17,3,3,0,1,0,1,0,0,0,0,0,"718530,901421","5375882,5","11,95828702","48,498020689",0,1,#66c2a5,bicycle
69678,9,1,78,124,2019,8,2,3,3,8,7,2,0,1,0,0,0,0,"701494,60901","5360287,23706","11,720450351","48,363570371",1,2,#fc8d62,car
69679,9,1,77,117,2019,8,16,3,3,5,3,0,0,1,0,0,0,0,"714219,219561","5350230,02414","11,886922386","48,26901521",0,2,#fc8d62,car
69681,9,1,77,117,2019,8,18,3,3,1,6,0,0,1,0,0,0,0,"714814,449652","5351803,30821","11,895732768","48,282950007",0,2,#fc8d62,car
69683,9,1,77,126,2019,8,16,3,3,5,3,0,0,1,0,1,0,0,"719080,333184","5370489,11183","11,96288924","48,4493731",0,2,#fc8d62,car
69686,9,1,62,0,2019,8,16,2,3,4,2,0,1,1,0,0,0,0,"694980,971636","5334082,92096","11,620537896","48,130108675",0,1,#66c2a5,bicycle
69687,9,1,62,0,2019,8,14,2,3,5,3,0,1,1,0,0,0,0,"689189,034969","5329851,00464","11,54089803","48,09381949",0,1,#66c2a5,bicycle
69690,9,1,62,0,2019,8,16,2,3,1,6,0,0,1,0,0,0,0,"692161,744698","5339423,22667","11,585099316","48,178963544",0,2,#fc8d62,car
69697,9,7,72,202,2019,8,18,2,3,2,6,0,0,1,0,0,0,0,"636860,584909","5359443,28915","10,848112286","48,373307117",0,2,#fc8d62,car
69700,9,7,71,112,2019,8,22,2,3,8,1,2,0,1,0,0,0,0,"644394,65","5366474,572","10,952208445","48,434848832",0,2,#fc8d62,car
69751,9,1,90,157,2019,8,17,6,3,0,1,0,1,1,0,0,0,0,"660054,654053","5300029,04165","11,138817026","47,833676365",0,1,#66c2a5,bicycle
69759,9,1,87,142,2019,8,11,6,3,2,2,0,0,1,0,0,0,0,"733465,031","5311418,909","12,124686266","47,913553685",0,2,#fc8d62,car
69761,9,1,87,117,2019,8,14,6,3,5,2,0,0,1,0,0,0,0,"723560,893692","5304867,67629","11,988929179","47,85821887",0,2,#fc8d62,car
69767,9,1,74,146,2019,8,15,6,3,2,6,0,0,1,0,0,0,0,"667502,868092","5350594,67887","11,258073267","48,286372713",0,2,#fc8d62,car
69769,9,1,62,0,2019,8,13,6,3,2,6,2,0,1,0,0,0,0,"679858,904","5338058,798","11,419173586","48,170300522",0,2,#fc8d62,car
69770,9,1,79,134,2019,8,16,6,2,3,3,0,1,0,0,0,1,0,"668216,224","5342962,753","11,264648973","48,217574479",0,1,#66c2a5,bicycle
69772,9,1,84,118,2019,8,13,6,3,0,7,0,0,1,0,0,1,0,"702548,396188","5335672,19766","11,722882618","48,142028299",0,2,#fc8d62,car
69773,9,1,75,132,2019,8,10,6,3,2,6,0,0,1,0,0,0,0,"705238,498966","5335359,56724","11,75885214","48,138356823",0,2,#fc8d62,car
69775,9,1,84,121,2019,8,10,6,3,2,6,0,0,1,0,0,0,1,"703793,614587","5328925,81624","11,736379373","48,081002799",0,2,#fc8d62,car
69777,9,1,62,0,2019,8,15,5,3,5,2,0,0,1,0,0,0,1,"683028,628","5338912,447","11,462134688","48,177068806",0,2,#fc8d62,car
69778,9,1,62,0,2019,8,16,5,3,1,6,0,0,1,0,1,0,0,"682761,176367","5336465,03828","11,457488538","48,155146914",0,2,#fc8d62,car
69780,9,1,84,148,2019,8,7,5,3,4,6,0,0,1,0,0,0,0,"697025,764656","5326573,86472","11,644524121","48,061991928",0,2,#fc8d62,car
69782,9,1,84,141,2019,8,10,5,3,2,6,0,0,1,0,0,0,0,"698425,555009","5311857,35383","11,65648875","47,929293685",0,2,#fc8d62,car
69784,9,2,74,126,2019,8,15,2,3,1,1,0,0,1,0,0,0,0,"734115,373767","5384234,43484","12,17362096","48,567430792",0,2,#fc8d62,car
69790,9,1,84,132,2019,8,10,2,3,3,6,0,0,1,0,0,0,0,"684800,962238","5327025,30922","11,480799841","48,069707941",0,2,#fc8d62,car
69796,9,7,77,121,2019,8,7,5,2,5,3,0,0,1,0,1,0,0,"627246,408542","5321316,77408","10,706915923","48,032453328",1,2,#fc8d62,car
69798,9,1,87,116,2019,8,20,2,3,8,1,2,0,0,0,1,0,0,"743898,982911","5331362,12063","12,275436349","48,088811856",0,4,#e78ac3,marker
69799,9,1,87,177,2019,8,16,2,2,2,6,0,0,1,0,1,0,0,"735003,528887","5305068,82291","12,141790377","47,855943898",0,2,#fc8d62,car
69800,9,7,61,0,2019,8,14,5,3,3,1,0,1,1,0,0,0,0,"643362,48672","5357586,30182","10,935227657","48,355166498",0,1,#66c2a5,bicycle
69816,9,1,74,135,2019,8,14,2,3,2,6,0,0,1,0,0,1,0,"661308,048723","5354716,10458","11,176201217","48,325034165",0,2,#fc8d62,car
69819,9,1,62,0,2019,8,18,2,3,2,6,0,0,1,0,0,0,0,"680844,218332","5339314,59253","11,432948397","48,181309021",0,2,#fc8d62,car
69821,9,1,88,126,2019,8,7,2,3,2,6,0,0,1,0,0,0,0,"660092,254","5327932,851","11,149706536","48,08454853",0,2,#fc8d62,car
69823,9,1,81,130,2019,8,15,2,3,3,6,0,0,1,0,0,0,1,"638109,350687","5325062,46167","10,853767112","48,063879203",0,2,#fc8d62,car
69826,9,1,79,132,2019,8,9,2,3,4,2,0,0,1,0,0,0,0,"661446,523064","5337533,15847","11,171515241","48,170518826",0,2,#fc8d62,car
69827,9,1,74,122,2019,8,15,2,2,5,3,0,0,1,0,1,0,0,"687358,277814","5354776,19783","11,527339965","48,318391398",0,2,#fc8d62,car
69829,9,1,74,121,2019,8,13,2,3,2,6,0,0,1,0,0,0,1,"690751,194389","5353332,24985","11,57240785","48,304399377",0,2,#fc8d62,car
69831,9,1,84,129,2019,8,13,2,1,9,1,0,0,1,0,0,0,0,"699901,824371","5324308,05887","11,682025348","48,040734024",0,2,#fc8d62,car
69832,9,1,78,145,2019,8,9,2,3,2,6,0,0,1,0,0,0,0,"699544,603181","5356834,22476","11,692516688","48,33315854",0,2,#fc8d62,car
69834,9,1,78,124,2019,8,7,2,3,2,6,0,0,1,0,0,0,0,"701930,310865","5358681,45545","11,725555624","48,349000924",0,2,#fc8d62,car
69836,9,1,78,124,2019,8,21,2,3,5,6,2,0,1,0,0,0,0,"703566,280335","5367581,79474","11,75192296","48,42845612",0,2,#fc8d62,car
69839,9,1,77,133,2019,8,15,2,2,4,6,0,1,0,0,0,0,0,"711127,188739","5354627,20854","11,847504014","48,309564691",0,1,#66c2a5,bicycle
69841,9,1,77,135,2019,8,11,2,3,5,3,0,1,1,0,0,0,0,"719836,593251","5343561,75281","11,959061069","48,207177834",0,1,#66c2a5,bicycle
69844,9,1,77,135,2019,8,6,2,3,5,3,0,0,1,0,0,1,0,"719825,875811","5343552,41465","11,958912172","48,207097643",0,2,#fc8d62,car
69845,9,1,77,127,2019,8,20,2,3,3,6,2,0,1,0,1,0,0,"726814,299173","5353134,79202","12,057974372","48,29072757",0,2,#fc8d62,car
69847,9,1,84,122,2019,8,15,1,3,0,7,0,1,0,0,0,0,0,"687882,025449","5322869,59873","11,52029499","48,031454725",0,1,#66c2a5,bicycle
69850,9,1,84,113,2019,8,16,1,2,4,1,0,0,1,0,1,0,0,"683740,737886","5317504,2809","11,462498298","47,984431509",0,2,#fc8d62,car
69853,9,1,84,123,2019,8,17,1,2,2,6,0,0,1,0,1,0,0,"703548,202969","5331754,25067","11,734436437","48,106499725",0,2,#fc8d62,car
69867,9,7,77,140,2019,8,16,1,2,5,2,0,0,1,0,1,0,0,"629456,99792","5317029,95238","10,735261065","47,993457492",0,2,#fc8d62,car
69871,9,7,61,0,2019,8,21,1,3,3,1,2,0,1,0,0,0,0,"642485,935246","5363556,64107","10,925426481","48,409047235",0,2,#fc8d62,car
69873,9,7,61,0,2019,8,14,1,3,2,6,0,0,1,0,0,0,0,"637847,726505","5356994,81725","10,860632694","48,351075926",0,2,#fc8d62,car
69887,9,2,61,0,2019,8,15,5,3,7,7,0,1,0,0,0,0,0,"728172,13815","5380671,20569","12,091227169","48,537612773",0,1,#66c2a5,bicycle
69893,9,1,73,147,2019,8,15,5,2,4,6,0,0,1,0,0,0,0,"681620,276896","5308082,2029","11,430131252","47,900340431",0,2,#fc8d62,car
69895,9,7,77,118,2019,8,22,5,3,8,1,2,0,1,0,0,0,0,"631849,038698","5300948,59967","10,762388373","47,848348537",0,2,#fc8d62,car
69896,9,1,87,177,2019,8,16,5,3,4,2,0,1,1,0,0,0,0,"737109,30446","5306517,12682","12,170692488","47,868181531",0,1,#66c2a5,bicycle
69899,9,1,87,177,2019,8,17,5,3,2,6,0,0,1,0,1,0,0,"736772,062364","5306081,57867","12,165951388","47,864393096",0,2,#fc8d62,car
69901,9,1,87,177,2019,8,12,5,3,2,6,0,0,1,0,0,0,0,"736066,628977","5304240,80277","12,155529085","47,848115587",0,2,#fc8d62,car
69903,9,1,82,127,2019,8,6,5,3,5,3,0,0,1,0,1,0,0,"699689,852924","5310250,15764","11,672651291","47,914456389",0,2,#fc8d62,car
69907,9,1,86,143,2019,8,14,5,3,2,6,0,0,1,0,0,0,0,"684100,244255","5377255,22646","11,493301794","48,521390577",0,2,#fc8d62,car
69908,9,1,88,113,2019,8,11,5,2,5,3,0,0,0,0,1,0,1,"678793,038309","5311314,86241","11,393677079","47,930194378",0,4,#e78ac3,marker
69911,9,1,79,121,2019,8,19,5,3,5,3,0,0,1,0,0,0,0,"665467,135507","5339739,31188","11,226411191","48,189318381",0,2,#fc8d62,car
69912,9,1,78,150,2019,8,5,5,3,2,6,1,0,0,0,0,1,0,"691104,277154","5371950,27702","11,585632569","48,471621148",0,5,#a6d854,bus
69914,9,1,78,143,2019,8,16,5,3,2,6,0,0,1,0,0,0,0,"721188,12145","5374086,6609","11,993256841","48,480957064",0,2,#fc8d62,car
69916,9,1,77,119,2019,8,6,5,3,3,6,0,1,1,0,0,0,0,"724547,654556","5340416,63857","12,020719918","48,177272282",0,1,#66c2a5,bicycle
69924,9,7,78,116,2019,8,12,4,2,4,2,0,0,1,0,0,0,0,"619885,264055","5317518,91893","10,607151058","47,999721299",0,2,#fc8d62,car