OBJECTID,ULAND,UREGBEZ,UKREIS,UGEMEINDE,UJAHR,UMONAT,USTUNDE,UWOCHENTAG,UKATEGORIE,UART,UTYP1,ULICHTVERH,IstRad,IstPKW,IstFuss,IstKrad,IstGkfz,IstSonstig,LINREFX,LINREFY,XGCSWGS84,YGCSWGS84,STRZUSTAND,Teilnehmer,color,symbol
69930,9,7,61,0,2019,8,13,4,3,5,2,0,0,1,0,0,0,0,"638689,132078","5356643,29224","10,871867679","48,347730858",0,2,#fc8d62,car
69933,9,7,61,0,2019,8,10,4,3,0,1,0,1,0,0,0,0,0,"643342,266465","5357642,52738","10,934974019","48,35567664",0,1,#66c2a5,bicycle
69943,9,2,74,113,2019,8,20,7,3,2,6,1,0,1,0,0,0,0,"726752,355997","5380672,12213","12,072021657","48,538135578",0,2,#fc8d62,car
69955,9,1,74,146,2019,9,9,3,3,3,6,0,0,1,0,0,1,0,"668628,368846","5349843,08869","11,272933622","48,27931736",0,2,#fc8d62,car
69957,9,1,87,129,2019,8,13,7,3,8,1,0,0,0,0,1,0,0,"724638,2","5295058,645","11,998229596","47,769707819",0,4,#e78ac3,marker
69958,9,1,88,121,2019,9,13,3,2,4,6,0,0,1,0,1,1,0,"670709,376398","5331506,60618","11,293587133","48,113921388",0,2,#fc8d62,car
69961,9,1,75,133,2019,9,17,3,3,2,6,0,0,1,0,0,0,0,"708000,529749","5342204,3066","11,799282186","48,198968148",0,2,#fc8d62,car
69962,9,1,87,137,2019,8,14,7,2,5,3,0,0,1,0,1,0,0,"729461,593449","5311956,36074","12,071470807","47,919827038",0,2,#fc8d62,car
69963,9,1,78,120,2019,9,18,3,3,4,2,0,0,1,0,1,0,0,"694393,444287","5352594,5522","11,621133446","48,296660859",0,2,#fc8d62,car
69964,9,1,85,158,2019,8,9,7,3,0,7,0,1,0,0,0,0,1,"660519,425654","5379124,97817","11,174919952","48,544671705",0,1,#66c2a5,bicycle
69965,9,1,78,156,2019,9,7,3,3,5,3,0,0,1,0,0,0,0,"701958,386592","5376036,84871","11,734293874","48,504952568",0,2,#fc8d62,car
69966,9,1,85,158,2019,8,15,7,3,2,6,0,0,1,0,0,0,0,"662080,327141","5382846,00438","11,197502106","48,577721216",0,2,#fc8d62,car
69967,9,1,77,117,2019,9,18,3,3,2,6,0,0,1,0,0,0,0,"714894,123355","5351792,39965","11,89679981","48,282824956",0,2,#fc8d62,car
69968,9,1,85,158,2019,8,13,7,2,2,6,0,0,0,0,1,0,0,"664725,547543","5382405,62641","11,23316367","48,573072661",0,4,#e78ac3,marker
69969,9,1,75,122,2019,9,16,3,3,5,3,0,1,1,0,0,0,0,"720450,567449","5325106,93349","11,957770327","48,041149274",0,1,#66c2a5,bicycle
69970,9,1,85,158,2019,8,13,7,3,5,3,0,0,1,0,1,0,0,"666696,187","5381227,128","11,259385645","48,561957734",0,2,#fc8d62,car
69972,9,1,62,0,2019,9,18,2,3,0,7,1,1,1,0,0,0,0,"696605,255397","5333730,70099","11,64218175","48,126443516",0,1,#66c2a5,bicycle
69976,9,1,81,130,2019,8,14,7,3,3,6,0,1,1,0,0,0,0,"639841,294","5323368,181","10,876447345","48,048266457",0,1,#66c2a5,bicycle
69977,9,1,75,132,2019,8,12,7,3,2,6,0,0,1,0,0,0,0,"705070,895701","5336096,22334","11,756956621","48,145030844",0,2,#fc8d62,car
69979,9,1,84,121,2019,8,12,7,3,2,6,0,0,1,0,0,0,0,"705053,006629","5331357,99411","11,754437204","48,102456155",0,2,#fc8d62,car
69981,9,7,61,0,2019,9,21,2,3,3,6,2,0,1,0,0,0,0,"639639,942715","5352295,3758","10,883252953","48,308425763",0,2,#fc8d62,car
69982,9,1,78,143,2019,8,8,7,2,8,1,0,0,1,0,0,0,0,"721009,395998","5373878,51697","11,99073162","48,479149905",0,2,#fc8d62,car
69983,9,7,72,211,2019,9,3,2,3,7,7,2,0,1,0,0,0,0,"623008,195076","5353094,48237","10,659286417","48,319065604",1,2,#fc8d62,car
69984,9,1,77,117,2019,8,0,7,2,0,7,2,1,0,0,0,0,0,"715514,737589","5355170,23982","11,906878559","48,312964374",0,1,#66c2a5,bicycle
69985,9,1,75,121,2019,8,13,7,3,8,1,0,1,0,0,0,0,0,"710978,446963","5319724,14438","11,828198801","47,995978638",0,1,#66c2a5,bicycle
69986,9,7,61,0,2019,9,15,2,1,4,1,0,0,1,0,0,0,0,"641410,963439","5354984,76357","10,908026064","48,332214427",0,2,#fc8d62,car
69987,9,1,75,128,2019,8,16,7,2,1,6,0,1,1,0,0,0,0,"713356,908239","5324611,43787","11,862473431","48,039106478",0,1,#66c2a5,bicycle
69988,9,1,77,122,2019,8,23,7,2,4,6,2,0,1,0,0,0,0,"728837,090126","5358423,32991","12,088073637","48,337509838",0,2,#fc8d62,car
69990,9,1,62,0,2019,8,17,6,3,3,6,0,1,0,0,0,0,0,"701891,999358","5332206,8862","11,712427398","48,111094545",0,1,#66c2a5,bicycle
69992,9,1,84,149,2019,8,6,6,3,5,3,0,0,1,0,0,1,0,"691265,359012","5352297,49133","11,578865642","48,294944159",0,2,#fc8d62,car
69993,9,1,62,0,2019,8,12,6,3,2,6,0,0,1,0,0,0,0,"684240,713452","5335412,45178","11,476908229","48,145258795",0,2,#fc8d62,car
69995,9,1,62,0,2019,8,14,6,3,0,6,0,0,1,0,0,0,1,"687468,239216","5335066,01596","11,520102978","48,141202059",0,2,#fc8d62,car
69997,9,1,62,0,2019,8,13,6,3,2,6,0,0,1,0,0,0,0,"688677,698976","5336209,75319","11,536851935","48,15112462",0,2,#fc8d62,car
69998,9,1,62,0,2019,8,11,6,3,5,3,0,0,1,0,0,0,0,"694598,948204","5334173,17117","11,615450283","48,131036715",0,2,#fc8d62,car
70005,9,7,77,167,2019,8,5,6,3,4,6,1,0,1,0,0,0,0,"620037,626468","5295042,03567","10,602939029","47,797539947",0,2,#fc8d62,car
70006,9,7,62,0,2019,8,20,6,3,4,2,1,0,1,0,0,0,0,"620220,527653","5302405,5034","10,607424721","47,863732209",0,2,#fc8d62,car
70015,9,7,73,182,2019,8,17,6,3,3,2,0,0,1,0,0,0,1,"624654,123085","5377606,04475","10,688768599","48,539166319",0,2,#fc8d62,car
70019,9,7,72,148,2019,8,14,6,3,4,6,0,0,1,0,0,0,0,"625489,087037","5353660,82973","10,692905283","48,323671074",0,2,#fc8d62,car
70020,9,7,61,0,2019,8,20,6,3,2,6,2,0,1,0,0,0,0,"636982,257634","5360149,75578","10,849984629","48,379633195",0,2,#fc8d62,car
70022,9,7,61,0,2019,8,14,6,3,2,6,0,0,1,0,0,0,0,"642756,24922","5359753,09611","10,92778435","48,37478661",0,2,#fc8d62,car
70024,9,7,61,0,2019,8,13,6,3,3,1,0,0,1,0,1,0,0,"640379,352577","5355580,30472","10,894313137","48,337799374",0,2,#fc8d62,car
70086,9,2,74,183,2019,8,10,6,2,0,1,0,1,0,0,0,0,0,"741241,512571","5358083,53128","12,254998757","48,329845126",0,1,#66c2a5,bicycle
70088,9,2,74,183,2019,8,10,6,3,0,1,0,1,0,0,0,0,0,"741241,512571","5358083,53128","12,254998757","48,329845126",0,1,#66c2a5,bicycle
70090,9,2,61,0,2019,8,10,6,3,5,3,0,1,1,0,0,0,0,"732795,115996","5383060,94558","12,155095842","48,557381363",0,1,#66c2a5,bicycle
70091,9,1,73,118,2019,8,14,6,2,9,1,0,0,0,0,1,0,0,"692821,633871","5303781,8652","11,577936586","47,858419671",0,4,#e78ac3,marker
70094,9,1,73,126,2019,8,11,6,2,2,6,0,0,1,0,1,0,0,"687898,615816","5303422,10016","11,51202806","47,856644283",0,2,#fc8d62,car
70103,9,1,83,118,2019,8,7,6,2,4,6,0,0,1,0,0,0,0,"744122,077923","5338211,09147","12,282348085","48,150245556",0,2,#fc8d62,car
70106,9,1,82,137,2019,8,16,6,3,2,6,0,0,1,0,0,0,0,"708540,991478","5305403,88265","11,788631852","47,868087653",0,2,#fc8d62,car
70108,9,1,73,130,2019,9,8,2,3,9,7,0,0,1,0,0,0,0,"682408,462325","5314817,29585","11,44351955","47,960659363",1,2,#fc8d62,car
70110,9,1,63,0,2019,8,21,6,3,4,2,2,0,1,0,0,0,0,"734282,559896","5304537,62982","12,131878912","47,851434886",0,2,#fc8d62,car
70113,9,1,87,150,2019,8,15,6,3,3,6,0,0,1,0,0,0,0,"730288,329127","5303401,99586","12,077960283","47,842675214",0,2,#fc8d62,car
70116,9,1,87,139,2019,8,10,6,3,2,6,0,0,1,0,0,0,0,"743502,731801","5316997,05715","12,261963603","47,959928912",0,2,#fc8d62,car
70123,9,1,79,126,2019,8,11,6,3,5,3,0,0,1,0,1,0,0,"675816,006033","5340614,20578","11,365901068","48,194402848",0,2,#fc8d62,car
70124,9,1,84,114,2019,9,16,2,3,9,1,0,0,1,0,0,0,0,"699549,07299","5319724,45073","11,675164308","47,999649966",1,2,#fc8d62,car
70125,9,1,74,136,2019,8,11,6,3,3,6,0,1,1,0,0,0,0,"682092,16046","5363988,72926","11,460359218","48,402735079",0,1,#66c2a5,bicycle
70127,9,1,62,0,2019,8,7,6,3,3,6,0,0,1,0,0,1,0,"696236,08595","5343400,05378","11,641688503","48,213459395",0,2,#fc8d62,car
70128,9,1,75,127,2019,8,17,6,3,1,6,0,1,1,0,0,0,0,"712466,427932","5342217,85719","11,8593144","48,197611475",0,1,#66c2a5,bicycle
70130,9,1,62,0,2019,8,12,5,3,3,2,0,1,1,0,0,0,0,"681984,798653","5335423,84027","11,446613731","48,146010504",0,1,#66c2a5,bicycle
70131,9,1,81,141,2019,9,14,2,3,0,1,0,1,0,0,0,0,0,"643801,506538","5318979,43499","10,928083268","48,00792273",0,1,#66c2a5,bicycle
70134,9,1,78,124,2019,9,11,2,3,5,6,0,0,1,0,0,1,0,"701457,925138","5358333,86948","11,719020782","48,346028171",0,2,#fc8d62,car
70135,9,1,75,132,2019,9,6,2,3,5,3,0,1,1,0,0,0,0,"709407,230868","5336521,75924","11,815391008","48,147442294",0,1,#66c2a5,bicycle
70137,9,1,84,131,2019,9,14,1,2,5,3,0,0,1,0,0,0,0,"704864,506676","5336964,98192","11,754603356","48,152904473",0,2,#fc8d62,car
70139,9,1,62,0,2019,9,22,1,3,5,3,2,0,1,0,0,0,0,"694645,921415","5332057,58","11,615115012","48,112008243",1,2,#fc8d62,car
70145,9,7,72,200,2019,8,16,5,2,4,1,0,0,1,0,0,0,0,"632577,501347","5340010,32344","10,78420598","48,199473404",0,2,#fc8d62,car
70147,9,7,72,121,2019,8,15,5,3,5,3,0,0,1,0,0,0,0,"635666,050478","5374224,43692","10,836777383","48,506475345",0,2,#fc8d62,car
70149,9,7,61,0,2019,8,12,5,3,2,2,0,0,1,0,0,0,0,"644642,231751","5357627,79738","10,952506611","48,355247762",0,2,#fc8d62,car
70152,9,7,61,0,2019,9,6,1,2,4,6,1,0,1,0,0,0,0,"637476,216432","5359718,97362","10,856511157","48,37565222",0,2,#fc8d62,car
70154,9,7,72,223,2019,9,21,1,3,9,1,2,0,1,0,0,0,0,"622212,637557","5363400,93488","10,651554289","48,411904549",1,2,#fc8d62,car
70156,9,7,72,200,2019,9,17,1,3,2,6,0,0,1,0,0,0,0,"625836,072","5337877,348","10,692891087","48,18166366",0,2,#fc8d62,car
70159,9,7,71,130,2019,9,15,1,3,5,3,0,0,1,0,0,0,0,"644696,984419","5363208,09977","10,955166472","48,405409669",0,2,#fc8d62,car
70160,9,7,71,155,2019,9,13,1,3,8,6,0,0,1,0,1,0,0,"650592,416463","5375182,50144","11,039083905","48,511688012",0,2,#fc8d62,car
70219,9,2,74,111,2019,8,18,5,3,5,3,0,0,1,0,1,0,0,"740739,549","5382399,689","12,262206438","48,54844327",0,2,#fc8d62,car
70224,9,2,74,113,2019,8,21,5,3,4,2,2,0,1,0,0,0,0,"728245,794331","5383995,16203","12,094045328","48,56744574",0,2,#fc8d62,car
70229,9,1,73,118,2019,8,18,5,3,3,6,0,0,1,0,1,0,0,"687958,949717","5303417,6225","11,512831919","47,856586391",0,2,#fc8d62,car
70244,9,1,88,124,2019,8,8,5,3,0,1,0,1,1,0,0,0,0,"662810,043575","5318645,61549","11,182641711","48,000362638",1,1,#66c2a5,bicycle
70247,9,1,79,130,2019,8,7,5,3,5,3,0,0,1,0,0,0,1,"659292,712197","5337131,80948","11,142416482","48,167453912",0,2,#fc8d62,car
70249,9,1,74,131,2019,8,21,5,3,2,6,2,0,1,0,0,0,0,"676491,416295","5358270,16018","11,382352391","48,352924785",0,2,#fc8d62,car
70251,9,1,74,122,2019,8,17,5,3,2,6,0,0,1,0,0,0,0,"683708,792709","5351731,9008","11,476834011","48,292099189",0,2,#fc8d62,car
70252,9,1,74,115,2019,8,11,5,3,0,1,0,1,1,0,0,0,0,"680526,244156","5348318,55414","11,432508414","48,262333656",1,1,#66c2a5,bicycle
70254,9,1,84,114,2019,8,0,5,3,9,1,2,0,1,0,0,0,0,"699594,337293","5323942,27287","11,67773407","48,03754279",1,2,#fc8d62,car
70256,9,1,75,132,2019,8,13,5,3,2,6,0,0,1,0,0,0,0,"705253,699992","5335219,69962","11,758988832","48,137094996",0,2,#fc8d62,car
70257,9,1,78,137,2019,8,14,5,3,3,6,0,0,1,0,0,1,0,"691849,627582","5363749,76138","11,5919524","48,39769396",0,2,#fc8d62,car
70258,9,2,61,0,2019,9,3,1,3,0,1,2,1,0,0,0,0,0,"732029,843638","5382549,76252","12,144455479","48,553073116",0,1,#66c2a5,bicycle
70259,9,1,62,0,2019,9,15,1,3,2,6,0,0,1,0,1,0,0,"687009,001219","5331326,59116","11,512295056","48,107726031",0,2,#fc8d62,car
70260,9,1,62,0,2019,8,13,5,3,0,1,0,0,0,0,1,0,0,"694185,585","5340398,627","11,612742045","48,187114752",0,4,#e78ac3,marker
70261,9,1,84,132,2019,9,1,1,1,8,1,2,0,1,0,0,0,0,"681510,208027","5323614,69175","11,435219034","48,039994981",0,2,#fc8d62,car
70262,9,1,75,135,2019,8,14,5,2,5,2,0,1,1,0,0,0,0,"709318,975535","5339131,704","11,815489964","48,170924477",0,1,#66c2a5,bicycle
70263,9,1,77,117,2019,8,16,5,3,4,2,0,0,1,0,0,0,0,"714733,067875","5355298,81942","11,896414808","48,314385536",0,2,#fc8d62,car
70264,9,1,90,138,2019,9,22,1,3,8,1,2,0,1,0,0,0,0,"661916,225286","5311975,39842","11,16815519","47,940619193",1,2,#fc8d62,car
70265,9,1,77,113,2019,8,12,5,3,4,6,0,0,1,0,0,1,0,"720621,196657","5352990,96871","11,974520647","48,291624135",0,2,#fc8d62,car
70266,9,1,62,0,2019,8,0,4,3,0,7,2,1,0,0,0,0,0,"687585,045484","5335050,22187","11,52166465","48,141025672",0,1,#66c2a5,bicycle
70268,9,1,84,144,2019,8,19,4,3,2,6,0,1,1,0,0,0,0,"684913,017687","5316334,24687","11,477690471","47,973576553",0,1,#66c2a5,bicycle
70270,9,1,62,0,2019,8,7,4,3,2,6,0,0,1,0,0,1,0,"685031,609994","5341849,42169","11,490332415","48,202887411",0,2,#fc8d62,car
70271,9,1,84,114,2019,9,15,1,3,2,6,0,0,1,0,0,0,1,"698959,758692","5320849,90586","11,66779472","48,009948536",0,2,#fc8d62,car
70272,9,1,62,0,2019,8,18,4,3,5,3,0,0,1,0,1,0,0,"682755,093009","5340757,02855","11,459252085","48,193727739",0,2,#fc8d62,car
70274,9,1,84,142,2019,8,15,4,3,2,6,0,0,1,0,0,0,1,"684508,519445","5316378,35114","11,472294675","47,974089743",0,2,#fc8d62,car
70276,9,1,84,141,2019,8,11,4,3,5,7,0,1,1,0,0,0,0,"697905,713","5316568,752","11,651703757","47,971798677",0,1,#66c2a5,bicycle
70281,9,1,81,141,2019,9,19,1,3,8,1,0,0,0,0,1,0,0,"643799,877","5317861,464","10,92768671","47,997870208",0,4,#e78ac3,marker
70283,9,1,79,113,2019,9,14,1,3,3,3,0,0,1,0,1,0,0,"671209,922","5335804,589","11,302033939","48,152424649",0,2,#fc8d62,car
70285,9,7,77,158,2019,8,15,4,2,9,1,0,0,0,0,1,0,0,"618113,819762","5312561,1331","10,582049856","47,955461774",0,4,#e78ac3,marker
70286,9,1,79,125,2019,9,13,1,2,8,1,0,0,0,0,1,0,0,"662122,955","5331738,071","11,178399953","48,118246237",0,4,#e78ac3,marker
70287,9,1,74,126,2019,9,18,1,3,4,2,0,0,1,0,1,0,0,"682896,945","5344614,931","11,462822338","48,228363813",0,2,#fc8d62,car
70289,9,1,75,124,2019,9,19,1,3,4,6,0,0,1,0,0,0,0,"714555,34651","5328860,73833","11,880662154","48,076887979",0,2,#fc8d62,car
70291,9,7,72,149,2019,8,18,4,3,5,3,0,0,1,0,0,0,0,"636883,396166","5340645,60678","10,842328297","48,204272264",0,2,#fc8d62,car
70292,9,1,62,0,2019,8,18,7,3,8,7,0,1,0,0,0,0,0,"694929,241991","5341171,33837","11,623091635","48,193831703",0,1,#66c2a5,bicycle
70293,9,7,72,178,2019,8,17,4,3,2,2,0,0,1,0,1,0,0,"621575,751533","5344963,52182","10,637632462","48,246220486",0,2,#fc8d62,car
70294,9,7,72,147,2019,8,11,4,3,2,2,0,0,1,0,1,0,0,"636031,06","5364288,32","10,838486186","48,417052667",0,2,#fc8d62,car
70295,9,1,84,121,2019,8,14,7,2,5,1,0,1,1,0,0,0,0,"704426,362","5328871,636","11,744839393","48,080313353",0,1,#66c2a5,bicycle
70296,9,7,61,0,2019,8,17,4,3,5,3,0,0,1,0,0,0,0,"643851,115904","5361785,35142","10,943256367","48,392810802",0,2,#fc8d62,car
70297,9,1,84,122,2019,8,8,7,3,0,2,0,0,1,0,1,0,0,"687947,45824","5323816,4036","11,521587311","48,039945743",0,2,#fc8d62,car
70298,9,7,61,0,2019,8,17,4,2,5,3,0,1,1,0,0,0,0,"641522,551825","5353550,909","10,909049444","48,319296696",0,1,#66c2a5,bicycle
70299,9,7,61,0,2019,8,15,4,3,5,3,0,1,1,0,0,0,0,"641597,175745","5359673,6759","10,912114542","48,374333649",0,1,#66c2a5,bicycle
70301,9,7,71,141,2019,8,8,4,2,4,6,0,0,1,0,0,0,1,"655603,090092","5376229,8913","11,107274142","48,519882903",0,2,#fc8d62,car
70313,9,7,62,0,2019,8,8,7,3,5,3,0,1,1,0,0,0,0,"621431,242081","5304390,83741","10,624164045","47,88136011",0,1,#66c2a5,bicycle
70323,9,7,72,147,2019,8,9,7,3,2,6,0,0,1,0,0,0,0,"638499,806","5364070,497","10,871761486","48,414556249",0,2,#fc8d62,car
70326,9,7,72,184,2019,8,16,7,3,5,3,0,0,1,0,0,0,0,"633121,551","5358915,342","10,79748088","48,369359575",0,2,#fc8d62,car
70330,9,7,71,113,2019,8,1,7,3,8,1,2,0,0,0,1,0,0,"657256,717","5370918,686","11,127652763","48,471722152",0,4,#e78ac3,marker
70388,9,2,74,121,2019,8,16,4,3,0,1,0,1,0,0,0,0,0,"722706,768649","5371732,17417","12,012525165","48,45926837",0,1,#66c2a5,bicycle
70391,9,2,74,113,2019,8,12,4,3,4,2,0,0,1,0,0,0,0,"728395,298875","5383926,75269","12,096031345","48,566776763",0,2,#fc8d62,car
70394,9,2,74,113,2019,8,10,4,3,4,2,0,0,1,0,0,0,0,"728394,308889","5383929,86441","12,096019654","48,566805077",0,2,#fc8d62,car
70410,9,1,84,114,2019,8,19,4,3,3,6,0,0,1,0,0,0,0,"700597,609654","5316087,43448","11,687506598","47,966634943",0,2,#fc8d62,car
70413,9,1,87,117,2019,8,13,4,2,2,6,0,0,1,0,1,0,0,"723552,263327","5304875,83622","11,988818174","47,858295191",0,2,#fc8d62,car
70416,9,2,74,146,2019,9,16,3,3,2,6,0,0,1,0,0,0,0,"737650,539484","5376916,37141","12,217293013","48,500368992",0,2,#fc8d62,car
70422,9,1,62,0,2019,8,15,4,3,2,6,0,0,1,0,0,0,0,"683970,496","5342577,467","11,476380453","48,209739772",0,2,#fc8d62,car
70424,9,1,81,130,2019,8,16,4,2,3,6,0,0,1,0,1,0,0,"637041,680857","5323116,27892","10,83882059","48,046608497",0,2,#fc8d62,car
70425,9,1,79,121,2019,8,18,4,3,6,4,0,0,1,1,0,0,0,"667687,631417","5338425,39708","11,255746181","48,176924057",0,2,#fc8d62,car
70428,9,1,74,141,2019,8,18,4,3,1,6,0,0,1,0,1,0,0,"683064,383819","5355706,62231","11,469878705","48,328012039",0,2,#fc8d62,car
70430,9,1,74,115,2019,8,8,4,3,5,2,0,0,1,0,0,0,0,"681844,207","5346428,48","11,449438503","48,244967721",0,2,#fc8d62,car
70432,9,1,84,121,2019,8,7,4,3,9,1,0,0,0,0,1,0,0,"705049,790686","5331375,12372","11,754402287","48,102611127",0,4,#e78ac3,marker
70434,9,1,78,124,2019,8,22,4,3,2,6,2,0,1,0,0,1,0,"701470,522782","5358345,63468","11,719196238","48,346129882",0,2,#fc8d62,car
70437,9,1,78,137,2019,8,14,4,2,4,6,0,0,1,0,0,0,0,"697731,868747","5366114,70479","11,672448994","48,417130212",0,2,#fc8d62,car
70439,9,1,75,115,2019,8,7,4,3,9,6,0,0,1,0,1,0,0,"717842,780878","5335924,80827","11,928347326","48,139246131",0,2,#fc8d62,car
70441,9,1,62,0,2019,8,21,3,2,1,1,2,0,1,0,0,0,0,"687416,802516","5329414,33285","11,51692837","48,090418158",0,2,#fc8d62,car
70444,9,1,62,0,2019,8,18,3,3,2,6,1,0,1,0,0,0,0,"688521,22075","5334411,33529","11,533953936","48,135006568",0,2,#fc8d62,car
70446,9,2,61,0,2019,9,12,3,3,0,1,0,1,0,0,0,0,0,"731813,284975","5381202,65421","12,140775656","48,541052388",0,1,#66c2a5,bicycle
70447,9,1,62,0,2019,8,15,3,3,0,3,0,1,1,0,0,0,0,"688453,922756","5340180,48623","11,535606057","48,186880335",0,1,#66c2a5,bicycle
70449,9,1,84,144,2019,8,19,3,2,5,3,0,1,1,0,0,0,0,"687526,030089","5320294,38428","11,514397811","48,008412086",0,1,#66c2a5,bicycle
70450,9,1,84,138,2019,8,7,3,3,2,7,0,0,0,0,1,0,1,"679881,51738","5331085,76898","11,41653234","48,107613933",0,4,#e78ac3,marker
70452,9,2,74,146,2019,9,17,3,3,0,6,0,1,1,0,0,0,0,"733596,68","5377455,432","12,162801586","48,506731156",0,1,#66c2a5,bicycle
70454,9,1,62,0,2019,8,7,3,3,5,2,0,1,1,0,0,0,0,"692091,824784","5340249,59176","11,584533286","48,186411837",0,1,#66c2a5,bicycle
70455,9,2,61,0,2019,9,12,3,3,3,6,0,0,1,0,1,0,0,"732298,620333","5382032,32295","12,1478036","48,548325619",0,2,#fc8d62,car
70456,9,1,84,123,2019,8,7,3,3,5,2,0,0,1,0,1,0,0,"703690,82316","5331716,15509","11,736331924","48,106111785",0,2,#fc8d62,car
70459,9,1,62,0,2019,8,8,3,3,3,2,0,1,1,0,0,0,0,"694617,526594","5334175,24464","11,615700657","48,13104967",0,1,#66c2a5,bicycle
70460,9,2,61,0,2019,9,16,3,3,5,3,0,0,1,0,0,0,0,"732742,083","5381608,152","12,153566369","48,54435107",0,2,#fc8d62,car
70461,9,1,62,0,2019,8,16,3,3,5,3,0,1,1,0,0,0,0,"691689,449994","5331748,19788","11,575296999","48,110124196",0,1,#66c2a5,bicycle
70463,9,7,78,203,2019,8,14,3,2,3,3,0,0,1,0,0,0,0,"620496,346","5322138,414","10,616638447","48,041152177",0,2,#fc8d62,car
70476,9,1,87,177,2019,9,16,3,3,4,6,0,0,1,0,0,0,0,"735684,639935","5304581,87186","12,150616745","47,851319832",0,2,#fc8d62,car
70479,9,1,63,0,2019,9,11,3,3,2,6,0,0,1,0,0,0,0,"734628,315374","5304373,8614","12,136405001","47,849837499",0,2,#fc8d62,car
70483,9,1,63,0,2019,9,15,3,3,5,2,0,0,1,0,0,0,0,"732934,718316","5303177,03263","12,113156364","47,839700921",0,2,#fc8d62,car
70489,9,1,82,120,2019,9,16,3,3,1,6,0,0,1,0,0,0,0,"703350,103798","5306502,572","11,719817699","47,879626031",0,2,#fc8d62,car
70490,9,7,61,0,2019,8,14,3,3,2,6,0,0,1,0,0,0,0,"637732,980199","5361064,18252","10,860417539","48,387692129",0,2,#fc8d62,car
70492,9,7,61,0,2019,8,7,3,3,2,6,0,0,1,0,0,0,0,"637698,842894","5360949,3129","10,859919035","48,386666694",0,2,#fc8d62,car
70493,9,1,78,155,2019,8,8,7,2,2,6,0,0,1,0,0,0,0,"721396,31185","5374646,21063","11,996366554","48,485910859",0,2,#fc8d62,car
70495,9,7,72,147,2019,8,10,3,3,9,7,0,0,1,0,0,0,0,"638177,084351","5366250,80844","10,868121028","48,434231877",0,2,#fc8d62,car
70505,9,1,87,177,2019,9,4,7,3,0,1,2,1,0,0,0,0,0,"735710,237843","5305424,94063","12,151417761","47,858884402",0,1,#66c2a5,bicycle
70507,9,1,87,165,2019,9,15,7,3,9,1,0,0,1,0,0,0,0,"733882,400957","5296625,01463","12,122268982","47,780492999",0,2,#fc8d62,car
70508,9,1,86,143,2019,9,19,7,3,9,1,0,0,0,0,1,0,0,"680955,545536","5380661,51482","11,452232661","48,552920839",1,4,#e78ac3,marker
70511,9,1,62,0,2019,9,10,7,3,0,7,0,0,1,0,0,0,0,"678186,931872","5335983,85411","11,395836225","48,152119662",1,2,#fc8d62,car
70512,9,1,79,121,2019,9,20,7,3,0,1,2,1,0,0,0,0,0,"667651,628728","5338531,72481","11,255304204","48,177889436",1,1,#66c2a5,bicycle
70513,9,1,74,143,2019,9,16,7,3,0,1,0,1,0,0,0,0,0,"673796,044","5356354,02","11,345210346","48,336447902",0,1,#66c2a5,bicycle
70515,9,1,74,122,2019,9,12,7,2,0,1,0,0,0,0,1,0,0,"684547,174798","5353135,45639","11,488739834","48,30447076",1,4,#e78ac3,marker
70516,9,1,78,137,2019,9,17,7,3,3,6,1,0,1,0,0,0,0,"692276,967065","5362181,68349","11,597002042","48,383470991",1,2,#fc8d62,car
70518,9,1,78,120,2019,9,18,7,3,1,1,0,0,1,0,0,1,0,"694988,507469","5352938,46","11,629307123","48,299568572",0,2,#fc8d62,car
70520,9,1,62,0,2019,9,17,6,3,5,3,0,1,1,0,0,0,0,"688560,414187","5340173,35235","11,537034252","48,186784615",0,1,#66c2a5,bicycle
70521,9,1,62,0,2019,9,20,6,3,4,2,2,1,1,0,0,0,0,"688540,741","5328623,128","11,531657903","48,082975141",1,1,#66c2a5,bicycle
70523,9,1,62,0,2019,9,17,6,3,5,2,0,1,1,0,0,0,0,"696703,633813","5333706,34444","11,643491159","48,126194224",0,1,#66c2a5,bicycle
70524,9,1,84,147,2019,9,19,6,3,8,1,1,0,0,0,1,0,0,"695987,113667","5339244,40392","11,636422515","48,176188095",1,4,#e78ac3,marker
70531,9,7,72,217,2019,9,6,6,3,3,6,2,0,1,0,0,1,0,"636034,396696","5382042,00853","10,844314545","48,57668875",0,2,#fc8d62,car
70533,9,7,61,0,2019,9,9,6,3,3,2,0,1,1,0,0,0,0,"640850,860951","5360488,16468","10,902315102","48,381824253",1,1,#66c2a5,bicycle
70534,9,7,71,113,2019,9,22,6,3,9,1,2,0,1,0,0,0,0,"658544,252","5370423,284","11,144872417","48,466945164",1,2,#fc8d62,car
70573,9,2,74,126,2019,9,20,6,3,5,3,1,0,1,0,0,0,0,"733302,94485","5383717,47305","12,162335538","48,563089984",0,2,#fc8d62,car
70576,9,1,73,134,2019,9,2,6,3,8,1,2,0,1,0,0,0,0,"685969,974043","5296562,20993","11,48332427","47,795541846",1,2,#fc8d62,car
70578,9,1,73,126,2019,9,6,6,3,2,2,0,0,1,0,0,0,1,"685629,641105","5303801,9376","11,481886652","47,860718073",1,2,#fc8d62,car