OBJECTID,ULAND,UREGBEZ,UKREIS,UGEMEINDE,UJAHR,UMONAT,USTUNDE,UWOCHENTAG,UKATEGORIE,UART,UTYP1,ULICHTVERH,IstRad,IstPKW,IstFuss,IstKrad,IstGkfz,IstSonstig,LINREFX,LINREFY,XGCSWGS84,YGCSWGS84,STRZUSTAND,Teilnehmer,color,symbol
70589,9,1,87,150,2019,9,23,6,3,0,1,2,1,0,0,0,0,0,"728636,467575","5304409,81257","12,05644706","47,852319534",1,1,#66c2a5,bicycle
70590,9,1,87,179,2019,9,8,6,3,0,1,0,1,0,0,0,0,0,"720638,201102","5317987,14534","11,956622333","47,977111994",0,1,#66c2a5,bicycle
70593,9,1,86,146,2019,9,19,6,3,4,6,1,0,1,0,0,0,1,"686185,915881","5370021,83877","11,518297058","48,455763995",0,2,#fc8d62,car
70595,9,1,62,0,2019,9,13,6,3,3,6,0,0,1,0,0,1,0,"680685,826","5339137,621","11,430744242","48,179763323",0,2,#fc8d62,car
70597,9,1,81,123,2019,9,0,6,3,2,6,2,0,1,0,0,0,0,"653635,598217","5326246,39891","11,062460138","48,070974102",1,2,#fc8d62,car
70598,9,1,88,126,2019,9,17,6,3,2,6,0,0,1,0,0,0,0,"659593,642463","5323750,64521","11,141455046","48,047072231",1,2,#fc8d62,car
70599,9,1,84,148,2019,9,9,2,3,2,6,0,0,1,0,0,0,0,"693347,71624","5328877,5018","11,596251544","48,08382181",0,2,#fc8d62,car
70600,9,1,84,119,2019,9,19,6,2,8,1,1,0,0,0,1,0,0,"696091,484242","5346954,48431","11,641388596","48,245448682",0,4,#e78ac3,marker
70601,9,1,78,133,2019,9,6,6,3,5,1,1,0,1,0,0,0,0,"686592,739015","5367387,28102","11,522620484","48,431964743",0,2,#fc8d62,car
70602,9,1,84,114,2019,9,6,2,3,8,1,0,0,0,0,0,0,1,"699244,578782","5320330,44564","11,671368225","48,005191231",1,6,#ffd92f,circle
70603,9,1,77,115,2019,9,20,6,3,8,1,1,0,1,0,0,0,0,"733389,158862","5350942,14184","12,145271047","48,268640873",0,2,#fc8d62,car
70604,9,1,62,0,2019,9,14,5,3,5,3,0,1,1,0,0,0,0,"688653,80122","5336444,15643","11,536634848","48,153238553",1,1,#66c2a5,bicycle
70605,9,1,63,0,2019,9,15,2,2,5,3,0,1,1,0,0,0,0,"732715,883585","5305590,02162","12,111533863","47,861458793",0,1,#66c2a5,bicycle
70606,9,1,62,0,2019,9,13,5,3,3,6,0,0,1,0,0,0,1,"685993,925565","5335253,72785","11,500385677","48,143321969",1,2,#fc8d62,car
70607,9,1,87,137,2019,9,6,2,3,7,1,1,0,0,0,1,0,0,"729665,697317","5311176,2389","12,073783236","47,912745082",1,4,#e78ac3,marker
70608,9,1,62,0,2019,9,16,5,3,2,6,0,0,1,0,0,0,0,"694532,984034","5334849,0636","11,614873293","48,137131527",0,2,#fc8d62,car
70612,9,7,78,116,2019,9,14,5,3,4,1,0,0,1,0,1,0,0,"619977,915045","5319546,84857","10,608959939","48,017942352",1,2,#fc8d62,car
70617,9,7,72,125,2019,9,9,5,2,0,1,0,0,0,0,1,0,1,"637064,729289","5347065,13043","10,846844397","48,261958431",1,4,#e78ac3,marker
70622,9,1,85,158,2019,9,10,2,3,2,6,0,0,1,0,0,0,0,"665616,867881","5383047,06669","11,245493016","48,578603893",1,2,#fc8d62,car
70633,9,1,62,0,2019,9,13,2,3,2,6,0,0,1,0,0,0,0,"678093,633363","5335697,78365","11,394463202","48,149574283",1,2,#fc8d62,car
70637,9,1,62,0,2019,9,13,2,3,9,1,0,0,1,0,0,0,0,"678089,342789","5335110,72873","11,394159982","48,144298394",1,2,#fc8d62,car
70644,9,1,81,127,2019,9,13,2,3,0,6,0,0,1,0,0,0,0,"636306,08734","5326442,53301","10,830015848","48,07667734",1,2,#fc8d62,car
70650,9,1,79,119,2019,9,19,2,3,2,6,0,0,1,0,0,0,0,"668604,301851","5339911,71836","11,26865715","48,190043285",1,2,#fc8d62,car
70653,9,1,75,115,2019,9,10,2,3,2,6,0,0,1,0,0,0,0,"723434,604728","5330044,10385","12,000329542","48,084471393",1,2,#fc8d62,car
70658,9,1,62,0,2019,9,20,1,3,5,2,2,1,1,0,0,0,0,"688146,924608","5333837,98074","11,528674835","48,129963906",1,1,#66c2a5,bicycle
70663,9,1,62,0,2019,9,21,1,3,4,3,2,0,1,0,0,0,0,"694993,47141","5333489,31539","11,620434115","48,124769778",1,2,#fc8d62,car
70676,9,7,78,209,2019,9,19,1,3,8,1,0,0,1,0,0,0,0,"619252,497638","5324148,52825","10,600517356","48,059463897",1,2,#fc8d62,car
70683,9,7,77,140,2019,9,7,1,1,4,6,1,0,1,0,0,0,0,"627959,708679","5317441,41553","10,715323221","47,997459216",0,2,#fc8d62,car
70693,9,1,73,123,2019,9,14,4,3,9,1,0,0,1,0,0,0,0,"681000,97","5302511,722","11,419518714","47,850440469",0,2,#fc8d62,car
70696,9,1,73,126,2019,9,14,4,3,3,6,0,1,1,0,0,0,0,"685625,837742","5303802,44523","11,481836068","47,860723735",0,1,#66c2a5,bicycle
70697,9,2,61,0,2019,9,19,5,2,0,1,2,1,0,0,0,0,0,"736066,028279","5382128,69277","12,198826908","48,547785036",1,1,#66c2a5,bicycle
70699,9,2,61,0,2019,9,17,5,3,5,3,0,0,1,0,1,0,0,"732198,678716","5381527,04895","12,146169828","48,543823866",1,2,#fc8d62,car
70701,9,7,73,179,2019,9,16,1,2,8,1,0,0,1,0,0,0,0,"617033,654007","5377089,01854","10,58542656","48,535984614",0,2,#fc8d62,car
70705,9,7,72,209,2019,9,23,1,3,8,7,2,0,1,0,0,1,0,"636672,73515","5337138,55731","10,838365903","48,172781387",1,2,#fc8d62,car
70711,9,7,61,0,2019,9,11,1,2,5,3,0,0,1,0,0,0,0,"643049,322644","5360485,89313","10,931989071","48,381309165",0,2,#fc8d62,car
70713,9,1,87,163,2019,9,17,4,3,3,2,0,0,1,0,1,0,0,"735809,578264","5308584,25004","12,154467655","47,887230384",0,2,#fc8d62,car
70716,9,1,82,123,2019,9,22,5,3,8,1,2,0,1,0,0,0,0,"714275,257458","5298787,5684","11,861939107","47,806745152",1,2,#fc8d62,car
70717,9,1,63,0,2019,9,7,4,3,5,2,0,0,1,1,0,0,0,"734923,086","5304976,946","12,140666702","47,855147894",0,2,#fc8d62,car
70718,9,1,82,133,2019,9,18,4,2,0,7,0,1,0,0,0,0,0,"708355,806007","5305134,09288","11,786028525","47,86572321",0,1,#66c2a5,bicycle
70719,9,1,82,133,2019,9,5,5,2,0,7,2,1,0,0,0,0,0,"705288,159425","5306230,3951","11,745579318","47,876563308",0,1,#66c2a5,bicycle
70726,9,1,79,142,2019,9,15,5,3,2,6,0,0,1,0,0,0,0,"677158,964968","5342620,02357","11,384793952","48,212060071",1,2,#fc8d62,car
70728,9,1,88,141,2019,9,13,5,2,2,6,0,0,1,0,0,0,0,"669896,107484","5305561,73193","11,272398589","47,880892522",1,2,#fc8d62,car
70730,9,1,81,127,2019,9,21,5,2,9,1,2,0,1,0,0,0,0,"636855,580566","5327939,96034","10,837869072","48,090025136",1,2,#fc8d62,car
70731,9,1,81,130,2019,9,16,5,3,3,6,0,0,1,0,0,0,0,"638881,541968","5325626,31461","10,864309309","48,068781896",1,2,#fc8d62,car
70733,9,1,88,144,2019,9,3,5,3,9,1,2,0,1,0,0,0,0,"669979,990174","5327037,9917","11,2820163","48,073944139",0,2,#fc8d62,car
70736,9,1,75,133,2019,9,13,5,2,0,1,0,0,0,0,1,0,0,"708967,472","5342409,08","11,81237991","48,200490796",1,4,#e78ac3,marker
70738,9,1,78,124,2019,9,21,5,3,4,2,2,0,1,0,0,0,0,"700150,573726","5357081,65849","11,700801327","48,335190539",1,2,#fc8d62,car
70740,9,1,75,115,2019,9,6,5,2,1,6,0,0,1,0,0,0,1,"723492,498376","5330064,3912","12,001116458","48,084633378",0,2,#fc8d62,car
70742,9,1,84,119,2019,9,15,4,3,6,3,0,0,1,1,0,0,0,"693240,725","5347225,854","11,603153652","48,248762978",0,2,#fc8d62,car
70743,9,1,62,0,2019,9,7,4,3,3,6,0,0,0,0,1,1,0,"685687,639","5331789,682","11,494762854","48,11227506",0,4,#e78ac3,marker
70746,9,1,84,119,2019,9,16,4,3,4,2,0,1,1,0,0,0,0,"696722,095195","5347187,37423","11,649981821","48,247346339",0,1,#66c2a5,bicycle
70748,9,1,84,138,2019,9,18,4,3,4,2,0,1,1,0,0,0,0,"681349,624711","5330699,05653","11,436072151","48,103721557",0,1,#66c2a5,bicycle
70750,9,1,62,0,2019,9,21,4,3,1,6,2,0,1,0,0,0,0,"684622,6013","5342653,54162","11,485182827","48,210234223",0,2,#fc8d62,car
70751,9,1,88,137,2019,9,19,4,3,1,7,0,0,1,0,0,0,0,"672128,480442","5316409,45688","11,306566806","47,977819107",0,2,#fc8d62,car
70752,9,1,84,148,2019,9,19,4,3,5,3,0,1,1,0,0,0,0,"694756,068","5326965,002","11,614270922","48,0662042",0,1,#66c2a5,bicycle
70753,9,1,62,0,2019,9,9,4,3,2,6,0,1,0,0,0,0,0,"697484,780748","5333590,98803","11,653923853","48,124915641",0,1,#66c2a5,bicycle
70754,9,1,81,128,2019,9,15,4,3,2,6,0,0,1,0,0,0,0,"638522,038062","5327166,56543","10,859985357","48,08271051",0,2,#fc8d62,car
70756,9,1,62,0,2019,9,16,4,3,1,6,0,0,1,0,0,0,1,"693132,42698","5338162,86378","11,597571164","48,167341555",0,2,#fc8d62,car
70757,9,1,84,121,2019,9,16,4,3,9,1,0,0,1,0,0,0,0,"704242,885975","5329701,58144","11,742775571","48,087830648",0,2,#fc8d62,car
70759,9,1,78,122,2019,9,17,4,2,0,1,0,1,0,0,0,0,0,"706483,041994","5384442,95216","11,799643297","48,579015754",0,1,#66c2a5,bicycle
70762,9,1,62,0,2019,9,17,3,3,2,6,0,0,1,0,0,0,0,"683312,514734","5335753,75211","11,464588614","48,148594753",0,2,#fc8d62,car
70765,9,1,62,0,2019,9,20,3,3,5,3,2,1,1,0,0,0,0,"692025,969962","5340936,52416","11,583958729","48,192605709",0,1,#66c2a5,bicycle
70769,9,1,62,0,2019,9,12,3,3,1,3,0,0,1,0,1,0,0,"684286,689474","5335411,65695","11,477525381","48,145238334",0,2,#fc8d62,car
70770,9,1,62,0,2019,9,18,3,3,5,2,0,1,0,0,0,0,0,"698505,992067","5333127,00293","11,66741609","48,120428109",0,1,#66c2a5,bicycle
70772,9,1,62,0,2019,9,17,3,3,6,2,0,0,1,1,0,0,0,"695475,27599","5331059,31414","11,625788114","48,102782282",0,2,#fc8d62,car
70775,9,1,62,0,2019,9,6,3,3,3,6,0,0,1,0,1,0,0,"687722,476773","5340412,94771","11,525877291","48,1891863",0,2,#fc8d62,car
70778,9,1,62,0,2019,9,8,3,3,5,2,0,1,1,0,0,0,1,"684642,291959","5329122,76024","11,479578246","48,088607105",0,1,#66c2a5,bicycle
70780,9,1,62,0,2019,9,8,3,3,2,6,0,0,1,0,0,0,0,"694803,096688","5332373,69083","11,617368796","48,114801272",0,2,#fc8d62,car
70789,9,7,71,130,2019,9,17,4,3,3,6,0,0,1,0,0,1,0,"647576,358378","5362789,35938","10,993901498","48,400977211",0,2,#fc8d62,car
70792,9,7,72,115,2019,9,14,4,3,5,3,0,1,1,0,0,0,0,"617382,245703","5367305,47306","10,58739758","48,447936554",0,1,#66c2a5,bicycle
70794,9,7,71,146,2019,9,10,4,3,2,6,0,0,1,0,0,0,0,"646774,77124","5348583,35879","10,978128576","48,273434279",0,2,#fc8d62,car
70796,9,7,71,146,2019,9,7,4,3,5,3,0,0,1,0,1,0,0,"646783,922138","5346694,77017","10,977596388","48,256451096",0,2,#fc8d62,car
70798,9,7,71,156,2019,9,18,4,3,5,3,0,1,1,0,0,0,0,"655808,780675","5379967,20033","11,111455139","48,553431166",0,1,#66c2a5,bicycle
70806,9,7,72,125,2019,9,11,3,3,5,3,0,1,1,0,0,0,0,"636196,899","5348170,834","10,835513396","48,272088247",0,1,#66c2a5,bicycle
70809,9,7,61,0,2019,9,19,3,3,5,7,0,1,0,0,0,0,1,"640601,366072","5354180,39072","10,896840254","48,325162363",0,1,#66c2a5,bicycle
70813,9,7,71,113,2019,9,17,3,3,5,5,0,1,1,0,0,0,0,"657500,34182","5368799,35372","11,130148836","48,452607897",0,1,#66c2a5,bicycle
70817,9,2,74,113,2019,9,19,1,3,4,2,0,0,1,0,0,0,0,"728393,083571","5383930,38728","12,096003356","48,56681022",1,2,#fc8d62,car
70856,9,1,82,123,2019,9,16,1,2,9,6,0,0,0,0,1,0,0,"716087,589457","5301523,19003","11,887477522","47,830721806",1,4,#e78ac3,marker
70859,9,1,82,123,2019,9,19,1,3,2,6,1,0,1,0,0,0,0,"715918,96853","5301647,80861","11,885289397","47,831898255",0,2,#fc8d62,car
70863,9,1,87,165,2019,9,15,1,3,0,1,0,0,0,0,1,0,0,"732997,839462","5299679,41785","12,112118042","47,808254893",1,4,#e78ac3,marker
70874,9,1,74,135,2019,9,2,1,3,9,1,2,0,1,0,0,0,0,"661929,117231","5354296,25162","11,184412462","48,321100848",0,2,#fc8d62,car
70881,9,1,81,130,2019,9,6,1,3,5,3,0,0,1,0,0,0,0,"638923,571495","5322682,16422","10,863917089","48,042297969",0,2,#fc8d62,car
70887,9,1,74,126,2019,9,15,1,3,3,6,0,0,1,0,0,0,0,"683844,613089","5343802,21174","11,475218492","48,220784796",1,2,#fc8d62,car
70891,9,1,75,118,2019,9,14,1,3,9,1,0,0,1,0,0,0,0,"716230,374752","5340503,57027","11,909028731","48,180937761",1,2,#fc8d62,car
70894,9,1,78,124,2019,9,16,1,3,5,2,0,0,1,0,0,0,0,"700150,573726","5357081,65849","11,700801327","48,335190539",1,2,#fc8d62,car
70898,9,1,84,123,2019,9,23,7,3,2,6,2,0,1,0,1,0,0,"703324,766061","5331823,06958","11,731471151","48,107189536",0,2,#fc8d62,car
70915,9,2,74,134,2019,9,7,3,3,0,7,0,0,0,0,1,0,0,"740731,454","5374099,6824","12,257310099","48,473897302",0,4,#e78ac3,marker
70916,9,2,61,0,2019,9,11,3,3,4,2,0,1,1,0,0,0,0,"730485,737","5380928,832","12,122665532","48,539081648",0,1,#66c2a5,bicycle
70925,9,1,73,137,2019,9,10,4,3,5,3,0,0,1,0,0,0,0,"679025,882791","5308235,67495","11,395512815","47,902449208",0,2,#fc8d62,car
70927,9,1,90,148,2019,9,12,4,2,7,1,0,1,0,0,0,0,0,"641813,111839","5297479,36845","10,894366492","47,815030148",0,1,#66c2a5,bicycle
70933,9,7,62,0,2019,9,18,7,3,0,4,0,0,0,0,1,0,1,"620461,188133","5305932,14827","10,611624843","47,895405114",0,4,#e78ac3,marker
70936,9,7,72,147,2019,9,15,7,3,0,6,0,0,1,0,0,0,0,"639530,037346","5364059,57938","10,885673143","48,414230805",0,2,#fc8d62,car
70940,9,7,71,122,2019,9,8,7,3,9,1,0,0,1,0,0,0,0,"653081,369","5361984,399","11,067936653","48,392427458",1,2,#fc8d62,car
70941,9,1,83,135,2019,9,12,4,3,5,2,0,0,1,0,1,0,0,"742183,81067","5344457,98924","12,259890179","48,207098156",0,2,#fc8d62,car
70943,9,7,72,111,2019,9,0,7,3,8,1,2,0,1,0,0,0,0,"628619,301347","5364104,23894","10,738307731","48,416953945",1,2,#fc8d62,car
70948,9,1,87,165,2019,9,9,3,3,0,7,0,0,1,0,0,1,0,"728738,99556","5300338,39733","12,055665291","47,8157029",0,2,#fc8d62,car
70951,9,1,87,117,2019,9,11,4,2,4,6,0,0,1,0,0,0,0,"725772,164425","5307892,13391","12,020030735","47,884620244",0,2,#fc8d62,car
70952,9,1,87,181,2019,9,16,3,3,2,6,0,0,1,0,0,0,0,"737039,089778","5312006,47677","12,172769023","47,91752134",0,2,#fc8d62,car
70960,9,1,88,126,2019,9,19,4,1,5,3,0,0,1,0,1,0,0,"658711,884","5327210,628","11,130916068","48,078400313",0,2,#fc8d62,car
70963,9,1,88,121,2019,9,13,4,3,0,7,0,1,0,0,0,0,0,"670449,321","5332004,354","11,290294986","48,118465702",0,1,#66c2a5,bicycle
70965,9,1,74,113,2019,9,18,4,3,5,3,0,0,1,0,0,0,0,"679196,405517","5343322,40681","11,412492258","48,217801722",0,2,#fc8d62,car
70967,9,1,74,115,2019,9,13,4,3,5,3,0,0,1,0,0,1,0,"683374,092258","5348785,32281","11,471047429","48,265711324",0,2,#fc8d62,car
70968,9,1,62,0,2019,9,0,3,2,8,7,2,0,0,0,0,0,1,"683627,25857","5333016,01882","11,467635996","48,123895541",1,6,#ffd92f,circle
70970,9,1,77,126,2019,9,14,4,3,2,6,0,0,0,0,0,0,1,"718937,957453","5369974,49916","11,960697399","48,444799115",0,6,#ffd92f,circle
70971,9,1,88,139,2019,9,13,3,3,0,1,0,1,0,0,0,0,0,"673991,056569","5316823,90983","11,331672386","47,981041196",0,1,#66c2a5,bicycle
70972,9,1,62,0,2019,9,14,4,3,2,6,0,0,0,0,0,1,0,"685648,582529","5342950,02017","11,499109582","48,212599806",0,5,#a6d854,bus
70974,9,1,78,130,2019,9,17,4,3,5,3,0,0,1,0,0,0,0,"703830,555462","5356017,80558","11,749885078","48,324454336",0,2,#fc8d62,car
70975,9,1,79,142,2019,9,16,3,3,5,3,0,0,1,0,0,0,0,"673164,78714","5341454,14866","11,330597938","48,202681909",0,2,#fc8d62,car
70976,9,1,81,146,2019,9,5,3,3,4,6,2,0,1,0,0,0,0,"652318,312027","5326617,54908","11,044920404","48,074627207",0,2,#fc8d62,car
70977,9,2,74,124,2019,9,20,4,3,5,3,2,0,1,0,1,0,0,"722234,037625","5374410,44981","12,007562711","48,483497232",0,2,#fc8d62,car
70978,9,1,88,124,2019,9,12,3,3,2,6,0,0,1,0,0,0,0,"662018,896845","5318713,21881","11,172068986","48,001171415",0,2,#fc8d62,car
70979,9,1,77,133,2019,9,11,4,3,1,6,0,0,1,0,0,0,0,"711315,735365","5361563,25126","11,853522871","48,371825514",0,2,#fc8d62,car
70981,9,1,77,133,2019,9,16,4,2,4,6,0,0,1,0,0,1,0,"713389,253592","5354509,15323","11,877913345","48,307744927",0,2,#fc8d62,car
70982,9,1,88,120,2019,9,16,3,2,5,2,0,1,1,0,0,0,0,"676287,851922","5326720,94315","11,366496352","48,069381646",0,1,#66c2a5,bicycle
70983,9,1,84,123,2019,9,15,3,3,5,3,0,1,1,0,0,0,0,"702393,194084","5332088,63161","11,719097012","48,109872752",0,1,#66c2a5,bicycle
70984,9,1,62,0,2019,9,13,3,3,0,1,0,1,0,0,0,0,0,"695803,349286","5333878,37712","11,631484577","48,128017902",0,1,#66c2a5,bicycle
70985,9,1,79,121,2019,9,14,3,3,5,3,0,0,1,0,0,0,0,"665465,758823","5339740,98414","11,226393333","48,189333774",0,2,#fc8d62,car
70986,9,1,74,126,2019,9,9,3,3,2,6,0,0,1,0,0,0,0,"684212,39172","5345140,17468","11,480746795","48,232704258",0,2,#fc8d62,car
70988,9,1,84,123,2019,9,10,3,3,2,6,0,0,0,0,0,1,0,"705197,334183","5332627,42903","11,756984142","48,113817584",0,5,#a6d854,bus
70991,9,1,77,142,2019,9,11,3,2,8,1,0,0,1,0,0,0,0,"720894,434574","5352755,64761","11,978076356","48,289414587",0,2,#fc8d62,car
70993,9,1,77,113,2019,9,14,3,3,4,6,0,0,1,0,0,1,0,"719872,23281","5353111,01368","11,96449931","48,292963293",0,2,#fc8d62,car
70996,9,1,77,135,2019,9,11,3,3,5,3,0,1,0,0,0,0,1,"719831,993988","5343557,74545","11,958997171","48,207143421",0,1,#66c2a5,bicycle
71000,9,1,62,0,2019,9,0,2,3,5,3,2,1,1,0,0,0,0,"684448,253024","5335409,56477","11,479694404","48,145172706",1,1,#66c2a5,bicycle
71003,9,1,84,119,2019,9,10,2,3,5,3,0,0,1,0,0,1,0,"697270,176815","5348900,85804","11,658155277","48,262575266",1,2,#fc8d62,car
71004,9,7,62,0,2019,9,19,3,3,2,6,0,0,1,0,1,0,0,"622646,856956","5305308,98188","10,640677063","47,889386509",0,2,#fc8d62,car
71007,9,1,84,119,2019,9,7,2,3,5,3,0,0,1,0,0,0,0,"697267,465225","5348895,24187","11,658116161","48,262525637",1,2,#fc8d62,car
71008,9,1,84,136,2019,9,19,2,3,5,3,2,0,1,0,0,0,0,"698553,68891","5326372,22061","11,66491576","48,059706043",0,2,#fc8d62,car
71010,9,1,84,129,2019,9,16,2,3,2,6,0,0,1,0,0,0,0,"701232,500053","5325151,54312","11,700254633","48,047896542",0,2,#fc8d62,car
71013,9,7,73,125,2019,9,18,3,3,8,1,0,0,1,0,0,0,0,"616556,008279","5380009,8181","10,579776163","48,562339987",0,2,#fc8d62,car
71016,9,7,71,130,2019,9,6,3,3,1,5,2,0,1,0,0,1,0,"645347,216771","5362905,5303","10,963842374","48,402539593",0,2,#fc8d62,car
71018,9,7,72,147,2019,9,15,3,3,3,6,0,0,1,0,0,1,0,"638522,297072","5364012,24591","10,872046038","48,414027527",0,2,#fc8d62,car
71020,9,7,72,202,2019,9,16,3,3,2,6,0,0,1,0,0,0,0,"637210,266239","5358115,21309","10,852398407","48,361289254",0,2,#fc8d62,car
71021,9,7,72,178,2019,9,13,3,3,9,1,0,0,1,0,0,0,0,"622369,732829","5341526,90074","10,64733035","48,215161823",0,2,#fc8d62,car
71024,9,7,71,122,2019,9,18,3,1,4,6,0,0,1,0,0,0,0,"649589,477968","5360669,95325","11,020328456","48,381447257",0,2,#fc8d62,car
71026,9,7,61,0,2019,9,18,3,3,2,1,0,0,1,0,0,0,0,"642562,09722","5359124,72038","10,924951005","48,369180451",0,2,#fc8d62,car
71029,9,7,77,182,2019,9,17,2,3,2,6,0,0,1,0,0,0,0,"626507,659025","5308675,08923","10,693288297","47,91890986",0,2,#fc8d62,car
71039,9,7,72,148,2019,9,10,2,2,0,7,0,0,1,0,0,0,1,"628490,987781","5354569,43792","10,733660248","48,331238728",1,2,#fc8d62,car
71041,9,7,71,130,2019,9,16,2,3,2,6,0,0,1,0,1,0,0,"647262,578943","5358556,96598","10,988181583","48,362996458",0,2,#fc8d62,car
71109,9,2,74,134,2019,9,12,7,3,5,3,0,0,1,0,0,0,0,"740677,357043","5370391,21253","12,254447363","48,440608782",0,2,#fc8d62,car
71112,9,1,90,111,2019,9,9,7,2,4,2,0,0,1,0,0,0,0,"639468,239419","5297518,93295","10,863073232","47,815898458",0,2,#fc8d62,car
71118,9,1,87,129,2019,9,14,7,3,2,6,0,0,1,0,0,0,0,"722832,374875","5300791,41611","11,977104706","47,821845588",0,2,#fc8d62,car
71119,9,1,87,142,2019,9,18,7,3,8,1,1,0,0,0,1,0,0,"732086,387493","5311696,18167","12,10641194","47,916545034",0,4,#e78ac3,marker
71121,9,1,87,165,2019,9,16,7,3,0,1,0,1,0,0,0,0,0,"732993,838","5296660,374","12,110443958","47,781132556",0,1,#66c2a5,bicycle
71126,9,1,74,135,2019,9,10,7,3,3,6,0,0,1,0,0,0,0,"663692,203899","5352854,19138","11,207618518","48,307682704",0,2,#fc8d62,car
71127,9,1,79,142,2019,9,11,7,3,5,5,0,0,1,0,0,0,0,"671019,086274","5341358,87351","11,301705232","48,20240705",0,2,#fc8d62,car
71128,9,1,81,128,2019,9,21,7,3,0,1,2,1,0,0,0,0,0,"638671,32149","5327652,48135","10,862146508","48,087047554",0,1,#66c2a5,bicycle
71129,9,1,88,120,2019,9,13,7,3,2,6,0,1,0,0,0,0,0,"678693,305739","5327095,23282","11,398914598","48,072076857",0,1,#66c2a5,bicycle
71130,9,1,79,121,2019,9,12,7,2,5,3,0,0,1,0,0,0,0,"665462,948101","5339744,50907","11,226356917","48,189366195",0,2,#fc8d62,car
71131,9,1,81,123,2019,9,14,7,2,5,3,0,0,1,0,1,0,0,"656019,37552","5326803,01816","11,094642028","48,075400008",0,2,#fc8d62,car
71132,9,1,74,113,2019,9,14,7,3,5,3,0,0,1,0,0,0,0,"677730,560487","5347682,13808","11,39460496","48,2574034",0,2,#fc8d62,car
71133,9,1,62,0,2019,9,14,7,3,2,6,0,0,1,0,0,0,0,"689771,903124","5344667,55373","11,555327669","48,226817347",0,2,#fc8d62,car
71136,9,7,73,116,2019,9,6,4,3,5,3,1,0,1,0,0,0,0,"621695,817832","5380180,75361","10,649460629","48,562900429",0,2,#fc8d62,car
71139,9,7,61,0,2019,9,8,4,3,2,2,0,0,1,0,0,0,0,"640837,29455","5360494,18239","10,902133998","48,381881391",0,2,#fc8d62,car
71142,9,1,62,0,2019,9,16,6,3,2,6,0,0,1,0,0,0,0,"693612,584056","5339616,04523","11,604684057","48,180256124",0,2,#fc8d62,car
71143,9,1,84,120,2019,9,8,6,3,0,1,0,1,0,0,0,0,0,"681521,603728","5331999,88638","11,438933715","48,115365552",0,1,#66c2a5,bicycle
71144,9,1,62,0,2019,9,7,6,3,2,6,0,0,1,0,0,0,0,"689366,048319","5339018,16659","11,547347961","48,176162167",0,2,#fc8d62,car
71146,9,7,77,112,2019,9,18,6,3,5,3,0,0,1,0,0,0,0,"621393,400772","5297214,41743","10,621644315","47,816823895",0,2,#fc8d62,car
71149,9,7,77,158,2019,9,1,6,2,8,1,2,0,1,0,0,0,0,"620716,335466","5309633,41375","10,616073372","47,928645398",0,2,#fc8d62,car
71153,9,7,71,130,2019,9,2,4,3,8,1,2,0,1,0,0,0,0,"644559,977345","5362788,92241","10,953171969","48,401672146",0,2,#fc8d62,car
71161,9,7,61,0,2019,9,11,4,3,2,6,0,1,0,0,0,0,0,"641740,099703","5361794,16428","10,914758728","48,393368052",0,1,#66c2a5,bicycle
71163,9,7,72,163,2019,9,15,6,3,2,6,0,0,1,0,0,0,1,"638524,366746","5347422,51577","10,866618178","48,264854555",0,2,#fc8d62,car
71164,9,7,71,122,2019,9,20,6,3,8,1,2,0,1,0,0,0,0,"651571,875229","5362404,98429","11,047710701","48,396573465",0,2,#fc8d62,car
71165,9,7,72,147,2019,9,17,6,3,0,6,0,0,1,0,1,0,1,"636574,512941","5364720,70497","10,845967906","48,420823048",0,2,#fc8d62,car
71166,9,7,61,0,2019,9,14,6,3,1,6,0,0,1,0,0,0,0,"637479,224075","5359477,19992","10,856472687","48,373477567",0,2,#fc8d62,car
71167,9,7,61,0,2019,9,15,6,3,0,7,0,0,0,0,1,0,0,"640574,547982","5360225,0212","10,898497367","48,379519792",0,4,#e78ac3,marker
71168,9,7,71,113,2019,9,14,6,3,4,6,0,1,0,0,0,0,0,"657474,281","5368836,504","11,129810599","48,452948409",0,1,#66c2a5,bicycle
71169,9,7,71,113,2019,9,11,6,3,8,1,0,1,0,0,0,0,0,"656831,177948","5372391,25729","11,122451858","48,485067206",0,1,#66c2a5,bicycle
71204,9,7,61,0,2019,9,7,4,3,4,6,0,1,0,0,0,0,0,"638400,64","5361305,91","10,86951056","48,389719541",0,1,#66c2a5,bicycle
71206,9,7,72,148,2019,9,16,4,2,0,7,0,1,0,0,0,0,0,"628365,545813","5354509,30645","10,731950214","48,330723485",0,1,#66c2a5,bicycle
71220,9,2,74,134,2019,9,18,6,2,5,3,1,0,1,0,1,0,0,"739658,0266","5375250,45577","12,243469523","48,484643441",0,2,#fc8d62,car
71223,9,2,61,0,2019,9,11,6,3,1,3,0,0,1,0,0,0,0,"730743,478475","5383441,13487","12,127543879","48,561554732",0,2,#fc8d62,car
71225,9,2,74,126,2019,9,16,6,3,5,3,0,1,0,0,0,0,1,"733505,655812","5383862,75792","12,165160354","48,564319561",0,1,#66c2a5,bicycle
71239,9,1,63,0,2019,9,7,6,2,5,3,0,0,1,0,0,0,0,"730651,461895","5303432,35038","12,082822716","47,842817779",0,2,#fc8d62,car