OBJECTID,ULAND,UREGBEZ,UKREIS,UGEMEINDE,UJAHR,UMONAT,USTUNDE,UWOCHENTAG,UKATEGORIE,UART,UTYP1,ULICHTVERH,IstRad,IstPKW,IstFuss,IstKrad,IstGkfz,IstSonstig,LINREFX,LINREFY,XGCSWGS84,YGCSWGS84,STRZUSTAND,Teilnehmer,color,symbol
71240,9,1,87,179,2019,9,12,6,3,4,1,0,0,1,0,1,0,0,"720422,753","5318638,794","11,954073547","47,983041459",0,2,#fc8d62,car
71246,9,1,74,113,2019,9,18,6,3,3,6,0,0,1,0,0,0,0,"679408,98741","5341939,11073","11,414766552","48,205307409",0,2,#fc8d62,car
71247,9,1,88,141,2019,9,11,6,3,3,6,0,0,1,0,1,0,0,"670399,832283","5308805,31102","11,280411216","47,909919521",0,2,#fc8d62,car
71248,9,1,79,126,2019,9,8,6,3,2,6,0,0,1,0,0,0,1,"677149,275582","5339740,51719","11,383461981","48,186178673",0,2,#fc8d62,car
71249,9,1,81,130,2019,9,10,6,2,0,7,0,0,0,1,0,0,1,"638565,173296","5323245,84857","10,859293617","48,047444722",0,3,#8da0cb,toilet
71250,9,1,78,143,2019,9,22,6,3,0,1,2,1,0,0,0,0,0,"716748,765329","5373197,83555","11,93280273","48,474517181",0,1,#66c2a5,bicycle
71251,9,1,78,113,2019,9,16,6,3,9,1,0,0,1,0,0,0,0,"691689,217237","5363933,14148","11,589871218","48,399390844",0,2,#fc8d62,car
71252,9,1,77,133,2019,9,10,6,3,2,6,0,0,1,0,0,0,0,"713654,490931","5355881,98954","11,882181039","48,319990754",0,2,#fc8d62,car
71253,9,1,84,148,2019,9,7,5,3,5,3,0,1,1,0,0,0,0,"694539,155334","5327026,25582","11,61139024","48,066820916",0,1,#66c2a5,bicycle
71254,9,1,62,0,2019,9,8,5,3,2,6,0,1,0,0,0,0,0,"695554,32759","5342851,36206","11,632267972","48,208738537",0,1,#66c2a5,bicycle
71255,9,1,62,0,2019,9,20,5,3,0,1,2,1,0,0,0,0,0,"694183,275082","5340464,35282","11,612741044","48,187706171",0,1,#66c2a5,bicycle
71256,9,1,62,0,2019,9,7,5,3,3,2,0,1,0,0,0,1,0,"680193,458048","5334992,39597","11,422370694","48,142642225",0,1,#66c2a5,bicycle
71257,9,1,62,0,2019,9,8,5,3,2,6,0,0,1,0,0,0,0,"689357,032599","5339017,98528","11,547226726","48,176163224",0,2,#fc8d62,car
71258,9,1,84,112,2019,9,17,5,3,2,6,0,0,1,0,0,0,0,"701869,701586","5339146,95403","11,715418052","48,173471031",0,2,#fc8d62,car
71267,9,7,72,131,2019,9,16,5,3,4,2,0,0,1,0,0,0,0,"619473,959091","5351531,95753","10,611189606","48,305691374",0,2,#fc8d62,car
71268,9,7,72,151,2019,9,15,5,2,4,6,0,0,0,0,1,0,1,"622505,373031","5342863,03289","10,649541648","48,227151629",0,4,#e78ac3,marker
71269,9,7,72,147,2019,9,16,5,1,5,3,0,0,1,0,1,0,0,"638514,219963","5368524,36349","10,873428433","48,454600879",0,2,#fc8d62,car
71270,9,7,71,112,2019,9,17,5,3,2,6,0,0,1,0,0,0,1,"642322,42","5366020,843","10,924054466","48,431240928",0,2,#fc8d62,car
71307,9,2,74,182,2019,9,5,5,3,4,6,2,1,0,0,0,0,0,"728545,298904","5377886,44901","12,094749022","48,51246092",0,1,#66c2a5,bicycle
71308,9,1,90,157,2019,9,7,5,3,2,6,0,0,1,0,0,0,0,"660046,297342","5299967,76953","11,138682788","47,833127536",0,2,#fc8d62,car
71314,9,1,87,134,2019,9,13,5,3,4,2,0,0,1,0,0,0,0,"736841,767042","5319947,99401","12,174503097","47,9889365",0,2,#fc8d62,car
71315,9,1,63,0,2019,9,7,5,3,0,6,0,0,0,0,1,0,0,"732595,592","5306234,151","12,110274457","47,867289287",0,4,#e78ac3,marker
71326,9,1,88,139,2019,9,13,5,3,0,7,0,1,0,0,0,0,0,"674726,213023","5318957,98772","11,342384275","48,000025526",0,1,#66c2a5,bicycle
71327,9,1,84,147,2019,9,17,5,3,2,6,0,0,1,0,0,0,0,"699137,958051","5341565,37096","11,679847968","48,196067245",0,2,#fc8d62,car
71328,9,1,75,136,2019,9,6,5,2,9,1,1,0,0,0,1,0,0,"731128,806468","5320313,21526","12,0982435","47,994307193",1,4,#e78ac3,marker
71329,9,1,77,115,2019,9,12,5,3,5,3,0,0,1,0,0,0,0,"730245,540105","5347609,8052","12,101158395","48,239854835",0,2,#fc8d62,car
71330,9,1,77,139,2019,9,9,5,2,9,7,0,0,1,0,0,0,0,"731445,615885","5361376,8536","12,124844022","48,36309223",0,2,#fc8d62,car
71331,9,1,84,119,2019,9,9,4,3,5,3,0,1,1,0,0,0,0,"696528,664325","5346923,13002","11,647256421","48,245031523",0,1,#66c2a5,bicycle
71332,9,1,62,0,2019,9,20,4,3,1,1,2,0,1,0,1,0,0,"697462,997752","5333595,66256","11,653633611","48,124964409",0,2,#fc8d62,car
71334,9,1,62,0,2019,9,13,4,2,4,7,0,0,1,0,1,0,0,"692087,825697","5340294,90215","11,584500025","48,186820284",0,2,#fc8d62,car
71336,9,1,84,149,2019,9,10,4,3,2,6,0,0,1,0,0,0,0,"691167,902705","5352547,78507","11,577666313","48,297223146",0,2,#fc8d62,car
71345,9,7,62,0,2019,9,11,4,3,5,3,0,1,1,0,0,0,0,"620783,843752","5304444,61819","10,615523592","47,881965939",0,1,#66c2a5,bicycle
71361,9,2,74,134,2019,9,14,3,3,9,1,0,0,1,0,0,0,0,"739795,729309","5368812,41193","12,2416427","48,426764172",0,2,#fc8d62,car
71362,9,2,74,126,2019,9,13,3,3,5,3,0,1,1,0,0,0,0,"734332,176616","5384364,08514","12,176628205","48,568514377",0,1,#66c2a5,bicycle
71366,9,1,90,157,2019,9,12,3,2,3,2,0,1,0,0,0,1,0,"660221,834508","5300034,09254","11,141051323","47,833680147",0,1,#66c2a5,bicycle
71367,9,1,87,126,2019,9,6,3,2,5,3,0,0,0,0,1,0,1,"739048,832021","5324651,6785","12,206658765","48,030369217",0,4,#e78ac3,marker
71370,9,1,87,122,2019,9,21,3,3,5,3,2,0,1,0,0,0,0,"717910,496","5308229,707","11,915183168","47,890370027",0,2,#fc8d62,car
71376,9,1,62,0,2019,9,9,3,3,2,6,0,0,1,0,0,1,0,"680916,510791","5339477,15899","11,433989276","48,182749713",0,2,#fc8d62,car
71377,9,1,79,142,2019,9,6,3,2,4,2,1,0,1,0,1,0,0,"670978,095","5341133,203","11,301063094","48,200389402",0,2,#fc8d62,car
71378,9,1,88,121,2019,9,20,3,3,5,2,2,0,1,0,0,0,0,"671129,45412","5331058,12107","11,299046489","48,109776873",0,2,#fc8d62,car
71379,9,1,88,120,2019,9,13,3,3,6,4,0,0,1,1,0,0,0,"677812,363045","5326582,12603","11,386885398","48,067710619",0,2,#fc8d62,car
71380,9,1,62,0,2019,9,8,3,3,2,6,0,0,1,0,0,0,0,"695219,951004","5344025,20918","11,628312243","48,219391263",0,2,#fc8d62,car
71381,9,1,78,157,2019,9,18,3,3,5,3,0,0,1,0,1,0,0,"706243,684044","5373702,50323","11,791088664","48,482584702",0,2,#fc8d62,car
71382,9,1,77,117,2019,9,21,3,3,5,3,1,0,1,0,0,0,0,"714794,239142","5351805,9909","11,895462052","48,282980968",0,2,#fc8d62,car
71383,9,1,75,123,2019,9,11,3,2,0,1,0,0,0,0,1,0,0,"722098,342256","5338821,74171","11,986984319","48,163803324",0,4,#e78ac3,marker
71384,9,1,75,119,2019,9,7,3,3,4,1,0,0,1,0,0,0,0,"726465,093798","5324370,85738","12,037961676","48,032431407",0,2,#fc8d62,car
71385,9,1,84,118,2019,9,8,2,3,5,3,0,0,1,0,0,0,1,"704234,577555","5336199,83545","11,745776347","48,146230986",0,2,#fc8d62,car
71386,9,1,62,0,2019,9,16,2,3,2,6,0,0,1,0,0,0,0,"688205,409","5333933,383","11,529502203","48,130804111",0,2,#fc8d62,car
71387,9,1,62,0,2019,9,15,2,3,5,3,0,0,1,0,1,0,0,"686186,174334","5335220,57224","11,502953095","48,142967723",0,2,#fc8d62,car
71389,9,1,62,0,2019,9,8,2,3,2,6,0,0,1,0,0,0,0,"693757,813028","5337009,52041","11,605448061","48,15678544",0,2,#fc8d62,car
71390,9,1,84,131,2019,9,8,2,3,4,2,0,0,1,0,0,0,0,"704865,67135","5336965,84004","11,75461941","48,152911809",0,2,#fc8d62,car
71392,9,1,84,119,2019,9,2,2,1,5,3,2,0,1,0,0,0,0,"696315,364068","5346426,87137","11,644156393","48,240637626",0,2,#fc8d62,car
71393,9,1,62,0,2019,9,13,2,3,4,2,0,0,1,0,1,0,0,"687913,351869","5343609,00531","11,529858086","48,217856321",0,2,#fc8d62,car
71394,9,1,84,119,2019,9,7,2,3,1,6,0,0,1,0,0,0,0,"696259,698324","5349050,06919","11,644623715","48,264230061",0,2,#fc8d62,car
71395,9,1,62,0,2019,9,13,2,3,3,6,0,0,0,0,1,0,1,"693282,4739","5339113,85643","11,600019428","48,175843135",0,4,#e78ac3,marker
71396,9,1,62,0,2019,9,15,2,3,2,6,0,0,1,0,0,0,0,"688688,703187","5337169,51302","11,537425322","48,159747784",0,2,#fc8d62,car
71404,9,7,77,182,2019,9,16,2,2,5,3,0,0,1,0,0,0,0,"628028,276347","5310123,56146","10,714062639","47,931634515",0,2,#fc8d62,car
71408,9,7,71,142,2019,9,16,2,3,1,6,0,0,1,0,0,0,0,"645338,821841","5353386,35483","10,960440885","48,316951387",0,2,#fc8d62,car
71409,9,7,61,0,2019,9,10,2,3,2,6,0,0,1,0,1,0,0,"638611,259236","5361237,91214","10,87233158","48,389061866",0,2,#fc8d62,car
71410,9,7,61,0,2019,9,10,2,2,0,1,0,1,0,0,0,0,0,"639924,584","5355581,162","10,888180133","48,337907958",0,1,#66c2a5,bicycle
71443,9,1,90,157,2019,9,6,2,3,7,1,1,0,1,0,0,0,0,"661165,843717","5301995,41762","11,154387332","47,851078667",0,2,#fc8d62,car
71452,9,1,82,136,2019,9,9,2,3,0,7,0,0,0,0,1,1,0,"703305,187591","5301195,22766","11,716723025","47,83194167",0,4,#e78ac3,marker
71453,9,1,82,120,2019,9,7,2,3,2,6,0,0,1,0,0,0,0,"703249,214637","5305504,94434","11,718000593","47,870692047",0,2,#fc8d62,car
71454,9,1,87,129,2019,9,12,2,3,2,1,0,0,1,0,0,0,1,"725482,177974","5297431,64168","12,010709974","47,790734787",0,2,#fc8d62,car
71456,9,1,87,150,2019,9,16,2,3,1,6,0,0,1,0,0,0,0,"730322,188493","5303407,04817","12,07841485","47,84270848",0,2,#fc8d62,car
71459,9,1,88,139,2019,9,17,2,3,2,6,0,0,1,0,0,0,0,"674792,376247","5319116,25643","11,343334962","48,001430222",0,2,#fc8d62,car
71460,9,1,88,121,2019,9,16,2,3,5,3,0,0,1,0,1,0,0,"671807,184326","5330453,82043","11,307900486","48,104161935",0,2,#fc8d62,car
71461,9,1,88,120,2019,9,14,2,3,0,1,0,0,0,0,1,0,0,"677540,702516","5326400,9711","11,383166781","48,066157834",1,4,#e78ac3,marker
71462,9,1,74,115,2019,9,20,2,3,0,1,2,0,0,0,1,0,0,"679655,683","5347806,077","11,42057129","48,257974588",0,4,#e78ac3,marker
71463,9,1,74,131,2019,9,23,2,3,8,1,2,0,0,0,0,0,1,"678361,260017","5357452,82356","11,407223016","48,34505271",0,6,#ffd92f,circle
71464,9,1,75,132,2019,9,12,2,2,2,6,0,0,1,0,0,1,1,"705228,128083","5335429,43116","11,758746563","48,138988002",0,2,#fc8d62,car
71465,9,1,84,129,2019,9,17,2,3,3,6,0,0,1,0,0,0,0,"700033,801173","5324649,18945","11,683953401","48,043758515",0,2,#fc8d62,car
71466,9,1,62,0,2019,9,8,2,3,3,6,0,0,1,0,0,1,0,"689267,275055","5344619,4583","11,548518235","48,226535827",0,2,#fc8d62,car
71467,9,1,62,0,2019,9,10,2,3,2,6,0,0,1,0,0,0,0,"695859,606336","5346173,58251","11,637907475","48,238502194",0,2,#fc8d62,car
71468,9,1,77,133,2019,9,11,2,3,5,3,0,0,1,0,0,0,0,"711119,922","5353833,457","11,847009102","48,302434794",0,2,#fc8d62,car
71469,9,1,78,143,2019,9,17,2,2,9,1,0,1,0,0,0,0,0,"717934,875517","5372172,78204","11,948295765","48,464897705",0,1,#66c2a5,bicycle
71470,9,1,77,118,2019,9,6,2,3,5,3,2,1,1,0,0,0,0,"707958,743632","5344243,73386","11,799720017","48,217308352",0,1,#66c2a5,bicycle
71471,9,1,77,113,2019,9,17,2,3,5,3,0,0,1,0,0,0,0,"723513,991345","5358330,75163","12,016295941","48,338583131",0,2,#fc8d62,car
71472,9,1,77,139,2019,9,17,2,3,4,6,0,0,1,0,0,0,0,"731854,755625","5357859,12375","12,12842286","48,331341639",0,2,#fc8d62,car
71473,9,1,84,145,2019,9,10,1,3,0,6,0,0,0,0,1,0,0,"695022,26","5324784,513","11,616846298","48,046525299",0,4,#e78ac3,marker
71474,9,1,84,113,2019,9,10,1,3,0,7,0,1,0,0,0,0,0,"685443,894097","5321617,14224","11,487079443","48,020909378",0,1,#66c2a5,bicycle
71475,9,1,62,0,2019,9,8,1,3,3,7,0,0,0,0,1,0,1,"694739,53494","5334856,59999","11,617650151","48,137136087",0,4,#e78ac3,marker
71476,9,1,84,134,2019,9,15,1,3,5,2,0,1,1,0,0,0,0,"692060,493071","5318378,68155","11,574276934","47,98984727",0,1,#66c2a5,bicycle
71477,9,1,84,122,2019,9,11,1,2,1,5,0,1,1,0,0,0,0,"689024,52438","5325363,35974","11,536706207","48,053532292",0,1,#66c2a5,bicycle
71478,9,1,84,118,2019,9,12,1,2,4,2,0,0,1,0,1,0,0,"702861,650113","5336106,96987","11,727295914","48,145835696",0,2,#fc8d62,car
71479,9,1,62,0,2019,9,12,1,3,0,6,2,0,1,0,1,0,0,"687320,733749","5332198,5752","11,516861654","48,115472112",0,2,#fc8d62,car
71489,9,7,61,0,2019,9,17,1,2,4,2,0,0,1,0,0,0,0,"636915,667","5359580,322","10,848900316","48,374527355",0,2,#fc8d62,car
71491,9,7,61,0,2019,9,10,1,3,0,1,0,0,0,0,1,0,0,"641446,760306","5358528,54784","10,909699359","48,364070847",0,4,#e78ac3,marker
71548,9,2,74,194,2019,9,13,1,3,0,1,0,1,0,0,0,0,0,"722702,646523","5378039,57165","12,015830583","48,515935226",0,1,#66c2a5,bicycle
71552,9,1,73,120,2019,9,15,1,3,2,6,0,0,1,0,1,0,0,"688358,756147","5311165,62039","11,521552352","47,926113341",0,2,#fc8d62,car
71553,9,1,73,120,2019,9,13,1,2,5,3,0,0,1,0,1,0,0,"687401,026726","5310762,59942","11,508568736","47,922771408",0,2,#fc8d62,car
71554,9,1,90,159,2019,9,12,1,2,0,1,0,1,0,0,0,0,0,"666677,073","5303309,311","11,228508507","47,861485736",0,1,#66c2a5,bicycle
71555,9,1,90,140,2019,9,12,1,3,8,1,0,0,0,0,1,0,0,"646762,541119","5300514,05798","10,961470865","47,841208822",1,4,#e78ac3,marker
71560,9,1,62,0,2019,9,8,3,3,3,2,0,1,1,0,0,0,0,"694799,568882","5332362,45847","11,617316317","48,114701399",0,1,#66c2a5,bicycle
71563,9,1,83,119,2019,9,15,1,2,5,3,0,0,1,0,0,0,0,"737279,724309","5338157,34713","12,190469218","48,15235169",0,2,#fc8d62,car
71573,9,7,72,130,2019,9,21,3,3,5,3,2,0,1,0,0,0,0,"632007,915907","5357647,9367","10,782053825","48,358196653",0,2,#fc8d62,car
71574,9,7,61,0,2019,9,14,3,3,4,6,0,0,1,0,0,0,0,"643865,836645","5360692,30774","10,943080797","48,382979455",0,2,#fc8d62,car
71576,9,1,82,123,2019,9,16,1,3,1,5,0,0,1,0,0,0,0,"717538,056479","5301475,93159","11,906810004","47,829808264",0,2,#fc8d62,car
71577,9,7,71,113,2019,9,17,3,3,8,7,0,0,0,0,0,1,0,"656443,325506","5366761,06606","11,115101832","48,434546624",0,5,#a6d854,bus
71580,9,1,87,170,2019,9,18,1,2,5,3,0,0,1,0,1,0,0,"734762,989626","5319941,10122","12,146680187","47,989640779",0,2,#fc8d62,car
71582,9,1,63,0,2019,9,20,1,3,2,6,2,0,1,0,0,0,0,"733669,480002","5302194,84268","12,122431391","47,830610302",0,2,#fc8d62,car
71601,9,1,85,158,2019,9,11,1,2,5,3,0,0,1,0,1,0,0,"667398,864254","5380505,53991","11,268611696","48,555283977",0,2,#fc8d62,car
71610,9,1,88,121,2019,9,18,1,3,2,6,0,0,1,0,0,0,0,"673245,271012","5329771,66361","11,326925059","48,097640167",0,2,#fc8d62,car
71612,9,1,81,130,2019,9,19,1,3,2,6,0,0,1,0,0,0,0,"635955,769531","5322959,14004","10,824207637","48,045427644",0,2,#fc8d62,car
71614,9,1,81,127,2019,9,5,1,3,8,7,2,0,1,0,0,0,0,"633601,472551","5322521,9481","10,792498201","48,041993216",0,2,#fc8d62,car
71616,9,1,88,139,2019,9,17,1,2,0,1,0,1,0,0,0,0,0,"674436,529406","5318579,30651","11,338350202","47,996700397",0,1,#66c2a5,bicycle
71619,9,1,81,127,2019,9,18,1,3,8,1,0,0,0,0,0,0,1,"635623,456755","5322821,58014","10,819707526","48,04426132",0,6,#ffd92f,circle
71620,9,1,62,0,2019,9,17,1,3,2,6,0,0,1,0,0,0,0,"688795,848125","5345141,69611","11,542409517","48,231370155",0,2,#fc8d62,car
71622,9,1,78,130,2019,9,14,1,3,3,1,0,1,0,0,0,0,0,"701517,597805","5354453,71669","11,717970322","48,311140033",0,1,#66c2a5,bicycle
71624,9,1,62,0,2019,9,9,7,2,5,3,0,0,1,0,1,0,0,"688301,976849","5340200,12619","11,53357244","48,187101919",0,2,#fc8d62,car
71627,9,1,84,119,2019,9,20,7,3,4,2,2,0,1,0,1,0,0,"696980,01","5347961,032","11,653812235","48,254219216",0,2,#fc8d62,car
71629,9,1,62,0,2019,9,13,7,3,6,7,0,0,1,1,0,0,0,"692067,947378","5340550,60042","11,584348466","48,189124441",0,2,#fc8d62,car
71630,9,1,62,0,2019,9,14,7,3,0,7,0,1,1,0,0,0,0,"687737,786335","5335022,1886","11,523703488","48,140728653",0,1,#66c2a5,bicycle
71647,9,7,61,0,2019,9,20,7,3,3,6,2,0,1,0,0,0,0,"639542,104821","5351979,32765","10,881829687","48,3056055",0,2,#fc8d62,car
71648,9,7,72,115,2019,9,4,7,3,9,7,2,0,1,0,0,0,0,"618634,097403","5368430,65626","10,604638784","48,457820544",0,2,#fc8d62,car
71650,9,7,72,217,2019,9,14,7,3,2,6,0,0,0,0,1,0,0,"636693,824","5380044,713","10,852593695","48,558586386",0,4,#e78ac3,marker
71652,9,7,71,146,2019,9,11,7,3,4,2,0,0,1,0,0,0,0,"646781,258036","5348720,5057","10,978263566","48,274665917",0,2,#fc8d62,car
71661,9,1,84,148,2019,9,16,6,3,5,3,0,1,0,0,0,0,0,"693692,385324","5328239,94185","11,600585758","48,077986942",0,1,#66c2a5,bicycle
71662,9,1,84,123,2019,9,11,6,2,5,3,0,1,1,0,0,0,0,"703872,06866","5332018,41705","11,738908279","48,108770157",0,1,#66c2a5,bicycle
71663,9,1,84,137,2019,9,13,6,3,8,7,0,0,1,0,0,0,0,"709489,614777","5312498,24672","11,804745425","47,931532975",0,2,#fc8d62,car
71673,9,7,72,145,2019,9,18,6,3,0,7,1,1,0,0,0,0,0,"634522,441173","5367016,59196","10,818983281","48,441909115",0,1,#66c2a5,bicycle
71674,9,7,71,130,2019,9,15,6,3,2,6,0,0,1,0,0,0,0,"644621,481555","5362979,58693","10,954068148","48,403372365",0,2,#fc8d62,car
71675,9,7,61,0,2019,9,13,6,3,0,1,0,1,0,0,0,0,0,"640654,137653","5360319,55814","10,899603271","48,380352095",0,1,#66c2a5,bicycle
71726,9,2,61,0,2019,9,16,6,3,5,3,0,0,1,0,0,0,0,"723939,328","5378186,941","12,032632401","48,516819441",0,2,#fc8d62,car
71727,9,2,61,0,2019,9,21,6,3,0,1,2,1,0,0,0,0,0,"732555,690065","5382069,22053","12,151302182","48,548561823",0,1,#66c2a5,bicycle
71729,9,1,84,132,2019,9,4,6,2,9,7,2,0,1,0,0,0,0,"682552,056407","5324497,71885","11,449560256","48,047635395",0,2,#fc8d62,car
71731,9,1,73,118,2019,9,10,6,3,2,6,0,0,1,0,0,0,0,"688182,120834","5303405,65328","11,515807324","47,856413488",0,2,#fc8d62,car
71739,9,1,85,158,2019,9,12,6,3,2,6,0,0,1,0,0,0,0,"667812,949151","5381692,8879","11,274697591","48,565846624",0,2,#fc8d62,car
71740,9,1,86,126,2019,9,13,6,3,0,1,0,0,0,0,1,0,0,"688055,900792","5374161,45526","11,545425672","48,492413037",0,4,#e78ac3,marker
71746,9,1,88,139,2019,9,10,6,3,2,6,0,1,0,0,0,0,0,"675837,500717","5319072,36908","11,357316079","48,000749117",0,1,#66c2a5,bicycle
71747,9,1,81,133,2019,9,19,6,2,0,1,2,1,0,0,1,0,0,"643429,954701","5313064,79462","10,921129361","47,954820898",0,1,#66c2a5,bicycle
71748,9,1,79,138,2019,9,20,6,3,5,3,2,0,1,0,0,0,0,"658511,962","5333814,341","11,130687591","48,13782268",0,2,#fc8d62,car
71749,9,1,74,115,2019,9,12,6,3,5,7,0,1,1,0,0,0,0,"681046,297763","5349000,32962","11,439801131","48,268313472",0,1,#66c2a5,bicycle
71750,9,1,84,112,2019,9,17,6,3,2,6,0,0,1,0,0,0,0,"701239,298488","5340912,40874","11,707784196","48,189536813",0,2,#fc8d62,car
71751,9,1,62,0,2019,9,18,6,3,2,6,1,0,1,0,0,0,0,"694744,88153","5344520,26575","11,622150565","48,223986516",0,2,#fc8d62,car
71752,9,1,62,0,2019,9,17,6,3,2,6,0,0,1,0,0,0,0,"692892,765127","5339342,03408","11,594886237","48,178012327",0,2,#fc8d62,car
71753,9,1,78,113,2019,9,11,6,3,2,6,0,0,1,0,0,0,0,"691496,886001","5369012,81138","11,589594934","48,445101963",0,2,#fc8d62,car
71754,9,1,62,0,2019,9,14,6,3,2,6,0,0,1,0,0,0,0,"695762,542764","5345844,11394","11,636449382","48,23557114",0,2,#fc8d62,car
71755,9,1,86,152,2019,9,5,6,3,6,7,2,0,0,1,0,0,1,"690914,779","5375985,725","11,584915274","48,507946306",0,3,#8da0cb,toilet
71756,9,1,78,150,2019,9,4,6,1,9,1,2,0,1,0,0,0,0,"691397,935138","5370973,79433","11,589154775","48,462755957",0,2,#fc8d62,car
71757,9,1,78,155,2019,9,15,6,3,0,6,0,1,0,0,0,0,0,"718956,973553","5373829,46225","11,962971094","48,479427134",0,1,#66c2a5,bicycle
71758,9,1,75,113,2019,9,17,6,3,4,6,0,0,1,0,0,0,0,"717632,291591","5314689,39716","11,914727673","47,948509063",0,2,#fc8d62,car
71759,9,1,62,0,2019,9,9,5,3,2,6,0,0,1,0,0,0,0,"688671,146427","5335867,90815","11,536612402","48,148054018",0,2,#fc8d62,car
71761,9,1,62,0,2019,9,9,5,3,6,2,0,0,1,1,0,0,0,"682881,898","5340201,352","11,460717522","48,188696495",0,2,#fc8d62,car
71762,9,1,62,0,2019,9,18,5,3,4,7,0,0,1,0,1,0,0,"688114,958891","5329453,9662","11,526312343","48,090568731",0,2,#fc8d62,car
71769,9,7,62,0,2019,9,7,5,3,3,2,0,1,1,0,0,0,0,"620557,153795","5304048,31698","10,612382154","47,878444294",0,1,#66c2a5,bicycle
71771,9,7,72,209,2019,9,20,5,2,2,1,2,0,1,0,0,0,0,"636673,335517","5335846,80113","10,837958761","48,161165413",0,2,#fc8d62,car
71772,9,7,72,141,2019,9,9,5,3,2,2,0,0,1,0,0,1,0,"622480,648918","5347670,2171","10,650599842","48,270387705",0,2,#fc8d62,car
71773,9,7,72,168,2019,9,12,5,3,7,1,0,0,0,0,1,0,0,"619317,554035","5345723,42119","10,607441172","48,253483575",0,4,#e78ac3,marker
71774,9,7,72,177,2019,9,15,5,3,5,3,0,0,1,0,1,0,0,"636757,355353","5378957,46683","10,853097095","48,548796443",0,2,#fc8d62,car
71775,9,7,61,0,2019,9,17,5,3,2,1,0,0,1,0,0,0,0,"641567,645404","5357780,33213","10,911078749","48,357316086",0,2,#fc8d62,car
71776,9,7,61,0,2019,9,15,5,3,2,2,0,0,1,0,0,0,0,"641497,746363","5353840,33071","10,908812151","48,321904636",0,2,#fc8d62,car
71822,9,2,61,0,2019,9,13,5,3,4,2,0,0,1,0,0,0,0,"735711,690196","5382448,16759","12,194213996","48,550787887",0,2,#fc8d62,car
71823,9,2,61,0,2019,9,21,5,3,2,6,2,0,1,0,0,0,1,"732726,250714","5383121,9755","12,154198093","48,557955131",0,2,#fc8d62,car
71824,9,1,73,147,2019,9,12,5,3,8,1,0,0,1,0,0,0,0,"681312,580316","5309513,84484","11,426619835","47,913296852",0,2,#fc8d62,car
71831,9,1,82,133,2019,9,7,5,3,6,7,0,0,0,1,0,1,0,"706994,469","5307742,373","11,769097153","47,88960353",0,3,#8da0cb,toilet
71832,9,1,87,165,2019,9,14,5,3,5,3,0,0,1,0,0,0,0,"732625,080718","5295693,02055","12,105010577","47,772574777",0,2,#fc8d62,car
71834,9,1,87,150,2019,9,16,5,3,8,1,0,0,0,0,1,0,0,"729517,437845","5303352,10118","12,067645635","47,842502558",0,4,#e78ac3,marker
71837,9,1,86,143,2019,9,7,5,2,1,6,0,0,1,0,1,0,0,"686267,983862","5380453,10714","11,52405959","48,549492545",0,2,#fc8d62,car
71839,9,1,88,124,2019,9,17,5,3,2,6,0,0,1,0,0,0,0,"662721,845253","5318591,8147","11,181439804","47,999901387",0,2,#fc8d62,car
71840,9,1,62,0,2019,9,14,5,2,3,1,0,0,1,0,0,1,0,"688702,726143","5344643,42415","11,540934924","48,226919414",0,2,#fc8d62,car
71841,9,1,75,132,2019,9,18,5,2,2,6,0,0,1,0,0,0,0,"707454,99303","5336262,27659","11,789049976","48,145750133",0,2,#fc8d62,car
71842,9,2,74,124,2019,9,7,5,3,2,6,0,0,1,0,0,0,0,"722197,454117","5374397,69947","12,007061547","48,483395612",0,2,#fc8d62,car
71843,9,1,77,116,2019,9,5,5,2,4,6,2,0,1,0,0,0,0,"714585,554225","5357872,40399","11,895737556","48,337559713",0,2,#fc8d62,car
71844,9,1,62,0,2019,9,15,4,3,6,6,0,1,0,1,0,0,0,"689109,649","5330972,318","11,540329719","48,103921617",0,1,#66c2a5,bicycle
71845,9,1,62,0,2019,9,17,4,2,5,7,0,0,1,1,0,0,0,"682598,291062","5335837,24306","11,455031042","48,149550654",0,2,#fc8d62,car
71846,9,1,62,0,2019,9,20,4,3,2,6,2,0,1,0,0,0,0,"697205,914231","5331423,4431","11,649178126","48,105521546",0,2,#fc8d62,car
71847,9,1,62,0,2019,9,12,4,3,5,2,0,0,1,0,0,0,0,"679048,964443","5334691,73381","11,406872785","48,140262689",0,2,#fc8d62,car
71848,9,1,62,0,2019,9,6,4,3,4,2,1,0,1,0,0,0,0,"677942,954238","5335310,09776","11,392277101","48,146131506",0,2,#fc8d62,car
71849,9,1,62,0,2019,9,23,4,3,0,7,2,1,0,0,0,0,0,"694183,536943","5340464,76051","11,61274475","48,187709755",0,1,#66c2a5,bicycle
71850,9,1,62,0,2019,9,9,4,3,5,2,0,1,0,0,0,0,1,"692081,134829","5340385,5419","11,584451081","48,187636952",0,1,#66c2a5,bicycle
71851,9,1,84,120,2019,9,17,4,3,4,2,0,0,1,0,1,0,0,"681299,674511","5331816,68861","11,435876777","48,113782031",0,2,#fc8d62,car
71852,9,1,62,0,2019,9,12,4,3,2,6,0,0,1,0,0,0,1,"682449,143354","5335532,45234","11,452897027","48,146853781",0,2,#fc8d62,car