OBJECTID,ULAND,UREGBEZ,UKREIS,UGEMEINDE,UJAHR,UMONAT,USTUNDE,UWOCHENTAG,UKATEGORIE,UART,UTYP1,ULICHTVERH,IstRad,IstPKW,IstFuss,IstKrad,IstGkfz,IstSonstig,LINREFX,LINREFY,XGCSWGS84,YGCSWGS84,STRZUSTAND,Teilnehmer,color,symbol
71853,9,1,62,0,2019,9,7,4,3,7,7,0,0,1,0,0,0,0,"684018,144068","5335416,36683","11,473920622","48,145358405",0,2,#fc8d62,car
71854,9,1,84,129,2019,9,12,4,2,0,2,0,0,1,0,1,0,0,"701288,64705","5325163,33785","11,701012725","48,047984841",0,2,#fc8d62,car
71858,9,7,78,204,2019,9,18,4,1,4,6,1,0,1,0,0,1,0,"615417,223087","5326281,56238","10,549638969","48,079353329",0,2,#fc8d62,car
71862,9,7,61,0,2019,9,8,4,1,2,6,0,0,0,0,0,1,1,"642429,587636","5363569,09032","10,924669723","48,409171907",0,5,#a6d854,bus
71863,9,7,61,0,2019,9,9,4,3,2,6,0,0,1,0,0,0,0,"642624,229464","5363525,61409","10,927283619","48,408736978",0,2,#fc8d62,car
71864,9,7,72,202,2019,9,13,4,2,2,6,0,0,1,0,0,0,0,"636333,633459","5359758,34376","10,841102535","48,376254135",0,2,#fc8d62,car
71865,9,7,61,0,2019,9,4,4,3,5,3,2,1,1,0,0,0,0,"639091,260183","5360921,20183","10,878706855","48,386108418",1,1,#66c2a5,bicycle
71866,9,7,71,158,2019,9,9,4,3,0,7,0,0,0,0,1,0,1,"642192,297","5372198,418","10,924395423","48,486815309",1,4,#e78ac3,marker
71919,9,1,63,0,2019,9,7,4,3,2,6,0,0,1,0,0,1,0,"734620,764182","5303742,68605","12,135962048","47,844169816",0,2,#fc8d62,car
71921,9,1,87,177,2019,9,17,4,3,5,3,0,0,1,0,0,0,0,"737061,757578","5306428,37004","12,170009013","47,867401721",0,2,#fc8d62,car
71922,9,1,63,0,2019,9,13,4,3,5,3,0,0,1,0,1,0,0,"733961,577241","5304791,80134","12,12773209","47,853835266",0,2,#fc8d62,car
71925,9,1,87,177,2019,9,9,4,3,2,6,0,0,1,0,1,0,0,"736112,973","5304209,608","12,15613058","47,847818322",0,2,#fc8d62,car
71930,9,1,82,125,2019,9,12,4,3,8,3,0,0,1,0,0,0,0,"712501,332829","5299032,10499","11,838395912","47,809530653",0,2,#fc8d62,car
71931,9,1,87,117,2019,9,14,4,3,8,1,0,0,0,0,1,0,0,"722893,374477","5302761,2785","11,978932195","47,839524233",0,4,#e78ac3,marker
71944,9,1,86,151,2019,9,20,4,3,0,1,2,1,0,0,0,0,0,"681920,908964","5376838,89697","11,463633695","48,518283825",0,1,#66c2a5,bicycle
71945,9,1,90,129,2019,9,22,7,2,5,3,2,0,1,0,0,0,0,"641966,325835","5301226,3308","10,897640435","47,848690975",0,2,#fc8d62,car
71947,9,1,90,111,2019,9,12,7,3,2,6,0,0,1,0,0,0,1,"638757,673433","5295031,10873","10,852790313","47,793679622",0,2,#fc8d62,car
71950,9,1,90,152,2019,9,10,7,2,0,1,0,1,0,0,0,0,0,"672676,332556","5299280,1893","11,30704631","47,823679053",0,1,#66c2a5,bicycle
71951,9,1,83,126,2019,9,18,7,2,2,6,0,0,1,0,1,0,0,"728936,898716","5335017,42861","12,076774624","48,127200167",0,2,#fc8d62,car
71953,9,1,83,123,2019,9,19,7,2,3,6,1,1,1,0,0,0,0,"737383,292207","5344569,77202","12,195441186","48,209915293",0,1,#66c2a5,bicycle
71957,9,1,62,0,2019,9,12,4,3,3,6,0,0,1,0,0,1,0,"684069,45105","5342576,41906","11,477710714","48,209701664",0,2,#fc8d62,car
71959,9,1,79,126,2019,9,14,4,3,5,3,0,1,0,0,0,1,0,"676251,024632","5340445,77247","11,371679867","48,192768191",0,1,#66c2a5,bicycle
71964,9,1,86,128,2019,9,22,7,3,0,7,2,0,1,0,0,0,0,"677453,735575","5384800,07651","11,406587339","48,591120276",0,2,#fc8d62,car
71967,9,1,81,126,2019,9,16,4,3,2,6,0,0,1,0,0,0,0,"636293,899494","5333173,51197","10,832002814","48,137207732",0,2,#fc8d62,car
71968,9,1,79,142,2019,9,11,7,3,5,7,0,1,1,0,0,0,0,"673316,051","5341321,179","11,332577726","48,201445315",0,1,#66c2a5,bicycle
71969,9,1,81,130,2019,9,17,4,3,5,2,0,1,1,0,0,0,0,"638960,095171","5322675,16594","10,864404581","48,042227089",0,1,#66c2a5,bicycle
71970,9,1,79,142,2019,9,1,7,3,9,1,2,0,1,0,0,0,0,"673472,535869","5344045,48949","11,335796156","48,225892412",0,2,#fc8d62,car
71971,9,1,81,144,2019,9,15,4,3,5,3,0,1,1,0,0,0,0,"652822,235761","5322349,06822","11,05015646","48,036127325",0,1,#66c2a5,bicycle
71972,9,1,74,141,2019,9,17,4,3,2,6,0,0,1,0,1,0,0,"680381,399415","5356420,57926","11,434020041","48,335200783",0,2,#fc8d62,car
71973,9,1,88,132,2019,9,14,7,3,2,6,0,0,1,0,1,0,0,"664366,388561","5322233,52284","11,204865777","48,032221497",0,2,#fc8d62,car
71974,9,1,74,115,2019,9,9,4,3,2,6,0,0,1,0,1,0,0,"679961,154804","5348494,96171","11,424976236","48,264080093",0,2,#fc8d62,car
71975,9,1,88,126,2019,9,13,7,3,2,6,0,0,1,0,0,0,0,"660839,585","5324298,031","11,1583668","48,051680893",0,2,#fc8d62,car
71976,9,1,62,0,2019,9,18,4,3,2,6,1,0,1,0,0,0,0,"695049,488298","5343399,9559","11,625732198","48,21382429",0,2,#fc8d62,car
71977,9,1,77,135,2019,9,4,4,3,0,1,2,1,0,0,0,0,0,"720419,969832","5342430,98908","11,966315413","48,19681588",1,1,#66c2a5,bicycle
71978,9,1,79,145,2019,9,18,7,2,5,3,0,0,1,0,0,0,1,"674807,8178","5335003,3865","11,35003929","48,144243621",0,2,#fc8d62,car
71979,9,1,88,121,2019,9,11,7,3,2,6,0,0,1,0,0,0,0,"670649,873013","5331737,36105","11,292880673","48,116011775",0,2,#fc8d62,car
71980,9,1,62,0,2019,9,17,3,3,0,1,0,0,0,0,1,0,0,"701413,132859","5335985,4609","11,707787038","48,145203945",0,4,#e78ac3,marker
71981,9,1,79,147,2019,9,18,7,2,8,1,0,0,0,0,1,0,0,"664312,593223","5333411,45977","11,208444142","48,132729229",0,4,#e78ac3,marker
71982,9,1,62,0,2019,9,17,3,2,5,3,0,0,1,0,1,0,0,"688563,283554","5334979,1526","11,534770109","48,140097738",0,2,#fc8d62,car
71983,9,1,74,146,2019,9,11,7,3,4,6,0,0,1,0,0,0,0,"668374,07497","5349831,92648","11,269504356","48,279284688",0,2,#fc8d62,car
71984,9,1,84,135,2019,9,13,3,3,2,6,0,0,1,0,0,0,0,"693084,863772","5347241,37462","11,601063365","48,248949964",0,2,#fc8d62,car
71985,9,1,78,145,2019,9,16,7,3,2,6,0,0,1,0,0,0,0,"697224,521562","5356518,07251","11,661098472","48,331045529",0,2,#fc8d62,car
71986,9,1,62,0,2019,9,7,3,3,2,6,0,0,1,0,0,0,0,"688688,009","5336240,619","11,5370041","48,151398987",0,2,#fc8d62,car
71987,9,1,78,124,2019,9,11,7,3,0,3,0,1,0,0,0,0,0,"702528,837953","5365587,90713","11,736952191","48,410872944",0,1,#66c2a5,bicycle
71988,9,1,84,145,2019,9,8,3,3,4,2,0,0,1,0,0,0,0,"696462,987672","5322866,41225","11,63527725","48,02884443",0,2,#fc8d62,car
71989,9,1,77,133,2019,9,15,7,2,4,6,0,0,1,0,0,0,0,"713740,044564","5355867,93048","11,883326507","48,319835518",0,2,#fc8d62,car
71990,9,1,84,136,2019,9,7,3,3,5,4,0,0,1,1,0,0,0,"700294,965362","5327811,83458","11,688934295","48,072099905",0,2,#fc8d62,car
72016,9,1,90,139,2019,9,16,3,3,8,1,0,0,0,0,1,0,0,"653289,310108","5297266,15911","11,047494948","47,810481615",0,4,#e78ac3,marker
72023,9,1,82,127,2019,9,19,3,1,9,1,2,0,1,0,1,0,0,"702368,968536","5311983,15608","11,709281135","47,929191514",0,2,#fc8d62,car
72024,9,1,62,0,2019,9,21,3,2,8,6,2,0,1,0,0,0,0,"693164,280502","5329044,17136","11,593866373","48,08537541",0,2,#fc8d62,car
72028,9,1,85,158,2019,9,18,3,3,5,3,0,0,1,0,0,0,0,"667159,823","5382404,494","11,266137676","48,57241793",0,2,#fc8d62,car
72029,9,1,85,158,2019,9,5,3,2,5,3,2,0,1,0,1,0,0,"668153,387","5384738,965","11,280540418","48,593137027",0,2,#fc8d62,car
72032,9,1,81,142,2019,9,14,3,2,9,7,0,0,1,0,0,0,0,"646151,986594","5316607,3984","10,958771657","47,986060412",0,2,#fc8d62,car
72033,9,1,79,123,2019,9,5,3,3,5,2,2,0,1,0,0,0,0,"677442,633426","5331966,73382","11,384164431","48,116217168",1,2,#fc8d62,car
72034,9,1,75,132,2019,9,14,3,3,4,7,0,0,1,0,0,0,0,"705992,162684","5333209,65597","11,767931612","48,118793195",0,2,#fc8d62,car
72035,9,1,75,139,2019,9,16,3,3,3,2,0,1,1,0,0,0,0,"711089,558","5328330,062","11,833927199","48,07327588",0,1,#66c2a5,bicycle
72036,9,1,62,0,2019,9,0,2,3,5,3,2,1,1,0,0,0,0,"692536,589261","5339192,1143","11,590031959","48,176772909",0,1,#66c2a5,bicycle
72038,9,7,78,216,2019,9,6,2,3,8,1,2,0,1,0,0,0,0,"623940,01606","5321122,39729","10,662526486","48,031355519",1,2,#fc8d62,car
72043,9,7,78,134,2019,9,13,2,3,4,1,0,0,0,0,0,1,0,"616370,974864","5339626,03984","10,566086338","48,19919499",1,5,#a6d854,bus
72049,9,7,77,130,2019,9,17,2,2,8,1,0,0,0,0,1,0,0,"626591,125875","5313551,7198","10,695839137","47,962750571",1,4,#e78ac3,marker
72050,9,7,72,223,2019,9,7,2,3,8,1,0,0,1,0,0,0,0,"617756,953937","5363079,30018","10,591275522","48,409860432",1,2,#fc8d62,car
72051,9,7,72,211,2019,9,17,2,3,1,6,1,0,1,0,0,0,0,"622650,701067","5353021,1738","10,654444866","48,3184758",1,2,#fc8d62,car
72052,9,7,72,147,2019,9,17,2,3,4,6,0,0,1,0,0,1,0,"637401,634042","5364870,42194","10,857190402","48,421989424",1,2,#fc8d62,car
72053,9,7,61,0,2019,9,14,2,3,0,7,0,1,0,0,0,0,0,"643310,27703","5360608,70233","10,935553247","48,382354174",0,1,#66c2a5,bicycle
72054,9,7,71,165,2019,9,18,2,2,5,3,0,0,1,0,0,0,0,"659924,176455","5362146,1364","11,160369065","48,392183463",0,2,#fc8d62,car
72100,9,2,74,194,2019,9,5,2,3,0,7,2,1,0,0,0,0,0,"723788,149422","5380002,82864","12,031562455","48,533186825",1,1,#66c2a5,bicycle
72101,9,1,73,130,2019,9,18,2,2,9,1,0,0,1,0,0,0,0,"679492,824341","5312307,14628","11,403450857","47,938918795",1,2,#fc8d62,car
72104,9,1,73,126,2019,9,18,2,3,0,7,1,0,0,0,1,0,0,"685030,418201","5303872,33401","11,473912842","47,861523709",1,4,#e78ac3,marker
72112,9,1,87,117,2019,9,8,2,3,5,2,0,1,1,0,0,0,0,"726791,307375","5304811,73486","12,032027238","47,856584391",1,1,#66c2a5,bicycle
72113,9,1,87,179,2019,9,9,2,3,5,3,0,0,1,0,0,0,0,"726633,831508","5315072,21589","12,035314371","47,948827524",1,2,#fc8d62,car
72115,9,1,86,162,2019,9,13,2,3,3,1,0,0,1,0,0,0,0,"691752,307927","5384638,80735","11,600226516","48,585457045",1,2,#fc8d62,car
72117,9,1,81,126,2019,9,0,2,3,0,7,2,0,1,0,0,0,0,"636353,455276","5332674,60383","10,832643201","48,132708608",0,2,#fc8d62,car
72118,9,1,75,132,2019,9,15,2,3,9,1,0,0,1,0,0,0,0,"705038,886","5335700,551","11,756336284","48,141485436",1,2,#fc8d62,car
72119,9,1,78,116,2019,9,5,2,3,1,6,2,0,1,0,0,0,0,"701503,825061","5382515,52038","11,731278841","48,563316684",0,2,#fc8d62,car
72120,9,1,90,148,2019,9,0,5,3,4,6,2,0,1,0,0,0,0,"640251,323487","5296963,64044","10,873348549","47,810734687",1,2,#fc8d62,car
72121,9,1,83,126,2019,9,17,5,3,5,3,0,0,1,0,0,1,0,"733014,871014","5336827,06296","12,132485606","48,141977664",1,2,#fc8d62,car
72122,9,1,75,122,2019,9,7,2,3,5,3,0,0,1,0,0,0,0,"720231,644538","5325407,81973","11,954991856","48,04392832",0,2,#fc8d62,car
72123,9,1,84,138,2019,9,10,1,3,0,7,0,1,0,0,0,0,0,"680480,796","5331090,415","11,424577566","48,107486185",0,1,#66c2a5,bicycle
72127,9,1,62,0,2019,9,21,1,2,6,4,2,0,1,1,0,0,0,"689007,008297","5331707,90291","11,53927821","48,11056364",0,2,#fc8d62,car
72129,9,1,84,127,2019,9,19,1,3,5,3,2,1,1,0,0,0,0,"703444,762911","5322126,69173","11,728468778","48,020011267",0,1,#66c2a5,bicycle
72132,9,1,62,0,2019,9,20,1,3,5,3,2,1,1,0,0,0,0,"694704,158624","5334850,32424","11,617172276","48,137090508",0,1,#66c2a5,bicycle
72137,9,1,86,125,2019,9,7,5,2,4,6,0,0,1,0,0,0,0,"674457,495531","5377527,62866","11,362941195","48,526592619",1,2,#fc8d62,car
72142,9,1,81,127,2019,9,10,5,3,5,2,0,0,1,0,0,0,0,"636254,697","5326450,849","10,829328909","48,076763106",0,2,#fc8d62,car
72143,9,1,74,126,2019,9,8,5,3,5,3,0,1,1,0,0,0,0,"683680,333948","5343949,11768","11,473072479","48,22215283",0,1,#66c2a5,bicycle
72146,9,1,74,115,2019,9,7,5,3,1,6,0,0,1,0,0,0,0,"677742,412924","5351228,67186","11,3962555","48,289279459",0,2,#fc8d62,car
72147,9,7,71,130,2019,9,15,1,3,1,6,0,0,1,0,0,0,0,"645134,161824","5357691,64555","10,9591651","48,355708971",0,2,#fc8d62,car
72148,9,1,62,0,2019,9,14,4,3,4,2,0,0,1,0,0,0,0,"682669,049944","5335958,65607","11,456033593","48,15062168",0,2,#fc8d62,car
72150,9,1,84,135,2019,9,10,4,3,9,7,0,0,1,0,0,0,0,"692819,007615","5349538,39471","11,598532571","48,269675402",0,2,#fc8d62,car
72152,9,1,84,135,2019,9,15,4,3,7,7,0,0,0,0,0,1,0,"693121,472832","5346534,81813","11,601233758","48,242588623",1,5,#a6d854,bus
72154,9,1,62,0,2019,9,12,4,3,5,2,0,1,1,0,0,0,0,"692163,657017","5339296,92535","11,585067908","48,177827803",0,1,#66c2a5,bicycle
72155,9,1,84,146,2019,9,14,4,3,5,2,0,1,1,0,0,0,0,"697359,243835","5328738,06769","11,64999436","48,081339517",0,1,#66c2a5,bicycle
72176,9,7,72,147,2019,9,17,4,3,2,5,0,0,1,0,0,0,0,"638354,125601","5368135,38085","10,871135771","48,451138494",1,2,#fc8d62,car
72177,9,7,61,0,2019,9,16,4,3,1,1,0,0,1,0,0,0,0,"637946,020425","5353288,91509","10,860745388","48,317731332",0,2,#fc8d62,car
72179,9,7,61,0,2019,9,16,4,3,2,1,0,0,1,0,0,0,0,"641495,14493","5358330,62372","10,910285659","48,362280347",0,2,#fc8d62,car
72181,9,7,61,0,2019,9,16,4,3,2,1,0,0,1,0,0,0,0,"641908,771334","5357633,65875","10,915631612","48,355920683",0,2,#fc8d62,car
72222,9,2,74,118,2019,9,17,1,3,8,1,0,0,0,0,1,0,0,"733330,782","5368493,533","12,15420955","48,426327146",0,4,#e78ac3,marker
72240,9,1,73,118,2019,9,15,1,3,2,6,0,0,1,0,0,0,0,"689089,58044","5301733,46962","11,527196204","47,841116422",0,2,#fc8d62,car
72247,9,1,87,169,2019,9,19,1,3,2,6,2,0,1,0,0,0,0,"736947,907","5299308,745","12,164593556","47,803483213",0,2,#fc8d62,car
72249,9,1,63,0,2019,9,11,1,3,5,3,0,0,1,0,0,0,0,"733577,440438","5303196,80334","12,121743804","47,839645422",0,2,#fc8d62,car
72252,9,1,87,177,2019,9,16,1,2,0,7,0,1,0,0,0,0,0,"735380,902651","5304836,28516","12,146701148","47,853716728",0,1,#66c2a5,bicycle
72256,9,1,87,179,2019,9,14,1,3,2,6,0,0,1,0,1,0,0,"723364,604341","5310007,99495","11,98896655","47,904473546",0,2,#fc8d62,car
72258,9,1,88,139,2019,9,16,1,3,9,1,0,1,0,0,0,0,0,"678903,735569","5319843,87618","11,398707417","48,006833816",0,1,#66c2a5,bicycle
72259,9,1,88,132,2019,9,15,1,3,5,3,0,1,0,0,0,0,0,"667909,562717","5322106,42317","11,252307638","48,030157148",0,1,#66c2a5,bicycle
72260,9,1,79,136,2019,9,17,1,3,0,1,0,1,0,0,0,0,0,"661645,211075","5341696,12727","11,1757701","48,207895078",0,1,#66c2a5,bicycle
72261,9,1,74,118,2019,9,17,1,2,4,2,0,0,1,0,1,0,0,"670024,543775","5356487,87596","11,29441449","48,338677226",0,2,#fc8d62,car
72262,9,1,74,113,2019,9,12,1,3,9,1,0,0,0,0,1,0,0,"677784,749858","5350988,21575","11,396724556","48,287106145",0,4,#e78ac3,marker
72263,9,1,62,0,2019,9,16,1,3,1,6,0,0,1,0,0,0,0,"696040,375976","5343578,02581","11,639139053","48,215119363",0,2,#fc8d62,car
72264,9,1,84,119,2019,9,12,1,3,2,6,0,0,1,0,0,0,0,"696306,716567","5347680,09842","11,644621054","48,251903314",0,2,#fc8d62,car
72266,9,1,77,116,2019,9,13,1,2,0,7,0,1,0,0,0,0,0,"712214,278","5365477,355","11,867617594","48,406693474",0,1,#66c2a5,bicycle
72268,9,1,62,0,2019,9,13,7,3,2,6,0,0,1,0,0,0,0,"688695,910089","5336950,88995","11,537425175","48,157780638",0,2,#fc8d62,car
72271,9,1,62,0,2019,9,14,7,3,2,6,0,0,0,0,0,0,1,"693126,332453","5338817,45531","11,597786607","48,173226654",0,6,#ffd92f,circle
72276,9,1,62,0,2019,9,13,4,3,3,6,0,0,1,0,0,1,0,"685235,013941","5329493,25025","11,487690906","48,091765308",0,2,#fc8d62,car
72293,9,7,77,158,2019,9,8,7,3,8,1,0,0,1,0,0,0,0,"618655,45656","5312069,61876","10,58916623","47,950941051",0,2,#fc8d62,car
72294,9,7,77,177,2019,9,15,7,3,2,1,0,0,0,0,1,0,0,"632980,306335","5316370,33711","10,782260352","47,986802695",0,4,#e78ac3,marker
72296,9,7,61,0,2019,9,5,7,3,9,1,2,0,1,0,0,0,0,"641704,320603","5363700,9119","10,914919321","48,410520663",0,2,#fc8d62,car
72297,9,1,81,146,2019,9,16,4,1,0,7,0,0,0,0,0,0,1,"649769,869699","5325570,75168","11,010362028","48,065818536",0,6,#ffd92f,circle
72298,9,1,62,0,2019,9,14,4,3,8,7,0,0,1,0,0,0,0,"683627,25857","5333016,01882","11,467635996","48,123895541",0,2,#fc8d62,car
72299,9,7,71,130,2019,9,13,7,3,3,6,0,0,1,0,1,0,0,"645274,115744","5357694,52124","10,961054179","48,355702644",0,2,#fc8d62,car
72300,9,1,81,127,2019,9,20,4,1,5,3,2,0,1,0,1,0,0,"635230,008263","5324867,0635","10,815077775","48,062738974",0,2,#fc8d62,car
72301,9,1,84,112,2019,9,11,4,3,2,6,0,0,1,0,0,0,0,"702422,939093","5340179,06653","11,723342687","48,182570396",0,2,#fc8d62,car
72302,9,7,72,125,2019,9,19,7,2,4,1,1,0,1,0,1,0,0,"625149,03764","5345204,96278","10,685814882","48,24769629",0,2,#fc8d62,car
72303,9,1,84,135,2019,9,18,4,2,2,6,1,0,1,0,1,0,0,"688010,240944","5347224,82075","11,532765618","48,250326658",0,2,#fc8d62,car
72304,9,7,71,155,2019,9,12,7,3,3,6,0,0,0,0,1,0,1,"650260,942","5376944,036","11,035233156","48,527604817",0,4,#e78ac3,marker
72305,9,1,75,122,2019,9,7,4,2,0,6,0,1,1,0,0,0,0,"721182,131064","5325688,07033","11,967872247","48,046117835",0,1,#66c2a5,bicycle
72306,9,1,84,141,2019,9,17,3,2,4,6,0,0,1,0,0,1,0,"697006,009518","5319476,08449","11,640995621","47,99820631",0,2,#fc8d62,car
72307,9,7,71,149,2019,9,14,7,3,0,1,0,1,0,0,0,0,0,"653455,255","5364848,087","11,074030947","48,418083014",0,1,#66c2a5,bicycle
72308,9,1,84,148,2019,9,20,3,3,5,3,2,0,1,0,1,0,0,"695633,024","5326300,313","11,625725743","48,059961901",1,2,#fc8d62,car
72310,9,1,62,0,2019,9,15,3,3,3,6,0,0,1,0,0,0,0,"694290,575711","5340230,50577","11,614076266","48,185571657",0,2,#fc8d62,car
72312,9,1,62,0,2019,9,10,3,3,0,4,0,1,1,1,0,0,0,"684424,89363","5329151,59833","11,476674067","48,088929255",0,1,#66c2a5,bicycle
72314,9,1,84,127,2019,9,13,3,3,6,4,0,0,0,1,1,0,0,"703496,986746","5322114,63787","11,729162626","48,019886311",0,3,#8da0cb,toilet
72316,9,7,62,0,2019,9,13,3,3,0,7,0,0,0,0,0,0,1,"621182,275369","5304484,51017","10,620861738","47,882249627",0,6,#ffd92f,circle
72319,9,7,77,141,2019,9,11,3,3,3,6,0,0,1,0,1,0,0,"630225,279256","5309189,07158","10,743179988","47,92278784",0,2,#fc8d62,car
72322,9,7,72,163,2019,9,15,3,3,8,7,0,0,1,0,0,0,1,"638569,612988","5347851,02746","10,867367946","48,268697829",0,2,#fc8d62,car
72324,9,7,61,0,2019,9,8,3,2,2,6,0,0,0,0,0,1,0,"643357,330849","5363362,99548","10,937128602","48,407108492",0,5,#a6d854,bus
72361,9,2,61,0,2019,9,18,1,3,5,3,0,0,1,0,0,0,0,"732675,222","5378761,124","12,151073026","48,518801797",0,2,#fc8d62,car
72363,9,1,73,118,2019,9,17,1,2,0,7,0,1,0,0,0,0,0,"691820,76905","5303625,78178","11,56450015","47,857316287",0,1,#66c2a5,bicycle
72364,9,1,73,118,2019,9,15,1,2,4,6,0,0,1,0,0,0,0,"690084,455727","5305201,55859","11,542003529","47,871996172",0,2,#fc8d62,car
72365,9,1,73,118,2019,9,13,1,2,5,3,0,0,1,0,1,0,0,"687308,590024","5306747,97141","11,505589355","47,886712062",0,2,#fc8d62,car
72374,9,1,87,165,2019,9,10,1,3,2,6,0,0,1,0,0,0,0,"731515,364","5299884,383","12,092456155","47,8106312",0,2,#fc8d62,car
72375,9,1,87,134,2019,9,15,1,2,5,6,0,1,1,0,0,0,0,"737189,725","5319829,81","12,179094246","47,987745905",0,1,#66c2a5,bicycle
72376,9,1,87,174,2019,9,15,1,2,9,7,0,0,1,0,0,0,0,"739872,523516","5310477,3726","12,209782933","47,902731668",0,2,#fc8d62,car
72379,9,1,82,123,2019,9,19,1,3,0,1,1,0,0,0,1,0,0,"716804,434281","5295310,0795","11,893938603","47,774649615",1,4,#e78ac3,marker
72383,9,1,86,152,2019,9,13,1,3,0,3,0,0,1,0,1,0,0,"690668,886","5376338,93","11,581750851","48,511195328",0,2,#fc8d62,car
72385,9,1,88,121,2019,9,17,1,3,1,6,0,0,1,0,0,0,0,"672268,852938","5329594,22165","11,313749913","48,096309741",0,2,#fc8d62,car
72386,9,1,88,141,2019,9,13,1,3,8,1,0,0,1,0,0,0,0,"665858,40056","5309090,46015","11,219792085","47,913673663",0,2,#fc8d62,car
72387,9,1,74,115,2019,9,15,1,3,5,3,0,0,0,0,1,0,1,"681036,358153","5349134,87984","11,439724909","48,269525731",0,4,#e78ac3,marker
72388,9,1,84,147,2019,9,8,1,3,0,1,0,0,0,0,1,0,0,"698388,763164","5341893,05319","11,669930372","48,199246639",1,4,#e78ac3,marker
72389,9,1,78,143,2019,9,21,1,3,0,1,2,1,0,0,0,0,0,"720948,524224","5371719,84281","11,98876893","48,459777353",1,1,#66c2a5,bicycle
72390,9,1,77,130,2019,9,3,1,3,8,1,2,0,1,0,0,0,0,"711251,867912","5352237,28394","11,847987719","48,288048194",0,2,#fc8d62,car
72391,9,1,62,0,2019,9,23,7,2,6,4,2,0,1,1,0,0,0,"699251,947313","5329222,19566","11,675605395","48,085101849",0,2,#fc8d62,car
72392,9,1,62,0,2019,9,23,7,3,1,6,2,0,1,0,0,0,0,"684593,284285","5342649,18777","11,484786685","48,210203615",0,2,#fc8d62,car
72393,9,1,62,0,2019,9,7,7,3,3,6,0,0,0,0,1,0,1,"687949,96711","5343690,27579","11,530386554","48,218575941",1,4,#e78ac3,marker
72398,9,7,77,182,2019,9,12,7,3,5,3,0,0,1,0,0,0,0,"627198,332","5308227,31","10,702396507","47,914746172",0,2,#fc8d62,car
72400,9,7,72,186,2019,9,0,7,2,2,6,2,0,1,0,0,0,0,"638740,69506","5344068,11811","10,868432126","48,23464446",1,2,#fc8d62,car
72401,9,7,71,130,2019,9,1,7,3,8,1,2,0,1,0,0,0,0,"646987,948593","5357824,76289","10,984220345","48,356477064",1,2,#fc8d62,car
72402,9,7,72,130,2019,9,12,7,3,5,2,0,0,1,0,1,0,0,"632311,304324","5357897,22142","10,78622577","48,360374777",0,2,#fc8d62,car
72403,9,7,72,163,2019,9,14,7,2,5,3,0,1,1,0,0,0,0,"640439,759","5345905,262","10,891909983","48,25078985",0,1,#66c2a5,bicycle
72404,9,7,71,112,2019,9,16,7,3,2,6,0,0,1,0,0,0,0,"648938,625213","5369382,62933","11,014638176","48,459936618",0,2,#fc8d62,car
72434,9,1,87,116,2019,9,0,7,1,9,1,2,0,1,0,0,0,0,"739883,43662","5328880,46301","12,22020581","48,068043103",1,2,#fc8d62,car
72435,9,1,63,0,2019,9,15,7,3,2,6,0,0,1,0,0,0,0,"734554,156621","5304279,77114","12,135364215","47,849019259",0,2,#fc8d62,car
72436,9,1,82,120,2019,9,16,7,3,0,7,0,1,0,0,0,0,0,"702428,667205","5307265,45311","11,70786527","47,886773423",0,1,#66c2a5,bicycle
72440,9,1,79,117,2019,9,16,7,3,0,1,0,1,0,0,0,0,0,"664212,683062","5349072,95814","11,213162372","48,273554489",0,1,#66c2a5,bicycle
72441,9,1,81,114,2019,9,13,7,3,2,6,0,1,0,0,0,0,0,"657662,869186","5310351,05407","11,110646066","47,927075251",0,1,#66c2a5,bicycle
72442,9,1,74,115,2019,9,16,7,3,4,6,0,1,0,0,0,0,1,"679774,45848","5348730,73962","11,422563051","48,26625244",0,1,#66c2a5,bicycle
72443,9,1,62,0,2019,9,15,6,3,0,7,0,0,0,0,0,0,1,"682648,690853","5337505,74652","11,456424269","48,164533802",0,6,#ffd92f,circle
72444,9,1,84,145,2019,9,16,6,3,4,2,0,0,1,0,0,0,0,"694329,56","5323229,098","11,606855652","48,032756781",0,2,#fc8d62,car
72445,9,1,62,0,2019,9,23,6,2,6,7,2,1,0,1,0,0,0,"685783,065522","5340793,26789","11,49997406","48,193174939",1,1,#66c2a5,bicycle
72446,9,1,62,0,2019,9,20,6,3,4,2,2,1,1,0,0,0,0,"691130,56559","5330797,37032","11,56737044","48,101746127",0,1,#66c2a5,bicycle
72447,9,1,62,0,2019,9,18,6,3,2,6,2,0,1,0,0,0,0,"688678,4254","5336254,06661","11,536881336","48,151522699",0,2,#fc8d62,car
72448,9,1,62,0,2019,9,14,6,3,0,7,0,0,0,0,1,0,1,"699684,184015","5332962,32281","11,683152921","48,118579723",0,4,#e78ac3,marker
72449,9,1,62,0,2019,9,12,6,3,2,6,0,0,1,0,0,0,0,"688550,583928","5335272,47671","11,534729439","48,142737942",0,2,#fc8d62,car
72450,9,1,62,0,2019,9,14,6,3,5,3,0,1,1,0,0,0,0,"695139,904593","5331419,22735","11,621452606","48,106119841",0,1,#66c2a5,bicycle
72451,9,1,62,0,2019,9,17,6,3,5,2,0,1,0,0,0,0,1,"693826,468807","5331642,91815","11,603928872","48,108531281",0,1,#66c2a5,bicycle