OBJECTID,ULAND,UREGBEZ,UKREIS,UGEMEINDE,UJAHR,UMONAT,USTUNDE,UWOCHENTAG,UKATEGORIE,UART,UTYP1,ULICHTVERH,IstRad,IstPKW,IstFuss,IstKrad,IstGkfz,IstSonstig,LINREFX,LINREFY,XGCSWGS84,YGCSWGS84,STRZUSTAND,Teilnehmer,color,symbol
72462,9,7,62,0,2019,9,8,6,3,2,6,0,0,1,0,0,0,1,"622540,946764","5304880,34945","10,639139206","47,885551758",0,2,#fc8d62,car
72463,9,7,62,0,2019,9,12,6,3,5,3,0,0,1,0,1,0,0,"622708,489272","5305820,56911","10,641646632","47,893975769",0,2,#fc8d62,car
72466,9,7,72,223,2019,9,21,6,3,5,3,2,0,1,0,0,0,0,"619121,601667","5361970,93689","10,609394197","48,399636464",1,2,#fc8d62,car
72467,9,7,72,149,2019,9,6,6,3,8,7,1,0,1,0,0,0,0,"634664,796901","5340077,96637","10,812303446","48,199642377",1,2,#fc8d62,car
72468,9,7,72,121,2019,9,8,6,3,2,6,0,0,1,0,0,1,0,"636637,165138","5374177,49032","10,849902786","48,505842718",0,2,#fc8d62,car
72469,9,7,72,163,2019,9,14,6,3,5,3,0,0,1,0,0,0,0,"639401,608542","5345503,64461","10,877800288","48,247407726",0,2,#fc8d62,car
72470,9,7,61,0,2019,9,14,6,3,0,6,0,0,1,0,0,0,0,"643453,696519","5360843,23179","10,937569189","48,384430333",0,2,#fc8d62,car
72471,9,7,61,0,2019,9,15,6,3,2,1,0,0,1,0,0,0,0,"640190,334039","5355575,9361","10,891762467","48,33780206",0,2,#fc8d62,car
72472,9,7,61,0,2019,9,17,6,3,2,1,1,0,1,0,0,0,0,"640515,240511","5352391,67177","10,895083029","48,309097782",1,2,#fc8d62,car
72473,9,7,71,149,2019,9,22,6,3,4,6,2,0,1,0,0,0,0,"653221,103945","5364559,97828","11,070763179","48,415549712",1,2,#fc8d62,car
72519,9,1,78,124,2019,10,16,3,3,0,1,0,1,0,0,0,0,0,"704024,106561","5368343,54632","11,758475424","48,435153164",0,1,#66c2a5,bicycle
72522,9,1,77,118,2019,10,17,3,3,8,1,0,0,0,0,1,0,0,"710394,367698","5343784,17425","11,832241196","48,212376036",0,4,#e78ac3,marker
72524,9,1,75,122,2019,10,19,3,3,5,3,1,1,1,0,0,0,0,"720649,685","5325782,088","11,960786118","48,047146828",0,1,#66c2a5,bicycle
72526,9,1,62,0,2019,9,19,2,3,3,2,1,1,1,0,0,0,0,"688700,970656","5337362,29468","11,537675636","48,161476884",0,1,#66c2a5,bicycle
72529,9,1,62,0,2019,9,16,2,3,3,2,0,1,1,0,0,0,0,"692081,195445","5340384,47321","11,584451412","48,187627329",0,1,#66c2a5,bicycle
72537,9,7,62,0,2019,9,15,2,3,5,3,0,1,1,0,0,0,0,"622496,092333","5306718,96622","10,639061368","47,902096231",0,1,#66c2a5,bicycle
72543,9,7,72,170,2019,9,19,2,3,5,3,1,0,1,0,0,0,0,"630861,420311","5333650,71654","10,759164904","48,142639613",0,2,#fc8d62,car
72546,9,7,61,0,2019,9,0,2,3,0,6,2,1,0,0,1,0,0,"641309,770445","5365083,93686","10,910056598","48,423044759",0,1,#66c2a5,bicycle
72577,9,1,87,126,2019,9,16,6,2,4,2,0,0,1,0,1,0,0,"741520,387","5323316,054","12,239005667","48,017442043",0,2,#fc8d62,car
72581,9,1,82,136,2019,9,17,6,3,2,2,0,1,1,0,0,0,0,"704897,202","5302538,619","11,738607501","47,843509761",0,1,#66c2a5,bicycle
72583,9,1,82,136,2019,9,17,6,3,6,6,0,0,1,1,0,0,0,"703000,652731","5304546,94403","11,714230621","47,862160825",0,2,#fc8d62,car
72585,9,1,87,179,2019,9,8,6,3,5,3,0,0,1,0,0,0,0,"728268,476861","5316796,86693","12,058090149","47,963742175",0,2,#fc8d62,car
72589,9,1,86,152,2019,9,8,6,3,3,6,0,0,1,0,0,0,0,"691070,305775","5381137,47007","11,589380015","48,554198593",0,2,#fc8d62,car
72591,9,1,85,158,2019,9,17,6,3,8,1,0,0,1,0,0,0,0,"670060,546974","5382211,21011","11,305350038","48,569900122",1,2,#fc8d62,car
72602,9,1,81,132,2019,9,16,6,3,2,6,0,0,1,0,0,0,0,"646901,182227","5324731,57204","10,971591204","48,058939949",0,2,#fc8d62,car
72604,9,1,88,126,2019,9,8,6,3,2,6,0,0,1,0,0,0,0,"660365,197","5327963,328","11,153380355","48,084753936",0,2,#fc8d62,car
72605,9,1,79,121,2019,9,17,6,2,6,4,0,0,1,1,0,0,0,"668061,585576","5338419,28849","11,260770165","48,176770348",0,2,#fc8d62,car
72607,9,1,79,121,2019,9,10,6,3,0,6,0,0,1,0,0,1,0,"662942,425793","5338182,87828","11,191869529","48,175978275",0,2,#fc8d62,car
72609,9,1,74,131,2019,9,13,6,3,5,2,0,0,1,0,1,0,0,"676133,839371","5358301,03699","11,377542918","48,353302157",0,2,#fc8d62,car
72611,9,1,62,0,2019,9,16,6,3,2,6,0,0,1,0,0,0,0,"695249,400825","5344075,93569","11,628731659","48,2198381",0,2,#fc8d62,car
72613,9,1,78,124,2019,9,8,6,3,2,6,0,0,1,0,0,0,0,"701482,01801","5358337,21328","11,719347176","48,346050537",0,2,#fc8d62,car
72615,9,1,78,123,2019,9,14,6,2,5,2,0,0,1,0,1,0,0,"691102,14","5358075,323","11,579285568","48,346922104",0,2,#fc8d62,car
72616,9,1,78,145,2019,9,21,6,3,0,1,2,1,0,0,0,0,0,"693330,296194","5356241,33076","11,608484951","48,329761476",1,1,#66c2a5,bicycle
72618,9,1,78,124,2019,9,16,6,3,5,3,0,1,1,0,0,0,0,"701794,069745","5361108,46069","11,72488268","48,370854597",0,1,#66c2a5,bicycle
72619,9,1,77,115,2019,9,16,6,1,2,6,0,1,1,0,0,0,0,"734386,159053","5350124,47405","12,158232965","48,26092763",0,1,#66c2a5,bicycle
72621,9,1,62,0,2019,9,10,5,3,2,4,0,0,1,1,0,0,0,"692384,849734","5331171,64648","11,584369692","48,104732583",0,2,#fc8d62,car
72622,9,1,83,119,2019,9,15,2,2,5,3,0,0,1,0,0,1,0,"735258,755878","5339527,10753","12,164095702","48,165407163",0,2,#fc8d62,car
72623,9,1,84,113,2019,9,19,5,3,4,6,2,0,1,0,0,0,0,"685422,955021","5321410,52339","11,486709519","48,019058226",1,2,#fc8d62,car
72624,9,1,62,0,2019,9,5,5,3,5,3,2,0,1,0,0,0,0,"689066,028","5331344,808","11,539909404","48,107282568",0,2,#fc8d62,car
72630,9,1,87,142,2019,9,15,2,3,5,3,0,1,1,0,0,0,0,"731051,279266","5310291,37797","12,091825653","47,904297714",0,1,#66c2a5,bicycle
72631,9,7,77,130,2019,9,11,5,3,0,1,0,0,0,0,1,0,0,"624261,032","5307848,804","10,662992518","47,911918023",1,4,#e78ac3,marker
72632,9,1,63,0,2019,9,21,2,3,2,6,2,1,0,0,0,0,0,"734811,910171","5304918,12429","12,139150782","47,85466007",0,1,#66c2a5,bicycle
72634,9,1,82,125,2019,9,16,2,3,5,2,0,0,1,0,0,0,0,"712619,032124","5296732,94832","11,838839353","47,788830549",0,2,#fc8d62,car
72635,9,7,73,182,2019,9,16,5,3,5,3,0,1,1,0,0,0,0,"624499,905419","5380007,07145","10,687398179","48,560787977",0,1,#66c2a5,bicycle
72636,9,7,72,200,2019,9,7,5,3,5,3,0,0,1,0,1,0,0,"629645,695798","5338621,62862","10,744345385","48,187590741",0,2,#fc8d62,car
72637,9,1,87,122,2019,9,7,2,2,2,6,0,0,1,0,0,0,0,"716002,684189","5308678,31656","11,889918864","47,895045998",0,2,#fc8d62,car
72638,9,7,71,130,2019,9,15,5,3,2,6,0,0,1,0,0,0,0,"645644,641918","5357737,22565","10,96606763","48,356001261",0,2,#fc8d62,car
72639,9,1,86,152,2019,9,20,2,3,5,3,2,0,1,0,0,0,0,"690913,292095","5375989,03917","11,584896679","48,507976543",0,2,#fc8d62,car
72640,9,7,72,125,2019,9,13,5,2,4,6,0,0,1,0,0,0,0,"627445,397678","5345889,49745","10,716939728","48,253394554",0,2,#fc8d62,car
72649,9,1,88,126,2019,9,8,2,3,2,6,0,0,1,0,0,0,0,"660066,81","5327914,068","11,149358087","48,084386047",0,2,#fc8d62,car
72650,9,1,81,113,2019,9,19,2,2,2,6,2,0,1,0,0,0,1,"640458,686422","5307659,55822","10,879591279","47,906873264",0,2,#fc8d62,car
72651,9,1,81,130,2019,9,16,2,2,2,6,0,0,1,0,0,0,0,"638755,057421","5326246,20417","10,862813583","48,074383667",0,2,#fc8d62,car
72652,9,1,88,124,2019,9,13,2,2,0,1,0,0,0,0,1,0,0,"663214,065","5318893,69","11,188148325","48,002489971",0,4,#e78ac3,marker
72653,9,1,75,132,2019,9,21,2,3,8,6,2,0,1,0,0,0,0,"707114,044785","5336558,18012","11,784615796","48,148520302",0,2,#fc8d62,car
72654,9,1,78,124,2019,9,21,2,3,5,3,2,0,1,0,0,0,0,"701530,049","5368110,511","11,724682783","48,433862053",0,2,#fc8d62,car
72656,9,1,77,117,2019,9,10,2,3,5,2,0,0,1,0,0,0,0,"715207,850101","5351758,60062","11,901006047","48,282414714",0,2,#fc8d62,car
72658,9,1,62,0,2019,9,15,1,2,2,6,0,0,1,0,1,0,0,"688370,362234","5334092,1765","11,531787152","48,132182581",0,2,#fc8d62,car
72661,9,1,62,0,2019,9,22,1,3,5,3,2,0,1,0,1,0,0,"687412,756","5332807,006","11,518364264","48,120913798",1,2,#fc8d62,car
72667,9,1,84,140,2019,9,16,1,2,5,3,0,0,1,0,1,0,0,"702032,272","5327277,528","11,711977967","48,066750181",0,2,#fc8d62,car
72692,9,7,72,130,2019,9,12,1,3,2,6,0,0,1,0,0,0,0,"631538,374428","5357114,05728","10,775551502","48,353493845",0,2,#fc8d62,car
72694,9,7,71,160,2019,9,19,1,3,9,1,2,0,1,0,0,0,0,"655668,125231","5351130,07524","11,098844184","48,294207463",0,2,#fc8d62,car
72749,9,1,74,146,2019,10,6,6,3,0,6,2,0,1,0,0,1,0,"668411,003306","5350002,91198","11,270069841","48,280811971",0,2,#fc8d62,car
72750,9,1,81,139,2019,10,12,6,3,5,3,0,1,1,0,0,0,0,"655674,554394","5324494,30894","11,089175267","48,05472646",0,1,#66c2a5,bicycle
72751,9,1,74,121,2019,10,12,6,3,5,2,0,1,1,0,0,0,0,"691042,566","5352866,49","11,576122282","48,300125393",0,1,#66c2a5,bicycle
72752,9,1,74,141,2019,10,5,6,3,7,7,1,0,0,0,1,0,0,"679363,904","5355861,678","11,420065107","48,330466635",0,4,#e78ac3,marker
72757,9,7,78,216,2019,10,1,5,3,9,1,2,0,1,0,0,0,0,"626344,39692","5321194,68225","10,694785598","48,031534433",1,2,#fc8d62,car
72762,9,7,72,115,2019,10,18,5,1,4,6,1,0,1,0,1,0,0,"616499,515863","5368875,53384","10,575901878","48,462220227",0,2,#fc8d62,car
72763,9,7,72,121,2019,10,11,5,3,2,6,0,0,1,0,0,0,0,"635181,638924","5376309,45453","10,830898089","48,525327803",0,2,#fc8d62,car
72764,9,7,72,125,2019,10,9,5,2,0,1,0,0,0,0,1,0,0,"635184,546","5346813,531","10,821443325","48,260099999",0,4,#e78ac3,marker
72765,9,7,61,0,2019,10,20,5,2,6,2,2,0,1,1,0,0,0,"644025,884473","5357581,00614","10,944175598","48,354967921",1,2,#fc8d62,car
72777,9,1,78,124,2019,10,9,3,3,3,6,0,0,1,0,0,0,0,"703331,650787","5364817,74767","11,747415275","48,40369369",1,2,#fc8d62,car
72779,9,1,77,133,2019,10,9,3,3,4,6,0,0,1,0,0,0,0,"711329,889584","5361551,23759","11,85370772","48,371712827",0,2,#fc8d62,car
72781,9,1,75,128,2019,10,8,3,2,5,3,0,0,1,0,1,0,0,"714299,562551","5323763,72788","11,874679871","48,031173492",0,2,#fc8d62,car
72782,9,1,62,0,2019,10,12,2,3,4,2,0,0,1,0,0,0,0,"699334,125","5329125,522","11,676662539","48,084207332",1,2,#fc8d62,car
72783,9,1,62,0,2019,10,8,2,3,5,3,0,0,1,0,0,0,0,"685236,282908","5328900,77792","11,487450949","48,086439468",1,2,#fc8d62,car
72785,9,1,62,0,2019,10,14,2,3,2,6,0,0,1,0,0,0,0,"693144,937188","5338211,79842","11,597761469","48,167777562",1,2,#fc8d62,car
72794,9,1,90,157,2019,10,14,5,2,0,1,0,1,0,0,0,0,0,"657393,858628","5301770,84859","11,103919118","47,849994332",0,1,#66c2a5,bicycle
72796,9,1,90,152,2019,10,16,5,3,2,6,0,0,1,0,0,0,1,"672210,327563","5299391,62353","11,30086973","47,824805782",0,2,#fc8d62,car
72797,9,7,71,122,2019,10,9,2,3,2,6,0,0,0,0,0,0,1,"649759,311946","5362475,99806","11,023264579","48,397645042",1,6,#ffd92f,circle
72799,9,7,72,177,2019,10,9,2,3,2,6,0,0,1,0,0,1,0,"635937,062631","5375194,17014","10,840760542","48,515136338",1,2,#fc8d62,car
72807,9,1,87,165,2019,10,15,5,3,5,3,0,1,1,0,0,0,0,"732711,441334","5297072,74546","12,106900687","47,784939462",0,1,#66c2a5,bicycle
72814,9,1,74,126,2019,10,17,5,3,0,6,0,0,0,0,1,0,0,"683094,605","5344457,613","11,465413438","48,226892739",0,4,#e78ac3,marker
72817,9,1,74,150,2019,10,2,5,3,0,1,2,1,0,0,0,0,0,"685633,28266","5360265,26118","11,506513425","48,368236052",1,1,#66c2a5,bicycle
72818,9,1,77,116,2019,10,20,5,2,2,6,2,1,1,0,0,0,0,"714602,552891","5357944,46818","11,896003345","48,338201448",0,1,#66c2a5,bicycle
72820,9,1,62,0,2019,10,18,4,3,4,6,0,1,1,0,0,0,0,"688073,891938","5340215,85144","11,530513665","48,187310827",1,1,#66c2a5,bicycle
72822,9,1,62,0,2019,10,15,4,3,2,6,0,0,1,0,0,0,1,"687529,925782","5326870,31021","11,517329549","48,067518282",0,2,#fc8d62,car
72825,9,1,62,0,2019,10,18,4,3,0,7,1,0,1,0,0,0,0,"684353,810566","5335410,91005","11,478426549","48,145212173",1,2,#fc8d62,car
72827,9,1,62,0,2019,10,19,4,3,5,3,2,1,1,0,0,0,0,"681984,025121","5335423,66065","11,446603265","48,146009111",1,1,#66c2a5,bicycle
72845,9,7,78,116,2019,10,17,4,3,5,7,0,1,1,0,0,0,0,"619396,282716","5319710,58181","10,601208748","48,019523869",1,1,#66c2a5,bicycle
72849,9,7,77,167,2019,10,18,4,3,4,6,2,0,1,0,0,0,0,"618901,851004","5296964,65066","10,588305561","47,815042764",1,2,#fc8d62,car
72852,9,7,62,0,2019,10,0,4,3,5,3,2,0,1,0,0,1,0,"620458,433271","5303087,22219","10,61079438","47,869818906",1,2,#fc8d62,car
72854,9,7,62,0,2019,10,15,4,3,2,6,0,0,1,0,0,1,0,"623280,241221","5306066,21872","10,649362682","47,896075457",0,2,#fc8d62,car
72858,9,7,61,0,2019,10,17,4,3,2,6,0,0,0,0,0,0,1,"641659,314589","5363739,98238","10,914324677","48,410882084",1,6,#ffd92f,circle
72860,9,7,71,130,2019,10,16,4,3,2,6,0,0,1,0,0,0,0,"645327,090192","5357696,94955","10,961769684","48,355712289",1,2,#fc8d62,car
72863,9,7,72,177,2019,10,15,4,3,2,6,0,0,1,0,0,0,0,"635848,447539","5375479,08997","10,83965401","48,517717438",1,2,#fc8d62,car
72866,9,7,72,147,2019,10,12,4,3,2,6,0,0,1,0,0,1,0,"638459,263285","5366953,02214","10,872165967","48,440483985",1,2,#fc8d62,car
72868,9,7,71,146,2019,10,17,4,3,1,6,0,0,1,0,0,0,0,"645175,044306","5347994,36943","10,956379457","48,268507132",0,2,#fc8d62,car
72871,9,7,71,145,2019,10,17,4,3,4,7,0,0,1,0,0,0,1,"643597,08123","5347749,13836","10,935044215","48,266661824",1,2,#fc8d62,car
72873,9,7,61,0,2019,10,7,4,3,1,6,0,0,1,0,0,0,0,"642085,058685","5363667,42938","10,92005008","48,410133885",0,2,#fc8d62,car
72889,9,2,61,0,2019,10,21,2,3,5,3,2,0,1,0,0,0,0,"735704,284414","5382444,22198","12,194111567","48,550755228",0,2,#fc8d62,car
72903,9,1,63,0,2019,10,12,2,3,1,6,0,1,1,0,0,0,0,"732850,815324","5305511,21217","12,113292785","47,860701881",0,1,#66c2a5,bicycle
72905,9,1,87,165,2019,10,8,2,3,2,6,0,0,1,0,0,0,0,"732717,755","5296939,224","12,106913299","47,783737587",1,2,#fc8d62,car
72906,9,1,87,137,2019,10,10,2,3,2,6,0,0,1,0,0,0,0,"730027,376219","5308023,18085","12,076936064","47,884287303",1,2,#fc8d62,car
72921,9,1,86,162,2019,10,7,2,3,2,6,0,0,1,0,0,0,0,"691166,140151","5384039,6083","11,592010823","48,580251149",1,2,#fc8d62,car
72930,9,1,62,0,2019,10,17,2,3,2,6,0,0,1,0,0,0,0,"678093,633363","5335697,78365","11,394463202","48,149574283",0,2,#fc8d62,car
72932,9,1,79,121,2019,10,15,2,3,3,6,0,1,1,0,0,0,0,"667424,227974","5339149,03355","11,252490821","48,183498964",1,1,#66c2a5,bicycle
72934,9,1,84,118,2019,10,23,2,3,0,1,2,0,1,0,0,0,0,"704509,449937","5335839,61529","11,749294372","48,142905534",1,2,#fc8d62,car
72935,9,1,75,111,2019,10,16,2,2,4,6,0,0,1,0,0,1,0,"710722,111777","5338671,8289","11,834111392","48,166328492",0,2,#fc8d62,car
72938,9,1,78,116,2019,10,14,2,3,0,1,0,1,0,0,0,0,0,"702751,966279","5381383,02251","11,747624943","48,552737742",0,1,#66c2a5,bicycle
72940,9,1,77,120,2019,10,18,2,3,5,3,0,0,1,0,1,0,0,"720558,193721","5360003,42611","11,977340114","48,354649751",1,2,#fc8d62,car
72942,9,1,77,133,2019,10,5,2,3,4,2,2,0,1,0,0,0,0,"711329,889584","5361551,23759","11,85370772","48,371712827",1,2,#fc8d62,car
72943,9,1,84,140,2019,10,13,1,3,4,7,0,0,1,0,0,0,0,"701741,675701","5328691,28374","11,708748908","48,079547578",0,2,#fc8d62,car
72982,9,2,74,182,2019,10,17,4,3,5,3,0,0,1,0,0,0,0,"728995,261443","5375318,83897","12,09942484","48,489231651",0,2,#fc8d62,car
72984,9,2,61,0,2019,10,7,4,3,2,6,0,0,1,0,0,0,0,"732653,507","5382078,243","12,152630623","48,548606603",1,2,#fc8d62,car
72986,9,2,61,0,2019,10,16,4,3,5,3,0,1,1,0,0,0,0,"733296,078964","5381127,22831","12,160791659","48,539825379",1,1,#66c2a5,bicycle
72997,9,1,88,139,2019,10,19,1,3,2,6,2,0,1,0,0,0,1,"679842,27148","5320590,0362","11,41159249","48,013277839",1,2,#fc8d62,car
72998,9,1,73,130,2019,10,4,1,3,8,7,2,0,1,0,0,0,0,"682440,784673","5314912,8423","11,443992663","47,961509026",1,2,#fc8d62,car
72999,9,1,90,115,2019,10,13,1,3,2,2,0,0,1,0,0,0,0,"671089,219072","5304546,25077","11,287941453","47,871446316",0,2,#fc8d62,car
73004,9,1,84,114,2019,10,11,4,3,3,6,0,0,1,0,0,0,0,"698284,237196","5322202,13227","11,65937229","48,022311524",0,2,#fc8d62,car
73006,9,1,63,0,2019,10,7,4,3,5,3,0,0,1,0,1,0,0,"733346,974704","5305220,05633","12,119759355","47,857906149",1,2,#fc8d62,car
73008,9,1,82,137,2019,10,8,4,3,2,1,0,0,0,0,0,0,1,"711819,62334","5300645,79367","11,830090326","47,824256732",1,6,#ffd92f,circle
73010,9,1,84,114,2019,10,10,1,3,2,6,0,0,1,0,0,0,0,"699458,77383","5319904,26675","11,674038694","48,001294213",0,2,#fc8d62,car
73011,9,1,87,117,2019,10,15,4,3,4,6,0,0,1,0,0,1,0,"722571,126","5306593,16","11,976603168","47,874066317",1,2,#fc8d62,car
73018,9,1,74,135,2019,10,18,1,3,3,6,2,0,1,0,0,0,1,"663077,41312","5353448,5057","11,199563279","48,313184428",1,2,#fc8d62,car
73019,9,1,74,113,2019,10,16,4,3,8,7,0,0,1,0,0,0,0,"670765,760477","5347521,71094","11,300782038","48,2578765",1,2,#fc8d62,car
73020,9,1,74,151,2019,10,2,1,3,1,5,1,0,1,0,1,0,0,"678798,45661","5361282,5132","11,414745605","48,379352763",1,2,#fc8d62,car
73021,9,7,77,121,2019,10,23,4,3,0,7,2,0,1,0,0,0,0,"630582,807115","5321873,26549","10,751819511","48,036784289",1,2,#fc8d62,car
73022,9,1,74,131,2019,10,16,1,3,9,1,0,0,1,0,0,0,0,"673828,716519","5358382,93014","11,346488343","48,354676977",1,2,#fc8d62,car
73023,9,1,81,141,2019,10,7,4,3,5,3,0,0,1,0,1,0,0,"643855,056","5319377,611","10,928934397","48,011491105",1,2,#fc8d62,car
73024,9,1,62,0,2019,10,20,1,3,2,6,2,0,1,0,0,0,0,"696089,310096","5343541,49558","11,639780201","48,214775938",1,2,#fc8d62,car
73025,9,1,62,0,2019,10,18,4,3,2,6,2,0,1,0,0,0,0,"688638,957541","5344534,12673","11,540028497","48,225956016",1,2,#fc8d62,car
73026,9,1,77,117,2019,10,19,1,3,4,2,2,0,1,0,0,0,0,"714489,076876","5355421,05184","11,893190258","48,315566608",1,2,#fc8d62,car
73027,9,1,75,124,2019,10,18,1,3,5,2,1,0,1,0,0,0,0,"712622,025309","5329405,92178","11,855009824","48,082434425",1,2,#fc8d62,car
73028,9,1,78,113,2019,10,17,4,3,2,6,1,0,1,0,0,0,0,"691604,415903","5365961,44554","11,589652699","48,417645693",1,2,#fc8d62,car
73029,9,1,86,152,2019,10,15,4,3,2,6,0,0,1,0,0,0,0,"691611,971764","5374042,89812","11,593453533","48,49027351",1,2,#fc8d62,car
73030,9,1,84,149,2019,10,19,7,3,5,3,2,0,1,0,0,0,0,"692304,554336","5349792,74134","11,591722569","48,272117747",1,2,#fc8d62,car
73031,9,1,78,145,2019,10,13,4,3,2,6,0,0,1,0,0,0,0,"695313,941141","5355558,95821","11,63490363","48,32301909",1,2,#fc8d62,car
73032,9,1,84,120,2019,10,16,7,3,3,6,0,1,1,0,0,0,0,"682129,10052","5333139,39705","11,447575165","48,125434914",0,1,#66c2a5,bicycle
73033,9,1,86,152,2019,10,6,4,3,2,6,1,0,0,0,0,1,0,"691424,561601","5373571,99802","11,590703931","48,486098533",1,5,#a6d854,bus
73034,9,1,62,0,2019,10,13,7,3,2,6,0,0,1,0,0,0,0,"688688,023783","5336409,08832","11,537078988","48,152913205",0,2,#fc8d62,car
73035,9,1,84,119,2019,10,9,7,3,1,6,0,0,1,0,0,0,0,"696305,775408","5346397,65902","11,644013848","48,240378057",1,2,#fc8d62,car
73036,9,1,78,143,2019,10,7,4,3,5,3,0,0,1,0,0,0,0,"718984,326376","5372921,62372","11,962865343","48,471261228",0,2,#fc8d62,car
73037,9,7,78,116,2019,10,16,7,3,8,1,0,0,1,0,0,0,0,"618724,002366","5320645,76317","10,5924556","48,028059869",0,2,#fc8d62,car
73038,9,1,78,125,2019,10,16,4,3,4,6,0,0,1,0,0,0,0,"717152,310504","5380988,29292","11,942308427","48,544371566",1,2,#fc8d62,car
73040,9,7,61,0,2019,10,11,7,3,6,1,0,0,1,1,0,0,0,"641530,445493","5353475,12318","10,909130428","48,318613487",0,2,#fc8d62,car
73041,9,1,75,123,2019,10,20,4,3,2,6,2,0,1,0,0,0,0,"723968,381916","5337311,00381","12,011303341","48,149574159",1,2,#fc8d62,car
73042,9,1,62,0,2019,10,7,3,3,2,6,0,0,1,0,0,0,0,"684458,134385","5335409,39588","11,479827045","48,145168323",0,2,#fc8d62,car
73044,9,1,62,0,2019,10,15,3,3,2,6,0,0,1,0,0,1,0,"689781,382539","5339870,62815","11,553309976","48,183700162",0,2,#fc8d62,car
73047,9,1,62,0,2019,10,7,3,3,2,6,2,0,1,0,0,0,0,"687317,397143","5332247,00825","11,516838142","48,115908425",0,2,#fc8d62,car
73050,9,1,88,127,2019,10,7,3,3,5,3,0,1,1,0,0,0,0,"680108,538762","5330077,96607","11,419153974","48,098490649",0,1,#66c2a5,bicycle
73052,9,1,84,112,2019,10,6,3,2,0,1,1,0,0,0,1,0,0,"700845,608378","5341734,45331","11,70288179","48,197049014",0,4,#e78ac3,marker
73061,9,7,78,203,2019,10,17,3,2,5,3,0,0,1,0,1,0,0,"623773,339171","5322143,51286","10,660586799","48,040571093",0,2,#fc8d62,car
73082,9,2,74,126,2019,10,4,7,3,6,6,2,0,0,1,0,0,1,"732505,438756","5384472,55259","12,151964597","48,570168827",1,3,#8da0cb,toilet
73083,9,7,61,0,2019,10,10,3,2,2,6,0,0,1,0,0,1,0,"641611,425877","5363750,63328","10,913681499","48,410988614",0,2,#fc8d62,car
73084,9,2,74,126,2019,10,10,7,3,2,6,0,0,1,0,0,0,0,"732937,927455","5383200,42247","12,157106357","48,558581209",1,2,#fc8d62,car
73085,9,7,72,148,2019,10,20,3,3,5,3,2,0,1,0,0,0,0,"626533,267228","5353938,7612","10,707068706","48,325962272",0,2,#fc8d62,car
73088,9,7,72,184,2019,10,8,3,3,2,6,0,0,1,0,0,0,0,"634454,608668","5359037,78601","10,815510362","48,370178021",0,2,#fc8d62,car
73089,9,1,73,126,2019,10,12,7,2,5,3,0,0,1,0,0,0,0,"687433,939726","5303522,60688","11,505865486","47,85768342",1,2,#fc8d62,car
73090,9,7,72,207,2019,10,10,3,3,5,3,0,0,1,0,0,0,0,"640255,798169","5381147,13034","10,901212928","48,567711916",0,2,#fc8d62,car
73092,9,7,61,0,2019,10,16,3,3,1,2,0,1,1,0,0,0,0,"643198,549489","5360557,97499","10,93402786","48,381923432",0,1,#66c2a5,bicycle
73094,9,7,61,0,2019,10,17,3,3,5,1,0,0,1,0,0,0,1,"641575,118258","5357762,3123","10,911173507","48,357152383",0,2,#fc8d62,car
73096,9,7,61,0,2019,10,6,3,3,5,3,2,0,1,0,0,0,0,"638338,449098","5354660,92158","10,866486137","48,329982538",0,2,#fc8d62,car
73098,9,1,82,133,2019,10,9,7,3,0,1,0,0,0,0,1,0,0,"707246,867965","5306121,12191","11,77169165","47,874952184",1,4,#e78ac3,marker
73099,9,7,61,0,2019,10,17,3,3,4,2,0,0,0,0,0,1,1,"640248,012746","5360541,79555","10,894195642","48,382440791",0,5,#a6d854,bus
73100,9,1,87,177,2019,10,12,7,2,5,3,1,0,1,0,0,0,0,"735615,591554","5306780,23529","12,150892884","47,871094781",1,2,#fc8d62,car
73103,9,1,78,113,2019,10,11,7,3,2,6,0,0,1,0,0,0,0,"691647,7883","5364640,08854","11,589634791","48,405757022",1,2,#fc8d62,car
73105,9,1,62,0,2019,10,22,6,2,9,1,2,1,0,0,0,0,0,"689132,048946","5331756,86574","11,540978108","48,11096661",1,1,#66c2a5,bicycle
73106,9,1,84,145,2019,10,6,6,2,0,7,2,0,1,0,0,1,1,"696463,025843","5322866,23917","11,635277682","48,028842863",0,2,#fc8d62,car
73108,9,1,62,0,2019,10,13,6,3,5,2,0,1,1,0,0,0,0,"692163,578445","5339297,92153","11,585067302","48,17783678",1,1,#66c2a5,bicycle
73110,9,1,84,130,2019,10,17,6,3,2,6,0,0,1,0,0,0,0,"698891,86","5346170,374","11,678699457","48,237529576",0,2,#fc8d62,car
73123,9,7,71,145,2019,10,7,6,3,0,7,0,1,0,0,0,0,0,"651034,028581","5344181,99905","11,033924128","48,232859689",0,1,#66c2a5,bicycle
73125,9,7,71,158,2019,10,13,6,3,5,1,0,0,1,0,1,0,0,"638635,398072","5372483,93003","10,876379195","48,490177102",1,2,#fc8d62,car