OBJECTID,ULAND,UREGBEZ,UKREIS,UGEMEINDE,UJAHR,UMONAT,USTUNDE,UWOCHENTAG,UKATEGORIE,UART,UTYP1,ULICHTVERH,IstRad,IstPKW,IstFuss,IstKrad,IstGkfz,IstSonstig,LINREFX,LINREFY,XGCSWGS84,YGCSWGS84,STRZUSTAND,Teilnehmer,color,symbol
74437,9,1,62,0,2019,10,7,4,3,2,6,0,0,1,0,0,0,0,"689075,108698","5331344,40578","11,540031091","48,107276257",0,2,#fc8d62,car
74441,9,1,82,120,2019,10,20,1,3,6,2,2,0,1,1,0,0,0,"701877,841388","5306302,85414","11,700055481","47,878295645",0,2,#fc8d62,car
74443,9,1,87,169,2019,10,11,1,3,5,2,0,0,1,0,0,0,0,"740172,687","5298587,648","12,207194201","47,795810619",0,2,#fc8d62,car
74450,9,7,62,0,2019,10,16,4,3,4,2,0,0,1,0,0,0,0,"622042,735652","5304658,85916","10,632415204","47,883654661",0,2,#fc8d62,car
74451,9,7,61,0,2019,10,9,4,3,8,1,0,0,1,0,0,0,0,"638870,4931","5356563,91451","10,874287942","48,346977259",0,2,#fc8d62,car
74453,9,1,75,139,2019,10,13,1,3,5,2,0,0,1,0,1,0,0,"710649,486392","5332058,9505","11,829865843","48,10692941",0,2,#fc8d62,car
74454,9,1,75,124,2019,10,11,7,3,2,6,0,0,1,0,0,0,0,"712184,43735","5329421,28978","11,849149226","48,082718289",0,2,#fc8d62,car
74455,9,7,72,157,2019,10,16,4,3,0,3,0,1,1,0,0,0,0,"628272,202434","5336094,97197","10,725111537","48,165147835",0,1,#66c2a5,bicycle
74456,9,1,62,0,2019,10,17,7,3,5,3,1,0,1,0,0,0,1,"693386,62638","5337419,02433","11,600648214","48,160578907",1,2,#fc8d62,car
74457,9,7,71,129,2019,10,8,4,3,9,7,0,0,1,0,0,0,0,"653748,738971","5356890,54507","11,075083552","48,346467832",0,2,#fc8d62,car
74458,9,1,84,123,2019,10,14,7,3,5,3,0,1,1,0,1,0,0,"703877,809088","5334272,17421","11,740062926","48,129022168",0,1,#66c2a5,bicycle
74460,9,7,72,163,2019,10,17,4,3,2,6,1,0,1,0,0,0,0,"639146,382893","5350531,238","10,876018745","48,292671616",0,2,#fc8d62,car
74472,9,7,73,182,2019,10,10,7,3,2,6,0,0,1,0,0,0,1,"623344,586892","5379350,89912","10,671552188","48,555115735",1,2,#fc8d62,car
74475,9,7,71,142,2019,10,12,7,3,1,2,0,0,1,0,0,0,0,"646948,243021","5350178,40391","10,981019715","48,28773568",1,2,#fc8d62,car
74477,9,7,72,202,2019,10,0,7,3,8,1,2,0,1,0,0,0,0,"634774,637457","5358966,0116","10,819806371","48,36946436",0,2,#fc8d62,car
74480,9,7,61,0,2019,10,13,7,3,2,1,0,0,1,0,0,0,0,"641506,944556","5358183,99402","10,910395552","48,360959265",0,2,#fc8d62,car
74481,9,7,61,0,2019,10,14,7,3,4,2,0,0,1,0,0,0,0,"641424,164169","5352717,38771","10,907443534","48,311823939",1,2,#fc8d62,car
74484,9,7,61,0,2019,10,6,7,2,0,1,2,1,0,0,0,0,0,"642026,684","5359585,336","10,917881364","48,373442813",1,1,#66c2a5,bicycle
74487,9,7,71,113,2019,10,9,7,3,0,7,0,1,0,0,0,0,0,"657904,803356","5369743,56122","11,13597134","48,46099517",1,1,#66c2a5,bicycle
74503,9,7,72,177,2019,10,2,6,1,6,4,2,0,1,1,0,0,0,"637218,450298","5377105,96682","10,858731801","48,532047793",0,2,#fc8d62,car
74540,9,1,78,113,2019,10,13,7,3,2,6,0,0,1,0,0,0,0,"691484,0553","5368410,7174","11,589146394","48,43969467",0,2,#fc8d62,car
74541,9,2,61,0,2019,10,8,4,3,2,6,0,0,1,0,0,1,0,"733042,136378","5382841,42613","12,158315571","48,555317765",0,2,#fc8d62,car
74542,9,2,61,0,2019,10,13,4,3,5,3,0,1,1,0,0,0,0,"734494,538172","5381850,8","12,177410143","48,545878194",0,1,#66c2a5,bicycle
74543,9,1,73,130,2019,10,16,4,3,5,3,0,0,1,0,0,0,0,"681475,976","5313283,899","11,430392915","47,947140402",0,2,#fc8d62,car
74544,9,1,73,147,2019,10,18,4,3,8,1,2,0,1,0,0,0,0,"680864,289723","5309427,94241","11,420589594","47,912651231",0,2,#fc8d62,car
74546,9,1,90,111,2019,10,13,4,1,5,3,0,1,1,0,0,0,0,"639132,424303","5296312,2012","10,858202436","47,805119327",0,1,#66c2a5,bicycle
74548,9,1,73,118,2019,10,16,4,1,2,6,0,0,1,0,0,0,0,"687304,483684","5306599,25941","11,505469972","47,885376525",0,2,#fc8d62,car
74566,9,1,87,165,2019,10,23,4,3,8,1,2,0,1,0,0,0,0,"726855,653616","5299956,91302","12,030343116","47,812941893",0,2,#fc8d62,car
74580,9,1,81,145,2019,10,19,4,2,3,6,2,1,1,0,0,0,0,"643240,767475","5331264,85849","10,924684629","48,118519367",0,1,#66c2a5,bicycle
74582,9,1,74,135,2019,10,8,4,2,7,7,0,0,1,0,0,0,0,"660881,323954","5354272,04352","11,170279141","48,321150705",1,2,#fc8d62,car
74584,9,1,74,143,2019,10,6,4,3,1,6,2,0,1,0,0,0,0,"671422,272259","5353066,91349","11,311869522","48,307547375",1,2,#fc8d62,car
74585,9,1,78,143,2019,10,7,4,3,5,3,2,1,1,0,0,0,0,"716748,767707","5373197,7955","11,932802741","48,474516821",1,1,#66c2a5,bicycle
74587,9,1,78,124,2019,10,20,4,3,2,3,2,0,1,0,0,0,0,"705790,618","5362961,584","11,779690944","48,386216488",0,2,#fc8d62,car
74589,9,1,78,124,2019,10,7,4,3,0,1,0,1,0,0,0,0,0,"703471,664884","5364753,82982","11,749273901","48,403074143",0,1,#66c2a5,bicycle
74590,9,1,77,138,2019,10,19,4,3,4,6,2,0,1,0,0,0,0,"729616,744584","5362889,48091","12,101015148","48,377348485",0,2,#fc8d62,car
74591,9,2,74,134,2019,10,12,7,3,2,6,0,0,1,0,1,0,0,"742243,237911","5376194,61334","12,278945027","48,49213295",0,2,#fc8d62,car
74592,9,2,61,0,2019,10,11,7,3,2,6,0,0,1,0,0,0,0,"732771,134488","5383082,19852","12,154783214","48,557581172",0,2,#fc8d62,car
74593,9,7,62,0,2019,10,22,6,3,5,3,2,0,1,0,0,0,1,"622182,658508","5304707,73233","10,634299822","47,884067594",0,2,#fc8d62,car
74594,9,1,77,115,2019,10,17,4,3,1,6,2,0,1,0,0,0,0,"734527,341335","5349951,56214","12,160036489","48,259322116",0,2,#fc8d62,car
74596,9,1,62,0,2019,10,6,3,3,0,6,1,0,1,0,0,1,0,"682411,644933","5335524,22568","11,452389842","48,146790587",0,2,#fc8d62,car
74597,9,1,84,139,2019,10,5,3,3,0,1,2,1,0,0,0,0,0,"687196,511745","5323886,9044","11,511553147","48,040800037",1,1,#66c2a5,bicycle
74599,9,1,62,0,2019,10,15,3,3,5,2,0,1,1,0,0,0,0,"688145,597972","5328013,83202","11,526089115","48,077615332",0,1,#66c2a5,bicycle
74601,9,1,62,0,2019,10,15,3,2,3,6,2,0,1,0,0,0,0,"689974,770666","5331933,29445","11,55236698","48,112301573",0,2,#fc8d62,car
74603,9,1,62,0,2019,10,14,3,3,6,2,0,0,1,1,0,0,0,"684622,027881","5329126,2571","11,479307894","48,088644406",0,2,#fc8d62,car
74604,9,1,63,0,2019,10,5,7,3,9,7,2,0,1,0,1,0,0,"729414,818","5300706,894","12,064875122","47,818773154",0,2,#fc8d62,car
74605,9,1,62,0,2019,10,9,3,3,3,6,0,1,1,0,0,0,0,"694919,475684","5331747,20322","11,618644478","48,109135042",0,1,#66c2a5,bicycle
74606,9,1,87,129,2019,10,15,7,3,8,1,0,0,1,0,0,0,0,"722820,144","5298695,65","11,975864504","47,803018677",0,2,#fc8d62,car
74616,9,1,81,121,2019,10,12,7,3,5,2,0,0,1,0,0,0,1,"637055,05771","5309823,13278","10,834756993","47,927065965",0,2,#fc8d62,car
74618,9,1,79,121,2019,10,19,7,2,6,6,2,1,0,1,0,0,0,"663986,202657","5338392,92457","11,205980492","48,17759814",0,1,#66c2a5,bicycle
74621,9,1,74,115,2019,10,10,7,3,5,3,0,0,1,0,1,0,0,"683339,712157","5347778,77658","11,470148399","48,25667403",0,2,#fc8d62,car
74622,9,1,74,131,2019,10,2,7,3,8,1,2,0,0,0,1,0,0,"676788,269461","5360221,98822","11,387175932","48,370386359",0,4,#e78ac3,marker
74625,9,1,75,132,2019,10,15,7,3,4,6,0,1,0,0,0,0,0,"707392,301433","5335900,03439","11,788031748","48,142515357",0,1,#66c2a5,bicycle
74628,9,1,78,157,2019,10,22,7,3,2,6,2,0,1,0,0,0,0,"706828,747939","5373589,81536","11,798940736","48,481379945",0,2,#fc8d62,car
74629,9,7,71,130,2019,10,17,3,2,2,6,1,0,1,0,0,1,0,"643894,887883","5363228,77484","10,944342027","48,405779176",0,2,#fc8d62,car
74631,9,7,72,209,2019,10,13,3,3,8,1,0,0,1,0,0,0,0,"636518,142467","5336307,88415","10,836020874","48,165344957",0,2,#fc8d62,car
74632,9,1,75,122,2019,10,17,7,2,9,1,0,0,1,0,0,0,0,"722264,905102","5324356,67213","11,981689826","48,033779297",0,2,#fc8d62,car
74633,9,7,71,122,2019,10,0,3,3,8,1,2,0,1,0,0,0,0,"653340,677896","5362535,06001","11,071638275","48,397315278",0,2,#fc8d62,car
74634,9,1,84,119,2019,10,10,6,3,2,6,0,0,1,0,0,0,0,"693308,537307","5347285,93132","11,604093606","48,249282246",0,2,#fc8d62,car
74635,9,7,72,125,2019,10,6,3,3,2,6,2,0,1,0,0,0,0,"637251,020165","5346985,16236","10,849327224","48,261199019",0,2,#fc8d62,car
74636,9,7,61,0,2019,10,7,3,3,3,2,0,1,1,0,0,0,0,"639223,577797","5360874,72704","10,88047767","48,385661338",0,1,#66c2a5,bicycle
74637,9,1,84,147,2019,10,17,6,3,2,6,2,0,1,0,0,0,0,"695538,99158","5339913,52696","11,630708839","48,18233982",1,2,#fc8d62,car
74638,9,7,61,0,2019,10,6,3,3,5,3,1,0,1,0,0,0,0,"643149,554","5359562,968","10,933027674","48,372987979",0,2,#fc8d62,car
74639,9,1,62,0,2019,10,7,6,2,5,2,0,1,0,0,0,1,0,"694053,391103","5340280,92849","11,610911546","48,186097326",0,1,#66c2a5,bicycle
74640,9,7,61,0,2019,10,13,3,3,5,2,0,1,1,0,0,0,0,"637989,972373","5353415,42357","10,861379324","48,318859297",0,1,#66c2a5,bicycle
74642,9,7,61,0,2019,10,16,3,3,3,6,0,1,0,0,0,0,0,"640653,665605","5360319,03946","10,899596726","48,380347537",0,1,#66c2a5,bicycle
74643,9,1,84,149,2019,10,5,6,2,5,3,2,0,1,0,0,0,0,"691254,966","5352286,973","11,578720895","48,294852765",0,2,#fc8d62,car
74652,9,7,61,0,2019,10,12,6,3,2,1,0,0,1,0,0,0,0,"637506,071127","5352267,64681","10,854481261","48,308643945",0,2,#fc8d62,car
74663,9,7,77,140,2019,10,16,6,2,1,5,0,0,1,0,0,0,0,"628001,292208","5318526,03686","10,716204002","48,007205048",0,2,#fc8d62,car
74672,9,7,61,0,2019,10,18,6,3,4,2,1,0,1,0,0,0,0,"643044,323297","5360483,25575","10,931920694","48,381286585",0,2,#fc8d62,car
74693,9,1,78,129,2019,10,17,7,3,4,6,0,0,1,0,0,0,0,"711568,647688","5371507,45999","11,861948468","48,461092656",0,2,#fc8d62,car
74733,9,2,74,126,2019,10,10,3,3,5,3,0,0,1,0,0,0,0,"733406,199363","5383796,21256","12,163777049","48,563758842",0,2,#fc8d62,car
74735,9,1,73,147,2019,10,17,3,3,0,1,0,1,0,0,0,0,0,"680690,851397","5309370,15632","11,418246313","47,912180662",0,1,#66c2a5,bicycle
74739,9,7,72,151,2019,10,5,6,3,8,1,2,1,0,0,0,0,0,"631966,307862","5342155,72171","10,776652147","48,218893297",1,1,#66c2a5,bicycle
74746,9,1,82,123,2019,10,6,3,3,8,1,2,0,0,0,0,1,0,"720639,859","5301300,497","11,948111569","47,827175498",0,5,#a6d854,bus
74748,9,1,87,126,2019,10,17,3,3,5,3,0,0,1,0,0,0,0,"741598,561947","5325921,07889","12,241520959","48,040812742",0,2,#fc8d62,car
74750,9,2,61,0,2019,10,12,6,3,3,6,0,0,1,0,0,1,0,"731719,970948","5381341,42479","12,139590515","48,542333402",0,2,#fc8d62,car
74751,9,1,87,167,2019,10,15,3,3,5,3,0,0,1,0,0,0,0,"741993,493613","5305227,00149","12,235176736","47,854771219",0,2,#fc8d62,car
74753,9,1,87,172,2019,10,18,3,3,0,1,2,0,0,0,1,0,0,"742507,138718","5296693,4676","12,237258711","47,777920235",1,4,#e78ac3,marker
74754,9,1,87,150,2019,10,17,3,3,0,1,0,1,0,0,0,0,0,"728972,817965","5304275,12399","12,060865536","47,850989692",0,1,#66c2a5,bicycle
74756,9,2,61,0,2019,10,5,6,3,5,3,2,0,1,0,0,0,0,"732442,430371","5382731,16642","12,150139291","48,554549864",0,2,#fc8d62,car
74761,9,1,62,0,2019,10,21,3,3,2,6,2,0,1,0,0,0,0,"686338,940696","5333319,00331","11,504172988","48,125830994",0,2,#fc8d62,car
74763,9,1,74,113,2019,10,6,3,3,2,6,2,0,1,0,0,0,1,"673945,100385","5345269,53907","11,342656151","48,236766354",0,2,#fc8d62,car
74765,9,1,88,118,2019,10,7,3,3,0,1,2,1,0,0,0,0,0,"671568,137755","5312280,32603","11,297417089","47,940848692",1,1,#66c2a5,bicycle
74768,9,1,79,119,2019,10,13,3,2,5,3,0,1,1,0,0,0,0,"671319,590534","5339081,46538","11,304827471","48,181853057",0,1,#66c2a5,bicycle
74771,9,1,74,150,2019,10,14,3,2,0,1,0,1,0,0,0,0,0,"681158,988775","5359238,07485","11,445714891","48,360303245",0,1,#66c2a5,bicycle
74773,9,1,84,118,2019,10,13,3,3,7,7,0,0,1,0,0,1,0,"704506,360815","5335839,63708","11,749252904","48,142906723",0,2,#fc8d62,car
74778,9,1,86,152,2019,10,16,3,3,2,6,0,0,1,0,0,0,0,"691535,813483","5375214,18614","11,592960934","48,500823306",0,2,#fc8d62,car
74780,9,1,62,0,2019,10,7,3,3,2,6,1,0,1,0,0,1,0,"694625,97403","5342023,55074","11,619405772","48,201583938",0,2,#fc8d62,car
74782,9,1,77,131,2019,10,6,3,3,2,6,1,0,1,0,0,0,0,"711258,653744","5348297,94752","11,846111191","48,252648462",0,2,#fc8d62,car
74784,9,1,62,0,2019,10,17,2,3,0,2,0,0,1,0,1,0,0,"682673,924617","5335962,53809","11,456100738","48,150655174",0,2,#fc8d62,car
74786,9,1,62,0,2019,10,6,2,3,2,6,2,0,1,0,0,0,0,"685563,156532","5340859,73115","11,497046836","48,193836622",0,2,#fc8d62,car
74790,9,1,62,0,2019,10,19,7,3,2,6,2,0,1,0,0,0,0,"694383,186431","5341186,53588","11,61575848","48,194135652",0,2,#fc8d62,car
74799,9,1,84,148,2019,10,9,2,3,5,3,0,1,1,0,0,0,0,"695213,283216","5327725,71635","11,620748965","48,072901495",0,1,#66c2a5,bicycle
74800,9,2,61,0,2019,10,10,6,3,5,7,0,1,1,0,0,0,0,"732396,536697","5380517,5839","12,148283574","48,534682854",0,1,#66c2a5,bicycle
74801,9,1,84,136,2019,10,9,2,2,0,7,0,1,0,0,0,0,0,"698562,593878","5327162,35739","11,665401988","48,066804502",1,1,#66c2a5,bicycle
74802,9,2,61,0,2019,10,11,6,3,2,6,0,0,1,0,0,0,0,"733544,927505","5381292,99389","12,164250707","48,541221829",0,2,#fc8d62,car
74807,9,7,62,0,2019,10,15,2,3,1,6,0,0,1,0,0,0,0,"623305,323141","5306169,06928","10,6497275","47,896995635",0,2,#fc8d62,car
74811,9,1,84,132,2019,10,9,6,3,9,1,0,0,1,0,0,0,0,"682795,73259","5324816,62165","11,452963106","48,050432234",0,2,#fc8d62,car
74812,9,1,73,134,2019,10,14,6,2,2,6,0,0,1,0,0,0,0,"684340,430084","5299154,12298","11,462687046","47,819309527",0,2,#fc8d62,car
74814,9,1,83,119,2019,10,18,6,3,0,7,1,0,0,0,1,0,1,"736801,498","5337768,58","12,183833031","48,14903758",1,4,#e78ac3,marker
74815,9,7,61,0,2019,10,9,2,3,1,1,0,0,1,0,0,0,0,"641355,276566","5355610,19381","10,907484961","48,337850547",0,2,#fc8d62,car
74859,9,1,82,137,2019,10,9,3,2,4,6,0,0,1,0,0,0,0,"712477,513212","5299455,68563","11,838285727","47,813344994",1,2,#fc8d62,car
74861,9,1,86,152,2019,10,8,3,3,2,6,0,0,1,0,0,0,0,"690753,034538","5376644,61059","11,583028787","48,513917",1,2,#fc8d62,car
74862,9,1,86,143,2019,10,16,3,3,5,3,1,0,1,0,0,0,0,"684674,119926","5377296,56426","11,501084494","48,521593583",0,2,#fc8d62,car
74863,9,1,86,143,2019,10,15,3,2,5,2,0,0,1,0,0,0,0,"688059,183","5382595,762","11,549274715","48,568214981",0,2,#fc8d62,car
74865,9,1,74,113,2019,10,14,3,3,5,3,0,0,1,0,0,0,0,"677496,4558","5346719,29553","11,391049886","48,24881408",1,2,#fc8d62,car
74866,9,1,81,118,2019,10,16,3,3,5,3,2,0,1,0,0,0,0,"650634,978","5328145,669","11,022874643","48,088767079",1,2,#fc8d62,car
74867,9,1,79,118,2019,10,12,3,3,5,3,0,0,1,0,0,0,0,"672951,81954","5337189,55955","11,325998046","48,164403563",1,2,#fc8d62,car
74868,9,1,62,0,2019,10,15,3,3,8,1,0,0,1,0,0,0,0,"694380,075765","5341132,77591","11,615692057","48,193653436",0,2,#fc8d62,car
74869,9,1,74,126,2019,10,10,7,3,2,6,0,0,1,0,1,0,0,"683079,982719","5344470,9699","11,465222504","48,227017018",0,2,#fc8d62,car
74872,9,1,82,123,2019,10,14,7,3,0,1,0,0,0,0,1,0,0,"716800,987","5295307,848","11,893891535","47,774630722",1,4,#e78ac3,marker
74873,9,1,75,132,2019,10,14,3,3,2,6,0,0,1,0,0,0,0,"707449,371514","5330201,84982","11,78602607","48,091290904",1,2,#fc8d62,car
74874,9,1,62,0,2019,10,13,2,3,0,7,0,0,1,0,1,0,0,"686908,370676","5335144,12065","11,512618561","48,1420688",1,2,#fc8d62,car
74875,9,1,62,0,2019,10,17,2,3,5,2,2,1,1,0,0,0,0,"693473,393915","5339410,23397","11,602719831","48,178448769",0,1,#66c2a5,bicycle
74876,9,1,62,0,2019,10,11,2,3,6,4,0,0,1,1,0,0,0,"681647,571314","5335755,24808","11,442225717","48,149085835",1,2,#fc8d62,car
74877,9,1,62,0,2019,10,6,2,3,2,6,1,0,1,0,0,0,0,"692193,118502","5342945,04234","11,587114995","48,210607093",1,2,#fc8d62,car
74880,9,7,78,116,2019,10,17,2,2,4,6,2,0,1,0,0,0,0,"619972,567","5319326,265","10,608826513","48,015959514",0,2,#fc8d62,car
74884,9,7,62,0,2019,10,11,2,3,1,6,0,0,1,0,0,0,0,"622280,732607","5307158,48011","10,636305566","47,90609016",1,2,#fc8d62,car
74885,9,7,62,0,2019,10,17,2,2,5,3,2,1,1,0,0,0,0,"622188,683647","5307369,12513","10,635134012","47,908002173",1,1,#66c2a5,bicycle
74886,9,7,73,182,2019,10,20,2,3,9,1,2,0,1,0,0,0,0,"622035,377788","5377854,09138","10,65337901","48,541911751",1,2,#fc8d62,car
74887,9,7,71,146,2019,10,8,2,2,4,1,0,0,1,0,0,0,0,"647250,733436","5349244,85815","10,984769721","48,279271557",1,2,#fc8d62,car
74888,9,7,71,122,2019,10,19,2,3,1,6,2,0,1,0,0,0,0,"652388,271523","5360349,44174","11,057987121","48,377895793",0,2,#fc8d62,car
74889,9,7,71,112,2019,10,8,2,3,9,1,0,0,1,0,0,0,0,"649865,286682","5369651,33935","11,027260883","48,462132497",1,2,#fc8d62,car
74890,9,7,71,112,2019,10,15,2,3,4,6,0,0,1,0,0,0,0,"643722,381417","5366967,22503","10,943293855","48,439432228",0,2,#fc8d62,car
74897,9,1,62,0,2019,10,19,3,3,5,2,2,0,1,0,0,0,0,"692043,257657","5341283,59765","11,584348078","48,195719882",0,2,#fc8d62,car
74909,9,1,84,138,2019,10,10,3,3,8,1,0,0,1,0,0,0,0,"678276,919204","5331273,49063","11,395074197","48,109752494",1,2,#fc8d62,car
74920,9,2,74,126,2019,10,19,2,3,4,2,2,0,1,0,0,0,0,"731900,795","5383988,756","12,143510973","48,566046966",0,2,#fc8d62,car
74922,9,1,90,142,2019,10,17,2,3,5,3,2,0,1,0,0,0,0,"662504,527","5295702,873","11,169908823","47,794165313",0,2,#fc8d62,car
74923,9,1,90,157,2019,10,11,2,3,2,6,0,0,1,0,0,0,0,"660683,665956","5301207,74326","11,14765398","47,844117344",0,2,#fc8d62,car
74924,9,1,90,159,2019,10,7,2,2,8,1,0,0,1,0,0,0,0,"665150,868493","5305869,77506","11,209097248","47,884900223",1,2,#fc8d62,car
74932,9,1,62,0,2019,10,19,2,3,3,6,2,0,1,0,0,1,0,"683880,100681","5342573,62827","11,475163179","48,209731461",0,2,#fc8d62,car
74933,9,1,74,113,2019,10,6,2,3,2,6,0,0,1,0,0,0,0,"669396,317502","5349318,14239","11,283065872","48,274393316",1,2,#fc8d62,car
74934,9,1,79,126,2019,10,9,2,3,0,1,0,1,0,0,0,0,0,"676264,372372","5340324,8142","11,371809111","48,191677173",1,1,#66c2a5,bicycle
74935,9,1,79,149,2019,10,7,2,2,5,3,0,0,1,0,0,0,0,"656594,051723","5330154,67819","11,103581143","48,105393843",1,2,#fc8d62,car
74936,9,1,77,116,2019,10,6,2,3,2,6,0,0,1,0,0,0,0,"711392,293307","5361540,13743","11,854543727","48,371592192",1,2,#fc8d62,car
74937,9,1,84,141,2019,10,15,1,3,0,1,0,0,0,0,1,0,0,"698708,345342","5316535,38013","11,662430661","47,971250072",0,4,#e78ac3,marker
74938,9,1,84,138,2019,10,10,1,2,5,3,0,0,1,0,0,0,0,"681736,968014","5330693,64443","11,441268142","48,103562533",0,2,#fc8d62,car
74939,9,1,62,0,2019,10,10,1,2,5,3,0,0,1,0,1,0,0,"684190,631929","5335413,32655","11,47623597","48,14528116",0,2,#fc8d62,car
74940,9,1,84,135,2019,10,12,1,3,1,6,0,0,1,0,1,0,0,"688200,034003","5347436,6599","11,535413984","48,252174339",0,2,#fc8d62,car
74941,9,1,62,0,2019,10,13,1,3,2,6,0,0,1,0,0,0,0,"692067,785056","5340444,34286","11,584298236","48,188169476",0,2,#fc8d62,car
74942,9,1,84,142,2019,10,16,1,3,7,7,0,1,0,0,0,0,0,"680987,555953","5318587,42415","11,426091152","47,994952847",0,1,#66c2a5,bicycle
74949,9,7,73,182,2019,10,12,1,3,9,1,0,0,1,0,0,0,0,"627804,580611","5380739,37617","10,732391679","48,566708017",0,2,#fc8d62,car
74957,9,1,79,134,2019,10,13,7,2,0,1,0,1,0,0,0,0,0,"663754,761656","5341916,99376","11,204228561","48,209339989",0,1,#66c2a5,bicycle
74959,9,1,87,130,2019,10,12,7,3,5,3,0,0,1,0,0,0,0,"712222,668","5310197,806","11,840157936","47,90996162",0,2,#fc8d62,car
74960,9,7,78,116,2019,10,9,3,3,5,3,0,1,1,0,0,0,0,"619022,841","5319626,282","10,596179175","48,018835387",1,1,#66c2a5,bicycle
74961,9,1,79,126,2019,10,18,7,3,5,3,1,0,1,0,0,0,0,"676302,461899","5340426,10146","11,372363237","48,192577089",0,2,#fc8d62,car
74996,9,1,73,137,2019,10,11,1,3,8,1,0,1,0,0,0,0,0,"678273,059412","5306088,69059","11,384561719","47,883358412",0,1,#66c2a5,bicycle
74998,9,1,83,139,2019,10,10,1,1,8,1,0,0,0,0,1,0,0,"734885,616143","5330824,02109","12,154289439","48,087362516",1,4,#e78ac3,marker
75001,9,1,83,135,2019,10,16,1,3,0,7,1,0,1,0,1,0,0,"743079,198529","5350901,62743","12,275618423","48,264633494",0,2,#fc8d62,car
75005,9,1,81,130,2019,10,14,1,3,2,6,0,1,1,0,0,0,0,"639927,762","5323493,902","10,87764807","48,049378023",0,1,#66c2a5,bicycle
75006,9,1,81,127,2019,10,15,1,2,0,1,0,1,0,0,0,0,0,"635233,657256","5324825,92843","10,815113718","48,062368291",0,1,#66c2a5,bicycle
75007,9,1,81,124,2019,10,11,1,2,0,1,0,0,0,0,1,0,0,"647392,434489","5319613,90185","10,976419001","48,012809757",0,4,#e78ac3,marker
75008,9,1,78,145,2019,10,22,1,3,5,3,2,0,1,0,0,0,0,"697502,331","5354500,91859","11,663897919","48,312830739",0,2,#fc8d62,car
75009,9,1,78,143,2019,10,17,1,3,5,3,1,0,1,0,0,0,0,"717484,024966","5372125,22801","11,942180171","48,464626455",0,2,#fc8d62,car
75010,9,1,77,139,2019,10,14,1,3,0,1,0,1,0,0,0,0,0,"732269,3","5359137,2","12,134712094","48,342670653",0,1,#66c2a5,bicycle
75011,9,1,62,0,2019,10,12,7,3,5,3,0,0,1,0,0,0,0,"701479,745","5335714,865","11,708553492","48,142751036",0,2,#fc8d62,car
75012,9,1,84,149,2019,10,21,7,3,3,6,2,0,1,0,0,0,0,"690054,201007","5349954,97598","11,561498754","48,274255131",0,2,#fc8d62,car
75013,9,1,62,0,2019,10,9,7,3,2,6,0,0,1,0,0,0,0,"700727,560492","5335387,60616","11,698299051","48,140047714",0,2,#fc8d62,car
75014,9,1,84,135,2019,10,17,7,3,0,1,0,1,0,0,0,0,0,"690067,979407","5347330,44376","11,560505116","48,250662288",0,1,#66c2a5,bicycle
75021,9,7,62,0,2019,10,17,3,3,2,6,2,0,1,0,0,0,0,"622079,048055","5301909,37158","10,632123869","47,858919599",1,2,#fc8d62,car
75023,9,7,72,215,2019,10,20,7,3,5,3,2,0,1,0,0,0,0,"633903,792352","5345658,22717","10,80383011","48,249983127",0,2,#fc8d62,car
75024,9,7,61,0,2019,10,16,7,3,5,3,0,1,0,0,1,0,0,"641458,015","5358559,506","10,909861634","48,364346689",0,1,#66c2a5,bicycle
75031,9,1,74,111,2019,10,8,7,3,6,4,0,0,1,1,0,0,0,"666968,221455","5361943,33308","11,255369338","48,388534865",0,2,#fc8d62,car
75046,9,7,72,148,2019,10,10,3,2,6,4,0,0,1,1,0,0,0,"628358,227785","5354502,90476","10,731849574","48,330667404",1,2,#fc8d62,car
75050,9,7,72,125,2019,10,18,3,3,4,1,2,0,1,0,0,0,0,"630562,13991","5346734,39544","10,75916877","48,260357844",1,2,#fc8d62,car
75053,9,7,61,0,2019,10,5,3,3,3,2,2,1,1,0,0,0,0,"642028,605664","5359584,11698","10,917906886","48,37343142",1,1,#66c2a5,bicycle
75055,9,7,61,0,2019,10,15,3,3,5,3,0,0,1,0,0,0,0,"638470,134071","5356007,86506","10,868704579","48,342065239",1,2,#fc8d62,car
75056,9,7,61,0,2019,10,17,3,3,5,3,1,1,1,0,0,0,0,"640861,073046","5360469,62722","10,902446733","48,381655292",0,1,#66c2a5,bicycle
75073,9,2,74,182,2019,10,17,7,3,1,6,0,0,1,0,0,0,1,"729009,68889","5378090,32862","12,101139654","48,514123279",0,2,#fc8d62,car
75074,9,1,62,0,2019,10,13,3,3,5,3,0,0,1,0,0,0,0,"689524,661307","5339034,63229","11,549486771","48,176262877",0,2,#fc8d62,car
75075,9,2,61,0,2019,10,13,7,3,4,2,0,0,1,0,0,0,0,"731663,060434","5382223,05795","12,139310903","48,55027396",0,2,#fc8d62,car
75076,9,1,73,137,2019,10,14,7,3,2,2,0,0,1,0,1,0,0,"674818,250728","5299208,55536","11,335610129","47,822456588",0,2,#fc8d62,car