OBJECTID,ULAND,UREGBEZ,UKREIS,UGEMEINDE,UJAHR,UMONAT,USTUNDE,UWOCHENTAG,UKATEGORIE,UART,UTYP1,ULICHTVERH,IstRad,IstPKW,IstFuss,IstKrad,IstGkfz,IstSonstig,LINREFX,LINREFY,XGCSWGS84,YGCSWGS84,STRZUSTAND,Teilnehmer,color,symbol
75079,9,1,73,118,2019,10,16,7,2,8,1,0,0,0,0,1,0,0,"691833,324633","5301986,12345","11,563940836","47,842574631",0,4,#e78ac3,marker
75087,9,1,85,158,2019,10,15,7,3,5,2,0,1,1,0,0,0,0,"663049,53104","5379452,58951","11,209302917","48,546964313",0,1,#66c2a5,bicycle
75090,9,1,81,123,2019,10,17,7,3,5,3,0,1,1,0,0,0,0,"655066,54266","5327263,66505","11,082025698","48,079774156",0,1,#66c2a5,bicycle
75106,9,1,82,123,2019,11,17,1,3,2,6,2,0,1,0,0,0,0,"715925,742659","5301642,77862","11,885377293","47,831850781",1,2,#fc8d62,car
75110,9,1,88,121,2019,11,19,1,3,2,6,2,0,1,0,0,0,0,"673061,314442","5329690,99631","11,32442367","48,096964986",1,2,#fc8d62,car
75111,9,1,81,141,2019,11,15,1,3,5,3,0,0,1,0,0,0,0,"643766,348796","5320452,32564","10,928106034","48,021174967",1,2,#fc8d62,car
75112,9,1,86,152,2019,11,17,1,3,2,6,2,0,1,0,0,0,0,"691522,069617","5373813,62244","11,59213292","48,488240363",1,2,#fc8d62,car
75113,9,1,78,143,2019,11,18,1,3,2,6,2,0,1,0,0,0,0,"721929,197166","5374313,49776","12,003391643","48,482733877",1,2,#fc8d62,car
75115,9,1,77,126,2019,11,7,1,1,8,1,2,0,1,0,0,0,0,"717070,77407","5366874,88511","11,933877066","48,417596538",0,2,#fc8d62,car
75116,9,1,77,117,2019,11,14,1,3,4,2,0,0,1,0,0,0,0,"714483,039965","5355425,47608","11,893111185","48,315608408",0,2,#fc8d62,car
75117,9,1,62,0,2019,11,19,7,3,5,3,2,0,1,0,0,0,0,"693838,653679","5331645,85388","11,604093726","48,108553958",0,2,#fc8d62,car
75123,9,1,74,113,2019,11,16,2,3,4,7,1,0,0,0,0,0,1,"676346,264773","5345733,18973","11,3751589","48,240270952",1,6,#ffd92f,circle
75124,9,7,77,130,2019,11,18,7,3,4,2,2,0,1,0,1,0,0,"624603,764","5308944,692","10,667894127","47,92170739",0,2,#fc8d62,car
75125,9,7,77,158,2019,11,15,7,3,5,3,0,0,1,0,0,0,0,"620478,089","5309749,703","10,612917717","47,929736103",0,2,#fc8d62,car
75126,9,7,62,0,2019,11,13,7,3,1,6,0,0,1,0,0,0,0,"623092,212359","5306191,5505","10,64688388","47,897238744",0,2,#fc8d62,car
75130,9,7,61,0,2019,11,13,7,3,0,3,0,0,1,0,0,0,0,"639567,344961","5352074,92457","10,882201496","48,306459525",0,2,#fc8d62,car
75131,9,7,61,0,2019,11,18,7,3,2,3,2,0,1,0,0,0,0,"640865,759839","5360462,02462","10,902507447","48,381585885",0,2,#fc8d62,car
75145,9,2,61,0,2019,10,14,4,3,4,2,0,0,1,0,0,0,0,"731691,064121","5383831,15692","12,140584696","48,564708826",0,2,#fc8d62,car
75149,9,7,61,0,2019,11,20,1,3,1,6,2,0,1,0,0,0,0,"638959,863715","5356549,43302","10,875488695","48,346827389",1,2,#fc8d62,car
75176,9,2,61,0,2019,10,11,4,3,3,6,0,0,1,0,0,0,0,"732714,302514","5381658,98874","12,153218944","48,544818025",0,2,#fc8d62,car
75187,9,1,87,134,2019,11,10,7,3,5,3,0,0,1,0,0,0,0,"736677,739496","5319803,27218","12,172228296","47,987697108",1,2,#fc8d62,car
75193,9,1,88,139,2019,11,9,7,3,5,3,0,1,1,0,0,0,0,"674879,804","5319208,185","11,344543503","48,00223272",1,1,#66c2a5,bicycle
75194,9,1,79,142,2019,11,20,7,3,5,3,2,0,1,0,1,0,0,"671017,113224","5340989,23272","11,301529767","48,199084657",1,2,#fc8d62,car
75195,9,1,88,126,2019,11,19,7,3,5,3,2,0,1,0,0,0,0,"659860,363406","5329323,92815","11,147115798","48,09711351",0,2,#fc8d62,car
75196,9,1,77,133,2019,11,17,2,3,4,2,2,0,1,0,0,0,0,"711323,143991","5361556,61728","11,853619452","48,371763424",1,2,#fc8d62,car
75197,9,1,74,136,2019,11,14,7,3,5,3,0,1,1,0,0,0,0,"681821,207352","5363706,81603","11,456579618","48,400279363",0,1,#66c2a5,bicycle
75198,9,1,62,0,2019,11,16,6,3,3,7,0,0,1,0,1,0,0,"682635,994453","5335915,12385","11,455570898","48,150239875",0,2,#fc8d62,car
75199,9,1,84,113,2019,11,15,6,3,0,7,0,1,0,0,0,0,0,"685754,304058","5322099,53866","11,4914475","48,025155296",0,1,#66c2a5,bicycle
75200,9,1,84,122,2019,11,11,6,3,0,5,0,0,1,0,0,0,0,"687976,061825","5323699,288","11,521919275","48,038884641",0,2,#fc8d62,car
75202,9,7,77,164,2019,11,3,6,3,6,4,2,0,1,1,0,0,0,"622775,004949","5312037,82698","10,64430762","47,949878603",1,2,#fc8d62,car
75204,9,7,61,0,2019,11,18,6,3,0,1,2,1,0,0,0,0,0,"642652,835439","5358949,07355","10,926115902","48,367580617",1,1,#66c2a5,bicycle
75226,9,2,74,194,2019,11,2,6,2,9,7,2,0,1,0,0,0,0,"722658,283637","5384352,66114","12,018604617","48,572666784",1,2,#fc8d62,car
75233,9,1,82,120,2019,11,10,6,3,0,1,0,1,0,0,0,0,0,"702002,694469","5306431,21973","11,701783459","47,879410051",0,1,#66c2a5,bicycle
75236,9,1,88,137,2019,11,12,6,2,4,6,0,0,1,0,0,0,0,"673437,637434","5315256,88169","11,323629833","47,967104158",0,2,#fc8d62,car
75237,9,1,87,182,2019,10,22,4,3,0,7,2,1,0,0,0,0,0,"741111,780117","5327028,23551","12,235624113","48,05094203",0,1,#66c2a5,bicycle
75238,9,1,84,135,2019,10,11,5,3,5,2,0,0,1,0,0,0,0,"692117,075","5344757,578","11,586913603","48,226920578",0,2,#fc8d62,car
75239,9,1,62,0,2019,10,14,5,3,2,6,0,0,1,0,0,0,0,"692071,546817","5341550,13961","11,584848948","48,198106929",0,2,#fc8d62,car
75240,9,1,84,130,2019,10,10,5,3,2,6,0,0,1,0,0,0,0,"699714,910382","5345335,88416","11,689378427","48,229771435",0,2,#fc8d62,car
75241,9,1,84,123,2019,10,10,5,3,2,6,0,0,1,0,0,0,0,"703722,317822","5331765,4662","11,736778059","48,106544861",0,2,#fc8d62,car
75242,9,1,62,0,2019,10,13,5,2,9,1,0,0,1,0,0,0,0,"678527,610127","5334552,87462","11,399812636","48,139160972",0,2,#fc8d62,car
75246,9,1,87,179,2019,10,13,4,3,4,6,0,0,1,0,0,0,0,"724996,838843","5313416,23389","12,012556189","47,934525841",0,2,#fc8d62,car
75254,9,7,73,143,2019,10,22,5,3,2,6,2,0,1,0,0,0,1,"624779,194029","5377421,07474","10,690406851","48,537478128",0,2,#fc8d62,car
75255,9,7,61,0,2019,10,23,5,3,5,3,2,0,1,0,0,0,0,"641227,529551","5360915,05365","10,90754289","48,385578456",1,2,#fc8d62,car
75256,9,7,61,0,2019,10,18,5,3,5,1,2,0,1,0,0,0,0,"642445,362","5359297,551","10,92343425","48,37076082",0,2,#fc8d62,car
75257,9,7,61,0,2019,10,14,5,3,2,6,0,0,1,0,0,0,0,"640410,888922","5360354,36793","10,89633158","48,380719276",0,2,#fc8d62,car
75266,9,7,62,0,2019,11,14,1,3,5,3,0,0,1,0,0,0,0,"622708,489272","5305820,56911","10,641646632","47,893975769",0,2,#fc8d62,car
75295,9,1,84,131,2019,11,10,2,3,3,6,0,0,1,0,0,1,0,"704742,463606","5336932,83288","11,752948867","48,152654861",0,2,#fc8d62,car
75302,9,2,74,126,2019,10,7,5,3,4,2,0,0,1,0,0,0,0,"731900,795","5383988,756","12,143510973","48,566046966",0,2,#fc8d62,car
75305,9,1,90,148,2019,10,14,5,2,5,2,0,0,1,0,0,0,0,"641117,349438","5298811,5226","10,885511461","47,82716263",0,2,#fc8d62,car
75311,9,1,84,114,2019,10,16,5,3,3,6,0,0,1,0,0,0,0,"697905,127871","5323357,10443","11,654826781","48,032809348",0,2,#fc8d62,car
75312,9,1,87,182,2019,10,12,5,3,5,3,0,0,1,0,0,0,0,"741082,593079","5327668,7081","12,235593874","48,056706253",0,2,#fc8d62,car
75313,9,1,87,182,2019,10,16,5,3,5,3,0,0,0,0,1,1,0,"740458,406","5326293,362","12,226457754","48,044587223",0,4,#e78ac3,marker
75314,9,1,87,181,2019,10,8,5,2,5,2,0,0,1,0,0,0,0,"738377,803819","5315503,03698","12,192593885","47,948435891",0,2,#fc8d62,car
75315,9,1,87,177,2019,10,17,5,3,2,6,2,0,1,0,0,0,0,"736639,391566","5305615,06444","12,163924915","47,86025096",1,2,#fc8d62,car
75320,9,1,81,140,2019,10,17,5,3,0,7,2,0,1,0,0,0,0,"643929,658482","5324303,68678","10,931589525","48,055769678",0,2,#fc8d62,car
75321,9,7,61,0,2019,11,13,1,3,8,7,0,0,1,0,0,0,0,"638347,281697","5362220,53464","10,869091496","48,397955347",1,2,#fc8d62,car
75322,9,1,81,130,2019,10,11,5,3,0,1,0,1,0,0,0,0,0,"639296,443658","5322857,86508","10,868974278","48,043796676",0,1,#66c2a5,bicycle
75323,9,1,81,130,2019,10,23,5,3,0,1,2,1,0,0,0,0,0,"636509,582","5320478,715","10,830843978","48,023004143",1,1,#66c2a5,bicycle
75324,9,1,86,125,2019,10,10,4,3,5,3,0,0,1,0,0,0,0,"673367,475","5377992,535","11,348383685","48,531073551",0,2,#fc8d62,car
75325,9,1,74,115,2019,10,16,5,3,0,1,0,1,0,0,0,0,0,"681039,48869","5349101,29092","11,439752678","48,269222919",1,1,#66c2a5,bicycle
75326,9,1,74,115,2019,10,17,5,3,4,2,1,1,1,0,0,0,0,"681159,493","5347272,373","11,440585236","48,252749193",0,1,#66c2a5,bicycle
75327,9,1,74,136,2019,10,15,5,3,8,1,0,0,1,0,0,0,0,"683526,860684","5363804,42878","11,479644959","48,400662571",0,2,#fc8d62,car
75328,9,1,84,121,2019,10,23,5,3,8,1,2,0,1,0,0,0,0,"704970,298659","5331757,32151","11,75351934","48,106071371",0,2,#fc8d62,car
75330,9,1,77,130,2019,10,8,5,2,5,3,0,0,1,0,0,0,0,"712585,534519","5348942,25757","11,864287642","48,257994304",0,2,#fc8d62,car
75331,9,1,77,137,2019,10,10,5,3,8,3,0,0,1,0,0,0,0,"732512,915141","5342021,52557","12,128587547","48,188825786",0,2,#fc8d62,car
75332,9,1,74,135,2019,10,3,4,2,8,7,2,0,0,0,0,1,0,"663985,879556","5352568,9326","11,211465235","48,305042162",0,5,#a6d854,bus
75333,9,1,62,0,2019,10,14,4,3,4,3,0,0,1,0,0,0,0,"694995,28","5332997,891","11,620233608","48,12035251",0,2,#fc8d62,car
75334,9,1,62,0,2019,10,8,4,2,8,1,0,1,0,0,0,0,0,"693399,736","5331491,97","11,598133694","48,107304298",1,1,#66c2a5,bicycle
75339,9,1,88,139,2019,10,10,4,3,5,2,0,1,1,0,0,0,0,"675298,483","5319499,263","11,350270609","48,004734736",1,1,#66c2a5,bicycle
75342,9,7,77,130,2019,10,6,4,3,4,2,1,0,1,0,0,0,0,"624603,764","5308944,692","10,667894127","47,92170739",1,2,#fc8d62,car
75343,9,1,74,113,2019,10,18,4,3,3,6,2,0,1,0,0,1,0,"674198,446701","5344635,58545","11,345804552","48,230998029",0,2,#fc8d62,car
75344,9,7,71,122,2019,10,22,4,3,1,5,2,0,1,0,0,0,0,"653777,184006","5361358,51244","11,077100713","48,386631046",0,2,#fc8d62,car
75345,9,7,71,130,2019,10,16,4,3,2,6,1,0,1,0,0,0,0,"644482,915882","5361530,30883","10,951698358","48,390373193",0,2,#fc8d62,car
75346,9,7,61,0,2019,10,10,4,3,5,2,0,0,1,0,0,0,1,"639093,339895","5360918,42835","10,878734012","48,386083021",0,2,#fc8d62,car
75347,9,1,81,128,2019,10,15,4,3,6,4,0,0,1,1,0,0,0,"638264,765748","5326941,00009","10,856459742","48,080738004",0,2,#fc8d62,car
75351,9,1,81,122,2019,10,6,4,3,3,6,0,0,1,0,0,0,0,"650181,717469","5332192,78986","11,018216481","48,125263462",1,2,#fc8d62,car
75353,9,1,79,145,2019,10,12,4,3,5,7,0,0,1,0,0,0,0,"676197,616775","5338895,52631","11,370318837","48,178847561",0,2,#fc8d62,car
75354,9,1,74,113,2019,10,16,4,3,2,6,0,1,1,0,0,0,0,"678978,761357","5342727,07825","11,409313618","48,212511808",0,1,#66c2a5,bicycle
75359,9,1,74,151,2019,10,14,4,3,9,6,0,0,1,0,0,0,1,"681443,329278","5363254,15577","11,451283393","48,396319561",0,2,#fc8d62,car
75361,9,1,62,0,2019,10,6,4,3,2,6,2,0,1,0,0,0,0,"692761,298641","5339083,97024","11,59300253","48,175732823",0,2,#fc8d62,car
75364,9,1,75,127,2019,10,15,4,3,2,6,0,0,1,0,0,0,0,"713487,890837","5341828,95576","11,872847547","48,193774423",0,2,#fc8d62,car
75377,9,1,62,0,2019,11,14,1,3,2,6,0,0,1,0,0,0,1,"693077,738","5337689,558","11,59662153","48,163104248",1,2,#fc8d62,car
75383,9,1,77,123,2019,10,15,4,3,2,6,0,0,1,0,0,0,0,"727287,863418","5344609,47098","12,059772445","48,213966845",0,2,#fc8d62,car
75390,9,1,62,0,2019,10,20,3,3,5,3,2,0,1,0,0,0,0,"694648,096","5334163,614","11,616105759","48,130935791",1,2,#fc8d62,car
75395,9,1,88,132,2019,11,18,6,3,6,6,2,0,1,1,0,0,0,"664903,583412","5323455,82614","11,212537014","48,043072028",0,2,#fc8d62,car
75397,9,1,79,142,2019,11,8,5,3,2,7,0,0,1,0,0,0,0,"677600,528695","5342163,88203","11,390541668","48,207836399",0,2,#fc8d62,car
75398,9,1,79,134,2019,11,10,5,2,0,1,0,1,0,0,0,0,0,"668641,810024","5346721,87889","11,271870163","48,251255087",0,1,#66c2a5,bicycle
75400,9,1,79,126,2019,11,16,5,3,6,2,2,0,1,1,0,0,1,"676279,577728","5340435,0934","11,37205931","48,192664271",1,2,#fc8d62,car
75401,9,1,79,121,2019,11,13,5,2,5,3,0,1,0,0,0,1,0,"666938,472582","5339465,63797","11,246085203","48,186473059",0,1,#66c2a5,bicycle
75403,9,1,79,121,2019,11,22,5,2,5,3,2,0,1,0,0,0,0,"668372,534782","5339941,19857","11,265552825","48,190369789",0,2,#fc8d62,car
75404,9,1,79,121,2019,11,7,5,3,2,6,0,0,1,0,0,0,0,"665806,592304","5339528,86725","11,230892944","48,187337948",0,2,#fc8d62,car
75405,9,1,74,126,2019,11,15,5,3,2,6,0,0,1,0,0,0,0,"683691,586184","5346988,15332","11,474541509","48,249465702",0,2,#fc8d62,car
75406,9,1,78,124,2019,11,18,5,3,2,6,2,0,1,0,0,1,0,"703458,142216","5361466,28526","11,747499484","48,373535924",0,2,#fc8d62,car
75407,9,1,62,0,2019,11,7,5,3,3,2,0,1,0,0,0,0,1,"692080,041979","5331402,35616","11,580383275","48,106898147",0,1,#66c2a5,bicycle
75408,9,1,62,0,2019,11,8,5,3,2,6,0,0,1,0,0,0,0,"684764,162821","5342530,98064","11,487033132","48,209091408",0,2,#fc8d62,car
75409,9,1,84,135,2019,11,7,5,3,2,6,0,0,1,0,0,0,1,"688000,812339","5347646,81337","11,532826157","48,25412232",0,2,#fc8d62,car
75410,9,1,75,132,2019,11,7,5,3,2,6,0,0,1,0,0,0,0,"706461,558104","5330637,20711","11,772986478","48,095523962",1,2,#fc8d62,car
75412,9,1,75,121,2019,11,13,5,2,5,3,0,0,1,0,0,0,0,"715193,31042","5318716,64571","11,884121376","47,985521196",0,2,#fc8d62,car
75413,9,1,84,135,2019,11,16,6,3,2,6,1,0,1,0,0,0,0,"688005,984828","5347304,97886","11,53274394","48,251048381",0,2,#fc8d62,car
75414,9,1,62,0,2019,11,17,4,3,2,6,2,0,1,0,0,0,1,"687390,954413","5332690,10922","11,518020217","48,119869511",0,2,#fc8d62,car
75415,9,1,62,0,2019,11,10,4,3,5,3,0,1,1,0,0,0,0,"693444,281755","5331507,35774","11,598738461","48,107429073",0,1,#66c2a5,bicycle
75416,9,1,62,0,2019,11,7,4,3,4,6,0,0,1,0,0,0,0,"683064,093915","5342484,98997","11,464151443","48,209170601",1,2,#fc8d62,car
75418,9,1,62,0,2019,11,6,4,3,5,2,1,0,1,0,0,0,0,"694057,495142","5340287,22658","11,610969582","48,186152677",0,2,#fc8d62,car
75422,9,7,78,116,2019,11,17,4,3,2,6,2,0,1,0,0,0,0,"620453,041852","5321316,4913","10,615826486","48,03376835",0,2,#fc8d62,car
75426,9,7,72,148,2019,11,11,4,3,1,6,0,0,1,0,0,0,0,"628513,590647","5354575,6631","10,73396697","48,331290112",1,2,#fc8d62,car
75427,9,7,72,121,2019,11,12,4,3,4,6,0,0,1,0,0,0,0,"634912,414018","5376388,73767","10,827279299","48,526098621",0,2,#fc8d62,car
75429,9,7,72,184,2019,11,5,4,3,3,6,2,0,1,0,0,1,0,"632969,758697","5358769,40298","10,795386199","48,368079263",0,2,#fc8d62,car
75430,9,7,71,113,2019,11,8,4,3,3,6,0,0,1,0,0,1,0,"658851,602515","5369906,95618","11,148831333","48,462225772",0,2,#fc8d62,car
75431,9,7,71,176,2019,11,12,4,3,4,2,0,0,1,0,0,0,0,"644401,241205","5383862,54481","10,958315239","48,591184943",0,2,#fc8d62,car
75452,9,7,61,0,2019,11,17,5,3,4,5,2,1,1,0,0,0,0,"644694,028","5357214,036","10,953063141","48,351515602",0,1,#66c2a5,bicycle
75460,9,1,79,123,2019,11,15,6,2,5,2,0,0,1,0,0,0,0,"677443,159627","5331964,88932","11,384170727","48,116200441",0,2,#fc8d62,car
75476,9,1,75,122,2019,11,12,6,2,4,6,0,0,0,0,1,0,1,"723578,052598","5321996,69209","11,998049905","48,012117019",0,4,#e78ac3,marker
75487,9,7,78,216,2019,11,17,5,3,5,3,2,0,1,0,0,0,0,"623759,24401","5322144,49632","10,66039806","48,04058267",0,2,#fc8d62,car
75490,9,1,90,157,2019,11,15,4,3,2,6,0,0,1,0,0,0,0,"660481,306497","5300711,80205","11,144767368","47,839708825",0,2,#fc8d62,car
75493,9,1,73,145,2019,11,13,4,1,9,1,0,0,1,0,0,0,0,"688221,169589","5298943,56271","11,514389087","47,816293373",0,2,#fc8d62,car
75499,9,1,85,131,2019,11,17,4,3,2,6,2,0,1,0,1,0,0,"665272,555657","5375195,16984","11,23771322","48,508110539",1,2,#fc8d62,car
75501,9,7,62,0,2019,11,12,5,3,5,3,0,1,1,0,0,0,0,"620691,372219","5303934,18162","10,614144618","47,877392566",0,1,#66c2a5,bicycle
75503,9,1,86,126,2019,11,18,4,3,5,3,2,0,1,0,0,0,0,"685445,038718","5375283,82763","11,510620364","48,503276425",1,2,#fc8d62,car
75507,9,1,79,142,2019,11,18,4,3,2,6,2,0,1,0,0,0,0,"671789,497257","5342379,36569","11,312478426","48,211372798",0,2,#fc8d62,car
75509,9,1,79,121,2019,11,21,4,3,4,2,2,0,1,0,0,0,0,"668401,177102","5338053,58707","11,265189771","48,173392834",0,2,#fc8d62,car
75510,9,1,81,144,2019,11,14,4,3,5,3,0,0,1,0,0,0,0,"655515,325683","5321585,75821","11,085983352","48,028614073",0,2,#fc8d62,car
75511,9,1,74,136,2019,11,9,4,2,5,3,0,1,1,0,0,0,0,"683142,252","5364376,319","11,474703023","48,405914638",0,1,#66c2a5,bicycle
75512,9,1,62,0,2019,11,9,4,3,3,6,0,0,1,0,0,1,0,"696568,964633","5343108,88303","11,646029771","48,210739563",0,2,#fc8d62,car
75513,9,1,84,118,2019,11,17,4,3,2,6,1,0,1,0,0,0,0,"703040,141168","5335746,63655","11,729520925","48,142540534",0,2,#fc8d62,car
75514,9,1,75,124,2019,11,6,4,3,5,3,1,0,1,0,0,0,1,"713289,204381","5329323,07003","11,863915516","48,081467111",0,2,#fc8d62,car
75515,9,7,72,184,2019,11,17,5,3,2,2,2,0,1,0,0,0,0,"635617,226061","5361842,73823","10,832105851","48,395151347",0,2,#fc8d62,car
75516,9,1,62,0,2019,11,18,3,3,2,6,2,0,1,0,0,0,0,"697196,952191","5331426,85253","11,649059443","48,105554962",0,2,#fc8d62,car
75517,9,1,62,0,2019,11,15,3,3,2,6,0,0,1,0,0,0,0,"692073,944796","5340381,48955","11,584352608","48,187602705",0,2,#fc8d62,car
75519,9,1,84,120,2019,11,16,3,3,5,3,0,1,1,0,0,0,0,"681358,52826","5332041,00704","11,436762168","48,115781641",1,1,#66c2a5,bicycle
75520,9,1,62,0,2019,11,7,3,3,0,6,0,0,1,0,1,0,0,"687869,639065","5335010,53741","11,52546902","48,140585012",1,2,#fc8d62,car
75521,9,1,84,122,2019,11,14,3,2,5,3,0,1,1,0,0,0,0,"688748,906696","5324897,63347","11,532805755","48,049427774",1,1,#66c2a5,bicycle
75522,9,1,79,138,2019,11,5,6,3,4,6,2,0,1,0,0,0,1,"656284,84276","5335347,7523","11,101335021","48,152160356",0,2,#fc8d62,car
75527,9,1,81,130,2019,11,17,6,1,6,4,2,0,1,1,0,0,0,"639551,613","5323188,799","10,87250395","48,046716803",1,2,#fc8d62,car
75529,9,7,72,163,2019,11,12,3,3,9,1,0,0,1,0,0,0,0,"638833,607431","5349398,81754","10,87143195","48,282557667",0,2,#fc8d62,car
75530,9,7,61,0,2019,11,11,3,3,5,3,0,0,1,0,0,0,0,"641214,882126","5360953,74587","10,907385166","48,385929192",0,2,#fc8d62,car
75539,9,1,62,0,2019,11,11,5,3,5,2,0,0,1,0,0,0,0,"686889,366","5335146,658","11,512364449","48,142097189",0,2,#fc8d62,car
75574,9,1,86,125,2019,11,16,6,3,4,6,2,0,1,0,0,0,1,"672091,437514","5373974,98162","11,329456872","48,495311215",1,2,#fc8d62,car
75578,9,7,71,112,2019,11,23,5,3,8,7,2,0,1,0,0,0,0,"647407,042","5370699,483","10,994398173","48,47213715",0,2,#fc8d62,car
75586,9,2,61,0,2019,11,8,3,3,7,1,0,1,0,0,0,0,0,"731917,489613","5381039,56383","12,142094522","48,539548879",0,1,#66c2a5,bicycle
75587,9,2,74,182,2019,11,14,5,2,4,6,0,0,0,1,1,1,0,"730254,117731","5374458,10171","12,115963005","48,481039763",0,3,#8da0cb,toilet
75591,9,1,79,123,2019,11,18,6,2,5,2,2,0,1,0,0,0,0,"677442,69833","5331966,50631","11,384165208","48,116215105",1,2,#fc8d62,car
75593,9,1,81,130,2019,11,20,3,3,5,3,2,0,1,0,1,0,0,"639186,058041","5322758,19449","10,867461616","48,042924483",0,2,#fc8d62,car
75594,9,1,81,126,2019,11,15,3,2,5,3,0,1,1,0,0,0,0,"636077,527518","5332080,67663","10,828746893","48,127426843",0,1,#66c2a5,bicycle
75596,9,1,81,111,2019,11,10,3,2,5,3,0,0,1,0,0,0,0,"645792,988","5308478,235","10,951208649","47,913044613",1,2,#fc8d62,car
75597,9,1,77,117,2019,11,9,3,3,2,6,0,0,1,0,1,0,0,"713487,474556","5354499,31871","11,879231308","48,307623423",1,2,#fc8d62,car
75598,9,2,61,0,2019,11,17,5,3,2,6,1,0,1,0,0,0,1,"732564,656","5381740,037","12,151239711","48,545601541",0,2,#fc8d62,car
75599,9,1,62,0,2019,11,13,2,3,3,6,0,0,1,0,0,1,0,"677978,84699","5335312,56595","11,392760241","48,146143652",0,2,#fc8d62,car
75600,9,1,84,147,2019,11,8,2,3,4,6,0,0,1,0,0,0,0,"695800,405269","5340391,42462","11,634442188","48,186554361",1,2,#fc8d62,car
75601,9,1,84,121,2019,11,15,2,3,5,3,0,0,1,0,0,0,0,"705428,849817","5331125,80416","11,75936801","48,100248496",0,2,#fc8d62,car
75602,9,1,62,0,2019,11,10,2,3,5,3,0,0,1,0,0,0,1,"697262,926018","5328979,24527","11,648813865","48,08353689",0,2,#fc8d62,car
75603,9,1,62,0,2019,11,15,5,3,3,6,0,0,1,0,0,0,1,"688462,379117","5340187,27592","11,535722732","48,186938853",0,2,#fc8d62,car
75604,9,1,84,140,2019,11,20,2,3,5,3,2,1,1,0,0,0,0,"701206,041942","5328224,1546","11,701345413","48,0755187",1,1,#66c2a5,bicycle
75605,9,1,84,130,2019,11,18,2,3,2,6,2,0,1,0,0,0,0,"698506,636349","5346207,34426","11,673534413","48,237982529",1,2,#fc8d62,car
75608,9,1,77,135,2019,11,7,6,3,0,1,0,0,0,0,1,0,0,"717878,951988","5342443,97933","11,93217292","48,19780942",1,4,#e78ac3,marker
75618,9,7,61,0,2019,11,16,2,3,3,6,2,0,1,0,0,0,0,"640159,907261","5364040,02147","10,894174132","48,413915167",1,2,#fc8d62,car
75620,9,7,71,112,2019,11,16,2,2,4,6,2,0,1,0,0,1,0,"648713,433184","5369257,28334","11,011549497","48,458862911",1,2,#fc8d62,car
75621,9,7,71,113,2019,11,7,2,3,0,1,0,1,0,0,0,0,0,"657977,967705","5369727,90026","11,136954402","48,460836007",0,1,#66c2a5,bicycle
75622,9,2,61,0,2019,11,14,5,3,4,2,0,0,1,0,0,0,0,"733159,710115","5380983,33405","12,1588665","48,538583506",0,2,#fc8d62,car
75635,9,1,73,112,2019,11,6,5,3,3,6,0,0,1,0,0,0,0,"691439,77643","5297736,96455","11,556808847","47,804498416",0,2,#fc8d62,car
75639,9,1,88,121,2019,11,14,6,3,3,1,0,0,1,0,0,0,0,"669319,073199","5329247,8257","11,274026548","48,093986283",1,2,#fc8d62,car
75646,9,7,72,184,2019,11,20,5,3,2,6,2,0,1,0,0,0,0,"633485,034414","5359028,59507","10,802422262","48,370301191",1,2,#fc8d62,car
75654,9,1,79,123,2019,11,6,6,3,2,6,2,0,1,0,0,0,0,"677380,475897","5332213,24668","11,383432565","48,118450441",1,2,#fc8d62,car
75666,9,1,63,0,2019,11,13,5,3,5,3,0,1,1,0,0,0,0,"732174,389653","5301597,44528","12,102163311","47,825784474",0,1,#66c2a5,bicycle
75670,9,1,77,121,2019,11,20,6,3,8,1,2,0,1,0,0,0,0,"731629,568166","5365641,0163","12,129673497","48,401330438",0,2,#fc8d62,car
75677,9,1,63,0,2019,11,16,5,3,2,6,1,0,1,0,0,0,0,"730766,536339","5303405,03429","12,084343904","47,842531073",0,2,#fc8d62,car
75691,9,2,74,113,2019,11,7,2,3,2,6,0,0,1,0,0,0,0,"728365,301974","5383942,37335","12,095633911","48,566928012",0,2,#fc8d62,car
75692,9,2,61,0,2019,11,23,2,3,2,6,2,0,1,0,0,0,0,"733074,098268","5381052,32757","12,157747044","48,539235051",1,2,#fc8d62,car
75699,9,1,73,147,2019,11,6,2,3,6,4,2,0,1,1,0,0,0,"681429,116945","5308950,74408","11,427941152","47,908202048",0,2,#fc8d62,car
75700,9,1,73,120,2019,11,18,2,2,9,1,1,0,1,0,0,0,0,"689841,719824","5311596,39965","11,541574425","47,929547934",0,2,#fc8d62,car
75701,9,1,90,157,2019,11,5,2,3,5,3,2,0,1,0,0,0,0,"660707,236433","5301258,9542","11,147987805","47,844571895",0,2,#fc8d62,car
75702,9,1,85,158,2019,11,16,5,3,5,2,1,1,1,0,0,0,0,"667816,93575","5379868,91003","11,274016219","48,549449428",0,1,#66c2a5,bicycle
75703,9,1,90,132,2019,11,12,2,2,3,6,0,0,1,0,1,0,0,"674394,075658","5295270,80199","11,328364481","47,787171106",0,2,#fc8d62,car