OBJECTID,ULAND,UREGBEZ,UKREIS,UGEMEINDE,UJAHR,UMONAT,USTUNDE,UWOCHENTAG,UKATEGORIE,UART,UTYP1,ULICHTVERH,IstRad,IstPKW,IstFuss,IstKrad,IstGkfz,IstSonstig,LINREFX,LINREFY,XGCSWGS84,YGCSWGS84,STRZUSTAND,Teilnehmer,color,symbol
76318,9,2,61,0,2019,11,14,2,2,8,1,0,0,1,0,0,0,1,"732385,569666","5380416,43492","12,148078851","48,533778318",0,2,#fc8d62,car
76321,9,2,74,146,2019,11,16,2,3,5,3,1,0,1,0,0,0,0,"734175,868","5377003,102","12,170377381","48,502452451",0,2,#fc8d62,car
76323,9,7,62,0,2019,11,13,5,3,2,6,0,0,1,0,0,0,0,"622992,855872","5306263,97274","10,645575774","47,897909137",0,2,#fc8d62,car
76325,9,7,77,140,2019,11,18,5,3,5,3,2,0,1,0,0,0,0,"628307,307","5317448,343","10,71998274","47,997451855",0,2,#fc8d62,car
76326,9,2,61,0,2019,11,9,2,3,4,2,0,0,1,0,0,1,0,"732031,58","5380859,682","12,143537686","48,537890867",0,2,#fc8d62,car
76327,9,7,72,200,2019,11,10,5,2,1,5,0,0,1,0,0,0,0,"630569,921033","5337551,13326","10,756445513","48,177774809",0,2,#fc8d62,car
76329,9,7,72,121,2019,11,6,5,3,2,6,1,0,1,0,0,0,0,"636220,234518","5374454,90995","10,844351642","48,508427754",0,2,#fc8d62,car
76331,9,7,71,145,2019,11,18,5,3,4,7,2,0,1,0,0,0,1,"649316,134145","5344449,02611","11,010898818","48,23566741",1,2,#fc8d62,car
76333,9,7,71,130,2019,11,14,5,3,5,3,0,0,1,0,1,0,0,"644890,231","5360728,52","10,956920594","48,383070606",0,2,#fc8d62,car
76334,9,7,72,125,2019,11,12,5,3,5,3,0,0,1,0,0,1,0,"635165,135","5346820,486","10,821184145","48,260166682",0,2,#fc8d62,car
76335,9,7,71,144,2019,11,17,3,3,4,6,2,0,1,0,0,1,0,"660228,713791","5372390,41206","11,168397666","48,484202812",0,2,#fc8d62,car
76336,9,7,61,0,2019,11,17,5,3,2,6,2,0,1,0,0,0,0,"644975,92387","5355508,10034","10,95627855","48,336112213",0,2,#fc8d62,car
76337,9,1,90,159,2019,11,6,2,3,5,3,1,0,1,0,0,0,0,"663278,465128","5305794,50044","11,184042002","47,884702427",0,2,#fc8d62,car
76347,9,1,62,0,2019,11,10,2,3,2,6,0,0,1,0,0,0,0,"692873,060551","5329725,36224","11,59026756","48,091586018",0,2,#fc8d62,car
76351,9,1,87,177,2019,11,15,2,3,4,2,0,0,1,0,0,0,0,"737123,33235","5305438,4215","12,170288241","47,858485684",0,2,#fc8d62,car
76354,9,1,87,167,2019,11,11,2,3,0,7,0,0,1,0,0,1,0,"738032,776273","5302257,11013","12,180678569","47,829570038",0,2,#fc8d62,car
76357,9,1,87,129,2019,11,7,2,3,4,2,0,0,1,0,0,0,0,"725699,176794","5297877,89725","12,013835317","47,794668424",1,2,#fc8d62,car
76366,9,1,79,126,2019,11,10,4,3,0,3,0,0,1,0,0,0,0,"677435,742815","5339520,52307","11,387220912","48,184121179",0,2,#fc8d62,car
76370,9,1,88,139,2019,11,12,2,3,5,2,0,0,1,0,0,0,0,"674750,598305","5319021,76426","11,342736873","48,000592191",0,2,#fc8d62,car
76372,9,1,84,119,2019,11,17,2,3,2,6,2,0,1,0,0,0,0,"695816,761163","5345978,58454","11,637240921","48,236762926",0,2,#fc8d62,car
76374,9,1,78,145,2019,11,6,2,3,2,6,2,0,1,0,0,0,0,"696204,672463","5356112,88431","11,647164619","48,327721474",0,2,#fc8d62,car
76377,9,1,78,124,2019,11,17,2,3,4,3,2,0,1,0,0,0,0,"702935,623299","5359448,15228","11,739478325","48,355568565",0,2,#fc8d62,car
76381,9,1,78,115,2019,11,7,2,3,5,3,0,0,0,0,0,0,1,"703894,881233","5375652,53384","11,760292671","48,50087367",0,6,#ffd92f,circle
76384,9,1,84,119,2019,11,19,3,3,5,3,2,1,1,0,0,0,0,"696173,902365","5345996,90581","11,642054043","48,236817206",0,1,#66c2a5,bicycle
76387,9,1,75,122,2019,11,9,2,3,2,6,0,0,1,0,0,0,0,"720589,934423","5326604,77997","11,960409476","48,054559434",0,2,#fc8d62,car
76389,9,1,75,122,2019,11,18,2,3,5,3,2,0,1,0,0,0,0,"721012,239484","5326068,83696","11,965792357","48,049597874",0,2,#fc8d62,car
76396,9,7,61,0,2019,11,16,3,3,5,6,1,0,1,0,0,0,0,"639890,777728","5364062,09355","10,890546435","48,414173433",0,2,#fc8d62,car
76407,9,2,74,134,2019,11,6,5,3,2,6,1,0,1,0,0,0,0,"738427,880645","5376332,84149","12,227466162","48,494833226",1,2,#fc8d62,car
76409,9,2,74,113,2019,11,17,5,3,4,6,2,1,0,0,0,0,0,"729617,783331","5381798,94711","12,111403934","48,547216107",0,1,#66c2a5,bicycle
76410,9,2,61,0,2019,11,11,5,2,4,2,0,0,1,0,0,0,0,"733058,577813","5381064,67065","12,157544004","48,539351689",0,2,#fc8d62,car
76419,9,1,73,137,2019,11,10,5,3,1,6,0,0,1,0,0,0,0,"677849,693506","5308341,70634","11,379832245","47,903729516",1,2,#fc8d62,car
76421,9,1,90,142,2019,11,7,5,3,4,1,0,0,1,0,0,0,0,"661654,616908","5296626,78543","11,158912664","47,802686225",0,2,#fc8d62,car
76426,9,1,87,117,2019,11,5,4,3,8,7,2,0,1,0,0,0,0,"725718,965764","5307753,12393","12,019247499","47,883389963",0,2,#fc8d62,car
76439,9,1,87,177,2019,11,9,5,3,4,6,0,0,1,0,0,0,0,"735942,089665","5304085,68825","12,153782398","47,846767788",0,2,#fc8d62,car
76441,9,1,87,174,2019,11,5,5,3,5,7,1,0,1,0,1,0,0,"740171,172848","5311364,56493","12,214266641","47,910589754",0,2,#fc8d62,car
76445,9,1,74,146,2019,11,15,5,3,3,6,0,0,1,0,0,0,0,"666616,146991","5351034,23347","11,246302497","48,290558241",0,2,#fc8d62,car
76446,9,1,74,115,2019,11,17,4,3,2,6,2,0,1,0,0,0,0,"679086,469573","5347761,5231","11,412890273","48,257735229",0,2,#fc8d62,car
76447,9,1,74,135,2019,11,11,5,3,8,7,0,0,0,0,0,1,0,"664007,708407","5352547,76007","11,211751157","48,304846162",0,5,#a6d854,bus
76449,9,1,88,139,2019,11,18,5,3,9,1,2,0,1,0,0,0,0,"671015,720382","5321141,04412","11,293553524","48,020654337",1,2,#fc8d62,car
76451,9,1,88,118,2019,11,7,5,3,5,3,1,1,1,0,0,0,0,"671546,529513","5312670,99306","11,297283669","47,944366589",1,1,#66c2a5,bicycle
76453,9,1,79,113,2019,11,17,5,3,2,6,2,0,1,0,0,0,0,"671061,92703","5334204,88336","11,299402949","48,138083594",0,2,#fc8d62,car
76454,9,1,62,0,2019,11,17,7,2,6,4,2,0,1,1,0,0,0,"693820,247614","5331641,39578","11,603844693","48,108519491",0,2,#fc8d62,car
76455,9,1,79,121,2019,11,8,5,3,5,3,0,1,1,0,0,0,0,"667705,865439","5338391,44477","11,255977872","48,176614016",0,1,#66c2a5,bicycle
76456,9,1,74,115,2019,11,7,5,3,1,3,0,1,1,0,0,0,0,"681464,552991","5346836,20011","11,444504152","48,248741341",0,1,#66c2a5,bicycle
76457,9,1,62,0,2019,11,11,7,2,3,2,0,0,1,0,1,0,0,"692021,941214","5341020,78105","11,583942673","48,193364205",0,2,#fc8d62,car
76458,9,1,74,141,2019,11,5,5,2,5,7,2,0,1,0,0,1,0,"679075,717668","5355224,89193","11,415909834","48,324824493",1,2,#fc8d62,car
76459,9,1,78,113,2019,11,18,5,3,1,6,2,0,1,0,0,0,0,"691525,506948","5367455,56476","11,589269761","48,431097816",0,2,#fc8d62,car
76461,9,1,62,0,2019,11,15,4,3,2,1,0,0,1,0,0,0,0,"683856,348154","5335466,3181","11,471769126","48,145854176",0,2,#fc8d62,car
76462,9,1,62,0,2019,11,9,4,3,2,6,0,0,1,0,0,0,1,"688538,536063","5335070,49363","11,534478215","48,140926058",1,2,#fc8d62,car
76466,9,1,62,0,2019,11,7,3,3,2,6,0,0,1,0,0,0,0,"682695,995","5335984,391","11,456406578","48,150845264",0,2,#fc8d62,car
76473,9,7,62,0,2019,11,13,4,3,2,6,0,0,1,0,0,0,0,"620741,576961","5304415,52357","10,614950357","47,881712219",0,2,#fc8d62,car
76474,9,7,71,122,2019,11,16,4,3,3,6,0,0,1,0,0,0,1,"656455,346031","5359275,30322","11,112474518","48,367243436",0,2,#fc8d62,car
76475,9,7,77,128,2019,11,7,7,2,4,6,1,0,1,0,0,1,0,"616386,319239","5303354,89579","10,556434497","47,872977283",1,2,#fc8d62,car
76476,9,7,71,142,2019,11,8,4,3,4,6,0,0,1,0,0,0,1,"645322,179999","5353481,76923","10,960249422","48,317813123",0,2,#fc8d62,car
76477,9,7,61,0,2019,11,7,3,3,3,1,0,0,1,0,0,1,0,"641014,121854","5356999,95754","10,903349351","48,350423085",0,2,#fc8d62,car
76478,9,7,61,0,2019,11,7,4,3,5,3,0,0,1,0,0,0,0,"640412,078578","5360353,09049","10,896347211","48,380707525",1,2,#fc8d62,car
76484,9,7,72,223,2019,11,21,7,2,9,1,2,0,1,0,0,0,0,"622156,949","5363427,899","10,650809902","48,412157829",0,2,#fc8d62,car
76486,9,7,71,142,2019,11,12,7,3,5,2,0,0,1,0,0,0,0,"645569,209","5352069,758","10,963092338","48,305060328",0,2,#fc8d62,car
76489,9,7,71,112,2019,11,11,7,3,0,1,0,0,0,0,1,0,0,"643349,682631","5369004,61349","10,938955052","48,457836019",1,4,#e78ac3,marker
76501,9,1,77,119,2019,11,11,1,2,5,3,0,1,1,0,0,0,0,"721359,735795","5340043,40452","11,977700721","48,175037237",0,1,#66c2a5,bicycle
76502,9,1,83,139,2019,11,11,7,3,8,1,0,0,1,0,0,0,0,"734113,251183","5335305,80122","12,146392509","48,127908433",1,2,#fc8d62,car
76509,9,1,87,165,2019,11,23,7,3,2,7,2,0,1,0,0,0,0,"727886,086684","5300463,6818","12,044354015","47,817131107",0,2,#fc8d62,car
76510,9,1,87,182,2019,11,5,7,2,0,1,2,1,0,0,0,0,0,"736727,665832","5324367,05451","12,175414629","48,028676704",0,1,#66c2a5,bicycle
76512,9,1,82,136,2019,11,19,7,3,4,6,2,0,1,0,0,0,0,"703419,421859","5301835,21114","11,718548376","47,837657281",0,2,#fc8d62,car
76517,9,1,85,143,2019,11,13,7,2,2,6,0,0,0,0,1,0,0,"664302,520261","5384285,35317","11,228176219","48,590081446",0,4,#e78ac3,marker
76523,9,1,81,132,2019,11,13,7,3,2,6,0,0,1,0,0,0,1,"646257,305145","5324646,04916","10,96292562","48,058318867",0,2,#fc8d62,car
76525,9,1,74,136,2019,11,22,7,3,8,1,2,0,1,0,0,0,0,"681551,933695","5363412,7442","11,452817793","48,397713746",0,2,#fc8d62,car
76526,9,1,74,113,2019,11,11,7,2,5,3,0,0,1,0,0,0,1,"677715,461499","5351088,56722","11,39583354","48,288027646",0,2,#fc8d62,car
76528,9,1,74,147,2019,11,10,7,3,5,3,0,0,1,0,0,0,0,"674190,045656","5366718,19008","11,354818171","48,429502857",0,2,#fc8d62,car
76529,9,2,61,0,2019,11,16,7,3,5,2,1,1,1,0,0,0,0,"731599,34285","5381540,62937","12,138069397","48,544167354",0,1,#66c2a5,bicycle
76530,9,1,84,135,2019,11,10,7,3,9,6,0,0,1,0,0,0,1,"692411,687602","5344984,39461","11,590979406","48,228869829",0,2,#fc8d62,car
76532,9,1,75,139,2019,11,13,7,2,4,6,0,0,1,0,0,0,0,"709810,837427","5328447,5472","11,816839309","48,07475354",0,2,#fc8d62,car
76533,9,1,75,111,2019,11,5,7,2,5,3,2,0,1,0,0,0,0,"712222,457285","5337067,06964","11,853464015","48,15140945",0,2,#fc8d62,car
76534,9,2,61,0,2019,11,19,1,3,2,6,2,0,1,0,0,0,0,"732381,175","5380296,196","12,147952388","48,532699869",0,2,#fc8d62,car
76535,9,1,78,143,2019,11,14,7,3,9,1,0,0,0,0,1,0,0,"716381,852609","5373852,42231","11,928183568","48,480524767",0,4,#e78ac3,marker
76538,9,1,77,117,2019,11,17,7,3,2,6,2,0,1,0,0,0,0,"716335,557081","5354856,94492","11,917774318","48,309869212",0,2,#fc8d62,car
76539,9,1,62,0,2019,11,11,6,3,5,3,0,0,1,0,0,1,0,"697719,475806","5335095,95943","11,657772671","48,138368414",0,2,#fc8d62,car
76541,9,1,84,135,2019,11,14,6,3,4,3,0,0,1,0,0,0,0,"692102,537352","5344759,11669","11,586718754","48,226938809",0,2,#fc8d62,car
76542,9,1,84,145,2019,11,16,6,3,0,3,2,1,1,0,0,0,0,"695701,388696","5325475,96634","11,626265244","48,05253201",0,1,#66c2a5,bicycle
76543,9,1,79,123,2019,11,15,2,3,2,6,0,0,1,0,0,0,0,"674859,498067","5335005,43313","11,350734291","48,144247816",0,2,#fc8d62,car
76544,9,1,62,0,2019,11,23,6,3,6,4,2,0,1,1,0,0,0,"688220,762339","5334983,19602","11,5301722","48,140235493",0,2,#fc8d62,car
76546,9,1,75,132,2019,11,1,1,3,8,1,2,0,1,0,0,0,0,"705305,427788","5335966,42549","11,760043275","48,143788775",0,2,#fc8d62,car
76550,9,7,77,130,2019,11,7,6,3,0,1,1,1,0,0,0,0,0,"624631,607882","5309166,4652","10,668330818","47,923696492",0,1,#66c2a5,bicycle
76551,9,7,72,130,2019,11,17,6,2,0,6,2,0,0,0,1,0,0,"628559,762948","5359214,25556","10,736006407","48,372993273",0,4,#e78ac3,marker
76552,9,7,72,170,2019,11,6,1,3,9,1,2,0,1,0,0,0,0,"630679,542334","5334132,72567","10,756869081","48,147011577",1,2,#fc8d62,car
76553,9,7,72,159,2019,11,5,6,3,5,3,2,0,1,0,0,1,0,"626024,133755","5361251,0466","10,702393255","48,391820824",0,2,#fc8d62,car
76554,9,7,61,0,2019,11,20,6,3,2,1,2,0,1,0,0,0,0,"640730,307","5355570,691","10,899043089","48,337634859",0,2,#fc8d62,car
76556,9,1,77,117,2019,11,8,2,3,5,2,0,0,1,0,0,0,0,"714512,820889","5356323,85664","11,893969282","48,323670435",1,2,#fc8d62,car
76559,9,1,62,0,2019,11,23,7,3,1,6,2,0,1,1,0,0,0,"679626,490916","5334855,4441","11,414698122","48,141571497",0,2,#fc8d62,car
76564,9,2,74,146,2019,11,18,2,3,2,6,2,0,1,0,0,0,0,"735597,4269","5379706,42124","12,191118214","48,526203439",1,2,#fc8d62,car
76578,9,1,90,140,2019,11,19,2,2,4,6,2,0,1,0,0,0,0,"645066,63857","5299589,72319","10,938508991","47,833281857",1,2,#fc8d62,car
76588,9,1,85,158,2019,11,17,2,3,5,3,2,1,1,0,0,0,0,"663450,579211","5382654,02444","11,21599024","48,57563947",1,1,#66c2a5,bicycle
76610,9,1,84,114,2019,11,7,2,3,9,6,1,0,1,0,0,0,0,"698888,41032","5323234,28796","11,667945369","48,03140012",1,2,#fc8d62,car
76612,9,1,87,181,2019,11,18,4,3,2,6,2,0,1,0,0,0,1,"737771,495345","5313890,06824","12,183595899","47,934171299",1,2,#fc8d62,car
76614,9,1,87,182,2019,11,18,4,3,5,3,2,0,1,0,1,0,0,"740840,307","5327868,675","12,23246005","48,058593978",0,2,#fc8d62,car
76615,9,1,78,137,2019,11,12,1,3,3,6,0,1,0,0,0,0,0,"693141,864567","5364555,1368","11,60976266","48,404537584",0,1,#66c2a5,bicycle
76617,9,1,63,0,2019,11,17,4,3,3,6,1,0,1,0,1,0,0,"733584,113065","5303144,41033","12,121804581","47,839172296",0,2,#fc8d62,car
76622,9,1,74,113,2019,11,11,1,2,2,1,0,0,1,0,0,0,0,"670555,710721","5347813,59597","11,298071997","48,260556983",0,2,#fc8d62,car
76624,9,1,82,120,2019,11,18,4,3,0,1,2,1,0,0,0,0,0,"702092,588028","5306613,98158","11,703069905","47,881024311",0,1,#66c2a5,bicycle
76625,9,1,82,120,2019,11,15,4,3,0,7,0,1,1,0,0,0,0,"702094,169239","5306619,8607","11,703093781","47,881076651",0,1,#66c2a5,bicycle
76634,9,1,84,134,2019,11,16,1,3,5,3,1,0,1,0,0,0,0,"694273,561","5323343,845","11,606157292","48,033805142",0,2,#fc8d62,car
76635,9,1,84,145,2019,11,19,6,3,3,6,2,0,1,0,0,0,0,"697389,401188","5324741,01682","11,648554046","48,045406859",0,2,#fc8d62,car
76636,9,1,81,130,2019,11,1,4,3,8,7,2,0,1,0,0,0,0,"637934,01006","5324947,70855","10,851377868","48,062885237",1,2,#fc8d62,car
76637,9,1,82,120,2019,11,8,6,3,2,6,0,0,1,0,0,0,0,"700773,134012","5307334,70209","11,68577686","47,887915698",0,2,#fc8d62,car
76638,9,1,79,126,2019,11,10,4,3,0,1,0,1,0,0,0,0,0,"676207,117085","5340462,19926","11,371096377","48,192928038",0,1,#66c2a5,bicycle
76640,9,1,87,179,2019,11,15,6,3,8,1,0,0,0,0,1,0,0,"724916,36","5313188,204","12,011361105","47,932505272",0,4,#e78ac3,marker
76641,9,1,79,142,2019,11,18,4,3,5,3,2,0,1,0,0,0,0,"673318,864216","5343820,31822","11,333636694","48,223910271",1,2,#fc8d62,car
76642,9,1,81,145,2019,11,13,4,3,5,3,0,0,1,0,0,0,0,"642980,043383","5334575,11273","10,922294476","48,148343479",0,2,#fc8d62,car
76646,9,1,88,126,2019,11,18,4,3,5,2,2,0,1,0,0,0,1,"660210,696","5328125,928","11,151368227","48,086254672",1,2,#fc8d62,car
76648,9,1,81,120,2019,11,6,4,3,1,6,2,0,1,0,1,0,0,"648941,873572","5319783,48617","10,997241685","48,013975367",0,2,#fc8d62,car
76650,9,1,74,141,2019,11,6,4,3,8,1,2,0,1,0,0,0,0,"678672,921167","5354302,70303","11,410089976","48,316649171",1,2,#fc8d62,car
76651,9,1,84,112,2019,11,16,4,3,3,6,1,0,1,0,0,1,0,"700864,099191","5341054,89259","11,702808903","48,190936049",0,2,#fc8d62,car
76654,9,1,75,132,2019,11,17,4,3,2,6,2,0,1,0,0,0,0,"708031,591281","5336814,07132","11,797061902","48,150520406",0,2,#fc8d62,car
76655,9,1,75,132,2019,11,7,4,3,2,2,2,0,0,0,0,0,1,"707258,657918","5336745,8582","11,786649088","48,150159735",0,6,#ffd92f,circle
76657,9,1,75,133,2019,11,18,4,3,2,2,2,0,1,0,0,0,0,"707992,417","5342668,861","11,79940076","48,203145347",1,2,#fc8d62,car
76658,9,1,81,138,2019,11,14,6,3,2,6,0,0,1,0,0,0,1,"639024,726217","5334680,03579","10,86918128","48,150163835",0,2,#fc8d62,car
76659,9,1,78,143,2019,11,19,4,3,4,6,2,0,1,0,0,0,0,"721186,393","5374094,203","11,993237474","48,481025431",1,2,#fc8d62,car
76661,9,1,78,143,2019,11,7,6,3,0,1,1,0,0,0,1,0,0,"717481,164","5372123,729","11,942140742","48,464613976",1,4,#e78ac3,marker
76662,9,1,62,0,2019,11,18,3,3,2,6,2,0,1,0,0,0,0,"689542,685146","5340450,2461","11,550360471","48,188981008",0,2,#fc8d62,car
76663,9,1,77,144,2019,11,8,6,3,8,1,0,0,1,0,0,0,0,"717375,04988","5348780,32378","11,928649785","48,254914646",0,2,#fc8d62,car
76664,9,1,62,0,2019,11,6,3,3,1,1,1,0,0,0,1,1,0,"689938,597015","5339042,56753","11,555052843","48,176210616",0,4,#e78ac3,marker
76665,9,7,72,141,2019,11,8,7,3,5,3,0,1,1,0,0,0,0,"622254,990109","5349775,48362","10,64816915","48,289364014",0,1,#66c2a5,bicycle
76666,9,1,84,136,2019,11,20,3,3,1,5,2,1,1,0,0,0,0,"699326,229593","5327416,95793","11,675759767","48,068854523",0,1,#66c2a5,bicycle
76667,9,1,77,139,2019,11,15,6,3,4,6,0,0,1,0,0,0,0,"732593,347808","5359593,04325","12,139330345","48,346646358",0,2,#fc8d62,car
76668,9,1,62,0,2019,11,14,3,3,3,6,0,0,1,0,0,1,0,"694550,138555","5336424,37872","11,615823411","48,151284547",0,2,#fc8d62,car
76672,9,1,84,130,2019,11,18,5,3,5,3,2,1,1,0,0,0,0,"697338,692042","5343006,234","11,656331849","48,209578202",0,1,#66c2a5,bicycle
76673,9,7,77,121,2019,11,17,3,3,0,3,2,0,1,0,1,0,0,"627988,201","5321423,292","10,716893732","48,033263012",0,2,#fc8d62,car
76676,9,1,62,0,2019,11,15,5,3,3,6,1,0,1,0,1,0,0,"688238,809343","5340205,19849","11,532725641","48,18716623",0,2,#fc8d62,car
76682,9,7,77,152,2019,11,15,3,3,4,2,0,0,1,0,0,0,0,"624946,059283","5305710,22576","10,671536794","47,892551601",0,2,#fc8d62,car
76684,9,7,62,0,2019,11,18,3,3,5,3,2,1,1,0,0,0,0,"620962,948286","5304455,94888","10,617921361","47,88203412",0,1,#66c2a5,bicycle
76691,9,7,72,148,2019,11,10,3,2,6,4,0,0,1,1,0,0,0,"628022,054618","5354218,391","10,727229537","48,328177081",0,2,#fc8d62,car
76693,9,7,71,146,2019,11,6,3,3,4,2,1,0,1,0,0,0,1,"646723,323","5346844,46","10,976832357","48,257811056",0,2,#fc8d62,car
76695,9,7,71,158,2019,11,14,3,3,2,6,0,0,1,0,0,0,0,"642383,640367","5371753,67977","10,92683196","48,482773206",0,2,#fc8d62,car
76696,9,7,71,113,2019,11,17,3,2,6,4,2,0,1,1,0,0,0,"657007,179","5370268,534","11,124034929","48,465939463",0,2,#fc8d62,car
76698,9,7,61,0,2019,11,16,5,3,2,6,0,0,1,0,0,0,0,"639201,983092","5356483,13404","10,878732746","48,346177929",0,2,#fc8d62,car
76702,9,7,71,130,2019,11,17,5,3,4,6,1,0,1,0,0,0,0,"644479,513661","5361534,45334","10,951653853","48,390411237",0,2,#fc8d62,car
76720,9,1,81,146,2019,11,8,2,3,2,6,0,0,1,0,0,0,0,"651821,062744","5326537,45081","11,03822061","48,074025594",0,2,#fc8d62,car
76725,9,1,81,115,2019,11,12,1,2,8,1,0,0,1,0,0,0,0,"656374,469145","5326744,01776","11,099384444","48,074782555",0,2,#fc8d62,car
76745,9,1,78,144,2019,11,6,2,2,5,3,2,0,1,0,0,0,0,"707195,226711","5379911,09153","11,807031881","48,538059687",1,2,#fc8d62,car
76751,9,1,62,0,2019,11,13,7,3,3,6,0,0,1,0,0,0,0,"686046,961303","5335244,07627","11,501093735","48,14321971",0,2,#fc8d62,car
76787,9,1,90,142,2019,11,18,2,2,4,2,2,0,1,0,0,0,0,"659707,397","5298623,488","11,133661698","47,82112507",1,2,#fc8d62,car
76801,9,2,61,0,2019,11,14,3,3,3,6,0,0,1,0,0,1,0,"733215,905161","5380932,11763","12,15959797","48,538102567",0,2,#fc8d62,car
76803,9,2,74,134,2019,11,11,5,3,9,1,0,0,1,0,0,0,0,"738160,412369","5372537,04204","12,221689731","48,460840034",1,2,#fc8d62,car
76805,9,1,85,158,2019,11,7,2,3,4,2,1,0,1,0,0,0,0,"663450,579211","5382654,02444","11,21599024","48,57563947",1,2,#fc8d62,car
76807,9,2,61,0,2019,11,20,3,2,5,3,2,0,1,0,0,1,0,"732032,449772","5380858,35554","12,143548712","48,537878631",0,2,#fc8d62,car
76808,9,2,61,0,2019,11,15,5,2,4,6,0,0,1,0,0,0,0,"736724,260392","5381623,20105","12,20744456","48,542996591",1,2,#fc8d62,car
76811,9,1,87,177,2019,11,17,2,3,4,6,2,0,1,0,0,0,0,"736922,686","5303391,712","12,166489318","47,840172733",1,2,#fc8d62,car
76813,9,1,88,139,2019,11,19,5,3,3,3,2,0,1,0,0,1,0,"680270,960468","5320594,16878","11,417337434","48,013194211",0,2,#fc8d62,car
76815,9,1,73,137,2019,11,15,3,3,2,3,0,0,1,0,0,0,0,"679059,168406","5308648,93106","11,396129343","47,906154869",0,2,#fc8d62,car
76826,9,1,83,144,2019,11,7,3,3,6,4,1,0,1,1,0,0,0,"741762,471173","5351651,95339","12,258333566","48,271876825",1,2,#fc8d62,car
76827,9,1,84,118,2019,11,13,2,3,3,6,0,0,1,0,0,0,0,"701897,466123","5335628,18841","11,714121422","48,141839673",1,2,#fc8d62,car
76830,9,1,87,177,2019,11,8,5,3,6,2,0,0,1,1,0,0,0,"736001,06748","5305645,71968","12,155420499","47,860761093",0,2,#fc8d62,car
76831,9,1,87,170,2019,11,22,3,3,9,1,2,0,1,0,0,0,0,"732241,502377","5319852,10668","12,112886866","47,989761604",0,2,#fc8d62,car
76832,9,1,77,112,2019,11,3,1,3,9,1,2,0,1,0,0,0,0,"716990,589127","5361428,09919","11,929981259","48,36868597",0,2,#fc8d62,car
76834,9,1,87,142,2019,11,21,3,3,9,1,2,0,1,0,0,0,0,"730953,3","5310624,507","12,090694853","47,907325897",1,2,#fc8d62,car
76845,9,7,71,129,2019,11,3,3,3,2,6,2,0,1,0,0,1,0,"660283,894001","5355613,67635","11,162735983","48,333364071",1,2,#fc8d62,car
76846,9,1,81,139,2019,11,18,5,3,5,3,2,0,1,0,1,0,0,"656030,558","5325919,971","11,09446971","48,067457746",0,2,#fc8d62,car
76847,9,1,81,141,2019,11,5,3,3,5,3,2,0,1,0,0,0,0,"643077,532226","5321493,71205","10,919221166","48,030693848",0,2,#fc8d62,car
76848,9,1,74,141,2019,11,16,5,2,4,2,1,0,1,0,0,0,0,"683542,95014","5355677,26105","11,47631641","48,327609358",0,2,#fc8d62,car
76849,9,1,81,122,2019,11,11,3,3,2,6,0,0,1,0,0,0,0,"644813,433862","5333752,08393","10,946648864","48,140528218",0,2,#fc8d62,car
76850,9,1,75,136,2019,11,13,2,3,9,1,0,0,1,0,0,0,0,"730748,639782","5320584,84868","12,093301126","47,996884826",1,2,#fc8d62,car
76851,9,1,81,120,2019,11,6,3,3,9,1,1,0,1,0,0,0,1,"651901,801536","5318294,117","11,036379793","47,999886997",1,2,#fc8d62,car
76852,9,1,74,131,2019,11,13,5,3,0,6,0,0,1,0,0,0,0,"676526,273","5358220,825","11,382801789","48,352471577",0,2,#fc8d62,car
76853,9,1,74,113,2019,11,7,3,3,2,6,0,0,1,0,0,0,0,"679037,81165","5349709,93547","11,413060081","48,275262834",1,2,#fc8d62,car
76854,9,1,78,143,2019,11,16,5,2,2,6,2,0,1,0,0,0,0,"721939,575","5374316,343","12,003533397","48,482755776",0,2,#fc8d62,car
76855,9,1,75,132,2019,11,18,3,3,2,6,2,0,1,0,0,0,1,"704966,387006","5335817,15906","11,755418973","48,142556698",1,2,#fc8d62,car
76856,9,1,84,131,2019,11,9,7,3,4,6,0,0,1,0,0,0,0,"704530,275504","5339040,78543","11,751112731","48,171666356",0,2,#fc8d62,car
76857,9,1,78,132,2019,11,5,5,3,9,1,2,0,1,0,0,0,0,"712778,177797","5379545,24378","11,882383212","48,532904522",1,2,#fc8d62,car
76858,9,1,78,124,2019,11,11,3,3,4,2,0,1,1,0,0,0,0,"703535,768842","5364827,70538","11,75017484","48,403717312",1,1,#66c2a5,bicycle
76859,9,1,77,117,2019,11,18,3,3,8,1,2,0,1,0,0,0,0,"713864,88953","5352010,00879","11,883054027","48,285128719",0,2,#fc8d62,car
76862,9,1,78,124,2019,11,13,5,3,0,1,0,0,0,0,1,0,1,"703323,607565","5365823,16716","11,747793785","48,412731174",1,4,#e78ac3,marker
76863,9,1,75,122,2019,11,17,3,3,0,3,1,1,1,0,0,0,0,"720538,368","5325157,381","11,958972695","48,041572233",0,1,#66c2a5,bicycle