OBJECTID,ULAND,UREGBEZ,UKREIS,UGEMEINDE,UJAHR,UMONAT,USTUNDE,UWOCHENTAG,UKATEGORIE,UART,UTYP1,ULICHTVERH,IstRad,IstPKW,IstFuss,IstKrad,IstGkfz,IstSonstig,LINREFX,LINREFY,XGCSWGS84,YGCSWGS84,STRZUSTAND,Teilnehmer,color,symbol
76865,9,1,62,0,2019,11,7,2,3,2,6,0,0,1,0,1,0,0,"685170,792522","5341628,56607","11,492107477","48,200861705",1,2,#fc8d62,car
76866,9,1,77,120,2019,11,17,5,3,5,3,2,0,1,0,1,0,0,"718749,401383","5358946,39969","11,952407731","48,345781753",0,2,#fc8d62,car
76867,9,1,84,135,2019,11,7,2,3,6,4,1,0,1,1,0,0,0,"689797,490308","5348162,4768","11,557238107","48,258221501",1,2,#fc8d62,car
76868,9,1,62,0,2019,11,10,4,3,5,2,0,1,1,0,0,0,0,"692162,415833","5331277,61582","11,581432533","48,105752154",0,1,#66c2a5,bicycle
76869,9,1,84,135,2019,11,8,2,3,5,3,0,1,1,0,0,0,0,"692299,366426","5349764,73417","11,591639988","48,271867606",1,1,#66c2a5,bicycle
76873,9,1,62,0,2019,11,9,4,3,5,3,0,1,0,0,0,1,0,"692532,842556","5339194,06071","11,589982493","48,176791537",0,1,#66c2a5,bicycle
76875,9,1,62,0,2019,11,20,4,3,1,6,2,0,1,0,1,0,0,"689102,055082","5329672,12773","11,539651817","48,092237524",0,2,#fc8d62,car
76882,9,7,61,0,2019,11,7,7,3,2,6,0,0,1,0,0,0,0,"641097,555997","5356732,20915","10,904385127","48,347996948",0,2,#fc8d62,car
76885,9,7,72,200,2019,11,7,2,3,2,6,0,0,1,0,0,0,0,"629347,373823","5337070,66051","10,739861303","48,173704098",0,2,#fc8d62,car
76888,9,7,61,0,2019,11,13,4,3,1,3,0,0,1,0,0,1,0,"639590,723052","5352163,46899","10,882545886","48,307250543",0,2,#fc8d62,car
76889,9,7,72,151,2019,11,18,2,3,9,1,2,0,1,0,0,0,0,"623198,78743","5344681,10675","10,659403212","48,243367331",1,2,#fc8d62,car
76891,9,7,72,147,2019,11,18,2,3,2,6,2,0,1,0,0,0,0,"635997,944","5364424,466","10,838083003","48,418284027",0,2,#fc8d62,car
76893,9,7,72,147,2019,11,9,2,2,5,3,0,1,1,0,0,0,0,"638140,808786","5366461,00711","10,86770016","48,436129883",1,1,#66c2a5,bicycle
76931,9,1,78,113,2019,11,6,2,3,2,6,2,0,1,0,0,0,0,"691478,249122","5368912,71983","11,589297421","48,44420808",1,2,#fc8d62,car
76934,9,1,73,118,2019,11,12,7,3,0,7,0,1,0,0,0,0,0,"689757,458869","5300875,08671","11,53573721","47,833203981",1,1,#66c2a5,bicycle
76943,9,1,88,113,2019,11,17,1,3,5,3,2,1,1,0,0,0,0,"675860,53702","5315265,90726","11,356066092","47,966524242",0,1,#66c2a5,bicycle
76955,9,1,62,0,2019,11,11,1,3,1,6,0,0,1,0,0,0,0,"694131,501272","5331710,34392","11,608053063","48,109044395",0,2,#fc8d62,car
76962,9,1,79,113,2019,12,7,1,3,9,1,0,0,1,0,0,0,0,"671296,534396","5335795,70372","11,303193949","48,152321451",0,2,#fc8d62,car
76963,9,1,78,113,2019,12,21,1,3,3,6,2,0,1,0,0,0,0,"691534,896156","5370405,40282","11,590745426","48,457605999",0,2,#fc8d62,car
76964,9,1,62,0,2019,12,18,1,3,2,6,2,0,1,0,0,0,0,"694236,680675","5340707,93059","11,613570226","48,189879003",0,2,#fc8d62,car
76965,9,1,77,113,2019,12,18,1,2,5,3,2,0,1,0,0,0,0,"718664,055","5353398,056","11,948380737","48,295960837",0,2,#fc8d62,car
76966,9,1,75,114,2019,12,14,1,3,5,3,0,0,1,0,0,0,0,"718047,72656","5324939,27994","11,925489989","48,040467868",1,2,#fc8d62,car
76967,9,1,62,0,2019,11,10,7,3,5,3,0,0,1,0,0,0,0,"696810,558","5333688,672","11,644918361","48,126002348",1,2,#fc8d62,car
76968,9,1,84,135,2019,11,9,7,3,2,1,0,0,1,0,0,0,0,"693145,883061","5347258,62797","11,601892353","48,249086439",1,2,#fc8d62,car
76969,9,1,62,0,2019,11,13,7,3,3,2,0,1,1,0,0,0,0,"694994,616812","5332995,12716","11,620223443","48,120327873",0,1,#66c2a5,bicycle
76972,9,7,62,0,2019,11,18,7,3,8,1,2,0,1,0,0,0,0,"622668,784","5306486,441","10,641304971","47,899971982",0,2,#fc8d62,car
76973,9,7,77,158,2019,11,15,7,2,0,1,0,0,0,0,1,0,0,"620020,161374","5310764,86272","10,607072598","47,938952116",0,4,#e78ac3,marker
76975,9,7,72,200,2019,11,8,7,3,5,3,1,0,1,0,0,0,0,"629665,138","5338637,096","10,744611571","48,187725866",0,2,#fc8d62,car
76999,9,2,74,182,2019,11,18,7,3,1,6,2,0,1,0,0,0,0,"728622,869403","5377919,74275","12,095816051","48,512731778",0,2,#fc8d62,car
77003,9,1,62,0,2019,11,0,7,3,3,6,2,0,1,0,0,0,0,"687084,845327","5331388,00629","11,513339868","48,108255781",1,2,#fc8d62,car
77004,9,1,87,142,2019,11,15,7,2,5,3,1,0,1,0,0,0,0,"733658,934","5311458,187","12,127298741","47,913835951",0,2,#fc8d62,car
77007,9,1,82,120,2019,11,18,7,3,6,7,2,0,1,1,0,0,0,"701415,40226","5307024,54633","11,694214114","47,884927006",0,2,#fc8d62,car
77012,9,1,78,120,2019,11,21,7,3,3,6,2,0,1,0,0,0,0,"695246,949408","5352660,91901","11,632659903","48,296994562",0,2,#fc8d62,car
77014,9,1,75,122,2019,11,14,7,2,4,6,0,0,1,0,0,0,0,"721871,010066","5325500,98007","11,977005919","48,044197815",0,2,#fc8d62,car
77015,9,1,62,0,2019,11,15,6,3,5,3,0,1,1,0,0,0,0,"695008,202008","5333477,53694","11,62062647","48,124659406",1,1,#66c2a5,bicycle
77016,9,2,74,194,2019,12,1,4,3,8,1,2,0,1,0,0,0,0,"721310,67852","5377939,30489","11,99695437","48,515526452",1,2,#fc8d62,car
77017,9,2,74,146,2019,12,13,4,3,9,1,0,0,0,0,0,0,1,"735682,344905","5379272,76366","12,192021516","48,52227629",0,6,#ffd92f,circle
77018,9,1,62,0,2019,11,14,6,3,3,6,0,0,1,0,0,1,1,"700024,458997","5332917,33285","11,687698873","48,118068602",0,2,#fc8d62,car
77019,9,1,62,0,2019,11,18,6,3,5,2,2,0,1,0,0,0,0,"681882,968645","5335694,37115","11,445361601","48,148471361",1,2,#fc8d62,car
77020,9,2,61,0,2019,12,12,4,3,5,3,0,0,1,0,0,1,0,"731336,979","5384756,585","12,136307087","48,573152502",0,2,#fc8d62,car
77022,9,1,62,0,2019,11,15,6,3,6,4,1,0,1,1,0,0,0,"682920,893","5338848,756","11,460659393","48,176527334",1,2,#fc8d62,car
77023,9,1,90,138,2019,12,8,4,3,2,6,1,0,1,0,0,1,0,"660918,898428","5310945,9521","11,154425476","47,931614798",1,2,#fc8d62,car
77024,9,1,62,0,2019,11,16,6,3,9,7,1,0,1,0,0,0,1,"693476,712557","5337271,20015","11,601791163","48,159222911",1,2,#fc8d62,car
77026,9,1,62,0,2019,11,19,6,3,0,7,2,0,1,0,0,0,1,"687371,040742","5335072,87779","11,518800685","48,141292366",1,2,#fc8d62,car
77027,9,7,77,121,2019,11,16,6,3,2,6,2,0,1,0,0,0,0,"625945,618","5320511,071","10,689237813","48,025465333",1,2,#fc8d62,car
77041,9,1,82,120,2019,12,11,4,2,6,2,0,0,0,1,0,0,1,"702020,147192","5306113,54395","11,701868067","47,876549493",0,3,#8da0cb,toilet
77042,9,1,87,179,2019,12,8,4,3,2,6,0,0,1,0,0,0,0,"723189,006498","5312541,74145","11,987931681","47,927300559",0,2,#fc8d62,car
77046,9,1,86,162,2019,12,11,4,3,2,6,0,0,0,0,0,1,0,"691246,594488","5383013,21559","11,592628522","48,571002346",0,5,#a6d854,bus
77047,9,7,78,111,2019,11,20,6,3,6,7,2,1,0,1,0,0,0,"626014,479937","5323216,81579","10,690957282","48,049785074",0,1,#66c2a5,bicycle
77049,9,7,71,130,2019,11,10,6,3,0,1,0,1,0,0,0,0,0,"647459,127","5358831,701","10,990929806","48,36542077",1,1,#66c2a5,bicycle
77051,9,7,71,160,2019,11,19,6,3,4,6,2,0,1,0,0,0,0,"653235,194194","5349936,6929","11,065630824","48,284071716",1,2,#fc8d62,car
77052,9,1,62,0,2019,12,13,4,3,2,6,0,0,1,0,0,0,0,"687338,640007","5333158,01363","11,517523581","48,12409057",0,2,#fc8d62,car
77053,9,7,61,0,2019,11,14,6,3,2,2,0,0,1,0,0,1,0,"640639,72892","5365197,73402","10,901043147","48,424217918",1,2,#fc8d62,car
77054,9,1,79,142,2019,12,8,4,3,2,6,0,0,1,0,0,0,0,"674647,920641","5344700,40561","11,35187872","48,231457105",0,2,#fc8d62,car
77055,9,7,61,0,2019,11,20,6,3,2,1,2,0,1,0,0,0,1,"641494,055689","5358335,77407","10,910272695","48,362326901",1,2,#fc8d62,car
77056,9,1,62,0,2019,12,7,4,2,2,6,1,0,1,0,0,0,0,"679200,126739","5337373,4877","11,410032123","48,164326373",0,2,#fc8d62,car
77057,9,7,71,113,2019,11,13,6,3,5,3,0,1,1,0,0,0,0,"657472,012","5368854,056","11,129786535","48,453106773",1,1,#66c2a5,bicycle
77058,9,1,88,121,2019,12,16,4,3,2,6,0,0,1,0,0,0,0,"670030,496782","5329252,70822","11,28357536","48,093840763",0,2,#fc8d62,car
77060,9,1,74,113,2019,12,22,4,2,9,1,2,0,1,0,0,0,0,"678411,904859","5349982,33422","11,404746852","48,277888021",0,2,#fc8d62,car
77062,9,1,77,120,2019,12,17,4,3,9,1,2,0,1,0,0,0,0,"720561,536839","5361388,37711","11,978111054","48,367091615",0,2,#fc8d62,car
77064,9,1,77,131,2019,12,8,4,3,0,1,0,0,0,0,1,0,0,"711261,967612","5348266,87221","11,84614027","48,252368125",0,4,#e78ac3,marker
77067,9,1,62,0,2019,12,8,3,3,1,5,0,0,1,0,0,0,0,"695379,176292","5334001,55267","11,625846623","48,129255274",0,2,#fc8d62,car
77068,9,1,84,113,2019,12,12,3,3,5,3,0,1,1,0,0,0,0,"686225,205845","5322972,71247","11,498136818","48,032866794",0,1,#66c2a5,bicycle
77083,9,7,62,0,2019,12,7,3,3,2,6,0,0,1,0,0,0,0,"623306,445582","5306169,29319","10,649742575","47,896997434",0,2,#fc8d62,car
77086,9,7,62,0,2019,12,14,3,3,3,2,0,1,0,0,0,1,0,"620476,852779","5305600,79459","10,611741826","47,892422048",0,1,#66c2a5,bicycle
77087,9,7,62,0,2019,12,11,3,3,2,6,0,0,1,0,0,0,0,"620900,877944","5304436,12883","10,617085941","47,881867556",0,2,#fc8d62,car
77091,9,7,77,182,2019,12,14,3,3,8,6,0,0,1,0,0,0,0,"626092,894868","5308659,47386","10,687734661","47,918851133",0,2,#fc8d62,car
77095,9,7,77,155,2019,12,9,3,3,8,1,0,0,1,0,0,0,1,"630205,946301","5311538,64719","10,74363174","47,943921788",1,2,#fc8d62,car
77099,9,7,71,130,2019,12,9,3,3,3,6,0,0,1,0,0,1,0,"645940,191793","5362821,48168","10,971820143","48,401646901",0,2,#fc8d62,car
77100,9,7,71,142,2019,12,18,3,3,2,6,2,0,1,0,0,0,0,"645184,292854","5354270,20613","10,958662077","48,324933966",0,2,#fc8d62,car
77103,9,7,71,130,2019,12,18,3,3,2,6,2,0,1,0,0,0,0,"644629,704404","5363292,28323","10,954286935","48,406182029",0,2,#fc8d62,car
77158,9,2,61,0,2019,11,7,6,3,5,3,0,1,1,0,0,0,0,"735013,653563","5382100,63222","12,184573811","48,547928069",0,1,#66c2a5,bicycle
77165,9,1,73,120,2019,11,15,6,3,5,3,0,0,1,0,0,0,0,"690191,608","5309219,237","11,545205005","47,908077267",1,2,#fc8d62,car
77167,9,1,73,123,2019,11,12,6,2,8,1,0,0,1,0,0,0,0,"679967,80743","5300193,88883","11,404756948","47,829894425",1,2,#fc8d62,car
77170,9,1,90,148,2019,12,16,3,2,5,3,2,0,1,0,0,0,0,"641648,118387","5297632,16641","10,89221366","47,816440535",1,2,#fc8d62,car
77173,9,1,82,133,2019,11,17,6,3,9,1,2,0,1,0,0,0,1,"703712,621824","5307973,67009","11,725354718","47,892732148",1,2,#fc8d62,car
77174,9,1,63,0,2019,11,12,6,3,2,6,0,0,1,0,0,0,0,"733330,910742","5305229,77498","12,119550158","47,857999294",0,2,#fc8d62,car
77176,9,1,82,136,2019,11,14,6,3,8,1,0,0,1,0,0,0,0,"704255,157308","5298672,49529","11,728213401","47,808968264",1,2,#fc8d62,car
77178,9,1,82,137,2019,11,8,6,3,1,6,0,0,1,0,0,0,0,"710866,850579","5302063,19974","11,81806647","47,83730731",1,2,#fc8d62,car
77181,9,1,87,177,2019,12,13,3,3,4,2,0,0,1,0,0,0,0,"736123,006","5304234,273","12,156277938","47,848036222",0,2,#fc8d62,car
77188,9,1,82,136,2019,12,13,3,3,2,6,0,0,1,0,0,0,0,"703072,82349","5299441,39057","11,712799592","47,816252702",0,2,#fc8d62,car
77189,9,1,62,0,2019,11,11,6,2,3,6,0,0,1,0,0,1,0,"683480,471344","5342557,99853","11,469782305","48,209706617",0,2,#fc8d62,car
77190,9,1,88,141,2019,11,17,6,2,6,4,2,0,1,1,0,0,0,"670781,610456","5309528,9102","11,285802863","47,916323249",1,2,#fc8d62,car
77192,9,1,88,124,2019,11,16,6,3,5,3,1,0,1,0,0,0,0,"662563,414496","5318502,30144","11,179283572","47,999136905",1,2,#fc8d62,car
77194,9,1,88,120,2019,11,8,6,3,2,2,0,0,1,0,0,0,1,"677356,950576","5326449,71548","11,380722666","48,066647126",1,2,#fc8d62,car
77196,9,1,74,113,2019,11,18,6,2,5,3,2,0,1,0,0,0,0,"677500,694","5346720,92","11,391107609","48,248827495",1,2,#fc8d62,car
77197,9,1,62,0,2019,12,18,3,3,3,6,2,0,1,0,0,1,0,"684651,318214","5342535,77048","11,485517747","48,209167297",0,2,#fc8d62,car
77198,9,1,88,144,2019,12,23,3,3,9,1,2,0,1,0,0,0,0,"667924,216356","5327166,80957","11,254490011","48,075646861",2,2,#fc8d62,car
77199,9,1,74,113,2019,11,10,6,3,2,6,0,0,1,0,0,0,0,"674436,556","5344967,204","11,34914472","48,23391359",1,2,#fc8d62,car
77200,9,1,74,143,2019,11,7,6,3,1,3,1,0,1,0,0,0,0,"676140,152131","5351913,05737","11,374959227","48,295879295",1,2,#fc8d62,car
77201,9,1,79,123,2019,12,16,3,3,1,6,1,0,1,0,0,0,0,"676637,459843","5334033,02815","11,374211931","48,135015472",0,2,#fc8d62,car
77202,9,1,84,112,2019,11,19,6,3,2,6,2,0,1,0,0,0,0,"701936,902478","5340531,42108","11,716978791","48,185891584",1,2,#fc8d62,car
77203,9,1,78,113,2019,12,17,3,3,1,6,1,0,1,0,0,0,0,"691570,105834","5366751,71918","11,589550446","48,424758572",0,2,#fc8d62,car
77204,9,1,62,0,2019,11,17,6,3,2,6,2,0,1,0,0,0,0,"695757,462082","5335061,1997","11,631412029","48,138662609",1,2,#fc8d62,car
77205,9,1,75,132,2019,12,10,3,3,0,7,0,1,0,0,0,0,0,"706330,513405","5331362,25283","11,771579011","48,10208202",0,1,#66c2a5,bicycle
77206,9,1,62,0,2019,12,10,2,3,5,2,0,0,1,1,0,0,1,"691088,773319","5330712,59671","11,566771691","48,100996718",1,2,#fc8d62,car
77207,9,1,62,0,2019,11,6,6,3,1,6,2,0,1,0,0,0,1,"684801,219698","5342573,90031","11,487550146","48,209466398",1,2,#fc8d62,car
77208,9,1,75,119,2019,11,12,6,3,4,6,0,0,1,0,0,0,0,"727361,766658","5322685,54687","12,049078691","48,016971392",0,2,#fc8d62,car
77209,9,1,84,135,2019,12,6,2,3,5,3,2,1,1,0,0,0,0,"686619,422884","5347511,37462","11,514174456","48,253313255",1,1,#66c2a5,bicycle
77210,9,1,62,0,2019,12,22,2,3,2,6,2,0,1,0,0,0,0,"693712,258979","5337025,58538","11,60484347","48,156943704",0,2,#fc8d62,car
77211,9,1,62,0,2019,11,15,5,3,5,7,1,0,1,0,0,0,0,"688004,126057","5334996,94949","11,527269062","48,140423158",0,2,#fc8d62,car
77212,9,1,84,135,2019,11,18,5,3,1,7,2,0,1,0,0,0,0,"693125,640791","5346470,22371","11,601260382","48,24200681",0,2,#fc8d62,car
77213,9,1,62,0,2019,12,11,2,3,0,7,0,0,0,0,0,0,1,"684293,85562","5332091,7655","11,476185742","48,115395197",0,6,#ffd92f,circle
77214,9,1,84,123,2019,12,19,2,3,4,2,2,1,1,0,0,0,0,"703756,744452","5334553,71728","11,7385724","48,131591072",0,1,#66c2a5,bicycle
77215,9,1,84,135,2019,11,18,5,3,2,6,2,0,1,0,0,1,0,"693122,673485","5346450,75988","11,601211583","48,241832782",0,2,#fc8d62,car
77216,9,1,62,0,2019,11,13,5,3,2,6,0,0,1,0,0,0,0,"689230,380598","5339029,64219","11,545529941","48,176305722",0,2,#fc8d62,car
77217,9,1,62,0,2019,11,16,5,3,3,6,2,0,1,0,0,0,1,"693867,400714","5339986,77876","11,608277586","48,183510422",0,2,#fc8d62,car
77220,9,1,84,146,2019,11,18,5,3,1,6,1,0,1,0,0,0,0,"697498,722444","5328363,78411","11,651692102","48,077932488",0,2,#fc8d62,car
77222,9,1,84,118,2019,11,9,5,3,4,2,0,0,1,0,0,0,0,"703163,156228","5336006,56781","11,731296716","48,144837199",1,2,#fc8d62,car
77236,9,7,71,122,2019,12,5,2,2,3,7,2,0,1,0,0,1,0,"648893,490841","5362701,56868","11,011654756","48,399878199",1,2,#fc8d62,car
77238,9,7,72,223,2019,12,6,2,2,4,6,2,0,1,0,0,0,0,"618301,061294","5365042,53881","10,599178992","48,427413979",1,2,#fc8d62,car
77241,9,7,72,177,2019,12,15,2,3,4,2,0,0,1,0,0,0,0,"635853,284135","5378877,54325","10,840827235","48,548274275",0,2,#fc8d62,car
77242,9,7,72,186,2019,11,22,5,2,8,1,2,0,1,0,0,0,0,"638740,669004","5344067,98621","10,868431732","48,23464328",0,2,#fc8d62,car
77243,9,7,71,145,2019,12,15,2,3,2,6,0,0,1,0,0,0,0,"647493,295733","5346297,11715","10,987009116","48,252710928",0,2,#fc8d62,car
77244,9,7,72,131,2019,11,18,5,3,3,6,2,1,1,0,0,0,0,"617617,330203","5356221,13603","10,587470263","48,348210147",1,1,#66c2a5,bicycle
77245,9,7,71,160,2019,11,18,5,3,5,3,2,0,1,0,0,0,0,"655577,103388","5351104,5866","11,097608417","48,294000687",0,2,#fc8d62,car
77246,9,7,61,0,2019,12,11,2,3,0,7,0,1,0,0,0,0,0,"644217,782286","5358837,24474","10,947195039","48,366219492",0,1,#66c2a5,bicycle
77247,9,7,72,125,2019,11,11,5,3,5,3,0,0,0,0,1,1,0,"636004,977","5347889,21","10,832837664","48,269597088",0,4,#e78ac3,marker
77248,9,7,61,0,2019,12,7,2,3,2,1,0,0,1,0,0,0,0,"642611,374096","5359543,34432","10,925757954","48,372933383",0,2,#fc8d62,car
77319,9,1,90,139,2019,11,5,5,3,9,1,2,0,1,0,0,0,1,"656472,661844","5296982,10599","11,08988373","47,807161483",0,2,#fc8d62,car
77330,9,1,84,114,2019,11,13,5,3,3,6,0,0,1,0,0,1,0,"699906,231062","5319005,69146","11,679612227","47,993078675",1,2,#fc8d62,car
77334,9,1,87,122,2019,11,22,5,2,0,1,2,1,0,0,0,0,0,"717641,446","5307090,774","11,911014681","47,880227149",0,1,#66c2a5,bicycle
77341,9,1,62,0,2019,11,16,5,3,3,6,2,0,1,0,0,1,0,"683630,270699","5342563,82416","11,471799289","48,209715662",1,2,#fc8d62,car
77344,9,1,81,130,2019,11,22,5,3,8,1,2,0,1,0,0,0,0,"638838,237446","5325453,68232","10,863672254","48,06723896",0,2,#fc8d62,car
77345,9,1,88,132,2019,11,16,5,3,5,3,2,0,1,0,0,0,0,"664756,880473","5323316,02834","11,210516397","48,041853064",0,2,#fc8d62,car
77346,9,2,61,0,2019,12,12,2,3,0,1,0,1,0,0,0,0,0,"731490,611241","5381059,92613","12,13633138","48,539889396",1,1,#66c2a5,bicycle
77348,9,1,81,114,2019,11,7,5,3,8,3,2,0,1,0,0,0,1,"649584,041499","5316138,30195","11,004576859","47,981049062",0,2,#fc8d62,car
77350,9,1,62,0,2019,11,17,5,3,2,6,2,0,1,0,0,0,0,"693162,08875","5339755,10139","11,598693197","48,181643018",1,2,#fc8d62,car
77352,9,1,78,124,2019,11,6,5,3,8,1,2,0,0,0,0,0,1,"704656,129374","5365233,19713","11,765492546","48,40699842",1,6,#ffd92f,circle
77354,9,1,77,117,2019,11,22,5,3,2,6,2,0,1,0,0,0,0,"716323,126305","5354876,55502","11,917616939","48,31004966",0,2,#fc8d62,car
77356,9,1,84,119,2019,11,17,4,3,1,6,2,0,1,0,0,0,0,"696283,008538","5346450,32903","11,643731951","48,240858462",0,2,#fc8d62,car
77358,9,1,62,0,2019,11,12,4,3,5,3,0,1,1,0,0,0,0,"695441,345","5329904,127","11,624803931","48,092410354",1,1,#66c2a5,bicycle
77359,9,1,62,0,2019,11,15,4,3,5,2,0,0,1,0,0,0,0,"685732,566938","5335286,63018","11,496889951","48,143694061",0,2,#fc8d62,car
77361,9,1,87,177,2019,12,7,2,3,6,2,2,0,1,1,0,0,0,"735816,651","5305486,736","12,152871958","47,85940052",1,2,#fc8d62,car
77362,9,1,84,140,2019,11,19,4,2,6,7,2,0,1,1,0,0,0,"702088,509672","5327605,62663","11,71288707","48,069680985",1,2,#fc8d62,car
77363,9,7,77,121,2019,11,6,4,3,3,6,2,0,1,0,0,0,0,"630195,765313","5321752,18715","10,746592885","48,035774478",0,2,#fc8d62,car
77367,9,1,82,125,2019,12,15,2,3,5,3,0,0,1,0,0,0,0,"714367,686455","5296381,12663","11,861983293","47,785089456",1,2,#fc8d62,car
77369,9,1,87,122,2019,12,12,2,3,5,3,0,0,1,0,0,0,1,"719070,788771","5311777,52302","11,932486188","47,921854162",0,2,#fc8d62,car
77374,9,1,88,121,2019,12,12,2,3,2,6,0,0,1,0,0,0,0,"672364,702242","5329273,1762","11,314906559","48,093397725",0,2,#fc8d62,car
77376,9,1,79,121,2019,12,18,2,3,5,3,2,0,1,0,0,0,0,"665467,398422","5339738,99252","11,226414601","48,189315442",2,2,#fc8d62,car
77378,9,1,79,121,2019,12,17,2,2,4,6,2,0,1,0,0,1,0,"664925,002526","5336542,73634","11,217881974","48,160721659",0,2,#fc8d62,car
77380,9,7,62,0,2019,11,12,4,3,3,6,0,0,1,0,0,0,1,"622657,356","5306457,966","10,641144033","47,899718073",0,2,#fc8d62,car
77381,9,1,78,120,2019,12,15,2,3,1,6,1,0,1,0,0,0,0,"694868,309767","5353503,66046","11,627949004","48,30468519",1,2,#fc8d62,car
77382,9,7,71,130,2019,11,7,4,3,2,6,2,0,1,0,0,0,0,"648731,896532","5362701,81927","11,00947299","48,399918593",0,2,#fc8d62,car
77383,9,1,78,124,2019,12,5,2,3,3,6,2,0,1,0,0,1,0,"701205,903127","5358043,63313","11,715484631","48,343500269",1,2,#fc8d62,car
77384,9,7,72,147,2019,11,15,4,2,2,7,0,0,1,0,0,1,0,"634901,610137","5364404,27291","10,823266823","48,418338141",0,2,#fc8d62,car
77385,9,7,72,184,2019,11,17,4,3,4,6,2,0,1,0,0,0,0,"636077,852865","5361300,22144","10,838149536","48,390173836",1,2,#fc8d62,car
77386,9,1,78,113,2019,12,8,2,3,2,6,0,0,1,0,0,0,0,"692201,373","5367391,645","11,598367855","48,43031748",1,2,#fc8d62,car
77387,9,1,62,0,2019,12,19,1,3,2,6,2,0,1,0,0,0,0,"693784,565586","5331632,83334","11,603361952","48,10845339",0,2,#fc8d62,car
77388,9,7,61,0,2019,11,18,4,3,0,1,2,1,0,0,0,0,0,"636489,682806","5360793,809","10,843545043","48,385531227",1,1,#66c2a5,bicycle
77389,9,7,61,0,2019,11,13,4,3,1,1,0,0,1,0,0,0,0,"641395,435002","5357517,27725","10,908666971","48,354989381",0,2,#fc8d62,car
77390,9,7,71,144,2019,11,5,4,2,4,6,2,0,1,0,0,0,0,"658438,999393","5373756,99792","11,144713253","48,496942182",0,2,#fc8d62,car
77393,9,7,77,130,2019,12,16,1,1,4,6,2,0,1,0,0,0,0,"623961,074755","5309380,65154","10,65942053","47,925752804",0,2,#fc8d62,car
77395,9,7,72,147,2019,12,20,1,3,2,6,2,0,1,0,0,0,0,"638528,913632","5364105,93161","10,872166345","48,414868469",1,2,#fc8d62,car
77397,9,7,71,113,2019,12,11,1,3,8,1,0,0,1,0,0,0,0,"657091,12986","5372212,6093","11,125900207","48,483396213",0,2,#fc8d62,car
77451,9,1,83,139,2019,12,17,1,3,9,1,2,0,1,0,0,0,0,"735181,202","5330754,23","12,158214204","48,086626592",1,2,#fc8d62,car
77452,9,1,87,176,2019,12,7,1,3,0,6,0,0,1,0,0,0,1,"737532,202","5332510,689","12,190711988","48,101533489",0,2,#fc8d62,car
77454,9,1,82,137,2019,12,21,1,3,8,1,2,0,1,0,0,0,0,"711602,001619","5305488,68053","11,829554265","47,867848722",0,2,#fc8d62,car
77469,9,1,82,133,2019,12,16,1,3,2,6,1,0,1,0,0,0,0,"707568,802545","5305942,92897","11,775906342","47,873246831",0,2,#fc8d62,car
77470,9,1,87,165,2019,12,20,1,2,9,1,2,0,1,0,0,0,0,"732111,841675","5299781,05465","12,100356234","47,809488074",0,2,#fc8d62,car
77473,9,1,86,152,2019,12,15,1,2,0,7,0,0,1,0,0,0,0,"689834,850084","5376727,36565","11,570646164","48,514938949",0,2,#fc8d62,car
77475,9,1,74,113,2019,12,9,1,3,4,6,0,0,1,0,0,0,0,"675705,401752","5347812,00037","11,367397783","48,259135523",0,2,#fc8d62,car
77477,9,1,78,144,2019,12,5,1,3,2,6,2,0,1,0,0,0,0,"706116,15696","5378983,3889","11,7919723","48,530079017",0,2,#fc8d62,car
77478,9,1,84,135,2019,12,10,7,3,5,3,0,1,1,0,0,0,0,"691217,485286","5347499,42348","11,576050836","48,251835291",0,1,#66c2a5,bicycle
77484,9,7,74,198,2019,12,0,7,3,8,7,2,0,1,0,0,0,0,"616600,775792","5351335,95693","10,57240392","48,304464863",1,2,#fc8d62,car
77489,9,7,72,223,2019,12,12,7,3,3,6,0,0,1,0,0,0,0,"619055,554552","5363108,93836","10,608825048","48,409882988",0,2,#fc8d62,car
77491,9,7,61,0,2019,12,5,7,3,2,6,2,0,1,0,0,1,0,"643000,458815","5363426,03504","10,932330675","48,407756372",1,2,#fc8d62,car
77493,9,7,71,130,2019,12,21,7,3,2,6,2,0,1,0,0,0,0,"644045,286205","5363194,75182","10,946361348","48,405438912",1,2,#fc8d62,car
77495,9,7,71,129,2019,12,13,7,3,8,1,0,0,1,0,0,0,0,"653634,671719","5356725,96573","11,073485035","48,345015895",1,2,#fc8d62,car
77497,9,7,71,130,2019,12,10,7,3,5,3,0,0,1,0,0,0,0,"648698,251343","5356895,13571","11,006965031","48,347718244",1,2,#fc8d62,car
77498,9,7,71,130,2019,12,18,7,3,1,6,2,0,1,0,0,0,0,"644884,188454","5357686,49572","10,955790984","48,355720072",0,2,#fc8d62,car
77499,9,2,61,0,2019,12,17,4,3,4,2,2,0,1,0,0,0,1,"732107,906129","5379960,24369","12,144069336","48,529783182",0,2,#fc8d62,car
77501,9,2,61,0,2019,12,18,4,3,1,6,2,0,1,0,0,0,0,"727706,108592","5380464,85015","12,084810309","48,535928278",0,2,#fc8d62,car