OBJECTID,ULAND,UREGBEZ,UKREIS,UGEMEINDE,UJAHR,UMONAT,USTUNDE,UWOCHENTAG,UKATEGORIE,UART,UTYP1,ULICHTVERH,IstRad,IstPKW,IstFuss,IstKrad,IstGkfz,IstSonstig,LINREFX,LINREFY,XGCSWGS84,YGCSWGS84,STRZUSTAND,Teilnehmer,color,symbol
77503,9,1,73,147,2019,12,10,4,3,5,2,0,1,1,0,0,0,0,"682287,483319","5307817,01877","11,438938283","47,897767434",0,1,#66c2a5,bicycle
77528,9,1,74,113,2019,12,7,4,3,2,6,0,0,1,0,0,0,0,"673728,646649","5345413,7165","11,339802652","48,238121747",0,2,#fc8d62,car
77530,9,1,79,142,2019,12,18,4,3,3,6,2,0,1,0,0,1,0,"673662,627137","5344185,26795","11,338410779","48,227096917",0,2,#fc8d62,car
77533,9,1,88,121,2019,12,13,4,3,2,6,0,0,1,0,0,0,0,"671561,099472","5330672,89853","11,304685671","48,106197708",0,2,#fc8d62,car
77534,9,1,88,120,2019,12,9,4,3,5,3,0,0,1,0,0,0,0,"671914,410584","5326371,00515","11,307696341","48,067429558",1,2,#fc8d62,car
77536,9,2,74,126,2019,12,20,7,3,4,2,2,0,1,0,0,0,0,"731900,795","5383988,756","12,143510973","48,566046966",1,2,#fc8d62,car
77537,9,1,79,121,2019,12,7,4,2,6,4,0,0,0,1,0,1,0,"667659,728299","5338510,18098","11,255404575","48,177693621",0,3,#8da0cb,toilet
77538,9,2,61,0,2019,12,17,7,3,4,2,1,0,1,0,1,0,0,"732091,779734","5379425,42012","12,143553584","48,52498493",0,2,#fc8d62,car
77539,9,2,74,124,2019,12,12,7,2,2,6,0,0,1,0,0,0,0,"725240,233064","5376086,98038","12,04909063","48,497488973",1,2,#fc8d62,car
77540,9,1,62,0,2019,12,1,4,3,2,6,2,0,1,0,0,0,0,"697064,880075","5335179,84053","11,649022085","48,139325334",0,2,#fc8d62,car
77542,9,1,75,133,2019,12,8,4,3,2,6,0,0,1,0,0,0,0,"707823,324115","5342090,16897","11,796844422","48,198000509",1,2,#fc8d62,car
77543,9,1,84,132,2019,12,19,7,3,0,7,2,0,1,0,0,0,0,"682782,403581","5324802,02011","11,452778176","48,0503048",1,2,#fc8d62,car
77545,9,1,78,124,2019,12,16,4,3,4,2,2,0,1,0,0,0,0,"705954,40897","5362625,36721","11,78173585","48,383141806",1,2,#fc8d62,car
77546,9,1,62,0,2019,12,17,3,3,2,6,2,0,1,0,0,0,0,"685926,894111","5340781,75067","11,501902521","48,193029329",0,2,#fc8d62,car
77549,9,1,62,0,2019,12,7,3,3,5,2,1,1,1,0,0,0,0,"688712,447667","5336261,95918","11,537341818","48,151583545",0,1,#66c2a5,bicycle
77550,9,1,62,0,2019,12,15,3,3,5,3,0,0,1,0,0,0,0,"686184,937","5335220,728","11,502936546","48,142969485",0,2,#fc8d62,car
77555,9,1,84,140,2019,12,17,7,3,8,1,2,0,1,0,0,0,0,"702928,389364","5327827,9989","11,724254198","48,071412789",0,2,#fc8d62,car
77556,9,1,87,174,2019,12,5,7,3,9,1,2,0,1,0,0,0,0,"741867,042017","5310200,8252","12,236273128","47,899498794",2,2,#fc8d62,car
77566,9,7,72,216,2019,12,7,3,3,9,1,1,0,1,0,0,0,0,"622401,579041","5370589,59815","10,656207519","48,476513589",2,2,#fc8d62,car
77568,9,7,72,115,2019,12,6,3,3,8,1,1,0,1,0,0,0,0,"616412,347","5367105,462","10,574230898","48,446317981",1,2,#fc8d62,car
77571,9,7,72,115,2019,12,7,3,3,4,1,2,0,1,0,0,0,0,"616220,512223","5367063,59717","10,571626136","48,445976938",2,2,#fc8d62,car
77572,9,7,72,157,2019,12,7,3,3,8,1,2,0,1,0,0,0,0,"627107,142763","5334765,72557","10,70905291","48,15342806",2,2,#fc8d62,car
77575,9,1,74,135,2019,12,9,7,3,9,1,0,0,1,0,0,0,0,"662247,847165","5354089,19675","11,188629183","48,319157688",0,2,#fc8d62,car
77576,9,7,72,145,2019,12,16,3,3,5,3,1,0,1,0,0,0,0,"634289,631151","5366564,55414","10,815692011","48,437894109",0,2,#fc8d62,car
77577,9,1,81,141,2019,12,16,7,3,5,3,0,0,1,0,0,0,0,"643869,667357","5319443,49748","10,929152309","48,012080271",0,2,#fc8d62,car
77578,9,7,71,142,2019,12,18,3,2,5,2,2,1,1,0,0,0,0,"645719,319614","5351198,94526","10,964814817","48,297195926",0,1,#66c2a5,bicycle
77579,9,1,79,118,2019,12,14,7,3,5,2,0,0,1,0,0,0,1,"673170,502967","5336975,82949","11,328849541","48,162422708",0,2,#fc8d62,car
77580,9,7,61,0,2019,12,12,3,3,6,2,0,0,1,1,0,0,0,"644381,749315","5357610,34123","10,948986521","48,355150419",1,2,#fc8d62,car
77581,9,1,74,137,2019,12,11,7,3,6,4,0,0,1,1,0,0,0,"661020,021449","5351690,24364","11,171163482","48,297904421",0,2,#fc8d62,car
77583,9,1,84,131,2019,12,15,7,1,9,1,0,0,1,0,0,0,0,"704712,946761","5337029,40749","11,752598914","48,153532235",0,2,#fc8d62,car
77585,9,1,75,122,2019,12,21,7,3,0,1,2,1,0,0,0,0,0,"719306,684454","5325167,51474","11,942474976","48,042087492",1,1,#66c2a5,bicycle
77587,9,1,62,0,2019,12,14,6,2,5,2,0,0,1,0,0,0,1,"695502,401","5330862,285","11,626061826","48,101003147",0,2,#fc8d62,car
77589,9,1,62,0,2019,12,18,6,3,5,3,2,0,1,0,0,0,1,"687108,643","5331939,297","11,513901073","48,113203982",1,2,#fc8d62,car
77591,9,1,62,0,2019,12,16,6,3,3,6,0,0,1,0,0,0,0,"690340,342132","5339045,53027","11,560452849","48,176117043",0,2,#fc8d62,car
77593,9,1,62,0,2019,12,16,6,3,2,7,2,0,1,0,0,0,0,"684394,118038","5335410,37284","11,478967678","48,145195663",0,2,#fc8d62,car
77595,9,1,84,114,2019,12,12,6,3,5,3,0,0,1,0,0,0,0,"701276,074023","5317811,95748","11,69739359","47,981920708",0,2,#fc8d62,car
77615,9,7,62,0,2019,12,16,6,3,4,2,1,1,0,0,0,0,1,"621318,975255","5304452,50098","10,622680404","47,881935924",0,1,#66c2a5,bicycle
77624,9,7,73,140,2019,12,6,6,3,4,6,2,0,1,0,0,0,1,"615742,328824","5375797,14874","10,567581427","48,524606387",1,2,#fc8d62,car
77625,9,7,72,147,2019,12,5,6,2,3,6,2,0,1,0,0,1,0,"634406,461241","5364465,85809","10,816597866","48,418997737",1,2,#fc8d62,car
77627,9,7,61,0,2019,12,13,6,3,2,6,0,0,1,0,0,0,0,"637772,253755","5357037,13311","10,85962839","48,351472894",0,2,#fc8d62,car
77629,9,7,72,159,2019,12,7,6,3,2,6,1,0,1,0,0,0,0,"625352,051161","5361551,73996","10,693408333","48,3946588",0,2,#fc8d62,car
77632,9,7,72,223,2019,12,12,6,3,2,6,0,0,1,0,0,0,1,"618454,927779","5362822,9524","10,600631211","48,407424287",0,2,#fc8d62,car
77633,9,7,72,147,2019,12,14,6,3,2,6,0,0,1,0,0,0,0,"636409,558478","5364715,66003","10,84373791","48,420813423",0,2,#fc8d62,car
77635,9,7,61,0,2019,12,18,6,3,2,6,2,0,1,0,0,0,0,"637056,566619","5359536,5611","10,850787718","48,374103275",0,2,#fc8d62,car
77637,9,7,61,0,2019,12,15,6,3,5,2,0,1,0,0,0,1,0,"639601,70173","5360885,58345","10,885585683","48,385675384",0,1,#66c2a5,bicycle
77638,9,7,61,0,2019,12,10,6,3,9,1,0,0,1,0,0,0,0,"638207,308139","5352322,98075","10,863951461","48,308988661",0,2,#fc8d62,car
77642,9,7,61,0,2019,12,9,6,3,5,3,0,0,1,0,0,0,0,"642069,56","5364045,371","10,91996874","48,413535634",1,2,#fc8d62,car
77682,9,2,74,146,2019,12,17,3,1,5,3,2,1,1,0,0,0,0,"733653,089788","5377427,7579","12,163548651","48,506461594",0,1,#66c2a5,bicycle
77688,9,1,73,147,2019,12,6,3,3,4,2,2,0,1,0,0,0,0,"680554,884","5307910,075","11,415817109","47,899093807",1,2,#fc8d62,car
77689,9,1,90,158,2019,12,7,3,3,4,1,0,0,1,0,0,0,0,"653705,984217","5303981,77193","11,05544164","47,870766664",2,2,#fc8d62,car
77711,9,1,63,0,2019,12,17,3,3,5,3,2,0,1,0,0,0,0,"731779,996796","5303120,9579","12,097716947","47,83961435",1,2,#fc8d62,car
77713,9,1,87,177,2019,12,7,3,3,5,3,0,0,1,0,0,0,0,"736407,239979","5305816,40617","12,160935944","47,862145197",1,2,#fc8d62,car
77718,9,1,87,172,2019,12,7,3,3,4,1,0,0,1,0,0,0,0,"739703,120434","5295187,06071","12,199057231","47,76543642",2,2,#fc8d62,car
77721,9,1,73,118,2019,12,10,6,3,2,6,0,1,1,0,0,0,0,"689309,494056","5301275,20378","11,529932008","47,836932515",0,1,#66c2a5,bicycle
77726,9,1,84,148,2019,12,10,6,2,2,6,0,0,1,0,0,0,0,"696074,38555","5327091,16679","11,632005672","48,066934296",0,2,#fc8d62,car
77728,9,1,62,0,2019,12,6,6,3,2,6,2,0,1,0,0,0,1,"694657,030165","5332035,50219","11,615254024","48,111806421",1,2,#fc8d62,car
77729,9,1,86,152,2019,12,0,3,3,8,1,2,0,1,0,0,0,0,"696445,776122","5375396,0464","11,659442623","48,500941799",0,2,#fc8d62,car
77737,9,1,87,169,2019,12,20,6,3,4,1,2,0,1,0,0,0,0,"742691,816","5297990,333","12,240444638","47,789500625",0,2,#fc8d62,car
77738,9,1,79,142,2019,12,6,3,2,4,2,2,0,1,0,0,0,0,"670978,095","5341133,203","11,301063094","48,200389402",1,2,#fc8d62,car
77739,9,1,81,128,2019,12,17,3,3,5,3,2,1,1,0,0,0,0,"638832,862","5327752,473","10,86434707","48,087911542",0,1,#66c2a5,bicycle
77740,9,1,87,179,2019,12,16,6,3,4,1,2,0,1,0,0,0,0,"725945,680332","5315382,25297","12,026274041","47,951856189",2,2,#fc8d62,car
77742,9,1,81,130,2019,12,14,3,2,6,4,0,0,1,1,0,0,0,"639854,82502","5323484,21217","10,876666729","48,049306876",1,2,#fc8d62,car
77743,9,1,81,111,2019,12,12,3,3,5,2,0,0,1,0,0,0,1,"644090,287","5305426,364","10,927414858","47,885986288",1,2,#fc8d62,car
77745,9,1,86,143,2019,12,16,6,3,2,6,1,0,1,0,0,0,0,"684114,108512","5377257,44073","11,493490352","48,521406413",0,2,#fc8d62,car
77746,9,1,81,130,2019,12,7,3,3,6,4,2,0,1,1,0,0,0,"639520,313","5323173,492","10,872079209","48,046586",1,2,#fc8d62,car
77747,9,1,84,140,2019,12,12,3,3,2,6,0,0,1,0,0,0,0,"702509,365441","5327389,0634","11,718427587","48,067601275",0,2,#fc8d62,car
77752,9,1,77,116,2019,12,14,3,3,0,7,0,0,1,0,0,0,0,"714075,825969","5365562,74497","11,892782735","48,406831359",0,2,#fc8d62,car
77753,9,1,75,127,2019,12,18,3,3,1,5,2,0,1,0,1,0,0,"712442,810985","5342272,99026","11,859024567","48,198114783",1,2,#fc8d62,car
77755,9,1,81,140,2019,12,13,6,3,0,7,0,0,0,0,0,0,1,"643260,736381","5324313,32212","10,922620819","48,056006852",0,6,#ffd92f,circle
77756,9,1,84,135,2019,12,14,2,3,5,3,0,1,1,0,0,0,0,"689848,980404","5347319,33842","11,55755294","48,250628107",0,1,#66c2a5,bicycle
77757,9,1,62,0,2019,12,1,6,3,9,1,2,0,1,0,0,0,0,"680652,565209","5339426,99945","11,430420233","48,182373945",1,2,#fc8d62,car
77758,9,1,81,143,2019,12,9,6,2,9,1,0,0,1,0,0,0,0,"636704,344404","5314943,2129","10,831691304","47,973184035",0,2,#fc8d62,car
77759,9,1,84,135,2019,12,8,2,3,2,2,0,0,1,0,0,1,0,"688127,658073","5347445,24938","11,534443751","48,252273028",0,2,#fc8d62,car
77760,9,1,81,145,2019,12,7,6,3,4,1,0,0,1,0,0,0,0,"641701,8922","5334229,81947","10,905005332","48,145524655",1,2,#fc8d62,car
77761,9,1,84,149,2019,12,18,2,3,2,6,2,0,1,0,0,0,0,"691210,639255","5352390,63048","11,578170795","48,295797792",0,2,#fc8d62,car
77762,9,1,74,118,2019,12,20,6,3,0,1,2,0,1,0,0,0,0,"668692,023","5352958,792","11,275035472","48,307309421",1,2,#fc8d62,car
77763,9,1,75,135,2019,12,7,6,3,0,7,2,1,0,0,0,0,0,"709050,453164","5339172,42548","11,811902683","48,171378771",2,1,#66c2a5,bicycle
77766,9,1,78,124,2019,12,13,6,3,2,6,0,0,1,0,0,0,0,"702313,822026","5365485,2949","11,734000464","48,41001989",0,2,#fc8d62,car
77781,9,7,61,0,2019,12,17,2,3,5,3,2,0,1,0,0,0,0,"640487,197223","5352395,24043","10,894706222","48,309136101",1,2,#fc8d62,car
77784,9,7,62,0,2019,12,9,5,3,2,6,0,0,1,0,0,0,0,"623070,174365","5306083,56707","10,646558354","47,896271809",1,2,#fc8d62,car
77792,9,7,71,113,2019,12,14,5,3,5,3,0,0,1,0,0,0,0,"657259,804311","5369941,87987","11,127327275","48,462939656",0,2,#fc8d62,car
77864,9,2,74,124,2019,12,11,5,3,2,6,0,0,1,0,0,1,0,"722283,651351","5374428,4254","12,008242744","48,483641188",1,2,#fc8d62,car
77865,9,2,61,0,2019,12,17,5,3,6,4,2,0,1,1,0,0,0,"733134,712474","5381002,66219","12,158539178","48,53876641",0,2,#fc8d62,car
77879,9,1,82,133,2019,12,5,5,2,0,1,2,0,0,0,0,0,1,"703713,336554","5307974,14103","11,725364491","47,892736154",0,6,#ffd92f,circle
77880,9,1,87,134,2019,12,16,5,2,4,6,1,0,1,0,0,0,0,"738205,022064","5322845,06633","12,1943541","48,014455338",1,2,#fc8d62,car
77886,9,1,63,0,2019,12,12,5,3,5,3,0,1,1,0,0,0,0,"732619,296723","5307102,82566","12,111058473","47,875084977",0,1,#66c2a5,bicycle
77888,9,1,63,0,2019,12,18,5,2,6,2,2,0,1,1,0,0,0,"734557,314","5304274,333","12,135403408","47,848969251",1,2,#fc8d62,car
77892,9,1,87,129,2019,12,18,5,1,6,4,2,0,1,1,0,0,0,"720884,288022","5299547,37436","11,950479622","47,811338896",1,2,#fc8d62,car
77898,9,1,87,129,2019,12,0,2,2,2,6,2,0,1,0,0,1,0,"726212,656127","5300625,92765","12,022115413","47,81917925",0,2,#fc8d62,car
77899,9,1,81,130,2019,12,13,5,3,0,6,0,0,1,0,0,0,1,"638693,033449","5323027,05538","10,860937432","48,045449484",0,2,#fc8d62,car
77900,9,1,81,144,2019,12,8,5,3,1,6,1,0,1,0,0,0,0,"655185,861","5320964,989","11,081342328","48,023112745",1,2,#fc8d62,car
77901,9,1,78,124,2019,12,20,5,3,0,6,2,0,1,0,0,0,0,"700870,494515","5357542,36231","11,710724182","48,339102287",0,2,#fc8d62,car
77902,9,1,87,182,2019,12,15,2,3,0,7,0,0,1,0,1,0,0,"739060,858298","5328125,52703","12,208759499","48,061570295",0,2,#fc8d62,car
77903,9,1,78,130,2019,12,10,5,3,4,1,0,0,1,0,0,1,1,"702639,533486","5358041,83535","11,734809279","48,343025946",1,2,#fc8d62,car
77904,9,1,63,0,2019,12,20,2,3,5,3,2,1,1,0,0,0,0,"733566,157282","5305094,07847","12,122617218","47,856694741",1,1,#66c2a5,bicycle
77905,9,1,77,117,2019,12,14,5,3,5,3,0,0,1,0,0,0,0,"717774,165","5353453,619","11,936426867","48,296766891",0,2,#fc8d62,car
77907,9,1,84,137,2019,12,10,4,3,5,3,0,0,1,0,0,0,0,"707568,136","5317021,99","11,781233504","47,972811426",0,2,#fc8d62,car
77909,9,1,62,0,2019,12,18,4,3,2,6,2,0,1,0,0,0,0,"682687,768623","5335990,27612","11,456298603","48,150900526",0,2,#fc8d62,car
77910,9,1,86,128,2019,12,18,2,3,4,6,2,0,1,0,0,0,0,"675881,292194","5383570,95554","11,384761418","48,580515906",0,2,#fc8d62,car
77913,9,1,62,0,2019,12,14,4,3,6,2,0,0,1,1,0,0,0,"679576,507304","5336910,89951","11,414894046","48,160061996",0,2,#fc8d62,car
77914,9,1,81,143,2019,12,7,2,3,9,1,0,0,1,0,0,0,0,"636775,821764","5315264,28629","10,832750722","47,976056052",1,2,#fc8d62,car
77916,9,1,79,121,2019,12,12,2,2,8,1,0,0,1,0,0,0,0,"663718,499893","5340322,23596","11,20312565","48,195012138",0,2,#fc8d62,car
77919,9,1,74,122,2019,12,16,2,3,9,1,2,0,1,0,0,0,0,"686260,677","5352690,244","11,511628125","48,299967013",1,2,#fc8d62,car
77921,9,1,74,126,2019,12,17,2,3,2,6,2,0,1,0,0,0,0,"683890,026072","5346777,2905","11,477120545","48,247512849",0,2,#fc8d62,car
77924,9,1,74,136,2019,12,17,2,3,5,3,2,1,0,0,0,0,0,"682832,981225","5364706,14231","11,470671737","48,408968919",0,1,#66c2a5,bicycle
77926,9,1,75,118,2019,12,6,2,3,2,6,2,0,1,0,0,0,0,"715057,365336","5339360,63654","11,892690496","48,171066085",0,2,#fc8d62,car
77928,9,7,61,0,2019,12,15,4,3,2,6,0,0,1,0,0,0,0,"639489,736962","5351786,79167","10,881060224","48,303885795",0,2,#fc8d62,car
77929,9,7,72,147,2019,12,7,4,3,1,5,1,0,1,0,1,0,0,"639367,279082","5365106,19048","10,883822588","48,423677594",0,2,#fc8d62,car
77930,9,1,62,0,2019,12,7,2,3,2,6,0,0,1,0,0,0,0,"698904,048245","5335036,36735","11,673650102","48,137463695",0,2,#fc8d62,car
77931,9,7,71,130,2019,12,12,4,3,6,7,0,1,0,1,0,0,0,"646982,607828","5357860,41185","10,984160745","48,356798835",0,1,#66c2a5,bicycle
77932,9,1,62,0,2019,12,14,2,3,3,6,0,0,1,0,0,1,0,"694701,953518","5344579,57158","11,621600425","48,224532697",0,2,#fc8d62,car
77934,9,7,71,130,2019,12,8,4,3,2,6,0,0,1,0,0,1,0,"645015,483555","5355274,29605","10,956731565","48,334000906",0,2,#fc8d62,car
77935,9,1,78,124,2019,12,8,2,3,2,6,0,0,1,0,0,0,0,"705356,839161","5364656,08915","11,774667314","48,401584674",1,2,#fc8d62,car
77936,9,7,71,146,2019,12,17,4,3,1,6,2,0,1,0,0,0,0,"646424,571185","5349319,60229","10,973666789","48,280135215",0,2,#fc8d62,car
77937,9,1,62,0,2019,12,14,1,3,2,6,0,0,1,0,0,0,0,"688001,000992","5333758,22779","11,52668043","48,129290185",0,2,#fc8d62,car
77938,9,7,61,0,2019,12,15,4,3,5,3,1,0,1,0,0,0,0,"636726,94511","5360461,78023","10,846639939","48,382494272",0,2,#fc8d62,car
77940,9,1,62,0,2019,12,13,1,3,5,1,0,1,1,0,0,0,0,"699729,561819","5332952,78543","11,683757501","48,118479779",0,1,#66c2a5,bicycle
77943,9,1,62,0,2019,12,14,1,3,5,3,0,1,0,0,0,0,1,"689193,335792","5330623,60539","11,541298153","48,100762484",0,1,#66c2a5,bicycle
77946,9,1,84,142,2019,12,17,1,2,4,3,2,0,1,0,0,0,0,"681321,935073","5318571,34005","11,43056245","47,994713545",1,2,#fc8d62,car
77951,9,7,72,163,2019,12,19,1,3,9,3,2,0,1,0,0,0,0,"638527,660784","5346772,16323","10,866449561","48,259005867",0,2,#fc8d62,car
77953,9,7,71,130,2019,12,21,1,1,6,4,2,0,1,1,0,0,0,"644191,968829","5363162,64542","10,948331124","48,405116697",1,2,#fc8d62,car
77955,9,7,72,160,2019,12,12,1,3,9,1,0,0,1,0,0,0,0,"637806,756072","5340343,24801","10,854650976","48,201353628",0,2,#fc8d62,car
77956,9,7,71,129,2019,12,13,1,2,5,3,0,0,1,0,0,0,1,"658117,257156","5355426,76743","11,133452288","48,332229491",0,2,#fc8d62,car
77960,9,7,71,169,2019,12,2,1,3,8,1,2,0,1,0,0,0,0,"638806,798625","5373568,10755","10,879058071","48,499887723",0,2,#fc8d62,car
77995,9,2,74,185,2019,12,17,1,3,8,1,2,0,1,0,0,0,0,"732758,723911","5368483,40723","12,146482888","48,426447776",0,2,#fc8d62,car
78000,9,1,73,137,2019,12,17,1,3,8,7,2,0,1,0,0,0,0,"676708,803675","5299066,55557","11,360788378","47,820663546",0,2,#fc8d62,car
78003,9,1,62,0,2019,12,16,1,3,1,6,1,0,1,0,0,0,0,"686855,715143","5331202,52077","11,510183509","48,106655822",0,2,#fc8d62,car
78009,9,2,61,0,2019,12,18,2,3,0,1,2,0,0,0,1,0,0,"732010,707621","5379649,03935","12,142581629","48,527023622",0,4,#e78ac3,marker
78012,9,1,75,122,2019,12,14,7,2,4,1,0,0,1,0,0,0,0,"721049,627773","5322666,49237","11,964537757","48,019014626",0,2,#fc8d62,car
78013,9,7,62,0,2019,12,13,6,3,2,6,0,0,1,0,0,0,0,"623196,210348","5306300,71972","10,648305873","47,89820061",0,2,#fc8d62,car
78016,9,7,77,158,2019,12,6,6,3,4,6,2,0,1,0,0,1,0,"620020,161374","5310764,86272","10,607072598","47,938952116",1,2,#fc8d62,car
78018,9,2,61,0,2019,12,13,4,3,0,2,0,1,1,0,0,0,0,"731978,193927","5380944,19842","12,142862593","48,538669796",0,1,#66c2a5,bicycle
78028,9,1,63,0,2019,12,16,2,3,2,6,2,0,1,0,0,0,0,"735363,724802","5303705,78819","12,145857014","47,843566807",0,2,#fc8d62,car
78032,9,7,72,111,2019,12,18,6,3,2,6,2,0,1,0,0,0,1,"626152,417934","5364177,43659","10,705004985","48,418110925",1,2,#fc8d62,car
78034,9,1,62,0,2019,12,16,3,3,2,6,2,0,1,0,0,0,0,"685041,849772","5342603,4211","11,490798891","48,209661639",0,2,#fc8d62,car
78035,9,7,71,122,2019,12,11,6,3,8,1,0,0,1,0,0,0,0,"652366,34889","5362360,58905","11,058420612","48,395982846",2,2,#fc8d62,car
78036,9,7,71,160,2019,12,5,6,3,2,2,2,0,1,0,0,0,0,"653919,54676","5350955,5738","11,075220983","48,293066273",1,2,#fc8d62,car
78037,9,1,87,165,2019,12,17,4,2,2,6,2,1,1,0,0,0,0,"726865,651937","5299957,8479","12,03047697","47,812946768",0,1,#66c2a5,bicycle
78038,9,7,72,125,2019,12,10,6,3,2,6,0,0,1,0,0,0,0,"635552,405228","5346381,83146","10,826258847","48,256139469",1,2,#fc8d62,car
78040,9,7,71,112,2019,12,7,6,3,5,3,1,0,1,0,0,0,0,"646764,051595","5368496,3675","10,984931257","48,452479206",1,2,#fc8d62,car
78042,9,1,74,115,2019,12,21,3,3,1,6,2,0,1,0,0,0,0,"683263,357906","5348444,87483","11,469409177","48,262683283",0,2,#fc8d62,car
78047,9,7,72,163,2019,12,20,7,3,3,6,2,0,1,0,0,0,0,"638559,784984","5346631,21394","10,866835986","48,257731427",1,2,#fc8d62,car
78059,9,1,62,0,2019,12,8,2,3,4,2,0,1,1,0,0,0,0,"696797,969128","5333701,0063","11,644755062","48,126117093",0,1,#66c2a5,bicycle
78061,9,1,79,137,2019,12,17,4,1,2,6,2,0,1,0,1,0,0,"655131,654985","5344887,41004","11,089326203","48,238212817",0,2,#fc8d62,car
78074,9,1,84,112,2019,12,16,2,3,2,6,1,0,1,0,0,0,0,"701506,888011","5340784,02438","11,711319672","48,18829822",0,2,#fc8d62,car
78075,9,1,73,118,2019,12,20,3,2,4,7,2,0,1,0,0,0,0,"689331,334599","5301187,84439","11,530185389","47,836140841",0,2,#fc8d62,car
78081,9,1,75,132,2019,12,18,4,3,5,3,2,1,1,0,0,0,0,"707510,084092","5330188,38231","11,78683389","48,091150118",0,1,#66c2a5,bicycle
78088,9,1,88,124,2019,12,11,7,3,9,1,0,0,1,0,0,0,0,"662673,683505","5318497,8369","11,180759009","47,99906872",1,2,#fc8d62,car
78090,9,7,62,0,2019,12,0,1,3,9,1,2,0,1,0,0,0,0,"618368,575","5303453,101","10,582959738","47,873498197",1,2,#fc8d62,car
78091,9,1,82,120,2019,12,17,3,3,2,6,2,0,1,0,0,0,0,"701528,371692","5306982,40977","11,695703847","47,884512857",0,2,#fc8d62,car
78094,9,2,74,183,2019,12,9,4,3,9,1,0,0,1,0,0,0,0,"739985,317089","5361376,11515","12,239953413","48,359898049",1,2,#fc8d62,car
78096,9,1,62,0,2019,12,7,7,3,6,2,0,0,1,1,0,0,0,"696797,969128","5333701,0063","11,644755062","48,126117093",1,2,#fc8d62,car
78098,9,1,77,126,2019,12,17,2,3,5,3,2,0,1,0,0,0,0,"716857,717","5366501,742","11,93080849","48,414317289",0,2,#fc8d62,car
78103,9,1,62,0,2019,12,6,1,2,9,1,2,0,1,0,0,0,0,"695177,807","5344378,635","11,627908148","48,222580595",1,2,#fc8d62,car
78104,9,7,71,130,2019,12,6,2,3,4,6,2,0,1,0,0,0,0,"645270,713542","5360268,50278","10,961897339","48,378846948",1,2,#fc8d62,car
78111,9,1,90,148,2019,12,13,2,3,4,6,0,0,1,0,0,1,0,"639718,820515","5295842,41383","10,865878504","47,800767644",0,2,#fc8d62,car
78114,9,1,84,120,2019,12,19,6,3,5,3,2,0,1,0,0,0,0,"682130,307656","5333142,63701","11,447592756","48,125463692",1,2,#fc8d62,car
78120,9,1,73,126,2019,12,17,4,3,2,6,2,0,1,0,0,0,0,"683518,62039","5306434,86432","11,454807249","47,884992209",0,2,#fc8d62,car
78122,9,7,78,116,2019,12,18,7,3,2,1,2,0,1,0,0,0,0,"620739,713253","5315226,42321","10,617956136","47,978942685",0,2,#fc8d62,car
78130,9,1,87,150,2019,12,18,2,3,5,3,2,0,1,0,0,0,0,"729513,650365","5303351,76929","12,067594912","47,842500928",0,2,#fc8d62,car
78133,9,7,71,140,2019,12,13,3,2,5,3,0,1,0,0,1,0,0,"651490,571481","5371077,1484","11,049748307","48,474562238",0,1,#66c2a5,bicycle
78143,9,1,62,0,2019,12,7,3,3,2,6,1,0,1,0,0,0,0,"698345,391763","5335159,38039","11,66620642","48,138743608",0,2,#fc8d62,car
78146,9,1,87,182,2019,12,10,4,3,2,6,0,0,1,0,0,0,0,"738328,967187","5328177,94912","12,198980896","48,062314963",0,2,#fc8d62,car
78156,9,1,74,121,2019,12,5,2,3,5,3,2,0,1,0,0,1,0,"690759,225","5353259,076","11,572482965","48,303739296",1,2,#fc8d62,car
78157,9,2,61,0,2019,12,12,3,3,0,1,0,1,0,0,0,0,0,"733975,909778","5382436,39303","12,170722863","48,551331918",0,1,#66c2a5,bicycle
78164,9,2,61,0,2019,12,19,1,3,2,6,2,0,1,0,0,0,0,"731817,316506","5381196,65878","12,140826857","48,540997043",0,2,#fc8d62,car
78165,9,1,77,117,2019,12,17,3,3,4,2,2,0,1,0,0,0,0,"715197,974","5351758,888","11,90087324","48,282420653",0,2,#fc8d62,car
78176,9,1,82,120,2019,12,15,7,3,8,7,0,0,1,0,0,0,0,"703036,41844","5309769,95584","11,71716398","47,909090023",1,2,#fc8d62,car
78178,9,1,84,135,2019,12,11,2,3,2,6,0,0,1,0,0,0,1,"692157,414751","5344959,00087","11,587547531","48,228718677",0,2,#fc8d62,car
78183,9,7,77,158,2019,12,16,2,3,2,6,2,0,1,0,0,0,0,"619838,750827","5308010,9693","10,60387839","47,914218187",0,2,#fc8d62,car
78185,9,1,84,145,2019,12,6,3,3,5,2,2,0,1,0,0,0,0,"699248,026863","5324805,94513","11,673495145","48,045413033",0,2,#fc8d62,car
78191,9,1,74,150,2019,12,15,4,3,5,3,0,0,1,0,0,0,0,"682184,16288","5358803,66748","11,459353849","48,356103685",1,2,#fc8d62,car