OBJECTID,ULAND,UREGBEZ,UKREIS,UGEMEINDE,UJAHR,UMONAT,USTUNDE,UWOCHENTAG,UKATEGORIE,UART,UTYP1,ULICHTVERH,IstRad,IstPKW,IstFuss,IstKrad,IstGkfz,IstSonstig,LINREFX,LINREFY,XGCSWGS84,YGCSWGS84,STRZUSTAND,Teilnehmer,color,symbol
78202,9,1,87,126,2019,12,10,3,3,5,3,0,0,1,0,0,0,0,"741601,652972","5325923,5745","12,24156377","48,04083399",0,2,#fc8d62,car
78204,9,2,74,114,2019,12,13,6,3,0,1,0,0,1,0,0,0,0,"735002,910642","5369787,61271","12,177503092","48,437329983",1,2,#fc8d62,car
78207,9,1,62,0,2019,12,7,7,3,5,3,2,0,1,0,0,0,0,"691268,570244","5331892,66796","11,569713274","48,111549208",0,2,#fc8d62,car
78216,9,2,61,0,2019,12,17,6,3,4,6,1,0,1,0,0,0,0,"733201,018806","5380535,11736","12,1591745","48,534541983",0,2,#fc8d62,car
78217,9,1,62,0,2019,12,7,6,3,6,4,2,0,1,1,0,0,0,"696121,843754","5333795,2567","11,635722016","48,127172816",0,2,#fc8d62,car
78220,9,1,79,119,2019,12,7,3,3,2,6,2,0,1,0,0,0,0,"668641,614472","5339923,66792","11,269163547","48,190140803",1,2,#fc8d62,car
78224,9,1,82,120,2019,12,10,6,3,6,4,0,0,1,1,0,0,0,"701659,02","5306787,08","11,697358229","47,882716329",1,2,#fc8d62,car
78225,9,1,86,152,2019,12,13,7,3,2,6,0,0,1,0,0,0,0,"691297,449185","5373257,49243","11,588841492","48,483310691",1,2,#fc8d62,car
78226,9,1,82,120,2019,12,11,6,3,5,7,0,1,1,0,0,0,0,"701501,422","5306998,919","11,695351475","47,884669691",0,1,#66c2a5,bicycle
78227,9,7,71,142,2019,12,15,1,3,4,1,0,0,1,0,0,0,0,"647025,377708","5351030,05978","10,982355413","48,295375293",0,2,#fc8d62,car
78229,9,1,87,150,2019,12,16,6,3,5,3,0,1,1,0,0,0,0,"728829,802061","5303774,62803","12,058691885","47,846543867",0,1,#66c2a5,bicycle
78231,9,2,61,0,2019,12,19,4,3,3,6,2,0,1,0,1,0,0,"731863,859215","5379816,29249","12,140688677","48,528580276",1,2,#fc8d62,car
78241,9,1,84,146,2019,12,18,2,3,9,7,2,0,1,0,0,0,0,"695023,353026","5328795,19494","11,618689978","48,082571708",0,2,#fc8d62,car
78247,9,1,62,0,2019,12,7,3,3,3,6,2,0,1,0,0,0,0,"695158,046347","5343813,65224","11,627382351","48,217508964",0,2,#fc8d62,car
78249,9,1,74,113,2019,12,10,6,2,3,6,0,0,1,0,0,1,0,"669457,37975","5349238,04578","11,283856063","48,273656943",1,2,#fc8d62,car
78251,9,1,81,130,2019,12,7,6,3,5,3,0,1,1,0,0,0,0,"638566,702986","5323243,34951","10,859313322","48,047421918",1,1,#66c2a5,bicycle
78254,9,1,79,113,2019,12,13,6,3,2,6,0,0,1,0,0,0,0,"671276,955789","5335803,74911","11,30293416","48,15239905",1,2,#fc8d62,car
78257,9,1,74,146,2019,12,10,6,3,3,3,0,0,1,0,0,0,0,"668374,127467","5349874,28055","11,269521936","48,279665423",1,2,#fc8d62,car
78260,9,1,78,113,2019,12,14,6,3,2,6,0,0,1,0,0,0,0,"691494,022199","5368961,74038","11,589532899","48,444643844",1,2,#fc8d62,car
78263,9,1,78,145,2019,12,17,6,3,9,1,2,0,1,0,0,0,0,"697997,373321","5356704,65343","11,67160225","48,332480691",1,2,#fc8d62,car
78265,9,1,78,157,2019,12,12,6,3,9,1,0,0,1,0,0,0,0,"700058,34","5370995,082","11,706186363","48,460253281",2,2,#fc8d62,car
78267,9,1,75,115,2019,12,12,6,3,6,4,0,0,0,1,0,1,0,"721354,841477","5328937,21237","11,97186778","48,075251463",1,3,#8da0cb,toilet
78268,9,1,77,115,2019,12,6,6,2,9,1,2,0,1,0,0,1,0,"729725,131669","5353292,10398","12,097245387","48,291091195",1,2,#fc8d62,car
78271,9,1,62,0,2019,12,5,5,3,5,3,1,0,1,0,0,0,0,"692471,661952","5339252,25259","11,589186705","48,177333082",1,2,#fc8d62,car
78272,9,1,84,138,2019,12,16,5,3,5,3,2,0,1,0,0,1,0,"678995,485725","5331005,07777","11,404606412","48,107138183",1,2,#fc8d62,car
78273,9,1,73,137,2019,12,16,1,3,6,6,1,0,1,1,0,0,0,"674555,020379","5304582,07878","11,334264","47,87083582",1,2,#fc8d62,car
78274,9,1,62,0,2019,12,16,2,3,2,6,2,0,1,0,0,0,0,"679866,267979","5334913,45071","11,417942943","48,142025175",0,2,#fc8d62,car
78275,9,1,62,0,2019,12,16,5,3,5,3,2,0,1,0,0,0,0,"697290,946128","5330306,1028","11,64980266","48,095453241",0,2,#fc8d62,car
78276,9,1,62,0,2019,12,6,5,3,5,2,2,0,1,0,0,0,1,"685129,408064","5341694,99733","11,491580028","48,201470881",1,2,#fc8d62,car
78278,9,1,62,0,2019,12,19,5,3,2,3,2,0,1,0,0,0,0,"684301,62","5342589,112","11,480838355","48,209748384",0,2,#fc8d62,car
78281,9,1,84,138,2019,12,16,5,3,2,6,2,0,1,0,1,0,0,"680511,073","5331117,235","11,424995277","48,10771869",1,2,#fc8d62,car
78287,9,1,78,124,2019,12,7,2,3,5,3,1,0,1,0,0,0,0,"703714,535733","5367950,63238","11,754103986","48,431722609",1,2,#fc8d62,car
78289,9,7,62,0,2019,12,6,5,2,0,1,2,1,0,0,0,0,0,"621687,048274","5304409,83332","10,627589424","47,881482516",2,1,#66c2a5,bicycle
78290,9,7,72,223,2019,12,16,5,2,8,1,1,0,1,0,0,0,0,"622016,811165","5363479,5488","10,64893194","48,412649456",0,2,#fc8d62,car
78291,9,1,74,131,2019,12,1,2,3,8,1,2,0,1,0,0,0,0,"678591,040255","5358487,58974","11,410760282","48,354288961",1,2,#fc8d62,car
78292,9,1,73,147,2019,12,21,3,1,6,4,2,0,1,1,0,0,0,"681890,363","5308519,895","11,433926246","47,904198431",0,2,#fc8d62,car
78293,9,7,72,163,2019,12,17,5,3,2,6,2,0,1,0,0,0,0,"638944,585333","5349654,63288","10,873011193","48,284833592",1,2,#fc8d62,car
78294,9,7,72,151,2019,12,12,5,3,2,6,0,0,1,0,0,0,0,"635859,841264","5341995,31603","10,828991758","48,216629103",1,2,#fc8d62,car
78295,9,1,86,146,2019,12,9,1,2,1,1,0,0,1,0,0,0,0,"685399,293919","5371104,27544","11,508147615","48,465724991",0,2,#fc8d62,car
78297,9,7,72,185,2019,12,14,5,3,6,4,0,0,1,1,0,0,0,"635193,672024","5384035,5602","10,833570887","48,594796042",0,2,#fc8d62,car
78298,9,1,62,0,2019,12,18,4,3,2,6,1,0,1,0,0,0,0,"694380,810102","5341178,33487","11,615722783","48,194062672",0,2,#fc8d62,car
78299,9,7,72,171,2019,12,7,5,3,2,6,1,0,1,0,0,0,0,"637476,096103","5372451,83854","10,86068656","48,490143205",0,2,#fc8d62,car
78302,9,7,71,146,2019,12,6,5,3,6,2,2,0,1,1,0,0,0,"647263,869745","5348594,39342","10,984720048","48,273419947",1,2,#fc8d62,car
78305,9,7,71,122,2019,12,13,5,3,8,1,0,0,1,0,0,0,0,"648384,640227","5359855,40797","11,003778986","48,374408141",1,2,#fc8d62,car
78306,9,1,74,146,2019,12,6,7,3,8,7,2,0,1,0,0,0,0,"668249,510118","5350092,6637","11,267930525","48,281661747",1,2,#fc8d62,car
78307,9,7,72,125,2019,12,6,5,2,0,1,2,1,0,0,0,0,0,"635184,775495","5347186,12252","10,821565489","48,263450376",2,1,#66c2a5,bicycle
78309,9,1,63,0,2019,12,7,3,3,5,2,1,1,1,0,0,0,0,"730979,088","5303254,948","12,087100454","47,841106328",0,1,#66c2a5,bicycle
78310,9,7,72,202,2019,12,18,5,3,5,3,2,1,1,0,0,0,0,"636584,871258","5358496,99408","10,844083817","48,364857824",1,1,#66c2a5,bicycle
78311,9,7,61,0,2019,12,15,5,2,8,7,0,0,0,0,0,0,1,"642106,376446","5363549,41885","10,920298021","48,409067989",0,6,#ffd92f,circle
78313,9,7,61,0,2019,12,13,5,3,5,1,0,1,1,0,0,0,0,"642092,312257","5358974,37972","10,918560621","48,367934593",1,1,#66c2a5,bicycle
78314,9,1,62,0,2019,12,12,7,3,4,2,0,0,1,0,0,0,0,"690818,541722","5329705,73918","11,562695557","48,092028045",0,2,#fc8d62,car
78316,9,7,61,0,2019,12,8,5,3,3,2,0,0,1,0,0,0,1,"641308,528946","5355854,52451","10,906936464","48,340057944",1,2,#fc8d62,car
78317,9,7,72,167,2019,12,16,3,3,9,1,1,0,1,0,0,0,0,"624070,547866","5357995,16208","10,675054078","48,362928875",1,2,#fc8d62,car
78318,9,7,71,169,2019,12,17,5,2,8,1,2,0,1,0,0,0,0,"642264,806913","5375470,2488","10,926491058","48,516216947",0,2,#fc8d62,car
78321,9,7,71,113,2019,12,23,5,2,8,1,2,0,1,0,0,0,0,"655652,569245","5371906,0626","11,106331895","48,480998081",1,2,#fc8d62,car
78322,9,1,75,111,2019,12,0,1,2,9,1,2,0,1,0,0,0,0,"710802,516817","5337904,81621","11,834811329","48,159409534",0,2,#fc8d62,car
78330,9,1,73,137,2019,12,6,2,2,5,3,2,0,1,0,0,0,0,"680439,608914","5307535,17658","11,41411939","47,89575614",1,2,#fc8d62,car
78333,9,1,84,121,2019,12,14,6,3,2,6,0,0,1,0,0,0,0,"705312,858282","5331180,97415","11,757838395","48,10078167",0,2,#fc8d62,car
78377,9,1,74,146,2019,12,20,3,3,5,2,2,0,1,0,0,0,0,"668396,56372","5349721,36119","11,26976318","48,278284761",0,2,#fc8d62,car
78382,9,1,87,177,2019,12,10,4,2,0,3,0,0,1,0,1,0,0,"737466,599884","5302945,89003","12,173502757","47,835967022",0,2,#fc8d62,car
78397,9,2,61,0,2019,12,17,3,3,2,6,1,0,1,0,0,0,0,"732088,034802","5379430,58624","12,143505816","48,52503272",0,2,#fc8d62,car
78408,9,1,74,113,2019,12,16,4,3,5,2,0,0,1,0,0,0,0,"677714,946228","5351089,13157","11,395826837","48,288032863",1,2,#fc8d62,car
78414,9,1,78,124,2019,12,19,3,3,2,6,2,0,1,0,0,0,0,"700133,183864","5357088,44175","11,700570163","48,335257005",0,2,#fc8d62,car
78433,9,1,84,112,2019,12,16,2,3,2,6,1,0,1,0,0,0,1,"701851,710823","5340585,69975","11,715859698","48,186406447",0,2,#fc8d62,car
78444,9,1,75,115,2019,12,17,4,3,2,6,2,0,1,0,0,1,0,"721009,661306","5330012,37057","11,967795976","48,085031442",0,2,#fc8d62,car
78450,9,2,61,0,2019,12,8,2,3,2,6,0,0,1,0,0,0,0,"730726,659","5384619,56","12,127969657","48,57214657",0,2,#fc8d62,car
78453,9,1,79,123,2019,12,20,7,3,5,3,2,0,1,0,0,0,0,"675396,516","5333212,285","11,357209031","48,127980753",0,2,#fc8d62,car
78457,9,7,72,111,2019,12,3,1,3,9,1,2,0,1,0,0,0,0,"627921,586448","5364072,22367","10,728872732","48,41680809",1,2,#fc8d62,car
78458,9,1,83,119,2019,12,8,5,3,2,6,0,0,1,0,0,0,0,"735349,427304","5339527,64785","12,165313549","48,165378462",0,2,#fc8d62,car
78459,9,2,74,183,2019,12,6,5,3,2,6,2,0,1,0,0,0,0,"740104,358471","5362365,9946","12,242122718","48,368744097",1,2,#fc8d62,car
78467,9,1,62,0,2019,12,17,1,3,1,6,2,0,1,0,0,0,0,"681250,811436","5335247,0946","11,436679998","48,144631321",0,2,#fc8d62,car
78468,9,1,87,124,2019,12,14,3,2,5,2,0,0,1,0,0,0,0,"734896,39078","5325963,68961","12,151764461","48,043696024",0,2,#fc8d62,car
78470,9,1,84,114,2019,12,17,5,3,2,6,2,0,1,0,0,0,0,"699112,73202","5320545,80848","11,669702434","48,00716786",0,2,#fc8d62,car
78472,9,1,63,0,2019,12,7,5,3,5,2,1,1,1,0,0,0,0,"732705,088","5307339,665","12,112331645","47,877181687",0,1,#66c2a5,bicycle
78474,9,2,61,0,2019,12,11,5,2,1,3,0,0,1,0,0,0,0,"730544,088","5380929,302","12,123455119","48,539064438",0,2,#fc8d62,car
78475,9,1,78,113,2019,12,18,1,3,5,3,2,0,1,0,0,0,0,"692218,577199","5367388,56889","11,598598778","48,430284585",1,2,#fc8d62,car
78476,9,1,82,120,2019,12,17,5,3,2,6,0,0,1,0,0,0,0,"702112,582","5306649,806","11,703353788","47,881339984",0,2,#fc8d62,car
78477,9,7,72,200,2019,12,14,2,3,5,3,0,0,1,0,0,0,0,"630998,788661","5339679,3037","10,762868271","48,196824381",0,2,#fc8d62,car
78479,9,1,86,152,2019,12,12,5,3,2,6,0,0,1,0,0,0,0,"691083,999111","5381141,14111","11,589567075","48,554227413",0,2,#fc8d62,car
78480,9,1,73,137,2019,12,16,5,3,2,6,0,0,1,0,0,0,0,"676777,460934","5296576,4615","11,360689586","47,798259144",1,2,#fc8d62,car
78485,9,1,85,158,2019,12,16,5,3,0,1,0,0,0,0,1,0,0,"667078,511036","5380777,88489","11,264383074","48,557817595",1,4,#e78ac3,marker
78486,9,1,86,143,2019,12,22,5,3,5,3,2,0,1,0,0,0,0,"688060,094376","5382597,4952","11,54928784","48,568230284",1,2,#fc8d62,car
78491,9,1,62,0,2019,12,16,6,2,5,3,1,1,1,0,0,0,0,"686229,838017","5335215,59216","11,503537319","48,142910181",0,1,#66c2a5,bicycle
78493,9,1,62,0,2019,12,17,5,3,2,6,2,0,1,0,0,0,1,"684493,114","5333019,854","11,479262","48,123679688",0,2,#fc8d62,car
78494,9,1,88,139,2019,12,8,5,3,2,6,0,0,1,0,0,0,0,"674487,851673","5318607,52534","11,339049064","47,996940073",0,2,#fc8d62,car
78495,9,1,83,114,2019,12,15,5,3,4,6,1,0,1,0,0,0,0,"742786,335145","5353438,9011","12,273135565","48,287535726",1,2,#fc8d62,car
78497,9,1,81,131,2019,12,17,5,3,1,6,2,0,1,0,0,1,0,"634365,357103","5334451,79483","10,806497075","48,149112861",0,2,#fc8d62,car
78498,9,1,81,122,2019,12,15,3,3,5,3,0,0,1,0,1,0,0,"648971,652583","5331817,72955","11,001834272","48,12217545",0,2,#fc8d62,car
78500,9,1,81,130,2019,12,18,5,3,5,2,2,0,1,0,0,0,0,"642254,104","5324565,807","10,909203145","48,058502433",1,2,#fc8d62,car
78502,9,1,88,120,2019,12,17,5,2,5,2,2,0,1,0,0,0,0,"672013,914","5326260,431","11,308986418","48,066408698",0,2,#fc8d62,car
78506,9,1,75,118,2019,12,22,5,3,8,3,2,0,1,0,0,0,0,"714984,962036","5339279,19173","11,891676723","48,170358758",0,2,#fc8d62,car
78509,9,1,87,117,2019,12,16,3,3,4,2,1,0,1,0,0,0,0,"726541,746","5307957,078","12,030344205","47,884932683",0,2,#fc8d62,car
78511,9,1,75,132,2019,12,19,5,3,5,3,2,0,1,0,0,0,0,"707797,594275","5333560,34912","11,792332496","48,121358061",0,2,#fc8d62,car
78513,9,1,77,117,2019,12,15,5,3,4,2,0,0,1,0,0,0,0,"715197,974","5351758,888","11,90087324","48,282420653",1,2,#fc8d62,car
78517,9,1,77,119,2019,12,7,5,3,5,3,0,0,1,0,0,0,0,"721360,35346","5340040,67274","11,977707596","48,175012477",0,2,#fc8d62,car
78519,9,1,75,115,2019,12,12,5,3,9,1,0,0,1,0,0,0,0,"721776,979564","5334928,86585","11,980640734","48,128938935",0,2,#fc8d62,car
78520,9,1,87,182,2019,12,11,5,3,2,7,0,0,1,0,0,0,0,"736489,555676","5327981,39483","12,17422207","48,061233602",0,2,#fc8d62,car
78521,9,1,62,0,2019,12,7,4,3,3,2,0,1,1,0,0,0,0,"694979,9174","5334083,15642","11,62052385","48,130111115",1,1,#66c2a5,bicycle
78523,9,1,63,0,2019,12,12,5,3,2,6,0,0,1,0,0,0,0,"734631,235916","5303741,42218","12,136101113","47,844154641",1,2,#fc8d62,car
78525,9,1,62,0,2019,12,9,4,3,2,2,0,0,1,0,0,0,1,"697258,122267","5328985,74368","11,648752433","48,08359678",0,2,#fc8d62,car
78526,9,1,84,135,2019,12,16,4,3,5,3,1,1,1,0,0,0,0,"689780,647731","5348990,32851","11,557382777","48,265667114",0,1,#66c2a5,bicycle
78527,9,1,63,0,2019,12,13,5,3,0,3,0,1,1,0,0,0,0,"734002,373755","5304755,3809","12,128256941","47,853493215",1,1,#66c2a5,bicycle
78530,9,1,82,123,2019,12,17,5,3,2,6,1,0,1,0,0,0,0,"716919,566199","5301213,88665","11,898425276","47,827662406",1,2,#fc8d62,car
78532,9,1,62,0,2019,12,17,4,3,5,2,2,1,1,0,0,0,0,"695358,449706","5331200,63849","11,624285209","48,104088277",1,1,#66c2a5,bicycle
78538,9,1,78,120,2019,12,17,3,3,2,6,2,0,1,0,0,1,0,"694274,467228","5354727,42916","11,620512741","48,315866176",0,2,#fc8d62,car
78540,9,7,62,0,2019,12,15,4,3,1,3,0,1,1,0,0,0,0,"620936,053","5304715,952","10,617634595","47,884377598",0,1,#66c2a5,bicycle
78542,9,7,77,140,2019,12,17,4,3,2,6,2,0,1,0,0,0,0,"628385,188094","5318104,44161","10,721222581","48,003336596",1,2,#fc8d62,car
78543,9,1,87,170,2019,12,13,4,3,5,3,0,0,1,0,0,0,0,"735336,649911","5320959,47561","12,15491547","47,998578622",0,2,#fc8d62,car
78548,9,7,72,184,2019,12,17,4,3,6,6,2,1,0,1,0,0,0,"635677,24446","5361774,0479","10,832894038","48,394520775",1,1,#66c2a5,bicycle
78549,9,1,81,130,2019,12,21,5,3,2,6,2,0,1,0,0,0,0,"642237,098149","5324580,14151","10,908979806","48,058635122",1,2,#fc8d62,car
78553,9,1,79,132,2019,12,16,5,3,5,3,1,0,1,0,0,0,0,"660919,985274","5337369,68151","11,16437649","48,16918262",1,2,#fc8d62,car
78554,9,2,74,126,2019,12,16,7,3,4,2,1,0,1,0,0,0,0,"731900,795","5383988,756","12,143510973","48,566046966",0,2,#fc8d62,car
78557,9,1,79,121,2019,12,7,5,3,2,6,1,0,1,0,0,0,0,"668292,282747","5338215,53865","11,263790323","48,174877605",0,2,#fc8d62,car
78558,9,1,74,115,2019,12,17,2,3,8,1,1,0,1,0,0,0,0,"682671,718604","5346168,57635","11,460462309","48,242393676",0,2,#fc8d62,car
78559,9,1,73,137,2019,12,18,3,3,2,6,2,0,1,0,0,0,0,"679416,042428","5306272,64544","11,399912739","47,884693663",0,2,#fc8d62,car
78560,9,1,77,133,2019,12,17,5,3,5,3,2,0,1,0,0,0,0,"706332,582929","5354959,80172","11,783081285","48,314135484",1,2,#fc8d62,car
78563,9,1,84,147,2019,12,18,4,3,2,6,2,0,1,0,0,0,0,"700119,989748","5341018,45814","11,692790565","48,190843487",0,2,#fc8d62,car
78566,9,1,62,0,2019,12,14,4,3,2,6,0,0,1,0,0,1,1,"679014,909043","5334694,82392","11,406416712","48,140300048",0,2,#fc8d62,car
78568,9,1,84,122,2019,12,8,4,3,5,3,0,1,1,0,0,0,0,"687948,083698","5323374,47865","11,521401747","48,035973359",0,1,#66c2a5,bicycle
78569,9,1,85,166,2019,12,11,2,3,0,1,0,1,0,0,0,0,0,"672555,564271","5383592,30778","11,339716549","48,581632589",0,1,#66c2a5,bicycle
78571,9,1,62,0,2019,12,14,4,3,2,6,0,0,1,0,0,0,0,"695908,323847","5339026,46026","11,635263351","48,174253645",0,2,#fc8d62,car
78578,9,1,62,0,2019,12,15,2,3,2,6,0,0,1,0,0,0,0,"688426,106395","5334969,97765","11,532923909","48,140055909",0,2,#fc8d62,car
78579,9,7,77,158,2019,12,9,4,2,2,6,0,0,1,0,0,0,0,"620426,366974","5312054,37417","10,612870314","47,950473377",0,2,#fc8d62,car
78583,9,7,72,185,2019,12,17,4,3,5,3,2,0,1,0,0,0,0,"635306,628","5383986,957","10,835086206","48,594334623",0,2,#fc8d62,car
78596,9,1,75,132,2019,12,10,2,2,5,3,0,1,1,0,0,0,0,"706578,493093","5330581,83854","11,774528334","48,094988502",0,1,#66c2a5,bicycle
78601,9,1,88,139,2019,12,21,1,3,5,2,2,0,1,0,0,0,0,"674751,16","5319022,811","11,342744823","48,000601447",1,2,#fc8d62,car
78603,9,7,62,0,2019,12,7,2,3,2,6,1,0,1,0,0,0,0,"623308,536156","5306169,71024","10,649770652","47,897000782",0,2,#fc8d62,car
78609,9,1,87,150,2019,12,1,1,3,9,1,2,0,1,0,0,0,0,"725581,349877","5304055,31738","12,01547984","47,850213852",0,2,#fc8d62,car
78616,9,1,74,131,2019,12,12,4,3,5,3,0,0,1,0,0,0,0,"676458,468113","5358827,95592","11,382141898","48,357947931",0,2,#fc8d62,car
78626,9,1,74,146,2019,12,13,7,3,1,6,0,0,1,0,0,0,0,"668125,125234","5350174,72388","11,266287882","48,282432485",1,2,#fc8d62,car
78631,9,1,87,177,2019,12,9,3,3,2,1,0,1,1,0,0,0,0,"735814,296874","5305485,36893","12,152839787","47,859389102",0,1,#66c2a5,bicycle
78638,9,1,62,0,2019,12,20,7,3,3,6,2,0,1,0,0,0,0,"689300,828","5339016,855","11,546470934","48,176169809",0,2,#fc8d62,car
78643,9,7,72,163,2019,12,9,3,3,2,3,0,0,1,0,0,0,0,"638553,94","5346672,441","10,86677078","48,258103419",0,2,#fc8d62,car
78647,9,1,84,119,2019,12,11,6,3,2,6,0,0,1,0,0,0,0,"696274,180336","5346457,71575","11,643616599","48,240927581",0,2,#fc8d62,car
78676,9,2,61,0,2019,12,15,2,3,2,6,0,0,1,0,0,0,0,"732256,797548","5382022,40339","12,147232233","48,548251999",0,2,#fc8d62,car
78677,9,2,74,124,2019,12,14,2,3,2,6,0,0,1,0,0,0,1,"722835,248315","5374673,59742","12,015827651","48,485648562",1,2,#fc8d62,car
78680,9,1,73,147,2019,12,16,2,3,4,2,2,0,1,0,0,0,0,"680555,313037","5307912,87517","11,415824016","47,899118858",1,2,#fc8d62,car
78683,9,1,87,150,2019,12,17,2,3,5,3,2,0,1,0,0,0,0,"729801,48","5303379,724","12,071451066","47,842649288",1,2,#fc8d62,car
78684,9,1,87,173,2019,12,17,2,2,5,3,2,0,1,0,0,0,0,"744051,166842","5321064,60929","12,271608061","47,99625714",1,2,#fc8d62,car
78685,9,1,87,126,2019,12,5,2,3,0,6,2,0,1,0,0,0,0,"739460,450696","5326114,45407","12,212989052","48,043355133",0,2,#fc8d62,car
78686,9,1,63,0,2019,12,0,2,2,4,2,2,0,1,0,0,0,0,"734285,758","5304535,447","12,131920417","47,85141411",0,2,#fc8d62,car
78687,9,1,87,142,2019,12,13,2,3,8,1,0,0,1,0,0,0,0,"731153,596508","5309836,75942","12,092949209","47,900176471",0,2,#fc8d62,car
78692,9,1,88,139,2019,12,18,2,3,6,2,2,0,1,1,0,0,0,"673840,684706","5317990,24523","11,330131103","47,991567148",1,2,#fc8d62,car
78693,9,1,79,123,2019,12,11,2,3,5,2,0,0,1,0,0,0,0,"676631,787677","5334049,49534","11,374142586","48,135165074",1,2,#fc8d62,car
78694,9,1,81,114,2019,12,6,2,3,5,2,2,0,1,0,1,0,0,"657514,888299","5311228,49822","11,10898731","47,935000904",1,2,#fc8d62,car
78696,9,1,78,124,2019,12,3,2,2,8,1,2,0,1,0,0,0,0,"704010,33298","5362031,35073","11,755221495","48,378435463",1,2,#fc8d62,car
78698,9,1,77,127,2019,12,21,2,3,3,6,2,0,1,0,0,0,0,"725504,486275","5353116,29321","12,040331135","48,291029322",1,2,#fc8d62,car
78699,9,1,84,135,2019,12,12,1,2,8,7,0,0,1,0,0,0,0,"688536,542026","5345191,38977","11,538943257","48,231893932",1,2,#fc8d62,car
78700,9,1,84,135,2019,12,6,1,3,2,6,2,0,1,0,0,0,0,"688089,942728","5347448,01824","11,533937399","48,252309108",2,2,#fc8d62,car
78707,9,7,72,163,2019,12,19,1,3,3,6,2,0,1,0,0,0,0,"638806,924202","5344662,62712","10,869518369","48,239975802",1,2,#fc8d62,car
78708,9,7,72,167,2019,12,18,1,3,9,1,2,0,1,0,0,0,0,"625073,708525","5358454,54244","10,688728076","48,366861985",1,2,#fc8d62,car
78709,9,7,72,177,2019,12,9,1,3,0,1,0,1,0,0,0,0,0,"636204,7868","5378884,59291","10,84558987","48,548261429",1,1,#66c2a5,bicycle
78734,9,2,61,0,2019,12,18,1,3,4,2,2,0,1,0,0,0,0,"733156,88394","5380983,87095","12,158828572","48,538589379",1,2,#fc8d62,car
78736,9,1,82,125,2019,12,15,1,3,9,1,0,0,1,0,0,0,0,"713971,109377","5298549,16656","11,857764408","47,804703964",1,2,#fc8d62,car
78737,9,1,87,117,2019,12,3,1,3,9,1,2,0,1,0,0,0,0,"725874,6","5308032,254","12,021472272","47,885843174",0,2,#fc8d62,car
78738,9,1,87,122,2019,12,13,1,2,0,1,0,1,0,0,0,0,0,"719195,078579","5312111,90112","11,934317742","47,92481624",1,1,#66c2a5,bicycle
78740,9,1,85,166,2019,12,4,1,3,9,1,2,0,1,0,0,0,0,"675030,302","5383586,726","11,373239887","48,580895963",1,2,#fc8d62,car
78741,9,1,81,127,2019,12,2,1,3,9,1,2,0,1,0,0,0,0,"636403,440467","5327176,18201","10,831556438","48,08325383",1,2,#fc8d62,car
78742,9,1,88,132,2019,12,6,1,3,9,1,2,0,1,0,0,0,0,"663860,904116","5321359,84461","11,197756077","48,024496575",1,2,#fc8d62,car
78743,9,1,74,115,2019,12,16,1,3,0,1,1,1,0,0,0,0,0,"681047,459574","5347458,70464","11,439157045","48,254456072",0,1,#66c2a5,bicycle
78744,9,1,78,120,2019,12,14,1,2,0,1,0,0,1,0,0,0,0,"691237,40729","5352416,79923","11,57854319","48,296024897",1,2,#fc8d62,car
78745,9,1,78,156,2019,12,0,1,3,8,1,2,0,1,0,0,0,0,"698691,313482","5375014,46289","11,68962602","48,496806662",1,2,#fc8d62,car
78746,9,1,77,117,2019,12,13,1,3,2,6,0,0,1,0,0,0,0,"715982,991512","5352367,30398","11,911752098","48,287620057",1,2,#fc8d62,car
78747,9,1,75,114,2019,12,16,1,3,5,3,2,0,1,0,0,0,0,"718106,591397","5323856,54156","11,925727393","48,030718943",1,2,#fc8d62,car
78748,9,1,84,135,2019,12,11,7,3,4,2,0,0,1,0,0,0,1,"691221,473697","5347499,53982","11,576104564","48,251835133",1,2,#fc8d62,car
78752,9,7,71,122,2019,12,3,7,3,3,6,2,0,1,0,0,1,0,"656214,391742","5359338,95276","11,109247066","48,367875356",1,2,#fc8d62,car
78753,9,7,72,185,2019,12,18,7,3,8,1,2,0,1,0,0,0,0,"635659,788764","5384288,5549","10,839971859","48,596970063",1,2,#fc8d62,car
78777,9,2,74,124,2019,12,0,7,2,0,1,2,1,0,0,0,0,0,"725248,109752","5373716,87333","12,047919743","48,476193882",1,1,#66c2a5,bicycle
78778,9,2,74,185,2019,12,8,7,3,5,3,0,0,1,0,0,0,0,"732843,382634","5371883,26141","12,149514916","48,456957027",1,2,#fc8d62,car
78783,9,1,87,122,2019,12,18,7,2,6,4,2,0,1,1,0,0,0,"717593,231203","5308311,19531","11,910985573","47,891209882",0,2,#fc8d62,car
78786,9,1,86,143,2019,12,13,7,3,2,6,0,0,1,0,0,0,0,"685399,442975","5377690,46929","11,511073014","48,524920134",0,2,#fc8d62,car
78787,9,1,62,0,2019,12,18,7,3,2,6,2,0,1,0,0,0,0,"686835,021594","5333243,86317","11,510800155","48,12501021",1,2,#fc8d62,car
78788,9,1,79,142,2019,12,6,7,3,2,6,2,0,1,0,0,0,0,"676695,927003","5342986,92658","11,378719276","48,215487275",1,2,#fc8d62,car