OBJECTID,ULAND,UREGBEZ,UKREIS,UGEMEINDE,UJAHR,UMONAT,USTUNDE,UWOCHENTAG,UKATEGORIE,UART,UTYP1,ULICHTVERH,IstRad,IstPKW,IstFuss,IstKrad,IstGkfz,IstSonstig,LINREFX,LINREFY,XGCSWGS84,YGCSWGS84,STRZUSTAND,Teilnehmer,color,symbol
78789,9,1,88,139,2019,12,17,7,2,6,4,2,0,1,1,0,0,0,"674556,261","5318686,433","11,339997408","47,997630757",1,2,#fc8d62,car
78790,9,1,74,147,2019,12,21,7,2,8,1,2,0,1,0,0,0,0,"672369,916069","5368072,97253","11,330791014","48,442181794",1,2,#fc8d62,car
78791,9,1,74,113,2019,12,13,7,2,5,3,0,0,1,0,0,0,0,"678980,340841","5342764,34507","11,409350585","48,212846349",1,2,#fc8d62,car
78792,9,1,84,112,2019,12,7,7,3,2,6,2,0,1,0,0,0,1,"702021,095423","5340476,57982","11,718084172","48,185371972",1,2,#fc8d62,car
78793,9,1,75,118,2019,12,17,7,3,2,6,2,0,1,0,0,0,0,"716392,98957","5340657,6681","11,911291988","48,182267017",1,2,#fc8d62,car
78794,9,1,62,0,2019,12,15,7,2,3,6,0,0,1,0,0,0,0,"695260,8776","5344092,6152","11,628893688","48,219984473",1,2,#fc8d62,car
78795,9,1,84,135,2019,12,8,7,3,2,6,0,0,1,0,0,0,0,"691947,856793","5344852,71684","11,584680521","48,227826878",1,2,#fc8d62,car
78796,9,1,78,124,2019,12,18,7,3,2,6,2,0,1,0,0,0,0,"702717,077625","5364197,36311","11,738821532","48,398316647",0,2,#fc8d62,car
78797,9,1,77,133,2019,12,23,7,3,9,1,2,0,1,0,0,0,0,"712812,425112","5357267,26761","11,871535732","48,33272193",2,2,#fc8d62,car
78798,9,1,62,0,2019,12,16,6,2,2,6,1,0,1,0,0,1,0,"684679,945517","5332057,83668","11,481353541","48,114978378",0,2,#fc8d62,car
78799,9,1,62,0,2019,12,15,6,3,2,6,0,1,0,0,0,0,0,"693474,832","5339394,355","11,602731928","48,178305617",0,1,#66c2a5,bicycle
78801,9,1,62,0,2019,12,17,6,3,5,3,0,0,1,0,0,0,0,"693267,465831","5331421,87385","11,596326915","48,106714432",0,2,#fc8d62,car
78802,9,1,62,0,2019,12,16,6,3,1,6,2,0,1,0,0,0,0,"693980,398377","5331676,3775","11,60600981","48,108785147",0,2,#fc8d62,car
78803,9,1,62,0,2019,12,14,6,3,9,1,0,0,1,0,0,0,0,"687798,697534","5331621,87486","11,523023251","48,110147803",0,2,#fc8d62,car
78804,9,1,84,149,2019,12,10,6,3,3,6,0,0,1,0,0,1,0,"691133,904324","5352650,29488","11,577254771","48,298154734",0,2,#fc8d62,car
78805,9,1,62,0,2019,12,12,6,3,5,3,0,0,1,0,1,0,0,"680192,667435","5334992,20922","11,422359996","48,142640771",0,2,#fc8d62,car
78812,9,7,72,147,2019,12,11,6,3,5,3,0,1,1,0,0,0,0,"637455,842891","5364902,84111","10,857933343","48,422269105",0,1,#66c2a5,bicycle
78813,9,7,71,122,2019,12,14,6,3,8,1,0,0,1,0,0,0,0,"653431,38297","5362552,64354","11,072869295","48,397451301",1,2,#fc8d62,car
78814,9,7,61,0,2019,12,17,6,3,5,3,2,0,1,0,1,0,0,"637002,113","5359907,522","10,85017368","48,377450743",0,2,#fc8d62,car
78815,9,7,61,0,2019,12,23,6,3,6,4,2,0,1,1,0,0,0,"639910,207355","5360678,19843","10,889681227","48,383742292",1,2,#fc8d62,car
78857,9,7,62,0,2019,12,12,5,3,4,2,0,1,0,0,0,0,0,"620239,19551","5302479,91373","10,607694919","47,86439795",0,1,#66c2a5,bicycle
78864,9,7,77,177,2019,12,12,5,3,8,1,0,0,0,0,0,0,1,"635441,596443","5315648,36678","10,815002969","47,979793788",0,6,#ffd92f,circle
78869,9,7,77,121,2019,12,17,5,3,5,3,2,0,1,0,0,0,0,"627694,519308","5318919,92015","10,712210064","48,010808662",0,2,#fc8d62,car
78878,9,7,71,122,2019,12,19,5,3,3,6,2,0,1,0,0,1,0,"652444,637513","5362339,16488","11,059469778","48,395771305",0,2,#fc8d62,car
78892,9,2,74,194,2019,12,22,6,3,3,6,2,0,1,0,0,0,0,"722001,186084","5375844,90911","12,005178063","48,496466715",1,2,#fc8d62,car
78896,9,2,61,0,2019,12,13,6,3,2,6,0,0,1,0,0,0,0,"732298,489812","5380038,51263","12,146690481","48,530415762",0,2,#fc8d62,car
78901,9,1,73,134,2019,12,9,6,3,2,6,0,0,1,0,0,0,0,"685885,820575","5299345,37077","11,48339469","47,820584064",0,2,#fc8d62,car
78904,9,1,87,165,2019,12,22,6,2,2,6,2,0,1,0,0,0,0,"733337,282791","5299662,23921","12,116635767","47,80797762",0,2,#fc8d62,car
78905,9,1,87,165,2019,12,21,6,2,2,6,2,0,1,0,0,0,0,"730329,274941","5300078,91898","12,076740025","47,812804485",0,2,#fc8d62,car
78906,9,1,87,169,2019,12,11,6,2,2,6,0,0,1,0,0,0,0,"736097,009296","5299420,59954","12,153307957","47,804800652",0,2,#fc8d62,car
78907,9,1,87,129,2019,12,17,6,3,5,3,2,0,1,0,0,0,0,"724547,233071","5296261,84628","11,997639044","47,780550535",0,2,#fc8d62,car
78909,9,1,86,143,2019,12,17,6,3,5,3,2,0,1,0,0,0,0,"685396,619572","5379684,84041","11,511921903","48,542845768",1,2,#fc8d62,car
78910,9,1,86,152,2019,12,7,6,3,5,3,1,0,1,0,0,1,0,"691364,520756","5375632,3586","11,590836146","48,504633693",2,2,#fc8d62,car
78914,9,1,79,142,2019,12,22,6,3,2,7,2,0,1,0,0,1,0,"674577,5771","5344741,01603","11,350949005","48,231841528",1,2,#fc8d62,car
78915,9,1,81,118,2019,12,23,6,2,6,1,2,1,0,1,0,0,0,"651243,917889","5329884,89981","11,031663023","48,104260947",1,1,#66c2a5,bicycle
78916,9,1,74,115,2019,12,15,6,3,3,6,0,1,1,0,0,0,0,"680995,947658","5347534,1402","11,438495967","48,255148848",0,1,#66c2a5,bicycle
78917,9,1,62,0,2019,12,21,6,3,2,6,2,0,1,0,0,0,0,"695757,462082","5335061,1997","11,631412029","48,138662609",0,2,#fc8d62,car
78918,9,1,62,0,2019,12,15,5,3,3,6,0,0,1,0,1,0,0,"687561,344994","5327103,16255","11,517853038","48,06960201",0,2,#fc8d62,car
78920,9,1,84,114,2019,12,22,5,3,8,1,2,0,1,0,0,0,0,"702762,998511","5318234,82031","11,717497039","47,985251544",0,2,#fc8d62,car
78922,9,1,84,137,2019,12,17,3,3,5,3,2,0,1,0,0,0,0,"705944,259144","5312740,59961","11,757451789","47,934859903",0,2,#fc8d62,car
78923,9,1,84,132,2019,12,10,3,3,6,2,0,0,1,1,0,0,0,"683605,394946","5329585,83149","11,465866174","48,093069027",0,2,#fc8d62,car
78942,9,1,90,152,2019,12,0,3,2,8,1,2,0,0,0,0,0,1,"671557,417132","5298202,82681","11,291682909","47,814292639",2,6,#ffd92f,circle
78950,9,1,82,127,2019,12,8,3,2,2,6,0,0,1,0,0,1,0,"702261,296801","5312187,72064","11,707937356","47,931063967",1,2,#fc8d62,car
78951,9,1,85,158,2019,12,15,3,3,5,2,0,0,1,0,0,0,0,"665070,365504","5379895,48686","11,236838943","48,550417191",0,2,#fc8d62,car
78952,9,1,79,118,2019,12,10,3,3,5,7,0,1,1,0,0,0,0,"672721,910631","5338157,02575","11,323301682","48,173163123",0,1,#66c2a5,bicycle
78953,9,1,84,131,2019,12,15,3,3,2,6,0,0,1,0,0,0,0,"703800,053","5338463,63","11,741025663","48,166714234",0,2,#fc8d62,car
78954,9,1,77,130,2019,12,17,3,3,1,6,2,0,1,0,0,0,0,"712585,153597","5352083,37009","11,865861654","48,286218894",0,2,#fc8d62,car
78955,9,1,75,115,2019,12,11,3,3,1,6,0,0,1,0,0,0,0,"721114,219855","5329243,96664","11,968800435","48,078091106",0,2,#fc8d62,car
78956,9,1,84,129,2019,12,12,2,3,2,6,0,0,1,0,0,0,0,"699298,556877","5324822,64265","11,674180162","48,045547327",0,2,#fc8d62,car
78957,9,1,84,147,2019,12,14,2,3,3,6,0,0,1,0,0,0,0,"695757,954126","5340111,11993","11,633742487","48,184048239",0,2,#fc8d62,car
78960,9,7,61,0,2019,12,14,2,3,0,2,0,1,1,0,0,0,0,"643595,376263","5357587,6563","10,938369989","48,35512576",0,1,#66c2a5,bicycle
78961,9,7,61,0,2019,12,15,2,3,2,6,0,0,1,0,0,0,0,"642727,615162","5359700,17046","10,927379935","48,374317206",0,2,#fc8d62,car
78983,9,2,61,0,2019,12,7,2,3,4,6,1,1,0,0,0,0,0,"734247,492593","5381624,72224","12,173940909","48,543939728",0,1,#66c2a5,bicycle
78985,9,1,73,147,2019,12,10,2,3,4,2,0,1,1,0,0,0,0,"680843,233796","5309315,19272","11,420260764","47,91164363",0,1,#66c2a5,bicycle
78986,9,1,90,133,2019,12,11,2,3,2,6,0,0,1,0,0,0,0,"636103,74097","5295837,33675","10,817624678","47,801496422",1,2,#fc8d62,car
78990,9,1,84,114,2019,12,10,2,3,2,6,0,0,1,0,0,0,0,"701430,268579","5313973,27362","11,697659382","47,947372965",0,2,#fc8d62,car
78991,9,1,85,166,2019,12,19,2,3,4,6,2,0,1,0,0,0,0,"672757,361257","5383277,14737","11,342319412","48,578744081",0,2,#fc8d62,car
78993,9,1,79,118,2019,12,18,2,2,6,4,2,0,1,1,0,0,0,"672930,575782","5337216,20524","11,325723422","48,164648874",1,2,#fc8d62,car
78994,9,1,74,126,2019,12,19,2,3,5,2,2,0,1,0,0,0,0,"683619,158711","5343999,94169","11,472271623","48,222627367",0,2,#fc8d62,car
78995,9,1,77,117,2019,12,19,2,3,4,2,2,0,1,0,0,0,0,"714485,06","5355423,849","11,893137569","48,315593104",0,2,#fc8d62,car
78999,9,7,77,141,2019,12,15,1,2,8,1,0,1,0,0,0,0,0,"629145,580632","5308491,13031","10,72852495","47,916729535",0,1,#66c2a5,bicycle
79000,9,7,72,147,2019,12,17,1,3,2,6,2,0,1,0,0,0,0,"633299,595264","5364550,7765","10,801672513","48,419996486",0,2,#fc8d62,car
79001,9,7,61,0,2019,12,17,1,3,6,6,2,1,0,1,0,0,0,"640620,399531","5360278,62295","10,899134185","48,379991542",1,1,#66c2a5,bicycle
79016,9,1,84,146,2019,12,13,1,3,2,6,0,0,1,0,0,0,0,"694958,387972","5328861,53077","11,617848871","48,08318778",0,2,#fc8d62,car
79018,9,1,85,158,2019,12,14,1,2,7,1,0,1,0,0,0,0,0,"667655,781","5381634,573","11,272545432","48,565364473",0,1,#66c2a5,bicycle
79019,9,1,74,135,2019,12,14,1,3,4,1,0,0,1,0,0,0,0,"664988,702899","5355143,53575","11,22598557","48,327926823",1,2,#fc8d62,car
79020,9,1,78,124,2019,12,20,1,3,2,6,2,0,1,0,0,0,0,"704414,907685","5362344,98814","11,760831323","48,38112293",0,2,#fc8d62,car
79021,9,1,77,133,2019,12,4,1,3,4,2,2,0,1,0,0,0,0,"711333,136458","5361548,73386","11,85375025","48,371689243",1,2,#fc8d62,car
79022,9,1,62,0,2019,12,11,7,3,3,2,0,1,1,0,0,0,0,"695000,222371","5333021,08043","11,620310555","48,120559414",0,1,#66c2a5,bicycle
79028,9,7,77,121,2019,12,8,7,2,9,1,0,0,1,0,0,0,0,"628195,608942","5321858,76407","10,719805058","48,03713764",0,2,#fc8d62,car
79029,9,7,73,125,2019,12,11,7,2,3,2,0,0,1,0,0,0,1,"619140,832786","5382436,84083","10,615491331","48,583679567",0,2,#fc8d62,car
79030,9,7,61,0,2019,12,23,7,3,3,6,2,0,1,0,0,0,0,"642841,869946","5359748,73381","10,928938411","48,374728011",0,2,#fc8d62,car
79031,9,7,61,0,2019,12,19,7,3,2,7,2,0,1,0,0,0,0,"640517,595","5360245,189","10,897735383","48,379713821",0,2,#fc8d62,car
79052,9,1,82,137,2019,12,11,7,3,2,6,0,0,1,0,0,0,0,"710853,804214","5305207,20751","11,819424584","47,86556528",0,2,#fc8d62,car
79053,9,1,82,123,2019,12,14,7,3,5,3,0,0,1,0,0,0,0,"716469,020751","5300355,62816","11,891984369","47,820101866",0,2,#fc8d62,car
79056,9,1,81,146,2019,12,15,7,3,5,3,0,0,1,0,0,0,0,"649390,703749","5325557,45048","11,005271068","48,065787851",0,2,#fc8d62,car
79057,9,1,81,124,2019,12,11,7,3,2,6,0,1,1,0,0,0,0,"647018,897413","5319232,96483","10,971282633","48,009470477",0,1,#66c2a5,bicycle
79058,9,1,88,124,2019,12,1,7,2,9,1,2,0,1,0,0,0,0,"663003,907622","5319767,25085","11,185664902","48,010397446",1,2,#fc8d62,car
79059,9,1,74,121,2019,12,13,7,2,4,2,0,0,1,0,0,0,0,"690750,946554","5353356,77642","11,572415596","48,304619887",0,2,#fc8d62,car
79060,9,1,78,124,2019,12,15,7,2,0,7,0,1,0,1,0,0,0,"701951,6249","5364369,02053","11,728574612","48,400104818",1,1,#66c2a5,bicycle
79061,9,1,84,121,2019,12,6,6,3,5,6,2,0,1,0,0,0,0,"704771,172","5331427,114","11,750689066","48,103167949",1,2,#fc8d62,car
79063,9,7,78,116,2019,12,11,6,3,5,3,0,0,1,0,0,0,0,"622186,888146","5318003,07317","10,638130988","48,003639794",1,2,#fc8d62,car
79068,9,7,72,147,2019,12,7,6,3,3,6,0,0,1,0,0,0,0,"630810,200055","5364297,14488","10,767963652","48,418237565",1,2,#fc8d62,car
79069,9,7,72,147,2019,12,7,6,3,3,6,0,0,1,0,0,0,0,"630662,941679","5364277,02085","10,765968098","48,418087161",1,2,#fc8d62,car
79070,9,7,71,130,2019,12,15,6,3,2,6,0,0,1,0,0,0,0,"645049,652833","5358493,53573","10,958301439","48,362938474",1,2,#fc8d62,car
79071,9,7,78,137,2019,12,0,6,3,9,1,2,0,1,0,0,0,0,"622822,607488","5336170,96835","10,651875098","48,166907676",1,2,#fc8d62,car
79072,9,7,61,0,2019,12,12,6,3,2,1,0,0,1,0,0,1,0,"641308,34682","5355855,27265","10,906934259","48,340064712",1,2,#fc8d62,car
79095,9,1,82,133,2019,12,16,6,3,2,6,2,0,1,0,0,0,0,"706686,989281","5306412,48388","11,764352314","47,877751049",1,2,#fc8d62,car
79096,9,1,87,174,2019,12,18,6,3,2,6,2,0,1,0,0,0,0,"740451,168377","5312760,01307","12,218785986","47,923020332",1,2,#fc8d62,car
79098,9,1,86,152,2019,12,14,6,3,2,6,0,0,1,0,0,0,0,"691033,511447","5381231,54823","11,588925076","48,555055293",0,2,#fc8d62,car
79100,9,1,79,134,2019,12,17,6,3,0,3,2,1,0,0,0,0,0,"668652,108166","5342814,17998","11,270453299","48,216123139",0,1,#66c2a5,bicycle
79101,9,1,81,130,2019,12,10,6,3,9,1,0,0,1,0,0,0,0,"637111,475644","5323397,39265","10,839846656","48,049121414",1,2,#fc8d62,car
79102,9,1,62,0,2019,12,7,6,3,3,6,1,0,1,0,0,1,0,"696425,727655","5343247,54347","11,64416798","48,212030082",1,2,#fc8d62,car
79107,9,7,71,130,2019,12,16,5,3,2,6,2,0,1,0,0,0,0,"645394,679862","5362894,9185","10,964479599","48,402433235",1,2,#fc8d62,car
79127,9,1,84,114,2019,12,19,5,3,8,1,2,0,1,0,0,0,0,"701256,874605","5314364,1573","11,695522662","47,950940451",1,2,#fc8d62,car
79131,9,1,62,0,2019,12,12,5,3,2,6,0,0,1,0,0,0,0,"686367,60666","5333298,25273","11,504548769","48,125636089",0,2,#fc8d62,car
79132,9,1,62,0,2019,12,14,4,3,5,3,0,1,1,0,0,0,0,"690931,94138","5332072,30769","11,565275749","48,113264806",0,1,#66c2a5,bicycle
79159,9,1,73,120,2019,12,12,4,3,8,1,0,0,1,0,0,0,0,"690368,09997","5311764,38919","11,548688562","47,930901775",1,2,#fc8d62,car
79160,9,1,90,157,2019,12,19,4,3,0,7,2,0,1,0,0,0,0,"660693,077","5298910,679","11,146927192","47,823461806",1,2,#fc8d62,car
79161,9,7,77,114,2019,12,11,2,2,8,1,0,0,1,0,0,0,0,"616641,045413","5313601,90156","10,562613065","47,96509233",1,2,#fc8d62,car
79165,9,1,87,179,2019,12,11,4,3,4,6,0,0,1,0,0,0,0,"723342,308151","5309764,54905","11,988542591","47,902293925",1,2,#fc8d62,car
79168,9,1,62,0,2019,12,18,4,2,2,7,2,0,1,0,0,0,0,"682215,058996","5341937,65395","11,452498785","48,204495108",1,2,#fc8d62,car
79169,9,1,77,135,2019,12,11,4,3,9,1,0,0,1,0,0,0,0,"718678,647832","5343931,47908","11,943686753","48,210899721",1,2,#fc8d62,car
79170,9,1,78,143,2019,12,22,4,3,5,3,2,0,1,0,0,0,0,"716947,545857","5372373,31896","11,935061104","48,467040673",1,2,#fc8d62,car
79171,9,7,61,0,2019,12,15,2,3,2,6,0,0,1,0,0,0,0,"641284,460436","5355953,39451","10,906645015","48,340952333",0,2,#fc8d62,car
79175,9,7,71,142,2019,12,20,2,3,4,6,2,1,0,0,0,0,0,"645132,220226","5354573,22129","10,958064327","48,327670458",1,1,#66c2a5,bicycle
79177,9,7,71,122,2019,12,13,2,3,8,1,0,0,1,0,0,0,0,"648370,983881","5359464,39256","11,00345671","48,370895695",1,2,#fc8d62,car
79178,9,7,61,0,2019,12,7,2,3,0,1,2,1,0,0,0,0,0,"641374,259988","5355500,33119","10,907704112","48,336858452",1,1,#66c2a5,bicycle
79182,9,7,61,0,2019,12,17,2,3,0,1,2,1,0,0,0,0,0,"641038,318927","5360566,4747","10,904871715","48,382486506",1,1,#66c2a5,bicycle
79197,9,2,74,185,2019,12,10,3,2,4,2,0,0,1,0,0,0,0,"732179,768","5368823,44","12,138856959","48,429715904",1,2,#fc8d62,car
79200,9,1,90,159,2019,12,21,3,2,8,1,2,0,1,0,0,0,0,"666681,774157","5303306,30568","11,228570155","47,861457496",1,2,#fc8d62,car
79204,9,1,87,181,2019,12,7,3,3,5,3,1,0,1,0,0,0,0,"737477,79694","5314660,77637","12,180094732","47,941203768",0,2,#fc8d62,car
79206,9,1,79,147,2019,12,6,3,3,9,1,2,0,1,0,0,0,0,"663268,098336","5334046,55549","11,194659752","48,138707789",0,2,#fc8d62,car
79207,9,1,84,121,2019,12,17,3,3,8,1,2,0,1,0,0,0,0,"704947,22","5332085,715","11,753367423","48,109029943",1,2,#fc8d62,car
79208,9,1,84,135,2019,12,6,3,3,3,6,2,0,1,0,0,0,0,"688054,860318","5347943,32931","11,533685332","48,256771364",1,2,#fc8d62,car
79210,9,1,75,135,2019,12,9,3,3,5,2,0,0,1,0,0,0,1,"708972,435","5339467,796","11,810999766","48,174058646",1,2,#fc8d62,car
79211,9,1,62,0,2019,12,16,2,3,0,2,2,0,1,0,0,0,1,"692104,467967","5340019,26185","11,584599065","48,18433787",1,2,#fc8d62,car
79212,9,1,62,0,2019,12,16,2,3,0,6,1,0,0,0,0,0,1,"687375,225774","5335072,13879","11,518856562","48,141284491",1,6,#ffd92f,circle
202598,9,1,63,0,2019,1,12,5,3,5,3,0,1,0,0,0,0,1,"733899,264345","5304657,15399","12,126827544","47,852648272",0,1,#66c2a5,bicycle
202605,9,1,85,158,2019,1,11,5,2,0,1,0,1,0,0,0,0,0,"666752,106392","5380664,32085","11,25991747","48,556883621",2,1,#66c2a5,bicycle
202611,9,1,86,143,2019,1,14,5,3,0,6,0,1,1,0,0,0,0,"684919,951944","5378410,27143","11,504904445","48,531530955",2,1,#66c2a5,bicycle
202612,9,1,79,134,2019,1,8,5,3,0,1,0,1,0,0,0,0,0,"666903,383022","5342372,72538","11,246756524","48,212616854",2,1,#66c2a5,bicycle
202614,9,1,74,115,2019,1,19,5,3,5,3,2,0,1,0,0,0,0,"680863,741","5346925,267","11,436456294","48,249713647",0,2,#fc8d62,car
202616,9,1,74,115,2019,1,13,5,3,5,3,0,0,1,0,0,0,0,"683582,908676","5348291,83674","11,473644436","48,261215206",0,2,#fc8d62,car
202617,9,1,62,0,2019,1,18,4,3,2,6,2,0,1,0,0,0,0,"696458,347268","5332671,35386","11,63972145","48,116968056",2,2,#fc8d62,car
202619,9,1,62,0,2019,1,17,4,3,2,1,1,0,1,0,0,0,1,"693375,601836","5330987,18693","11,59758106","48,102774753",2,2,#fc8d62,car
202620,9,1,62,0,2019,1,19,4,3,0,2,2,1,0,0,0,0,0,"690428,643144","5336388,34037","11,560449753","48,152207951",2,1,#66c2a5,bicycle
202621,9,1,62,0,2019,1,10,4,3,5,3,0,0,1,0,0,0,0,"686222,607435","5333288,55837","11,502597853","48,125591384",1,2,#fc8d62,car
202624,9,1,62,0,2019,1,18,4,3,1,1,2,0,1,0,0,0,0,"692647,419987","5339339,85904","11,591588256","48,178067205",1,2,#fc8d62,car
202625,9,1,62,0,2019,1,10,4,2,5,2,0,1,0,0,0,1,0,"687813,50027","5334453,85474","11,524469655","48,135597996",0,1,#66c2a5,bicycle
202627,9,1,62,0,2019,1,17,4,2,4,1,1,0,1,0,0,0,0,"678750,35214","5339018,73101","11,404680466","48,179242065",1,2,#fc8d62,car
202628,9,1,62,0,2019,1,15,4,3,2,6,0,0,1,0,0,0,0,"690737,348206","5340296,90751","11,566349526","48,187245225",1,2,#fc8d62,car
202631,9,1,62,0,2019,1,18,4,3,2,6,2,0,1,0,0,0,0,"687371,927971","5335118,99798","11,518832892","48,141706645",2,2,#fc8d62,car
202632,9,1,62,0,2019,1,19,4,3,1,6,2,0,1,0,0,0,0,"694139,90835","5332693,89255","11,608613583","48,117881648",2,2,#fc8d62,car
202635,9,1,62,0,2019,1,19,4,3,2,1,1,0,1,0,0,0,0,"691342,669308","5338403,00285","11,573632852","48,17004112",2,2,#fc8d62,car
202644,9,7,71,130,2019,1,9,4,3,5,2,0,0,1,0,0,0,0,"645486,770003","5356493,37393","10,963507937","48,344853754",1,2,#fc8d62,car
202645,9,7,71,130,2019,1,3,4,3,1,4,2,0,1,1,0,0,0,"646711,790087","5357683,65571","10,980445551","48,355272559",1,2,#fc8d62,car
202690,9,2,74,134,2019,1,12,4,3,4,6,0,0,1,0,0,0,0,"744451,543909","5373715,36648","12,307334997","48,469010969",1,2,#fc8d62,car
202694,9,2,61,0,2019,1,5,4,3,0,1,1,0,0,0,1,0,0,"733455,99035","5379622,72976","12,162112276","48,526251558",2,4,#e78ac3,marker
202703,9,1,88,139,2019,1,14,4,3,1,7,0,0,1,0,0,0,0,"674751,37111","5318765,79017","11,342642988","47,99829086",0,2,#fc8d62,car
202706,9,1,88,127,2019,1,7,4,3,4,1,2,0,1,0,0,0,0,"676631,497265","5329308,74813","11,372175232","48,092549244",2,2,#fc8d62,car
202707,9,1,74,126,2019,1,20,4,3,2,6,2,0,1,0,0,0,0,"683813,143235","5345822,3735","11,475671409","48,238951976",2,2,#fc8d62,car
202709,9,1,62,0,2019,1,19,4,3,3,6,2,0,1,0,0,1,0,"695856,568256","5343800,28826","11,636769952","48,217173656",2,2,#fc8d62,car
202711,9,1,78,124,2019,1,17,4,3,9,1,2,0,1,0,0,0,0,"699979,651","5364283,542","11,701921471","48,399965144",1,2,#fc8d62,car
202712,9,1,77,117,2019,1,9,4,2,9,1,0,0,1,0,0,0,0,"716344,946729","5356630,08228","11,918810222","48,325797647",0,2,#fc8d62,car
202715,9,1,62,0,2019,1,3,3,3,6,4,2,0,1,1,0,0,0,"691041,42219","5333187,30489","11,567244718","48,123253527",1,2,#fc8d62,car
202716,9,1,62,0,2019,1,6,3,3,4,2,2,0,1,0,0,0,0,"692133,790794","5334085,72036","11,582313747","48,13099963",1,2,#fc8d62,car
202719,9,1,62,0,2019,1,15,3,3,0,7,1,0,0,0,0,0,1,"684798,840188","5343314,06805","11,4878406","48,216119987",0,6,#ffd92f,circle
202722,9,7,61,0,2019,1,0,3,3,6,4,2,0,1,1,0,0,0,"641308,382458","5363047,22095","10,909351797","48,404731872",0,2,#fc8d62,car
202725,9,7,61,0,2019,1,2,3,2,9,1,2,0,1,0,0,0,0,"640237,680287","5355165,9028","10,892264519","48,334104638",1,2,#fc8d62,car
202742,9,1,79,142,2019,1,17,3,3,5,3,2,0,1,0,0,0,0,"670972,869696","5340914,5512","11,300904762","48,198425214",1,2,#fc8d62,car
202801,9,1,81,130,2019,1,4,6,3,5,3,2,0,1,0,0,1,1,"638660,213868","5325025,85471","10,861145145","48,063430519",2,2,#fc8d62,car
202802,9,1,81,114,2019,1,16,6,3,0,1,1,1,0,0,0,0,0,"657126,040157","5312923,00373","11,104403162","47,950332011",2,1,#66c2a5,bicycle
202803,9,1,74,115,2019,1,17,6,3,2,6,2,0,1,0,0,0,0,"682841,612256","5347983,3098","11,463532294","48,25865638",2,2,#fc8d62,car
202804,9,1,74,121,2019,1,7,6,3,0,6,0,0,0,0,0,0,1,"689658,721684","5354313,97456","11,558131662","48,313551294",2,6,#ffd92f,circle
202805,9,1,62,0,2019,1,11,5,3,4,2,0,0,1,0,0,0,0,"697081,989591","5334140,03099","11,648770793","48,129974905",2,2,#fc8d62,car
202806,9,1,62,0,2019,1,6,5,3,4,2,2,0,1,0,0,0,0,"698778,91777","5333252,99674","11,671138132","48,1214753",2,2,#fc8d62,car
202807,9,1,62,0,2019,1,7,5,3,6,4,0,0,1,1,0,0,0,"700509,969935","5332385,54059","11,693965112","48,113136673",2,2,#fc8d62,car
202808,9,1,84,149,2019,1,9,5,3,6,7,0,0,1,1,0,0,0,"691242,819","5349448,307","11,57727268","48,269343566",2,2,#fc8d62,car
202809,9,1,62,0,2019,1,14,5,3,5,3,0,0,1,0,0,0,0,"689853,306773","5337350,77305","11,553151349","48,161030293",1,2,#fc8d62,car
202810,9,1,62,0,2019,1,16,5,3,2,6,2,0,1,0,0,0,0,"687982,446879","5334295,36043","11,5266683","48,134123533",2,2,#fc8d62,car
202811,9,1,62,0,2019,1,7,5,3,2,6,1,0,1,0,0,0,0,"697746,591358","5334162,44548","11,657703455","48,129970233",2,2,#fc8d62,car
202812,9,1,62,0,2019,1,15,5,3,6,4,0,0,1,1,0,0,0,"699002,034493","5332109,92223","11,673599516","48,111132572",1,2,#fc8d62,car
202817,9,7,61,0,2019,1,13,5,3,5,3,0,1,1,0,0,0,0,"641726,185447","5362331,63792","10,914752269","48,398203892",1,1,#66c2a5,bicycle
202818,9,7,61,0,2019,1,16,5,3,5,3,0,0,1,0,0,0,0,"640610,036482","5357143,30821","10,897946176","48,351802145",1,2,#fc8d62,car
202834,9,2,74,113,2019,1,16,5,2,1,5,1,1,1,0,0,0,0,"729415,805885","5382757,04436","12,109199042","48,555896642",1,1,#66c2a5,bicycle
202837,9,1,86,143,2019,1,18,5,2,5,3,2,0,1,0,0,0,0,"685255,228041","5380079,64947","11,510183697","48,546435953",1,2,#fc8d62,car
202838,9,1,78,124,2019,1,8,5,3,4,6,0,1,1,0,0,0,0,"704706,175266","5363956,33209","11,765545467","48,395508183",1,1,#66c2a5,bicycle
202839,9,1,62,0,2019,1,5,4,3,6,3,2,0,1,1,0,0,0,"692652,171244","5332367,45254","11,588496959","48,115399497",2,2,#fc8d62,car
202840,9,1,62,0,2019,1,16,4,3,0,7,2,0,1,0,0,0,1,"691793,185545","5332041,9112","11,576821262","48,112732836",1,2,#fc8d62,car
202841,9,1,62,0,2019,1,22,4,3,6,2,2,0,1,1,0,0,0,"691697,061348","5333717,57624","11,576284573","48,127822476",2,2,#fc8d62,car
202842,9,1,62,0,2019,1,14,4,3,5,3,0,0,1,0,0,0,0,"687097,695307","5337763,31031","11,516312641","48,165555119",1,2,#fc8d62,car