OBJECTID,ULAND,UREGBEZ,UKREIS,UGEMEINDE,UJAHR,UMONAT,USTUNDE,UWOCHENTAG,UKATEGORIE,UART,UTYP1,ULICHTVERH,IstRad,IstPKW,IstFuss,IstKrad,IstGkfz,IstSonstig,LINREFX,LINREFY,XGCSWGS84,YGCSWGS84,STRZUSTAND,Teilnehmer,color,symbol
202843,9,1,62,0,2019,1,9,4,3,0,6,0,1,1,0,0,0,0,"691766,129333","5336662,25948","11,578537816","48,15426804",2,1,#66c2a5,bicycle
202844,9,1,62,0,2019,1,21,4,3,8,3,2,0,1,0,0,0,0,"693430,672233","5340363,97686","11,602579909","48,187033642",2,2,#fc8d62,car
202845,9,1,62,0,2019,1,12,4,3,5,3,0,0,1,0,0,0,0,"689360,23896","5333634,10279","11,544874428","48,127771638",1,2,#fc8d62,car
202848,9,7,62,0,2019,1,9,4,3,5,3,0,0,1,0,0,0,1,"622511,746","5307934,368","10,639616027","47,913024134",0,2,#fc8d62,car
202849,9,7,71,129,2019,1,16,4,3,0,1,2,1,0,0,0,0,0,"658456,998584","5354694,61052","11,137757798","48,325562017",2,1,#66c2a5,bicycle
202850,9,7,71,142,2019,1,7,4,3,2,4,0,0,1,1,0,0,0,"645913,8075","5352527,84721","10,967895024","48,309099793",2,2,#fc8d62,car
202851,9,7,61,0,2019,1,18,4,3,2,1,2,0,1,0,0,0,0,"639728,305538","5356694,04168","10,88590223","48,347958152",2,2,#fc8d62,car
202871,9,2,61,0,2019,1,14,4,3,0,7,0,0,1,0,1,0,0,"732814,964203","5380667,6031","12,154026874","48,535875373",2,2,#fc8d62,car
202872,9,2,61,0,2019,1,16,4,3,2,6,2,1,1,0,0,0,0,"732857,383196","5381888,94905","12,155283122","48,546830601",0,1,#66c2a5,bicycle
202873,9,1,90,157,2019,1,17,4,3,1,6,2,0,1,0,0,0,0,"659283,894041","5301339,63637","11,129006971","47,845651585",2,2,#fc8d62,car
202875,9,1,63,0,2019,1,17,4,3,0,1,1,1,0,0,0,0,0,"733715,086558","5303611,12746","12,123804285","47,843317722",1,1,#66c2a5,bicycle
202876,9,1,87,150,2019,1,16,4,3,5,3,2,0,1,0,0,0,0,"727679,341","5302351,654","12,042588192","47,834167267",2,2,#fc8d62,car
202879,9,1,79,126,2019,1,11,4,3,4,6,0,0,1,0,0,0,1,"677396,700877","5339156,36868","11,386544073","48,180858667",2,2,#fc8d62,car
202880,9,1,79,113,2019,1,22,4,3,0,1,2,0,1,0,0,0,0,"671047,082828","5334531,09753","11,299334601","48,141020157",2,2,#fc8d62,car
202881,9,1,88,121,2019,1,17,4,3,6,4,2,0,1,1,0,0,0,"670386,353656","5330779,37729","11,288960217","48,107470235",2,2,#fc8d62,car
202882,9,1,79,123,2019,1,6,4,3,5,3,2,0,1,0,0,0,0,"676730,963","5332162,627","11,374691972","48,118176011",2,2,#fc8d62,car
202883,9,1,79,121,2019,1,7,4,3,5,3,0,1,1,0,0,0,0,"666658,89675","5338147,37653","11,241809578","48,174695292",2,1,#66c2a5,bicycle
202884,9,1,62,0,2019,1,16,3,3,5,3,1,0,1,0,0,0,0,"688401,394023","5332498,95116","11,53149958","48,117853174",1,2,#fc8d62,car
202885,9,1,62,0,2019,1,18,3,3,3,6,2,0,1,0,0,0,1,"683022,401","5335767,374","11,460697703","48,148800735",1,2,#fc8d62,car
202886,9,1,62,0,2019,1,6,3,2,6,7,2,0,1,1,0,0,0,"686531,779273","5339294,37321","11,509380893","48,17948304",1,2,#fc8d62,car
202887,9,1,62,0,2019,1,12,3,3,5,3,0,1,1,0,0,0,0,"688152,419815","5336547,52912","11,529945816","48,154316208",0,1,#66c2a5,bicycle
202888,9,1,62,0,2019,1,6,3,3,4,2,2,1,1,0,0,0,0,"692655,088","5333419,254","11,589011385","48,124852",1,1,#66c2a5,bicycle
202893,9,7,71,130,2019,1,18,3,3,6,4,2,0,1,1,0,0,0,"646830,568458","5357710,72332","10,982057373","48,355488323",1,2,#fc8d62,car
202894,9,7,61,0,2019,1,11,3,3,5,3,0,0,1,0,0,0,0,"639040,373905","5362846,5046","10,878657368","48,403431432",1,2,#fc8d62,car
202910,9,1,79,123,2019,1,11,3,3,6,7,0,0,0,1,0,1,0,"676296,704941","5333803,01465","11,369540669","48,133042308",2,3,#8da0cb,toilet
202911,9,1,74,136,2019,1,18,3,2,6,4,2,0,1,1,0,0,0,"682866,029004","5364995,50817","11,471243985","48,4115602",1,2,#fc8d62,car
202912,9,1,78,124,2019,1,17,3,3,6,4,1,0,1,1,0,0,0,"705065,123102","5363944,68682","11,770383214","48,395286929",1,2,#fc8d62,car
202913,9,1,62,0,2019,1,7,2,3,5,2,1,0,1,0,0,0,0,"689149,295958","5336924,34558","11,543503904","48,157407358",1,2,#fc8d62,car
202914,9,1,62,0,2019,1,18,2,3,6,5,2,0,1,1,0,0,0,"690139,351808","5333697,23112","11,555362569","48,128106799",1,2,#fc8d62,car
202915,9,1,62,0,2019,1,17,2,3,4,2,2,1,1,0,0,0,0,"693265,245424","5333628,53074","11,597297207","48,126547992",1,1,#66c2a5,bicycle
202916,9,1,62,0,2019,1,10,2,3,2,2,0,0,1,0,0,0,0,"691387,734728","5336288,51394","11,57328708","48,15102285",1,2,#fc8d62,car
202917,9,1,62,0,2019,1,16,2,3,2,6,1,0,1,0,0,0,0,"692451,535146","5330571,30122","11,584993829","48,099316624",1,2,#fc8d62,car
202922,9,7,73,122,2019,1,13,2,3,5,3,0,0,1,0,1,0,0,"628666,467973","5384809,60617","10,74532909","48,603131565",0,2,#fc8d62,car
202923,9,7,61,0,2019,1,10,2,3,0,1,0,1,0,0,0,0,0,"641457,815464","5358394,44032","10,909803435","48,362862527",0,1,#66c2a5,bicycle
202924,9,7,61,0,2019,1,14,2,3,1,1,0,0,1,0,0,0,0,"639729,849667","5356682,80544","10,88591933","48,347856777",1,2,#fc8d62,car
202940,9,2,61,0,2019,1,17,2,3,4,2,2,0,1,0,0,0,0,"731593,872821","5381544,95472","12,137997801","48,544208227",1,2,#fc8d62,car
202944,9,1,88,137,2019,1,7,2,3,2,6,2,0,1,0,0,0,0,"668783,899292","5314345,83866","11,260974723","47,960157706",2,2,#fc8d62,car
202945,9,1,79,145,2019,1,11,2,3,1,7,0,0,1,0,0,0,1,"674949,711015","5338136,93915","11,353233748","48,172373201",1,2,#fc8d62,car
202946,9,1,79,121,2019,1,14,2,3,1,7,0,0,1,0,0,0,0,"667764,642706","5337949,52736","11,256593487","48,172625696",1,2,#fc8d62,car
202947,9,1,78,116,2019,1,7,2,3,3,6,1,0,1,0,0,0,0,"702677,493358","5381713,65782","11,746777865","48,555732889",2,2,#fc8d62,car
202951,9,1,62,0,2019,1,9,7,3,5,3,0,0,1,0,0,0,0,"688620,04654","5331726,35655","11,53409288","48,110844214",2,2,#fc8d62,car
202952,9,1,62,0,2019,1,13,7,3,5,6,0,0,1,0,0,0,1,"696262,60141","5331290,32171","11,636458789","48,104616421",2,2,#fc8d62,car
202953,9,1,62,0,2019,1,17,7,3,0,1,2,1,0,0,0,0,0,"683057,316663","5335526,8243","11,461063247","48,146628472",2,1,#66c2a5,bicycle
202954,9,1,62,0,2019,1,11,7,3,6,7,0,0,1,1,0,0,0,"680994,294378","5337462,16713","11,434176836","48,164615236",2,2,#fc8d62,car
202956,9,7,61,0,2019,1,4,7,3,0,1,2,0,0,0,1,0,0,"641775,744846","5362192,77767","10,915374551","48,396944184",2,4,#e78ac3,marker
202967,9,1,63,0,2019,1,14,7,3,0,1,0,1,0,0,0,0,0,"733632,662717","5303432,53417","12,122607924","47,841743183",1,1,#66c2a5,bicycle
202968,9,1,82,133,2019,1,14,7,3,9,1,0,0,1,0,0,0,0,"708068,015218","5312587,60601","11,785778906","47,932799058",2,2,#fc8d62,car
202969,9,1,87,150,2019,1,19,7,2,6,4,2,0,1,1,0,0,0,"729074,921479","5304337,44957","12,062261419","47,851513283",1,2,#fc8d62,car
202970,9,1,62,0,2019,1,1,6,3,0,1,2,0,0,0,1,0,0,"688949,169171","5331871,16606","11,538574262","48,112048238",0,4,#e78ac3,marker
202971,9,1,62,0,2019,1,15,6,3,6,4,0,0,0,1,0,0,1,"693182,744537","5336212,34253","11,597361551","48,149795606",1,3,#8da0cb,toilet
202972,9,1,62,0,2019,1,15,6,3,0,1,0,1,0,0,0,0,0,"692093,671648","5338536,37099","11,583783742","48,171013288",2,1,#66c2a5,bicycle
202973,9,1,62,0,2019,1,13,6,3,3,6,0,1,0,0,0,0,0,"690697,665128","5337890,81902","11,564736644","48,1656315",2,1,#66c2a5,bicycle
202974,9,1,62,0,2019,1,12,6,3,5,3,0,0,1,0,0,0,0,"689702,825766","5331058,50901","11,548328084","48,104519964",1,2,#fc8d62,car
202975,9,1,62,0,2019,1,15,6,3,5,2,0,0,1,0,0,0,0,"696005,350018","5338793,3351","11,636459583","48,172128545",1,2,#fc8d62,car
202979,9,7,78,111,2019,1,16,6,3,0,1,2,1,0,0,0,0,0,"625185,714108","5324537,63106","10,68022778","48,061826569",2,1,#66c2a5,bicycle
202980,9,7,71,113,2019,1,12,6,3,4,2,0,0,1,0,0,0,0,"656396,826743","5367470,34775","11,114738379","48,440934875",1,2,#fc8d62,car
202999,9,1,75,114,2019,1,11,6,3,9,1,0,0,1,0,0,0,0,"717640,426358","5325239,07224","11,92018508","48,043300576",2,2,#fc8d62,car
203000,9,1,62,0,2019,1,19,5,3,6,4,2,0,1,1,0,0,0,"690293,963907","5336163,91381","11,558540429","48,150231121",0,2,#fc8d62,car
203001,9,1,62,0,2019,1,8,5,3,1,6,0,0,1,0,0,0,0,"692008,417803","5336453,5009","11,581698077","48,152318657",2,2,#fc8d62,car
203002,9,1,62,0,2019,1,18,5,3,0,1,2,1,0,0,0,0,0,"694356,59171","5333928,05256","11,612084675","48,12890773",2,1,#66c2a5,bicycle
203003,9,1,62,0,2019,1,13,5,3,5,3,0,0,1,0,0,0,0,"688008,826669","5334613,83814","11,527163072","48,136978286",0,2,#fc8d62,car
203004,9,7,61,0,2019,1,16,6,3,2,6,2,0,1,0,0,0,0,"638357,273557","5359291,54774","10,868261943","48,371616317",2,2,#fc8d62,car
203005,9,7,61,0,2019,1,15,6,3,1,1,0,0,1,0,0,0,0,"641009,700592","5351427,91569","10,901425821","48,300321885",1,2,#fc8d62,car
203006,9,7,61,0,2019,1,16,6,3,2,3,0,0,1,0,0,0,0,"639194,894907","5356160,35708","10,878530439","48,343277144",2,2,#fc8d62,car
203012,9,7,72,163,2019,1,5,5,3,5,3,2,0,1,0,0,0,0,"639383,62268","5349515,63574","10,87888038","48,283487224",2,2,#fc8d62,car
203034,9,1,62,0,2019,1,13,6,3,4,6,0,1,0,0,0,0,0,"693101,493347","5334711,90078","11,595589859","48,136334731",0,1,#66c2a5,bicycle
203035,9,1,62,0,2019,1,13,6,3,2,6,0,0,1,0,0,0,0,"692432,605393","5334394,73981","11,586465198","48,133686766",0,2,#fc8d62,car
203036,9,1,62,0,2019,1,14,6,3,6,4,0,0,1,1,0,0,0,"682908,35948","5335462,22954","11,459034795","48,146090699",2,2,#fc8d62,car
203037,9,1,62,0,2019,1,8,6,3,4,6,0,1,1,0,0,0,0,"686622,738221","5332242,39731","11,507511819","48,11607093",1,1,#66c2a5,bicycle
203038,9,1,62,0,2019,1,14,6,3,5,3,0,1,1,0,0,0,0,"688417,31021","5336414,54501","11,533445112","48,153042507",0,1,#66c2a5,bicycle
203039,9,1,62,0,2019,1,16,6,3,3,6,0,0,1,0,0,0,0,"694993,396611","5336140,05719","11,621646525","48,148593468",0,2,#fc8d62,car
203045,9,7,73,182,2019,1,4,6,2,9,1,2,0,1,0,0,0,0,"622219,123","5377979,555","10,655904186","48,54300422",2,2,#fc8d62,car
203047,9,7,72,171,2019,1,11,6,3,5,3,0,0,1,0,0,0,0,"635622,225915","5371952,67701","10,835446601","48,486057637",0,2,#fc8d62,car
203048,9,7,72,125,2019,1,20,6,3,5,3,2,0,1,0,0,0,0,"636072,181","5348196,821","10,833841842","48,272348736",2,2,#fc8d62,car
203049,9,7,61,0,2019,1,8,6,3,6,4,0,0,1,1,0,0,0,"637034,856418","5359894,5337","10,850611397","48,377326843",1,2,#fc8d62,car
203075,9,1,73,126,2019,1,9,6,2,6,2,0,0,1,1,0,0,0,"684530,635681","5306011,57027","11,468150487","47,880897115",1,2,#fc8d62,car
203076,9,1,63,0,2019,1,7,6,3,5,3,1,1,1,0,0,0,0,"733410,221618","5306349,4076","12,121213251","47,86802932",1,1,#66c2a5,bicycle
203077,9,1,87,137,2019,1,18,6,3,0,5,2,0,1,0,0,0,0,"729475,732005","5307655,97087","12,069372934","47,881185515",0,2,#fc8d62,car
203078,9,1,79,145,2019,1,16,6,3,0,1,1,1,0,0,0,0,0,"674827,24878","5338346,471","11,351674132","48,174290451",1,1,#66c2a5,bicycle
203079,9,1,79,121,2019,1,6,6,3,5,3,2,0,1,0,0,0,0,"668423,658","5339768,948","11,266171852","48,188807729",1,2,#fc8d62,car
203080,9,1,62,0,2019,1,9,5,3,5,3,0,0,1,0,0,0,0,"688570,525314","5332295,98874","11,533680095","48,115978846",0,2,#fc8d62,car
203081,9,1,62,0,2019,1,16,5,3,2,2,2,0,1,0,0,0,0,"687426,871356","5338904,15216","11,521238263","48,17571227",1,2,#fc8d62,car
203082,9,1,62,0,2019,1,18,5,3,6,2,2,0,1,1,0,0,0,"687448,651355","5336073,47826","11,52028349","48,150263148",0,2,#fc8d62,car
203083,9,1,88,127,2019,1,15,5,2,6,4,0,0,1,1,0,0,0,"678745,173862","5330178,25333","11,400900471","48,09977605",0,2,#fc8d62,car
203084,9,1,62,0,2019,1,14,5,2,0,3,0,0,1,0,0,0,1,"688563,472","5334973,278","11,534770038","48,14004488",0,2,#fc8d62,car
203085,9,1,62,0,2019,1,17,5,3,6,3,2,0,1,1,0,0,0,"688198,417194","5339261,92787","11,531764912","48,178699983",0,2,#fc8d62,car
203086,9,1,62,0,2019,1,17,5,3,4,7,1,0,1,0,0,0,0,"684354,242754","5331868,14841","11,476899657","48,113367716",0,2,#fc8d62,car
203087,9,1,62,0,2019,1,10,5,3,5,3,0,0,1,0,0,0,0,"701852,997066","5335318,92845","11,713377741","48,139074505",0,2,#fc8d62,car
203088,9,1,62,0,2019,1,13,5,3,5,3,0,0,1,0,0,0,0,"691282,88494","5331886,79676","11,56990276","48,111492139",0,2,#fc8d62,car
203089,9,1,62,0,2019,1,8,5,3,3,6,0,1,0,0,0,0,0,"689330,249988","5333518,61585","11,544420504","48,126742549",0,1,#66c2a5,bicycle
203090,9,1,62,0,2019,1,1,5,3,5,3,2,0,1,0,0,0,0,"690942,794935","5334311,15512","11,566424277","48,133384224",0,2,#fc8d62,car
203093,9,7,62,0,2019,1,12,5,3,0,7,0,1,0,0,0,0,0,"622234,728592","5304197,4656","10,634851575","47,879468492",1,1,#66c2a5,bicycle
203095,9,7,61,0,2019,1,16,5,3,6,4,1,0,1,1,0,0,0,"638703,477526","5360936,56867","10,873477061","48,386331983",1,2,#fc8d62,car
203096,9,7,61,0,2019,1,18,5,3,5,3,2,0,1,0,0,0,0,"641782,097008","5361524,68658","10,91523477","48,390935592",1,2,#fc8d62,car
203097,9,7,61,0,2019,1,16,5,3,5,3,1,1,1,0,0,0,0,"640623,759","5357287,353","10,898179419","48,353094296",0,1,#66c2a5,bicycle
203098,9,7,61,0,2019,1,7,5,3,1,2,0,1,1,0,0,0,0,"641925,027738","5358317,61916","10,916081628","48,362066918",1,1,#66c2a5,bicycle
203099,9,7,61,0,2019,1,2,5,3,3,2,2,1,0,0,0,0,1,"639391,592443","5360085,15896","10,882483855","48,378524654",0,1,#66c2a5,bicycle
203116,9,1,63,0,2019,1,8,5,3,5,3,0,0,1,0,0,0,0,"734195,331738","5303400,70501","12,130099448","47,841252555",0,2,#fc8d62,car
203118,9,1,78,124,2019,1,17,5,3,5,3,2,1,1,0,0,0,0,"702547,616323","5363495,34807","11,736196189","48,392062585",0,1,#66c2a5,bicycle
203119,9,1,62,0,2019,1,14,4,3,6,4,0,0,0,1,0,0,1,"690510,467706","5335067,18531","11,560957614","48,140308962",1,3,#8da0cb,toilet
203120,9,1,62,0,2019,1,13,4,3,0,1,0,1,0,0,0,0,0,"684060,867872","5336616,74983","11,47501354","48,156135745",2,1,#66c2a5,bicycle
203121,9,1,62,0,2019,1,18,4,3,6,4,2,0,1,1,0,0,0,"695840,746224","5334260,16987","11,632162084","48,131437752",1,2,#fc8d62,car
203122,9,1,62,0,2019,1,15,4,2,0,7,0,0,0,1,0,0,1,"690597,184069","5333395,62101","11,561374318","48,125259014",0,3,#8da0cb,toilet
203123,9,1,62,0,2019,1,20,4,3,4,2,2,0,1,0,0,0,0,"700176,790056","5334634,30655","11,690549752","48,133451283",0,2,#fc8d62,car
203124,9,1,62,0,2019,1,10,4,2,6,4,0,0,1,1,0,0,0,"697910,648572","5334478,66303","11,660052787","48,13276118",0,2,#fc8d62,car
203125,9,1,62,0,2019,1,18,4,3,6,2,2,0,1,1,0,0,0,"690842,124943","5338129,32892","11,566784528","48,167731851",1,2,#fc8d62,car
203126,9,1,84,145,2019,1,5,4,1,1,7,2,0,0,0,0,1,0,"693314,125855","5324725,65903","11,593924092","48,046515868",2,5,#a6d854,bus
203127,9,1,62,0,2019,1,15,4,3,5,3,0,1,1,0,0,0,0,"691054,611715","5342545,28954","11,571625601","48,207357912",1,1,#66c2a5,bicycle
203128,9,1,62,0,2019,1,19,4,3,6,6,2,1,0,1,0,0,0,"689213,495033","5338309,52294","11,544982514","48,169838297",0,1,#66c2a5,bicycle
203129,9,1,62,0,2019,1,18,4,3,5,2,2,0,1,0,0,0,0,"688661,81615","5336285,5932","11,536672218","48,151810991",1,2,#fc8d62,car
203133,9,7,71,146,2019,1,18,4,3,5,3,2,0,1,0,0,0,0,"646669,496884","5347539,86211","10,976348696","48,264076169",0,2,#fc8d62,car
203134,9,7,61,0,2019,1,14,4,3,5,3,0,0,1,0,0,0,0,"639576,843986","5359006,50078","10,884626173","48,368784701",0,2,#fc8d62,car
203148,9,2,61,0,2019,1,15,4,3,8,1,0,0,1,0,0,0,0,"731185,376","5381191,462","12,132275339","48,541183485",0,2,#fc8d62,car
203149,9,2,61,0,2019,1,12,4,3,0,1,0,0,0,0,1,0,0,"732776,32719","5380408,93446","12,153359829","48,533566159",0,4,#e78ac3,marker
203153,9,1,86,143,2019,1,6,4,3,1,6,2,0,1,0,0,1,0,"685327,642284","5380070,85883","11,511160008","48,546335557",0,2,#fc8d62,car
203154,9,1,88,117,2019,1,16,4,3,2,6,0,0,1,0,1,0,0,"663088,553615","5316340,79066","11,185497123","47,979569789",0,2,#fc8d62,car
203155,9,1,79,145,2019,1,14,4,3,6,4,0,0,1,1,0,0,0,"675392,414274","5338415,04","11,359298025","48,17475111",1,2,#fc8d62,car
203156,9,1,62,0,2019,1,11,4,3,3,6,0,0,1,0,0,1,0,"688592,226777","5344525,23099","11,53939595","48,225889956",0,2,#fc8d62,car
203157,9,1,78,143,2019,1,6,4,3,5,6,2,1,1,0,0,0,0,"717008,886695","5373128,75737","11,93628175","48,473806847",0,1,#66c2a5,bicycle
203158,9,1,77,117,2019,1,18,4,2,4,1,2,0,1,0,0,0,0,"716062,966","5351030,838","11,912145598","48,275584477",2,2,#fc8d62,car
203159,9,1,84,146,2019,1,7,3,3,6,4,1,0,1,1,0,0,0,"695685,000726","5328841,62172","11,627585897","48,082786247",1,2,#fc8d62,car
203160,9,1,84,147,2019,1,15,3,3,5,7,0,1,1,0,0,0,0,"696101,503509","5340672,86308","11,638618854","48,188990871",1,1,#66c2a5,bicycle
203161,9,1,84,136,2019,1,18,3,3,5,3,2,0,1,0,0,0,0,"697671,637955","5326804,99022","11,653290383","48,063869384",2,2,#fc8d62,car
203162,9,1,62,0,2019,1,18,3,3,5,2,2,1,1,0,0,0,0,"696035,762365","5333795,64431","11,634566597","48,127202814",1,1,#66c2a5,bicycle
203169,9,7,71,130,2019,1,11,3,3,5,3,0,0,1,0,0,0,0,"647277,453436","5357112,63536","10,987876811","48,350006717",2,2,#fc8d62,car
203170,9,7,61,0,2019,1,12,3,3,1,1,0,0,1,0,0,0,0,"639689,512166","5357530,74377","10,885656596","48,355490154",0,2,#fc8d62,car
203182,9,1,62,0,2019,1,18,6,3,5,2,2,0,1,0,0,0,0,"696985,045604","5330906,28099","11,645975637","48,100941924",2,2,#fc8d62,car
203183,9,1,74,136,2019,1,18,7,2,4,6,2,0,1,0,0,0,0,"685402,420057","5367114,91709","11,5064237","48,429868279",1,2,#fc8d62,car
203192,9,1,63,0,2019,1,12,3,3,5,2,0,0,1,0,0,0,0,"731869,53975","5304576,68589","12,099691755","47,852660697",0,2,#fc8d62,car
203193,9,1,82,125,2019,1,13,3,2,0,7,0,1,0,0,0,0,1,"712098,193238","5297617,47996","11,832326272","47,796951098",2,1,#66c2a5,bicycle
203194,9,1,87,122,2019,1,13,3,3,5,3,0,0,1,0,0,0,1,"718014,12538","5310007,3196","11,917465661","47,906307887",0,2,#fc8d62,car
203195,9,1,86,152,2019,1,17,3,3,5,3,2,0,1,0,0,0,0,"692068,694882","5375067,69711","11,600099839","48,499344127",0,2,#fc8d62,car
203196,9,1,79,117,2019,1,5,3,3,4,6,2,0,1,0,0,0,0,"664412,473716","5348855,73962","11,215768472","48,271549852",2,2,#fc8d62,car
203197,9,1,78,124,2019,1,7,3,3,5,3,0,0,1,0,0,0,0,"704574,925","5358908,402","11,761318764","48,350189406",1,2,#fc8d62,car
203198,9,1,62,0,2019,1,6,2,3,6,4,2,0,1,1,0,0,0,"688933,598518","5337403,6655","11,540819232","48,161779646",1,2,#fc8d62,car
203199,9,1,62,0,2019,1,16,2,3,6,2,1,0,1,1,0,0,0,"686106,049412","5340046,14983","11,503988591","48,186365067",1,2,#fc8d62,car
203200,9,1,62,0,2019,1,18,2,3,2,6,2,0,1,0,0,0,0,"686219,768947","5333645,73462","11,502715814","48,128802655",1,2,#fc8d62,car
203202,9,1,62,0,2019,1,15,2,3,3,2,0,1,1,0,0,0,0,"689642,193364","5335658,49715","11,549561104","48,145883075",1,1,#66c2a5,bicycle
203203,9,1,62,0,2019,1,19,2,3,0,7,2,1,1,0,0,0,0,"692320,36125","5337429,70833","11,586329193","48,160998333",1,1,#66c2a5,bicycle
203204,9,1,62,0,2019,1,6,2,3,5,7,2,1,1,0,0,0,0,"694203,012455","5334325,87584","11,610204158","48,132530094",1,1,#66c2a5,bicycle
203205,9,1,62,0,2019,1,7,2,3,3,6,0,0,1,0,0,0,1,"683181,572781","5337549,51058","11,463602931","48,164773859",1,2,#fc8d62,car
203206,9,1,84,112,2019,1,16,2,3,2,6,2,0,1,0,0,0,0,"699729,121","5336154,402","11,685252428","48,147253138",2,2,#fc8d62,car
203210,9,7,71,146,2019,1,15,2,3,4,1,0,0,1,0,0,0,1,"646362,058","5347230,285","10,972101439","48,261363733",2,2,#fc8d62,car
203211,9,7,72,163,2019,1,19,2,3,6,4,2,0,1,1,0,0,0,"640186,476135","5348338,00474","10,889306069","48,272720858",2,2,#fc8d62,car
203212,9,7,61,0,2019,1,14,2,3,1,7,0,1,1,0,0,0,0,"637474,293951","5362198,06895","10,857296418","48,397944288",2,1,#66c2a5,bicycle
203230,9,2,61,0,2019,1,8,2,3,3,6,0,1,1,0,0,0,0,"732411,281858","5381365,17317","12,148955666","48,54229107",1,1,#66c2a5,bicycle
203234,9,1,85,158,2019,1,14,2,3,5,3,0,1,1,0,0,0,0,"668465,974455","5381099,12801","11,28330163","48,560334073",1,1,#66c2a5,bicycle
203235,9,1,81,130,2019,1,16,2,3,4,6,2,0,1,0,0,0,0,"641403,393","5323969,847","10,897595203","48,053332574",2,2,#fc8d62,car
203236,9,1,74,113,2019,1,18,2,3,7,1,2,0,1,0,0,0,0,"675997,205186","5348737,93381","11,371711192","48,267377808",2,2,#fc8d62,car
203237,9,1,62,0,2019,1,0,1,3,1,5,2,0,0,0,0,0,1,"688700,455517","5332404,30877","11,53547203","48,11691396",2,6,#ffd92f,circle
203238,9,1,62,0,2019,1,21,1,3,1,5,2,0,1,0,0,0,0,"691812,358033","5334459,86431","11,578166612","48,134459329",1,2,#fc8d62,car
203239,9,1,84,130,2019,1,6,1,3,1,1,2,0,1,0,0,0,0,"699265,786354","5345114,87458","11,683233471","48,227926478",2,2,#fc8d62,car
203240,9,1,62,0,2019,1,12,1,3,0,7,0,0,1,0,0,0,0,"691130,631089","5334245,78685","11,56891699","48,132740318",1,2,#fc8d62,car
203242,9,7,61,0,2019,1,14,1,3,5,3,0,0,1,1,0,0,0,"638306,928","5358261,616","10,867243806","48,362366385",1,2,#fc8d62,car
203252,9,1,87,122,2019,1,19,7,3,8,1,2,0,1,0,0,0,0,"719443,304238","5306783,70513","11,934926494","47,876854745",1,2,#fc8d62,car
203253,9,2,61,0,2019,1,4,1,3,6,4,2,0,1,1,0,0,0,"732801,957198","5381205,09962","12,154151174","48,540708365",1,2,#fc8d62,car
203256,9,1,77,117,2019,1,21,7,3,5,2,2,0,1,1,0,0,0,"715636,983","5354740,257","11,908305474","48,309059274",0,2,#fc8d62,car
203258,9,1,62,0,2019,1,22,6,3,0,7,2,0,1,0,1,0,0,"690824,177","5333764,087","11,564586614","48,128502775",1,2,#fc8d62,car
203259,9,1,79,123,2019,1,1,1,3,5,3,2,0,1,0,0,0,0,"676439,969549","5332787,566","11,371044086","48,123874463",2,2,#fc8d62,car
203260,9,7,72,147,2019,1,16,6,3,4,2,1,0,1,0,0,0,0,"638503,979429","5366159,31027","10,872507876","48,433337339",2,2,#fc8d62,car
203261,9,1,62,0,2019,1,22,6,3,5,3,2,0,1,0,0,0,0,"692228,692453","5330454,78781","11,581951305","48,09833668",1,2,#fc8d62,car
203263,9,1,62,0,2019,1,12,6,3,6,3,0,0,1,1,0,0,0,"683814,573395","5335427,95048","11,471191482","48,145521377",1,2,#fc8d62,car
203264,9,1,62,0,2019,1,18,7,3,0,2,2,0,1,0,0,0,1,"691508,124144","5335681,31123","11,574630908","48,145529161",0,2,#fc8d62,car
203265,9,7,61,0,2019,1,14,7,3,2,6,0,0,1,0,0,0,0,"638468,808084","5359343,05549","10,869784141","48,372055002",0,2,#fc8d62,car
203266,9,7,61,0,2019,1,17,7,2,6,4,2,0,1,1,0,0,0,"641769,123022","5360158,28584","10,914598589","48,378652445",1,2,#fc8d62,car
203278,9,1,62,0,2019,1,13,6,3,0,7,0,1,0,0,0,0,0,"689298,987291","5336119,76588","11,545156863","48,150131207",0,1,#66c2a5,bicycle
203279,9,2,61,0,2019,1,14,7,3,2,6,0,0,1,0,0,0,0,"731750,472384","5381729,90522","12,14021922","48,545811783",1,2,#fc8d62,car
203283,9,1,62,0,2019,1,9,6,3,5,3,0,1,1,0,0,0,0,"692252,05905","5334629,89612","11,584147178","48,135854871",0,1,#66c2a5,bicycle
203284,9,1,62,0,2019,1,16,6,3,4,6,2,0,1,0,0,0,0,"693089,18156","5332697,43103","11,594511861","48,118232919",1,2,#fc8d62,car
203285,9,1,87,150,2019,1,5,2,3,5,3,2,1,1,0,0,0,0,"729437,012525","5303950,13965","12,066889308","47,847904353",1,1,#66c2a5,bicycle
203286,9,1,62,0,2019,1,16,1,3,2,2,1,0,1,0,0,0,0,"690144,769538","5334739,64174","11,555900526","48,137474386",0,2,#fc8d62,car
203288,9,7,61,0,2019,1,9,1,3,0,1,0,1,0,0,0,0,0,"639737,765238","5356436,24125","10,885944276","48,345637979",1,1,#66c2a5,bicycle
203295,9,2,61,0,2019,1,13,1,3,5,3,0,0,1,0,0,0,0,"732453,328513","5380203,89631","12,148876816","48,531844049",1,2,#fc8d62,car