OBJECTID,ULAND,UREGBEZ,UKREIS,UGEMEINDE,UJAHR,UMONAT,USTUNDE,UWOCHENTAG,UKATEGORIE,UART,UTYP1,ULICHTVERH,IstRad,IstPKW,IstFuss,IstKrad,IstGkfz,IstSonstig,LINREFX,LINREFY,XGCSWGS84,YGCSWGS84,STRZUSTAND,Teilnehmer,color,symbol
203297,9,1,77,118,2019,1,0,1,3,8,1,2,0,1,0,0,0,0,"707747,144843","5344789,00191","11,797141943","48,222277494",1,2,#fc8d62,car
203300,9,7,72,141,2019,1,22,7,3,1,7,2,1,1,0,0,0,0,"624409,774274","5351040,22798","10,677578499","48,300317781",0,1,#66c2a5,bicycle
203301,9,7,61,0,2019,1,13,7,3,3,7,0,0,1,0,0,0,1,"640882,347042","5359239,24918","10,902321551","48,370587437",1,2,#fc8d62,car
203302,9,7,71,113,2019,1,2,7,3,8,1,2,0,1,0,0,0,0,"658232,357366","5370609,19787","11,140726335","48,468695096",1,2,#fc8d62,car
203315,9,1,81,127,2019,1,9,7,3,9,1,0,0,1,0,0,0,0,"633780,200131","5323206,99463","10,795109037","48,048116202",2,2,#fc8d62,car
203316,9,1,74,115,2019,1,8,7,3,5,3,0,1,1,0,0,0,0,"683274,475","5348261,244","11,46947928","48,261029518",1,1,#66c2a5,bicycle
203317,9,1,77,117,2019,1,19,7,3,5,3,2,1,1,0,0,0,0,"715051,765255","5353966,13001","11,900028725","48,302302826",1,1,#66c2a5,bicycle
203318,9,1,62,0,2019,1,11,6,3,3,2,0,1,0,0,0,1,0,"690985,555077","5333206,23136","11,566503228","48,123440398",1,1,#66c2a5,bicycle
203319,9,1,62,0,2019,1,17,6,3,1,6,2,0,1,0,0,0,0,"686250,688714","5333337,05661","11,50299605","48,12601909",0,2,#fc8d62,car
203320,9,1,62,0,2019,1,12,6,3,2,6,0,0,1,0,0,0,0,"687985,510128","5334292,23499","11,526708052","48,134094536",0,2,#fc8d62,car
203321,9,1,62,0,2019,1,15,6,3,2,6,0,0,1,0,0,0,1,"689051,624","5332362,479","11,540167153","48,116433833",0,2,#fc8d62,car
203322,9,1,62,0,2019,1,12,6,3,2,6,0,1,1,0,0,0,0,"690504,377943","5336357,495","11,5614532","48,151908035",1,1,#66c2a5,bicycle
203331,9,7,72,200,2019,1,18,6,3,1,6,2,0,1,0,0,0,0,"630319,255574","5339160,29745","10,753568849","48,192296968",1,2,#fc8d62,car
203332,9,7,72,147,2019,1,15,6,3,6,2,0,0,1,1,0,0,0,"638492,419199","5365291,30993","10,872064876","48,42553508",0,2,#fc8d62,car
203333,9,7,61,0,2019,1,10,6,3,5,3,0,0,1,0,0,0,0,"641843,847948","5359971,59606","10,915544167","48,376957018",1,2,#fc8d62,car
203334,9,7,61,0,2019,1,6,6,3,1,2,2,0,1,0,0,0,0,"640969,935857","5351267,35158","10,900836306","48,298886993",1,2,#fc8d62,car
203357,9,1,63,0,2019,1,14,6,3,0,7,0,0,1,0,0,0,1,"734256,977981","5304765,03767","12,131660589","47,853487233",0,2,#fc8d62,car
203358,9,1,87,117,2019,1,19,6,3,5,3,2,0,1,0,1,0,0,"724462,954689","5305194,70361","12,001142071","47,860842796",0,2,#fc8d62,car
203359,9,1,87,117,2019,1,15,6,3,6,3,0,0,1,1,0,0,0,"724419,831765","5305882,71501","12,000923426","47,867039673",1,2,#fc8d62,car
203362,9,1,85,131,2019,1,7,6,1,6,6,2,0,0,1,0,0,1,"665352,365518","5377849,30823","11,239845128","48,531948886",1,3,#8da0cb,toilet
203363,9,1,88,126,2019,1,20,6,3,6,6,2,0,1,1,0,0,0,"661551,009601","5325967,60982","11,168537192","48,066511795",0,2,#fc8d62,car
203364,9,1,79,119,2019,1,12,6,2,6,4,0,0,1,1,0,0,0,"669134,307","5339260,792","11,275523627","48,184050681",0,2,#fc8d62,car
203365,9,1,74,115,2019,1,14,6,3,5,3,0,0,1,0,1,0,0,"682127,616675","5348728,12972","11,45424205","48,265556825",1,2,#fc8d62,car
203366,9,1,74,141,2019,1,12,6,3,4,1,0,0,1,0,0,0,0,"682493,912681","5357676,39147","11,463042585","48,345881941",2,2,#fc8d62,car
203367,9,1,78,120,2019,1,13,6,3,2,6,0,0,1,0,0,1,0,"695717,506","5355836,858","11,64047096","48,325391812",1,2,#fc8d62,car
203368,9,1,62,0,2019,1,7,5,3,6,2,2,0,1,1,0,0,0,"689698,807772","5331914,05172","11,548654586","48,11221087",0,2,#fc8d62,car
203369,9,1,62,0,2019,1,17,5,3,1,6,0,0,1,0,0,0,0,"694757,761819","5341492,96501","11,620934117","48,196774916",1,2,#fc8d62,car
203370,9,1,62,0,2019,1,8,5,3,3,2,0,1,0,0,0,0,1,"692631,928","5333118,621","11,588564621","48,122156979",0,1,#66c2a5,bicycle
203373,9,7,72,147,2019,1,10,5,3,5,3,0,0,1,0,0,0,0,"638517,133442","5364731,67361","10,872213886","48,420497556",0,2,#fc8d62,car
203374,9,7,72,147,2019,1,16,5,3,0,1,0,0,0,0,1,0,0,"638795,622039","5365271,18956","10,876154461","48,425287428",1,4,#e78ac3,marker
203375,9,7,72,147,2019,1,10,5,2,2,7,0,0,1,0,0,0,0,"638698,227636","5365286,95703","10,874843893","48,425450657",1,2,#fc8d62,car
203392,9,2,74,126,2019,1,12,5,3,0,1,0,1,0,0,0,0,0,"733634,016734","5383081,10817","12,166458804","48,557250538",2,1,#66c2a5,bicycle
203393,9,1,83,123,2019,1,16,5,3,6,4,0,0,1,1,0,0,0,"735692,846419","5340934,13158","12,170704599","48,177885882",1,2,#fc8d62,car
203395,9,1,63,0,2019,1,17,5,3,9,1,2,0,1,0,0,0,0,"733785,105306","5303906,67879","12,124898338","47,845947512",0,2,#fc8d62,car
203396,9,1,87,117,2019,1,6,5,3,5,3,1,0,1,0,0,0,0,"724885,199874","5305417,58782","12,006895506","47,862697781",0,2,#fc8d62,car
203398,9,1,77,133,2019,1,12,5,3,5,6,0,0,1,0,0,0,0,"706352,883283","5359250,25922","11,785455548","48,35268303",0,2,#fc8d62,car
203399,9,1,62,0,2019,1,18,4,3,4,2,2,1,1,0,0,0,0,"685168,096994","5337678,9121","11,490349926","48,165361481",1,1,#66c2a5,bicycle
203400,9,1,84,136,2019,1,7,4,3,6,4,0,0,1,1,0,0,0,"699810,604468","5326820,30469","11,681975856","48,063340735",1,2,#fc8d62,car
203401,9,1,62,0,2019,1,8,4,3,5,2,0,0,1,0,0,0,0,"681462,521618","5338045,03253","11,440716787","48,169720992",1,2,#fc8d62,car
203402,9,1,62,0,2019,1,7,4,3,2,6,1,0,1,0,0,0,0,"690046,937567","5340172,73326","11,557014194","48,18633608",0,2,#fc8d62,car
203403,9,1,62,0,2019,1,16,4,3,5,3,0,0,1,0,0,0,0,"684481,55226","5332975,57718","11,479087619","48,123285054",0,2,#fc8d62,car
203404,9,1,62,0,2019,1,13,4,3,0,4,0,0,1,0,0,0,1,"692009,313466","5334584,78942","11,580867429","48,135522745",0,2,#fc8d62,car
203405,9,1,84,119,2019,1,19,4,3,5,6,2,0,1,0,0,0,0,"693955,962309","5347343,76545","11,612832277","48,249604259",0,2,#fc8d62,car
203406,9,1,62,0,2019,1,6,4,3,5,3,2,1,1,0,0,0,0,"690475,349688","5342227,12469","11,563693946","48,204672369",0,1,#66c2a5,bicycle
203407,9,1,62,0,2019,1,7,4,3,3,5,0,1,0,0,0,1,0,"691343,041169","5333831,515","11,571582904","48,128953059",0,1,#66c2a5,bicycle
203408,9,1,62,0,2019,1,14,4,3,4,6,0,1,0,0,0,0,0,"692199,355","5335694,13","11,583919802","48,14543592",0,1,#66c2a5,bicycle
203409,9,1,62,0,2019,1,12,4,3,0,6,0,1,0,0,0,1,0,"691194,422365","5334163,48391","11,569736558","48,131981426",0,1,#66c2a5,bicycle
203427,9,2,61,0,2019,1,7,4,3,0,1,0,1,0,0,0,0,0,"733880,505437","5380491,30634","12,168340287","48,533895636",1,1,#66c2a5,bicycle
203430,9,1,88,139,2019,1,8,4,3,4,1,0,0,1,0,0,0,0,"673820,554","5316777,748","11,329370741","47,980672556",1,2,#fc8d62,car
203431,9,1,88,139,2019,1,8,4,3,2,6,0,0,1,0,0,0,0,"674450,284593","5319454,17059","11,338890102","48,004561395",1,2,#fc8d62,car
203432,9,1,79,136,2019,1,16,4,2,5,3,1,1,1,0,0,0,0,"660831,026139","5341814,59663","11,164864093","48,209166989",0,1,#66c2a5,bicycle
203433,9,1,74,143,2019,1,12,4,3,0,1,0,0,0,0,1,0,0,"673785,307037","5356663,14266","11,345193101","48,339229593",2,4,#e78ac3,marker
203434,9,1,78,145,2019,1,16,4,3,5,3,0,1,1,0,0,0,0,"696419,026694","5354371,58312","11,64924245","48,312005742",0,1,#66c2a5,bicycle
203435,9,1,62,0,2019,1,16,3,3,5,3,0,1,1,0,0,0,0,"686611,789729","5339378,39359","11,510493084","48,180214744",1,1,#66c2a5,bicycle
203436,9,1,62,0,2019,1,13,3,3,5,3,0,1,1,0,0,0,0,"691419,551802","5337026,73805","11,574046488","48,157648327",0,1,#66c2a5,bicycle
203437,9,1,62,0,2019,1,11,3,3,4,2,0,0,1,0,0,0,0,"698184,444765","5334686,82077","11,6638255","48,134546749",1,2,#fc8d62,car
203438,9,1,62,0,2019,1,22,3,3,5,3,2,0,1,0,0,0,0,"690630,755659","5333374,95955","11,561815767","48,125063258",0,2,#fc8d62,car
203439,9,1,62,0,2019,1,12,3,3,4,2,0,1,1,0,0,0,0,"691223,469061","5334401,17474","11,570233233","48,134109045",0,1,#66c2a5,bicycle
203440,9,1,62,0,2019,1,14,3,3,8,1,0,0,1,0,0,0,0,"694742,898928","5342638,86637","11,621260064","48,2070782",1,2,#fc8d62,car
203441,9,1,62,0,2019,1,6,3,3,4,2,1,1,1,0,0,0,0,"689631,933223","5335889,02614","11,549525993","48,147958137",0,1,#66c2a5,bicycle
203442,9,1,62,0,2019,1,18,3,2,6,2,2,0,1,1,0,0,0,"688565,00486","5328547,10381","11,531949824","48,08228464",1,2,#fc8d62,car
203443,9,1,62,0,2019,1,14,3,2,5,2,0,1,1,0,0,0,1,"689646,707437","5332595,42206","11,548258328","48,118350609",0,1,#66c2a5,bicycle
203447,9,7,61,0,2019,1,6,3,3,6,4,2,1,0,1,0,0,0,"640799,905729","5359366,23972","10,901251513","48,371747689",0,1,#66c2a5,bicycle
203467,9,1,81,130,2019,1,20,3,3,4,2,2,0,1,0,0,0,0,"641155,252773","5324091,50929","10,894307257","48,054481519",0,2,#fc8d62,car
203468,9,1,79,123,2019,1,9,3,3,6,2,0,0,1,1,0,0,0,"676431,390936","5332783,38313","11,370927175","48,12383924",0,2,#fc8d62,car
203469,9,1,79,121,2019,1,18,3,2,2,6,2,0,1,0,0,0,0,"666915,29579","5337739,5398","11,245095642","48,170961547",0,2,#fc8d62,car
203470,9,1,79,121,2019,1,18,3,3,5,3,2,0,1,0,0,0,0,"668423,858741","5339767,87488","11,266174125","48,188798028",0,2,#fc8d62,car
203471,9,1,77,133,2019,1,17,3,3,8,6,2,0,1,0,0,0,1,"710560,250899","5356040,12603","11,840572662","48,322449599",0,2,#fc8d62,car
203472,9,1,62,0,2019,1,17,2,3,6,2,2,0,1,1,0,0,0,"688340,945746","5330795,07638","11,529935881","48,102556237",1,2,#fc8d62,car
203474,9,1,84,122,2019,1,15,2,3,5,3,0,0,1,0,0,0,0,"689639,055531","5327039,4735","11,545687924","48,068415239",0,2,#fc8d62,car
203475,9,1,62,0,2019,1,16,2,3,6,4,0,0,1,1,0,0,0,"692020,335018","5342405,86217","11,584547605","48,2058134",0,2,#fc8d62,car
203476,9,1,62,0,2019,1,8,2,3,0,7,0,0,0,1,0,0,1,"686247,492016","5332273,42429","11,502488457","48,116459669",0,3,#8da0cb,toilet
203477,9,1,62,0,2019,1,6,2,3,5,3,2,0,1,0,0,0,0,"691025,867362","5337307,75869","11,56888426","48,160292492",2,2,#fc8d62,car
203481,9,7,71,142,2019,1,7,2,3,6,4,1,0,1,1,0,0,0,"646578,541021","5352104,16211","10,976707375","48,305136592",2,2,#fc8d62,car
203482,9,7,61,0,2019,1,21,2,3,4,6,2,0,1,0,0,0,0,"638396,856","5362350,347","10,869803671","48,39911171",0,2,#fc8d62,car
203488,9,7,72,202,2019,1,14,7,3,2,6,0,0,1,0,0,0,0,"636279,359851","5360086,42101","10,840476364","48,379215913",0,2,#fc8d62,car
203494,9,7,61,0,2019,1,11,7,3,6,7,0,0,1,1,0,0,0,"639651,684597","5358121,90507","10,885342448","48,360814095",0,2,#fc8d62,car
203511,9,2,61,0,2019,1,12,2,3,6,6,0,0,0,1,0,0,1,"732104,301829","5380688,13134","12,144425837","48,536322976",0,3,#8da0cb,toilet
203515,9,1,63,0,2019,1,21,2,2,0,1,2,0,0,0,1,0,0,"733969,996242","5305317,97281","12,128129061","47,858559321",0,4,#e78ac3,marker
203518,9,1,81,130,2019,1,5,2,3,6,4,2,1,0,1,0,0,0,"638460,3925","5323294,11848","10,857904031","48,047901522",0,1,#66c2a5,bicycle
203519,9,1,77,115,2019,1,5,2,2,9,1,2,0,1,0,0,0,0,"734029,456854","5356797,92283","12,157131068","48,321007535",0,2,#fc8d62,car
203522,9,7,72,184,2019,1,10,1,3,8,1,0,0,1,0,0,0,0,"636661,043109","5362693,33269","10,846476461","48,402574435",0,2,#fc8d62,car
203527,9,1,87,122,2019,1,14,1,3,4,6,0,1,0,0,0,0,0,"720985,758182","5307414,3817","11,955850238","47,881992734",0,1,#66c2a5,bicycle
203529,9,1,62,0,2019,1,10,7,3,2,6,0,0,1,0,0,0,0,"689984,551932","5340176,75642","11,556177484","48,1863909",1,2,#fc8d62,car
203530,9,1,62,0,2019,1,13,7,2,6,2,0,0,1,1,0,0,0,"691648,976877","5335915,26905","11,576627862","48,147589523",0,2,#fc8d62,car
203531,9,1,62,0,2019,1,11,7,3,4,2,0,0,1,0,0,0,0,"698796,983232","5333319,10877","11,671411446","48,122063822",1,2,#fc8d62,car
203532,9,1,62,0,2019,1,19,7,2,6,7,2,0,1,1,0,0,0,"686237,72216","5332243,24121","11,502344133","48,116191228",0,2,#fc8d62,car
203533,9,1,62,0,2019,1,13,7,2,3,2,0,1,1,0,0,0,0,"693938,161144","5333025,7368","11,606056604","48,120925633",0,1,#66c2a5,bicycle
203535,9,1,62,0,2019,1,23,7,3,1,6,2,0,1,0,0,0,0,"687992,609288","5332324,69513","11,525935565","48,11640773",0,2,#fc8d62,car
203536,9,1,62,0,2019,1,16,7,3,5,2,0,1,1,0,0,0,0,"690848,93932","5334220,80484","11,565123621","48,132600311",0,1,#66c2a5,bicycle
203537,9,1,62,0,2019,1,19,7,3,0,7,2,1,1,0,0,0,0,"691799,895","5338092,233","11,57963608","48,167110184",1,1,#66c2a5,bicycle
203538,9,1,62,0,2019,1,22,7,3,6,2,2,0,1,1,0,0,0,"691416,545491","5335416,50233","11,573281968","48,143176653",0,2,#fc8d62,car
203540,9,1,87,122,2019,2,10,2,3,0,7,0,1,1,0,0,0,0,"720063,967433","5306113,29131","11,942874791","47,870618366",2,1,#66c2a5,bicycle
203542,9,1,86,143,2019,2,15,2,2,2,6,0,0,1,0,0,0,0,"683854,928251","5377727,37709","11,490190855","48,525706082",1,2,#fc8d62,car
203543,9,1,88,121,2019,2,17,2,3,4,2,1,1,0,0,0,0,1,"671030,759","5330351,833","11,297438533","48,10345401",1,1,#66c2a5,bicycle
203544,9,1,77,127,2019,2,6,2,3,4,1,2,0,1,0,0,0,0,"725309,602782","5346822,89235","12,034356063","48,234557987",2,2,#fc8d62,car
203545,9,1,62,0,2019,2,8,1,3,5,3,0,0,1,0,0,0,0,"689308,066773","5332586,39424","11,543708703","48,11837023",2,2,#fc8d62,car
203546,9,1,62,0,2019,2,22,1,3,1,5,2,0,1,0,0,0,0,"692296,977263","5337890,00791","11,586223152","48,165142466",2,2,#fc8d62,car
203547,9,1,62,0,2019,2,5,1,3,9,7,2,0,1,0,0,0,0,"689624,276303","5340133,85208","11,551315939","48,18611292",1,2,#fc8d62,car
203548,9,1,62,0,2019,2,15,1,3,6,4,0,0,1,1,0,0,0,"687406,18","5335287,828","11,519367181","48,143214044",2,2,#fc8d62,car
203549,9,1,62,0,2019,2,23,1,3,0,7,2,0,1,0,0,0,0,"692220,348117","5335552,09591","11,584137612","48,144153003",2,2,#fc8d62,car
203552,9,7,61,0,2019,2,17,1,3,5,3,2,0,1,0,0,0,0,"641781,319181","5361532,8582","10,915227027","48,391009242",2,2,#fc8d62,car
203573,9,1,87,179,2019,2,6,1,3,8,1,2,0,1,0,0,0,0,"722363,209","5317488,674","11,979447853","47,972036188",2,2,#fc8d62,car
203574,9,1,87,181,2019,2,19,1,3,4,6,2,0,1,0,0,0,0,"737513,475211","5315950,66587","12,181283473","47,952778125",2,2,#fc8d62,car
203576,9,1,88,132,2019,2,20,1,3,8,1,2,0,1,0,0,0,0,"662718,994685","5324238,55941","11,18354582","48,050669805",1,2,#fc8d62,car
203577,9,1,79,121,2019,2,19,1,3,0,7,2,1,0,0,0,0,1,"666372,544923","5338347,03494","11,238038927","48,176565261",2,1,#66c2a5,bicycle
203578,9,1,74,131,2019,2,16,1,3,8,1,2,0,1,0,0,0,0,"670057,583915","5361137,10404","11,296738922","48,380462063",2,2,#fc8d62,car
203579,9,1,62,0,2019,2,11,7,3,4,2,0,0,1,0,0,0,0,"697820,456255","5330670,72623","11,657075525","48,098566099",1,2,#fc8d62,car
203580,9,1,62,0,2019,2,18,7,3,2,6,2,0,1,0,0,0,0,"690243,652227","5335412,88505","11,557529067","48,143495939",0,2,#fc8d62,car
203586,9,7,71,130,2019,2,13,7,3,2,6,0,0,1,0,0,0,0,"645497,830353","5356508,61018","10,963662382","48,344988201",0,2,#fc8d62,car
203587,9,7,72,163,2019,2,14,7,3,6,4,0,0,1,1,0,0,0,"640043,030872","5347810,64233","10,887199262","48,268010619",1,2,#fc8d62,car
203588,9,7,61,0,2019,2,10,7,3,2,6,0,0,1,0,0,0,0,"638923,880146","5360851,08127","10,876424128","48,385514798",1,2,#fc8d62,car
203589,9,7,61,0,2019,2,20,7,3,6,4,2,0,1,1,0,0,0,"641371,178192","5360755,1724","10,909428222","48,384108693",0,2,#fc8d62,car
203590,9,7,61,0,2019,2,13,7,3,2,1,0,0,1,0,0,0,0,"640172,230742","5352918,08599","10,890634501","48,313907304",0,2,#fc8d62,car
203599,9,1,90,139,2019,2,3,7,3,9,7,2,0,1,0,0,0,0,"654513,654507","5295477,38396","11,063200437","47,794104787",1,2,#fc8d62,car
203600,9,1,63,0,2019,2,21,7,3,5,3,2,1,1,0,0,0,0,"733457,23893","5306108,66002","12,121711006","47,865849354",1,1,#66c2a5,bicycle
203602,9,1,81,130,2019,2,14,7,3,5,3,0,0,1,0,0,0,0,"638883,751855","5323617,33874","10,863686587","48,050716049",0,2,#fc8d62,car
203603,9,1,62,0,2019,2,12,6,3,5,3,0,1,1,0,0,0,0,"685935,989383","5329487,83645","11,497093339","48,091512539",2,1,#66c2a5,bicycle
203604,9,1,62,0,2019,2,9,6,3,5,3,0,1,1,0,0,0,0,"689908,008782","5334440,45289","11,552587913","48,134855967",0,1,#66c2a5,bicycle
203605,9,1,62,0,2019,2,17,6,3,5,2,1,1,1,0,0,0,0,"687457,590978","5335658,57479","11,520220856","48,146531262",0,1,#66c2a5,bicycle
203606,9,1,62,0,2019,2,10,6,3,5,3,0,1,1,0,0,0,0,"691934,069349","5332415,49779","11,578880236","48,116048149",0,1,#66c2a5,bicycle
203607,9,1,62,0,2019,2,14,6,3,5,2,0,1,1,0,0,0,0,"687533,165416","5338899,59558","11,522664667","48,175639957",0,1,#66c2a5,bicycle
203608,9,1,62,0,2019,2,19,6,3,5,3,2,1,1,0,0,0,0,"690816,406652","5336912,2837","11,56589303","48,156800893",0,1,#66c2a5,bicycle
203609,9,1,62,0,2019,2,18,6,3,5,3,2,1,1,0,0,0,0,"693860,334332","5341267,12081","11,60876698","48,195019723",0,1,#66c2a5,bicycle
203611,9,1,62,0,2019,2,19,6,3,6,7,2,0,0,1,0,0,1,"700633,83903","5335271,00448","11,696985712","48,139029373",0,3,#8da0cb,toilet
203612,9,1,62,0,2019,2,19,6,3,1,5,2,0,1,0,0,0,0,"694287,617","5330797,09","11,609732317","48,100788767",2,2,#fc8d62,car
203618,9,7,61,0,2019,2,8,6,3,2,6,0,0,1,0,0,0,0,"639359,487211","5358692,63586","10,881588976","48,366010536",0,2,#fc8d62,car
203639,9,1,78,145,2019,2,12,6,3,5,3,0,0,1,0,0,0,0,"697048,000822","5354625,85309","11,657835157","48,314095233",0,2,#fc8d62,car
203640,9,1,62,0,2019,1,22,5,3,6,3,2,0,1,1,0,0,0,"690448,39275","5335316,67051","11,560235602","48,142569911",0,2,#fc8d62,car
203641,9,1,62,0,2019,1,18,5,3,5,3,2,1,1,0,0,0,0,"690859,83446","5339215,88128","11,56751027","48,177492329",0,1,#66c2a5,bicycle
203642,9,1,84,130,2019,1,21,5,3,5,3,2,1,1,0,0,0,0,"699503,859491","5345162,27094","11,686457921","48,228277599",0,1,#66c2a5,bicycle
203643,9,1,62,0,2019,1,16,5,3,2,6,1,0,1,0,0,0,1,"695352,61344","5337689,98247","11,627182396","48,162413171",1,2,#fc8d62,car
203644,9,1,62,0,2019,1,8,5,3,5,3,0,1,1,0,0,0,0,"696895,21603","5337740,31965","11,647928356","48,162389739",0,1,#66c2a5,bicycle
203645,9,1,62,0,2019,1,15,5,3,6,4,0,1,1,1,0,0,0,"693514,268543","5336124,19344","11,601774088","48,14890258",0,1,#66c2a5,bicycle
203646,9,1,62,0,2019,1,12,5,3,0,7,0,0,0,1,0,0,1,"691087,197336","5331733,99652","11,567207967","48,110177513",0,3,#8da0cb,toilet
203647,9,7,77,140,2019,1,11,5,3,8,1,0,0,1,0,0,0,0,"625582,270824","5318076,15855","10,683653402","48,003639041",2,2,#fc8d62,car
203648,9,7,73,182,2019,1,13,5,3,5,2,0,1,1,0,0,0,0,"623500,428396","5379866,91906","10,673816313","48,559725353",0,1,#66c2a5,bicycle
203650,9,7,61,0,2019,1,16,5,2,4,2,0,1,1,0,0,0,0,"640674,579048","5360162,58046","10,899826643","48,378936051",0,1,#66c2a5,bicycle
203651,9,7,61,0,2019,1,17,5,3,1,1,1,1,1,0,0,0,0,"640375,141546","5355455,23375","10,894214668","48,336675705",0,1,#66c2a5,bicycle
203652,9,7,72,202,2019,1,15,5,3,2,6,0,0,1,0,1,0,0,"636056,947467","5359897,40537","10,83741307","48,377564294",1,2,#fc8d62,car
203653,9,7,61,0,2019,1,10,5,3,2,6,0,0,1,0,0,0,0,"638654,67902","5358363,21775","10,871969582","48,363203686",0,2,#fc8d62,car
203654,9,7,61,0,2019,1,11,5,3,6,1,0,0,1,1,0,0,0,"640344,469034","5355685,19187","10,893877622","48,338750241",0,2,#fc8d62,car
203683,9,1,73,126,2019,1,20,5,3,5,3,2,0,0,0,0,0,1,"681939,42549","5306716,84574","11,433822017","47,88797651",0,6,#ffd92f,circle
203685,9,1,79,145,2019,1,14,5,3,0,6,0,1,1,0,0,0,0,"675225,820962","5338032,77462","11,356901487","48,171360771",0,1,#66c2a5,bicycle
203686,9,1,75,132,2019,1,8,5,3,6,4,0,0,1,1,0,0,0,"706945,019244","5331351,2566","11,779818104","48,101783919",0,2,#fc8d62,car
203687,9,1,75,135,2019,1,13,5,3,0,7,0,1,0,0,0,0,0,"708395,922643","5339535,70468","11,803287724","48,174858172",2,1,#66c2a5,bicycle
203688,9,1,62,0,2019,1,12,4,3,5,3,0,0,1,0,0,0,0,"693056,106329","5335705,34215","11,595430782","48,14527728",1,2,#fc8d62,car
203689,9,1,62,0,2019,1,7,4,3,5,2,0,1,1,0,0,0,0,"691037,282374","5334144,57954","11,567618252","48,1318587",0,1,#66c2a5,bicycle
203690,9,1,62,0,2019,1,8,4,3,1,7,0,0,1,0,0,0,0,"687434,368071","5334856,15394","11,519555747","48,139325744",0,2,#fc8d62,car
203691,9,1,62,0,2019,1,9,4,3,0,7,0,0,1,0,0,0,0,"693411,245293","5340343,77989","11,602309607","48,186858035",0,2,#fc8d62,car
203692,9,7,77,121,2019,1,7,4,3,1,6,0,0,1,0,0,0,0,"627425,360806","5320594,70988","10,709100551","48,025924025",0,2,#fc8d62,car
203693,9,7,61,0,2019,1,7,4,3,6,4,0,0,1,1,0,0,0,"644066,347715","5356808,5428","10,944457105","48,348013128",1,2,#fc8d62,car
203714,9,1,90,130,2019,2,14,2,3,4,6,0,0,1,0,0,0,0,"650346,424448","5295365,02961","11,007552819","47,794080941",1,2,#fc8d62,car
203715,9,1,86,143,2019,1,12,4,3,6,7,0,0,1,1,0,0,0,"684473,030615","5378332,42237","11,498822056","48,530962778",0,2,#fc8d62,car
203716,9,1,88,139,2019,1,19,4,3,6,4,2,0,1,1,0,0,0,"674769,032737","5319280,55375","11,343089202","48,00291358",0,2,#fc8d62,car
203717,9,1,81,122,2019,1,13,4,2,3,6,0,1,1,0,0,0,0,"647038,165716","5335225,7509","10,977045446","48,15326856",0,1,#66c2a5,bicycle
203718,9,1,79,145,2019,1,16,4,2,6,4,0,0,1,1,0,0,0,"675500,707958","5338933,28392","11,36096746","48,179379843",0,2,#fc8d62,car
203719,9,1,88,121,2019,1,10,4,3,0,7,0,1,0,0,0,0,0,"671325,395","5330795,087","11,301571027","48,107359588",2,1,#66c2a5,bicycle
203720,9,1,79,121,2019,1,13,4,2,5,3,0,1,1,0,0,0,0,"667417,408144","5339025,6295","11,252350515","48,182391366",0,1,#66c2a5,bicycle
203721,9,1,62,0,2019,1,20,3,3,2,6,2,0,1,0,0,0,0,"690795,371584","5334660,93339","11,564601505","48,136572226",0,2,#fc8d62,car
203722,9,1,62,0,2019,1,22,3,3,5,3,2,0,1,0,0,0,0,"691449,327565","5337028,03281","11,57444705","48,157651001",0,2,#fc8d62,car
203723,9,1,62,0,2019,1,12,3,3,5,2,0,1,1,0,0,0,0,"691560,70405","5332613,98514","11,573958015","48,117944554",1,1,#66c2a5,bicycle
203724,9,1,62,0,2019,1,10,3,3,6,4,0,0,1,1,0,0,0,"690448,39275","5335316,67051","11,560235602","48,142569911",0,2,#fc8d62,car
203726,9,1,84,139,2019,1,13,3,3,5,3,0,1,1,0,0,0,0,"687721,614659","5326591,09009","11,519777547","48,064952166",1,1,#66c2a5,bicycle
203727,9,1,62,0,2019,1,17,3,3,5,2,1,1,0,0,0,0,1,"688018,19224","5339628,87819","11,529505222","48,182051531",0,1,#66c2a5,bicycle
203731,9,7,72,200,2019,1,11,3,3,6,7,0,0,1,1,0,0,0,"630918,706789","5338056,29916","10,761290785","48,182245816",2,2,#fc8d62,car
203732,9,7,61,0,2019,1,6,3,3,6,1,2,0,1,1,0,0,0,"639422,898933","5358491,32012","10,882377933","48,364186351",1,2,#fc8d62,car
203748,9,1,73,126,2019,1,12,3,3,2,6,0,0,1,0,0,0,1,"684912,601432","5304781,26926","11,472727921","47,869728057",0,2,#fc8d62,car
203750,9,1,79,126,2019,1,7,3,3,4,3,2,1,1,0,0,0,0,"677054,273496","5340661,86974","11,382569021","48,19448729",0,1,#66c2a5,bicycle
203751,9,1,62,0,2019,1,20,2,3,6,7,2,0,1,1,0,0,0,"693475,858148","5333560,29577","11,600093641","48,125870741",1,2,#fc8d62,car
203752,9,1,84,119,2019,1,15,2,3,5,3,0,1,1,0,0,0,0,"697131,017409","5346714,60397","11,655264062","48,242970464",1,1,#66c2a5,bicycle