OBJECTID,ULAND,UREGBEZ,UKREIS,UGEMEINDE,UJAHR,UMONAT,USTUNDE,UWOCHENTAG,UKATEGORIE,UART,UTYP1,ULICHTVERH,IstRad,IstPKW,IstFuss,IstKrad,IstGkfz,IstSonstig,LINREFX,LINREFY,XGCSWGS84,YGCSWGS84,STRZUSTAND,Teilnehmer,color,symbol
204171,9,7,61,0,2019,2,12,6,3,2,6,0,0,1,0,0,0,0,"638482,644","5359784,808","10,870116377","48,376024117",0,2,#fc8d62,car
204172,9,1,90,157,2019,2,14,2,3,6,7,0,0,1,1,0,0,0,"660371,657844","5301322,68642","11,143529382","47,845228726",0,2,#fc8d62,car
204173,9,7,61,0,2019,2,9,6,3,1,6,0,0,1,0,0,0,0,"637652,499432","5360759,19782","10,859231123","48,384967326",0,2,#fc8d62,car
204174,9,7,61,0,2019,2,12,6,3,0,7,0,1,0,0,0,0,0,"641982,205818","5360957,59642","10,917744663","48,385791565",0,1,#66c2a5,bicycle
204187,9,1,87,117,2019,2,16,2,3,4,2,0,1,1,0,0,0,0,"724311,043731","5305009,91322","11,999018004","47,859235488",0,1,#66c2a5,bicycle
204200,9,1,62,0,2019,2,17,1,3,0,1,0,1,0,0,0,0,0,"690310,427119","5338829,41089","11,55995409","48,174183539",1,1,#66c2a5,bicycle
204209,9,2,61,0,2019,2,14,6,3,2,6,0,0,1,0,0,0,0,"731496,950034","5382806,90243","12,137387981","48,555579847",0,2,#fc8d62,car
204211,9,1,62,0,2019,2,14,1,3,0,7,0,1,0,0,0,0,1,"691056,584409","5342281,16513","11,57153321","48,204983423",0,1,#66c2a5,bicycle
204212,9,1,90,139,2019,2,10,6,3,5,3,0,0,1,0,0,0,0,"654589,339168","5295105,89173","11,064078031","47,790746287",0,2,#fc8d62,car
204213,9,1,90,140,2019,2,18,6,3,5,3,2,0,1,0,0,0,0,"644877,384619","5295392,54652","10,934578581","47,795582082",0,2,#fc8d62,car
204219,9,1,62,0,2019,2,16,6,3,2,6,0,0,1,0,0,0,0,"680563,833551","5338845,78789","11,428980631","48,177174769",0,2,#fc8d62,car
204220,9,1,84,149,2019,2,14,5,3,5,3,0,1,1,0,0,0,0,"690075,511453","5351329,78431","11,562403975","48,286605156",0,1,#66c2a5,bicycle
204221,9,1,62,0,2019,2,12,5,3,0,7,0,0,0,0,0,0,1,"685491,764258","5334434,28495","11,493284673","48,136103063",0,6,#ffd92f,circle
204222,9,1,62,0,2019,2,6,5,3,5,3,1,1,1,0,0,0,0,"695797,831148","5332837,8583","11,630932569","48,118667941",1,1,#66c2a5,bicycle
204223,9,1,62,0,2019,2,14,5,3,1,6,0,0,1,0,0,0,0,"692838,233977","5335365,02278","11,592350711","48,142284656",0,2,#fc8d62,car
204224,9,1,62,0,2019,2,12,5,3,6,4,0,0,1,1,0,0,0,"685897,494","5329173,601","11,496440069","48,088699264",0,2,#fc8d62,car
204225,9,1,62,0,2019,2,10,5,3,3,7,0,1,1,0,0,0,0,"691564,393812","5334659,42078","11,574926934","48,136327604",0,1,#66c2a5,bicycle
204226,9,1,84,149,2019,2,7,5,3,4,2,0,1,1,0,0,0,0,"690354,018858","5349894,148","11,565508025","48,273618383",0,1,#66c2a5,bicycle
204227,9,1,62,0,2019,2,16,5,3,2,6,0,0,1,0,0,0,0,"690817,735","5333289,29","11,564287552","48,124237247",0,2,#fc8d62,car
204228,9,1,62,0,2019,2,6,5,3,2,3,2,1,1,0,0,0,0,"686670,554724","5331667,93901","11,507902225","48,110893466",0,1,#66c2a5,bicycle
204229,9,1,62,0,2019,2,12,5,3,5,3,0,0,1,0,1,0,0,"689060,675","5333350,05","11,540726593","48,125307575",0,2,#fc8d62,car
204230,9,2,61,0,2019,2,6,2,3,5,3,2,0,1,0,0,0,0,"734114,719151","5379362,70965","12,170874454","48,523670636",0,2,#fc8d62,car
204234,9,7,73,182,2019,2,16,5,3,5,3,0,1,1,0,0,0,0,"624788,82055","5379894,0939","10,69127831","48,559714597",0,1,#66c2a5,bicycle
204236,9,7,61,0,2019,2,16,5,2,5,3,0,1,1,0,0,0,0,"641861,782081","5361177,9113","10,916193445","48,38779963",0,1,#66c2a5,bicycle
204237,9,7,61,0,2019,2,16,5,3,5,2,0,1,1,0,0,0,0,"639976,176198","5358082,03649","10,889707449","48,360383746",0,1,#66c2a5,bicycle
204238,9,7,61,0,2019,2,12,5,3,1,2,0,0,1,0,0,0,0,"640538,077374","5359222,06273","10,89766982","48,370509659",0,2,#fc8d62,car
204253,9,1,62,0,2019,2,13,1,3,5,3,0,1,1,0,0,0,0,"689530,871","5330985,562","11,545988135","48,103915486",0,1,#66c2a5,bicycle
204256,9,1,62,0,2019,2,2,1,3,2,6,2,0,1,0,0,0,0,"693091,728255","5335297,2286","11,595724104","48,14159846",0,2,#fc8d62,car
204259,9,1,87,176,2019,2,16,5,3,0,7,0,0,0,0,0,0,1,"739068,25218","5332894,57373","12,2115269","48,104407488",0,6,#ffd92f,circle
204260,9,1,87,176,2019,2,7,5,3,9,7,0,0,1,1,0,0,0,"738754,963379","5333025,10644","12,207398197","48,105697517",0,2,#fc8d62,car
204262,9,1,62,0,2019,2,8,4,3,3,2,0,1,1,0,0,0,0,"695074,490959","5334357,47437","11,621919124","48,132547584",1,1,#66c2a5,bicycle
204263,9,1,62,0,2019,2,11,4,2,6,4,0,1,0,1,0,0,0,"690576,445","5337775,571","11,563056377","48,164632011",0,1,#66c2a5,bicycle
204264,9,1,62,0,2019,2,12,4,3,6,2,0,0,1,1,0,0,0,"693417,672419","5335201,07874","11,600057413","48,140635296",0,2,#fc8d62,car
204265,9,1,62,0,2019,2,10,4,3,6,2,0,0,1,1,0,0,0,"688016,792885","5331921,5076","11,526082426","48,11277664",0,2,#fc8d62,car
204266,9,1,62,0,2019,2,14,4,3,0,7,0,0,0,1,0,0,1,"697122,759381","5330921,11816","11,647830265","48,101032683",0,3,#8da0cb,toilet
204267,9,1,62,0,2019,2,14,4,3,0,1,0,1,0,0,0,0,0,"695030,276","5336808,804","11,622448257","48,154592534",0,1,#66c2a5,bicycle
204268,9,1,62,0,2019,2,20,4,3,5,3,2,1,1,0,0,0,0,"693707,971","5334073,952","11,60344311","48,130416739",0,1,#66c2a5,bicycle
204278,9,7,72,200,2019,2,18,4,3,4,2,2,0,1,0,0,0,0,"629484,331","5337064,636","10,741700806","48,173622028",0,2,#fc8d62,car
204279,9,7,72,177,2019,2,11,4,3,6,4,0,0,1,1,0,0,0,"637014,032659","5381457,23954","10,857396242","48,57121732",0,2,#fc8d62,car
204280,9,7,72,184,2019,2,15,4,2,8,7,0,1,0,0,0,0,0,"635331,784268","5363311,74196","10,828725338","48,408421908",0,1,#66c2a5,bicycle
204281,9,7,72,147,2019,2,11,4,3,5,3,0,0,1,0,0,0,0,"638833,607289","5366270,49595","10,876998638","48,434264499",0,2,#fc8d62,car
204282,9,7,61,0,2019,2,4,4,3,5,3,2,0,1,0,0,0,0,"637652,934136","5360759,15106","10,859236976","48,38496681",0,2,#fc8d62,car
204283,9,1,90,139,2019,2,17,2,3,5,7,1,1,1,0,0,0,0,"655186,142043","5296212,80766","11,072437077","47,800555723",0,1,#66c2a5,bicycle
204284,9,7,61,0,2019,2,13,4,3,2,6,0,0,1,0,0,0,0,"640529,895383","5358069,42367","10,897174308","48,360147327",0,2,#fc8d62,car
204285,9,7,61,0,2019,2,17,4,3,5,3,1,1,1,0,0,0,0,"639629,77324","5359557,31272","10,88552335","48,373725744",0,1,#66c2a5,bicycle
204286,9,7,61,0,2019,2,10,4,3,0,1,0,1,0,0,0,0,0,"640185,333366","5358406,01039","10,892637467","48,363250416",0,1,#66c2a5,bicycle
204297,9,1,63,0,2019,2,13,2,2,0,7,0,1,0,0,0,0,1,"731981,479384","5304010,13087","12,100882192","47,847530248",0,1,#66c2a5,bicycle
204304,9,1,87,150,2019,2,21,4,3,0,3,2,0,1,0,0,0,0,"729759,832843","5304432,10062","12,071453959","47,852119235",0,2,#fc8d62,car
204305,9,1,81,130,2019,2,19,4,3,5,3,2,0,1,0,0,0,0,"638635,701101","5325129,04005","10,860849761","48,064363724",0,2,#fc8d62,car
204306,9,1,79,121,2019,2,12,4,3,6,4,0,1,0,1,0,0,0,"665607,175165","5336440,62913","11,227008783","48,159626381",0,1,#66c2a5,bicycle
204307,9,1,74,115,2019,2,9,4,3,2,6,0,0,1,0,0,0,0,"682283,710164","5347733,03789","11,455914724","48,256567547",0,2,#fc8d62,car
204308,9,1,62,0,2019,2,15,3,3,6,4,0,0,1,1,0,0,0,"690637,806661","5334969,69372","11,562623967","48,139394573",0,2,#fc8d62,car
204309,9,1,62,0,2019,2,19,3,3,6,4,2,0,0,1,0,0,1,"692286,844047","5337313,8711","11,585826571","48,159967353",1,3,#8da0cb,toilet
204310,9,1,62,0,2019,2,16,1,3,0,1,0,1,0,0,0,0,0,"690643,405488","5329347,80376","11,560186117","48,088863312",1,1,#66c2a5,bicycle
204311,9,1,62,0,2019,2,7,3,3,5,3,1,0,1,0,0,0,0,"689530,265856","5330886,6178","11,545936069","48,103026343",1,2,#fc8d62,car
204312,9,1,62,0,2019,2,9,3,3,2,6,0,0,1,0,0,0,0,"687102,038333","5333867,96144","11,514658905","48,130541381",2,2,#fc8d62,car
204313,9,1,62,0,2019,2,8,3,3,6,4,0,0,1,1,0,0,0,"689179,438139","5330387,88584","11,541007188","48,098647923",2,2,#fc8d62,car
204314,9,7,61,0,2019,2,14,3,3,2,6,0,0,1,0,0,1,0,"639266,323375","5361089,6221","10,881125939","48,387584179",0,2,#fc8d62,car
204315,9,7,61,0,2019,2,13,3,3,6,4,0,0,1,1,0,0,0,"638954,374891","5360938,10564","10,876864567","48,386290582",0,2,#fc8d62,car
204321,9,1,88,120,2019,2,11,1,2,3,2,0,1,1,0,0,0,0,"678640,838511","5329633,30755","11,399272257","48,094906719",0,1,#66c2a5,bicycle
204332,9,2,74,134,2019,2,8,3,3,5,3,0,0,1,0,0,0,0,"741076,253439","5373578,76603","12,261667474","48,46908646",1,2,#fc8d62,car
204335,9,1,81,130,2019,2,13,2,3,6,4,0,0,1,1,0,0,0,"638941,407907","5323645,22409","10,864468906","48,050954254",0,2,#fc8d62,car
204336,9,1,74,126,2019,2,10,2,3,1,6,0,0,1,0,1,0,0,"682698,947443","5343527,8489","11,459690248","48,218649597",0,2,#fc8d62,car
204337,9,1,75,115,2019,2,18,2,2,4,2,1,1,1,0,0,0,0,"724974,629517","5329759,88409","12,020829989","48,081376289",0,1,#66c2a5,bicycle
204338,9,1,62,0,2019,2,16,1,3,5,3,0,1,1,0,0,0,0,"692698,596564","5335402,39441","11,590492448","48,142662849",0,1,#66c2a5,bicycle
204339,9,1,62,0,2019,2,17,1,3,6,4,0,0,1,1,0,0,0,"678790,07239","5338976,79985","11,405196683","48,178853972",0,2,#fc8d62,car
204340,9,1,62,0,2019,2,13,1,3,6,6,0,1,0,1,0,0,0,"689414,868","5339018,645","11,548004222","48,176151918",0,1,#66c2a5,bicycle
204341,9,7,72,223,2019,2,13,1,3,3,6,0,1,1,0,0,0,0,"617870,490282","5357708,89662","10,591302465","48,361542614",0,1,#66c2a5,bicycle
204342,9,7,61,0,2019,2,5,1,3,9,7,2,0,1,0,0,0,0,"638351,764058","5352331,24471","10,865901322","48,309031387",0,2,#fc8d62,car
204351,9,1,79,117,2019,2,12,1,2,9,1,0,0,1,0,0,0,0,"661913,91342","5350226,60445","11,182646386","48,284517919",0,2,#fc8d62,car
204352,9,1,77,115,2019,2,2,1,3,8,1,2,0,1,0,0,0,0,"733150,615019","5353303,01204","12,143363453","48,289936873",0,2,#fc8d62,car
204353,9,1,62,0,2019,2,19,7,3,5,3,2,1,1,0,0,0,0,"692210,930657","5338850,45328","11,585501287","48,173800731",0,1,#66c2a5,bicycle
204354,9,1,62,0,2019,2,9,7,3,6,4,0,1,0,1,0,0,0,"693149,005426","5334076,45181","11,595939731","48,130609068",0,1,#66c2a5,bicycle
204355,9,1,62,0,2019,2,21,7,3,4,6,2,1,0,0,0,0,0,"686780,038706","5336994,12828","11,511706931","48,158734907",0,1,#66c2a5,bicycle
204356,9,1,62,0,2019,2,13,7,3,5,3,0,1,1,0,0,0,0,"699374,495225","5332551,83637","11,678804442","48,114987653",0,1,#66c2a5,bicycle
204357,9,1,62,0,2019,2,13,7,3,5,2,0,1,1,0,0,0,0,"688552,683208","5332397,55471","11,533485516","48,116897024",0,1,#66c2a5,bicycle
204358,9,1,62,0,2019,2,1,7,3,0,1,2,1,0,0,0,0,0,"691767,662182","5334943,11496","11,577784038","48,138816186",1,1,#66c2a5,bicycle
204359,9,7,78,116,2019,2,14,7,3,5,3,0,1,1,0,0,0,0,"619477,399799","5318181,08799","10,601869966","48,005752978",0,1,#66c2a5,bicycle
204360,9,7,61,0,2019,2,14,7,3,2,6,0,0,1,0,0,0,0,"640208,925852","5360557,06041","10,893673125","48,382586736",0,2,#fc8d62,car
204361,9,7,72,163,2019,2,14,7,3,5,3,0,1,1,0,0,0,0,"640192,411","5348375,207","10,889398346","48,273054061",0,1,#66c2a5,bicycle
204370,9,1,73,130,2019,2,5,7,2,0,1,2,1,0,0,0,0,0,"681776,256101","5314412,12957","11,434887288","47,957197073",0,1,#66c2a5,bicycle
204373,9,1,81,128,2019,2,12,7,3,5,3,0,1,1,0,0,0,0,"638181,116172","5328074,8963","10,85570407","48,090952507",0,1,#66c2a5,bicycle
204374,9,1,79,121,2019,2,9,7,2,1,6,0,0,1,0,0,0,1,"666323,768039","5338736,16546","11,237535598","48,180076328",0,2,#fc8d62,car
204375,9,1,78,145,2019,2,13,7,3,6,7,0,1,0,1,0,0,0,"697293,263481","5355212,82928","11,661414164","48,319293911",0,1,#66c2a5,bicycle
204376,9,1,62,0,2019,2,16,6,3,5,3,0,1,0,0,0,0,0,"691322,002982","5333701,08582","11,571241897","48,127787096",0,1,#66c2a5,bicycle
204377,9,1,62,0,2019,2,18,6,3,0,7,2,0,0,0,0,0,1,"684206,667","5331297,74","11,474672486","48,108283238",0,6,#ffd92f,circle
204378,9,1,62,0,2019,2,16,6,2,6,4,0,0,1,1,0,0,0,"696610,396389","5333334,72017","11,642068115","48,122883085",0,2,#fc8d62,car
204379,9,1,62,0,2019,2,14,6,2,0,7,0,1,0,0,0,0,0,"683976,900197","5332318,30872","11,472028959","48,117523153",0,1,#66c2a5,bicycle
204383,9,7,61,0,2019,2,17,6,3,5,3,1,1,1,0,0,0,0,"638606,947907","5357921,88162","10,871180124","48,359245755",0,1,#66c2a5,bicycle
204384,9,7,61,0,2019,2,14,6,3,1,6,0,0,1,0,0,0,0,"638459,602225","5360385,07313","10,870003124","48,381426634",0,2,#fc8d62,car
204385,9,7,61,0,2019,2,13,6,3,5,1,0,1,1,0,0,0,0,"640931,136867","5357196,06476","10,902295553","48,35220494",0,1,#66c2a5,bicycle
204401,9,1,63,0,2019,2,11,6,3,2,6,0,0,1,0,0,0,0,"732472,527466","5304614,07786","12,107760497","47,852778842",0,2,#fc8d62,car
204402,9,1,63,0,2019,2,18,6,2,6,7,2,0,1,1,0,0,0,"732866,298252","5303838,35361","12,112599077","47,845667103",1,2,#fc8d62,car
204405,9,1,86,143,2019,2,11,6,3,6,7,0,0,1,1,0,0,0,"685273,895513","5378689,51338","11,509818253","48,533936322",0,2,#fc8d62,car
204406,9,1,79,142,2019,2,14,6,3,0,1,0,1,0,0,0,0,0,"673854,047272","5342696,33841","11,340375562","48,213660013",0,1,#66c2a5,bicycle
204407,9,1,74,115,2019,2,7,6,3,0,5,1,1,1,0,0,0,0,"682180,9886","5347293,21532","11,454342746","48,252643732",0,1,#66c2a5,bicycle
204408,9,1,74,115,2019,2,9,6,2,3,2,0,1,1,0,0,0,0,"685009,463244","5347606,63135","11,492547802","48,254641465",1,1,#66c2a5,bicycle
204409,9,1,62,0,2019,2,10,5,3,5,3,0,1,1,0,0,0,0,"691335,300143","5335573,27562","11,572261346","48,144610152",0,1,#66c2a5,bicycle
204410,9,1,62,0,2019,2,20,5,2,1,6,2,1,0,0,0,0,0,"690785,543332","5334753,2513","11,564510883","48,137404922",0,1,#66c2a5,bicycle
204411,9,1,62,0,2019,2,17,5,2,1,1,1,0,1,0,0,1,0,"690761,861959","5331150,56739","11,562580839","48,105031164",0,2,#fc8d62,car
204412,9,1,62,0,2019,2,6,5,3,5,7,1,0,1,0,0,0,0,"689824,548762","5334860,30209","11,551654367","48,138654488",0,2,#fc8d62,car
204413,9,1,62,0,2019,2,14,5,3,6,7,0,0,1,1,0,0,0,"690351,735469","5334588,61576","11,558612169","48,13605509",0,2,#fc8d62,car
204414,9,1,84,138,2019,2,8,5,3,5,3,0,0,1,0,0,0,0,"680279,235228","5330601,29092","11,421665646","48,103146537",0,2,#fc8d62,car
204415,9,1,62,0,2019,2,17,5,3,6,4,1,0,1,1,0,0,0,"695122,124207","5333920,85463","11,622358714","48,128608843",0,2,#fc8d62,car
204416,9,1,62,0,2019,2,18,5,3,6,7,2,0,1,1,0,0,0,"687540,757052","5334038,87104","11,520624617","48,131948449",0,2,#fc8d62,car
204417,9,1,84,148,2019,2,18,5,3,6,7,1,0,1,1,0,0,0,"695212,384371","5326172,45207","11,620027822","48,058941554",0,2,#fc8d62,car
204418,9,1,62,0,2019,2,15,5,3,8,1,0,0,1,0,0,0,0,"692753,457","5330048,655","11,588808941","48,094527905",0,2,#fc8d62,car
204428,9,7,61,0,2019,2,16,5,3,0,1,0,0,0,0,1,0,0,"638910,821074","5356158,22258","10,8746981","48,343320481",0,4,#e78ac3,marker
204429,9,7,61,0,2019,2,18,5,3,5,3,2,1,1,0,0,0,0,"639446,181616","5357485,23994","10,882358666","48,355134777",0,1,#66c2a5,bicycle
204431,9,7,61,0,2019,2,15,5,3,5,1,0,1,1,0,0,0,0,"639661,264","5357871,57","10,885388606","48,358561027",0,1,#66c2a5,bicycle
204432,9,7,61,0,2019,2,7,5,3,6,4,0,0,1,1,0,0,0,"640628,119971","5357861,62142","10,898430146","48,358256964",0,2,#fc8d62,car
204456,9,1,63,0,2019,2,7,5,3,0,5,0,1,1,0,0,0,0,"731964,1605","5304386,95343","12,100853035","47,850921959",0,1,#66c2a5,bicycle
204457,9,1,87,165,2019,2,5,5,3,5,3,2,1,0,0,0,0,0,"732782,831087","5297222,36511","12,107932563","47,786257898",0,1,#66c2a5,bicycle
204459,9,1,86,143,2019,2,7,5,3,2,6,0,0,1,0,0,0,0,"684063,678641","5377801,40657","11,493048129","48,526310276",0,2,#fc8d62,car
204461,9,1,79,126,2019,2,15,5,3,0,7,0,1,0,0,0,0,0,"675648,915775","5340168,49974","11,363470216","48,190442535",0,1,#66c2a5,bicycle
204462,9,1,74,126,2019,2,15,5,2,0,1,0,1,0,0,0,0,0,"683397,988145","5343974,75606","11,469285733","48,222464958",0,1,#66c2a5,bicycle
204463,9,1,62,0,2019,2,10,4,3,1,2,0,1,1,0,0,0,0,"688679,29152","5337874,25198","11,537611496","48,166084839",0,1,#66c2a5,bicycle
204464,9,1,62,0,2019,2,19,4,3,6,4,2,1,0,1,0,0,0,"695825,438879","5330752,76535","11,630346007","48,099919637",0,1,#66c2a5,bicycle
204465,9,1,62,0,2019,2,5,4,3,3,7,2,0,1,0,0,0,0,"694076,665333","5333036,96506","11,607920875","48,120984348",1,2,#fc8d62,car
204466,9,1,62,0,2019,2,10,4,2,4,2,0,1,1,0,0,0,0,"686181,389565","5335684,78098","11,503091829","48,1471416",0,1,#66c2a5,bicycle
204467,9,1,62,0,2019,2,8,4,3,5,2,0,1,1,0,0,0,0,"692433,04058","5341925,09194","11,589878654","48,201367435",0,1,#66c2a5,bicycle
204468,9,1,62,0,2019,2,14,4,3,1,6,0,0,1,0,0,0,0,"686188,958549","5333888,98565","11,502408432","48,130998104",0,2,#fc8d62,car
204470,9,1,62,0,2019,2,10,4,3,1,7,0,1,0,0,0,0,0,"694464,157782","5334802,27855","11,613927785","48,136732077",0,1,#66c2a5,bicycle
204476,9,7,61,0,2019,2,13,4,3,0,7,0,1,0,0,0,0,0,"640174,070778","5363363,66627","10,894139475","48,407830488",0,1,#66c2a5,bicycle
204477,9,7,61,0,2019,2,7,4,3,5,1,0,1,0,0,0,0,0,"639405,590769","5357388,88516","10,881779129","48,35427734",0,1,#66c2a5,bicycle
204492,9,2,61,0,2019,2,16,4,3,3,6,0,0,1,0,0,0,1,"733089,562489","5382124,50714","12,158556047","48,548860322",0,2,#fc8d62,car
204495,9,1,86,143,2019,2,7,4,3,6,4,0,0,1,1,0,0,0,"684905,098379","5378089,48403","11,504561163","48,528652175",0,2,#fc8d62,car
204498,9,1,79,126,2019,2,7,4,3,0,1,0,1,0,0,0,0,0,"676326,009979","5340692,0382","11,372790255","48,194961099",0,1,#66c2a5,bicycle
204499,9,1,79,126,2019,2,12,4,3,2,7,0,1,0,0,0,0,0,"675762,395804","5339617,65283","11,364767876","48,185459459",0,1,#66c2a5,bicycle
204500,9,1,88,120,2019,2,17,4,3,0,7,2,1,0,0,0,0,0,"677503,418227","5326587,70329","11,382744276","48,0678468",0,1,#66c2a5,bicycle
204501,9,1,74,122,2019,2,14,4,2,0,1,0,1,0,0,0,0,0,"683171,886","5351701,263","11,469588933","48,291979418",0,1,#66c2a5,bicycle
204503,9,1,62,0,2019,2,14,3,2,3,2,0,1,1,0,0,0,0,"688878,760272","5331543,16267","11,537484029","48,109120968",0,1,#66c2a5,bicycle
204504,9,1,84,145,2019,2,10,3,3,1,1,0,0,1,0,0,0,0,"694129,324477","5325150,39459","11,605043524","48,050085932",0,2,#fc8d62,car
204505,9,1,62,0,2019,2,9,3,3,0,1,0,0,0,0,0,0,1,"697949,620011","5331218,04348","11,659062328","48,103444909",0,6,#ffd92f,circle
204506,9,1,62,0,2019,2,8,3,3,5,2,0,1,1,0,0,0,0,"690759,697782","5340771,88639","11,566863246","48,191507553",0,1,#66c2a5,bicycle
204507,9,1,62,0,2019,2,9,3,3,5,2,0,0,1,0,0,0,0,"687927,588","5330740,148","11,524364757","48,102184584",0,2,#fc8d62,car
204508,9,1,62,0,2019,2,18,3,3,3,2,2,1,1,0,0,0,0,"693639,996864","5333351,14531","11,602202103","48,123941055",0,1,#66c2a5,bicycle
204509,9,1,62,0,2019,2,18,3,3,0,1,1,1,0,0,0,0,0,"691548,997623","5333871,04908","11,57436576","48,129246444",0,1,#66c2a5,bicycle
204510,9,1,62,0,2019,2,21,3,3,0,1,2,1,0,0,0,0,0,"691004,827729","5336794,93016","11,568371395","48,155689567",0,1,#66c2a5,bicycle
204512,9,1,62,0,2019,2,11,3,3,5,3,0,0,1,0,0,0,0,"692621,431891","5334813,95324","11,589190064","48,137397442",0,2,#fc8d62,car
204513,9,1,62,0,2019,2,18,3,3,2,6,2,0,1,0,1,0,0,"692265,103732","5334797,94828","11,584398185","48,13736135",0,2,#fc8d62,car
204515,9,1,62,0,2019,2,20,3,3,5,3,2,1,1,0,0,0,0,"691149,666751","5334070,93502","11,569094131","48,131163047",0,1,#66c2a5,bicycle
204520,9,7,72,151,2019,2,9,3,2,0,1,0,1,0,0,0,0,1,"631815,569959","5342617,97867","10,774767513","48,223081486",2,1,#66c2a5,bicycle
204521,9,7,61,0,2019,2,7,3,3,8,1,0,1,0,0,0,0,0,"636560,273342","5352924,07394","10,841945088","48,314751484",2,1,#66c2a5,bicycle
204538,9,1,63,0,2019,2,6,3,2,3,6,2,1,0,0,0,1,0,"732651,325959","5304869,67537","12,11028454","47,855010479",0,1,#66c2a5,bicycle
204540,9,1,62,0,2019,2,6,3,3,3,6,2,0,1,0,0,1,0,"679996,804856","5338173,59839","11,421075292","48,171293412",0,2,#fc8d62,car
204542,9,1,62,0,2019,2,10,2,3,5,3,0,0,1,0,0,0,0,"697072,020275","5337700,99722","11,650285237","48,161981561",0,2,#fc8d62,car
204543,9,1,84,112,2019,2,17,2,3,5,3,0,0,1,0,0,0,0,"703040,861639","5339134,66037","11,731147335","48,172987499",0,2,#fc8d62,car
204544,9,1,62,0,2019,2,11,2,2,5,3,0,0,1,0,0,0,0,"686217,381948","5333664,67036","11,50269204","48,128973555",0,2,#fc8d62,car
204545,9,1,62,0,2019,2,14,2,3,3,6,0,0,1,0,0,0,0,"689559,987088","5331886,92751","11,546779349","48,112008406",0,2,#fc8d62,car
204547,9,1,62,0,2019,2,16,2,1,4,2,0,1,1,0,0,0,0,"697240,98376","5331803,87794","11,649824586","48,108929804",0,1,#66c2a5,bicycle
204548,9,1,62,0,2019,2,16,2,3,6,2,0,0,1,1,0,0,0,"690230,265006","5336228,57942","11,55771377","48,150831388",0,2,#fc8d62,car
204549,9,1,62,0,2019,2,8,2,2,4,2,0,1,1,0,0,0,0,"695090,588511","5333682,62649","11,621826296","48,12647742",0,1,#66c2a5,bicycle
204550,9,1,62,0,2019,2,8,2,3,0,1,0,0,0,0,0,0,1,"682674,514786","5342675,80699","11,458994657","48,210998007",0,6,#ffd92f,circle
204551,9,1,62,0,2019,2,14,2,3,0,1,0,1,0,0,0,0,0,"685861,09864","5328194,064","11,4955256","48,0799053",2,1,#66c2a5,bicycle
204552,9,1,62,0,2019,2,16,2,3,6,4,0,0,0,1,0,0,1,"695510,960909","5337218,08523","11,629092724","48,158123346",0,3,#8da0cb,toilet
204553,9,1,62,0,2019,2,7,2,3,4,6,0,1,1,0,0,0,0,"696277,961769","5336316,76656","11,63897978","48,149786567",0,1,#66c2a5,bicycle
204556,9,7,62,0,2019,2,12,2,3,5,3,0,1,1,0,0,0,0,"621622,766764","5307507,92897","10,627603208","47,909358099",0,1,#66c2a5,bicycle
204559,9,7,61,0,2019,2,13,2,3,5,3,0,0,1,0,0,0,0,"639265,702427","5362255,38174","10,881504113","48,398066493",0,2,#fc8d62,car
204560,9,7,61,0,2019,2,18,2,3,9,5,2,0,1,0,0,0,0,"638122,828776","5359391,43004","10,865130752","48,372565796",0,2,#fc8d62,car
204561,9,7,61,0,2019,2,11,2,3,2,6,0,0,1,0,0,0,0,"639164,327312","5362675,66741","10,880274601","48,401867963",0,2,#fc8d62,car
204562,9,7,61,0,2019,2,6,2,3,0,1,1,1,0,0,0,0,0,"639959,593212","5359934,55969","10,89010023","48,37704477",2,1,#66c2a5,bicycle
204579,9,1,87,150,2019,2,11,2,3,2,6,0,0,1,0,0,0,0,"725664,420335","5304118,44738","12,016621626","47,850751915",0,2,#fc8d62,car
204590,9,1,62,0,2019,3,6,1,3,5,3,1,1,1,0,0,0,0,"697008,967311","5335236,03739","11,648297311","48,139847708",0,1,#66c2a5,bicycle
204591,9,1,84,131,2019,3,19,7,2,0,7,2,1,0,0,0,0,0,"704874,694768","5338924,83838","11,755684051","48,170513478",0,1,#66c2a5,bicycle
204592,9,1,84,130,2019,3,16,7,3,8,1,0,1,0,0,0,0,0,"698046,535618","5344249,50831","11,666429788","48,220531181",0,1,#66c2a5,bicycle
204593,9,1,62,0,2019,3,21,7,3,5,3,2,0,1,0,0,0,0,"700148,110912","5334864,68182","11,690272951","48,135530696",0,2,#fc8d62,car
204596,9,7,72,121,2019,3,14,7,3,9,1,0,0,1,0,0,0,0,"633756,910578","5376337,8987","10,811620817","48,525888781",0,2,#fc8d62,car
204601,9,1,62,0,2019,3,4,1,3,9,7,2,0,1,0,0,0,0,"690140,686922","5335091,77186","11,556002908","48,140640554",0,2,#fc8d62,car
204606,9,1,62,0,2019,3,19,1,3,6,7,2,0,1,1,0,0,0,"690582,642084","5334746,48475","11,561783316","48,137404903",0,2,#fc8d62,car
204607,9,2,74,146,2019,3,7,7,2,5,3,0,1,1,0,0,0,0,"732978,586543","5376561,5554","12,153947375","48,498931185",0,1,#66c2a5,bicycle