OBJECTID,ULAND,UREGBEZ,UKREIS,UGEMEINDE,UJAHR,UMONAT,USTUNDE,UWOCHENTAG,UKATEGORIE,UART,UTYP1,ULICHTVERH,IstRad,IstPKW,IstFuss,IstKrad,IstGkfz,IstSonstig,LINREFX,LINREFY,XGCSWGS84,YGCSWGS84,STRZUSTAND,Teilnehmer,color,symbol
204609,9,1,77,133,2019,3,14,7,3,6,7,0,0,1,1,0,0,0,"706252,414986","5359580,59158","11,784262891","48,355684211",0,2,#fc8d62,car
204610,9,1,62,0,2019,3,9,6,3,5,2,0,1,0,0,0,1,0,"683079,757079","5335520,36963","11,461361876","48,146563996",1,1,#66c2a5,bicycle
204611,9,1,62,0,2019,3,8,6,3,7,7,0,1,0,0,0,0,0,"689585,237491","5335291,42361","11,548632729","48,142600776",1,1,#66c2a5,bicycle
204612,9,1,84,122,2019,3,15,6,3,0,7,0,1,0,0,0,0,0,"688471,010073","5325178,56212","11,529204171","48,052034968",0,1,#66c2a5,bicycle
204614,9,1,62,0,2019,3,10,6,3,5,3,0,0,1,0,0,0,0,"701609,397622","5332031,31546","11,708552059","48,109606211",1,2,#fc8d62,car
204615,9,1,62,0,2019,3,19,6,3,4,2,2,0,1,0,0,0,0,"692169,173945","5334411,97415","11,582935953","48,13392126",1,2,#fc8d62,car
204616,9,1,62,0,2019,3,16,1,3,7,7,0,1,0,0,0,0,1,"680632,761138","5336264,5771","11,428810657","48,153953114",0,1,#66c2a5,bicycle
204617,9,1,62,0,2019,3,15,6,3,5,3,0,0,1,0,0,0,0,"685880,274497","5339724,17356","11,500813002","48,183537145",0,2,#fc8d62,car
204618,9,1,62,0,2019,3,13,6,2,6,4,0,0,0,1,0,0,1,"686786,652279","5336580,13855","11,511614039","48,155011907",1,3,#8da0cb,toilet
204619,9,1,62,0,2019,3,8,6,3,6,2,1,0,1,1,0,0,0,"686472,049893","5328456,62607","11,503835228","48,082086952",1,2,#fc8d62,car
204620,9,1,62,0,2019,3,16,6,3,3,6,0,0,1,0,0,0,0,"691214,065388","5335286,70455","11,570504513","48,14207093",0,2,#fc8d62,car
204624,9,7,72,163,2019,3,14,6,3,6,4,0,0,1,1,0,0,0,"640023,073395","5347405,99454","10,886796492","48,264376485",1,2,#fc8d62,car
204625,9,1,77,117,2019,3,11,2,3,1,5,0,0,1,0,0,0,0,"715983,215742","5354236,88065","11,912711273","48,304418291",0,2,#fc8d62,car
204626,9,7,61,0,2019,3,19,6,2,6,7,1,0,0,1,0,0,1,"637468,858121","5360209,47185","10,856572258","48,380064316",0,3,#8da0cb,toilet
204627,9,7,72,202,2019,3,21,6,3,5,3,2,0,1,0,0,0,0,"636051,769297","5359887,20049","10,837339875","48,377473648",1,2,#fc8d62,car
204628,9,7,61,0,2019,3,17,6,3,5,1,1,1,1,0,0,0,0,"639271,237869","5358523,86116","10,880342246","48,364512431",1,1,#66c2a5,bicycle
204629,9,7,61,0,2019,3,21,6,3,2,1,2,0,1,0,0,0,0,"639971,707353","5359176,1157","10,890011231","48,370222383",1,2,#fc8d62,car
204630,9,7,61,0,2019,3,16,6,2,0,1,0,0,0,0,1,0,0,"641656,426778","5359343,76999","10,912803049","48,371353975",1,4,#e78ac3,marker
204631,9,7,61,0,2019,3,21,6,3,2,1,2,0,1,0,0,0,0,"639971,618459","5359176,03464","10,890010004","48,370221674",1,2,#fc8d62,car
204654,9,1,73,120,2019,3,12,6,3,5,3,0,0,1,0,0,0,0,"690084,850993","5306988,57212","11,542795209","47,88805864",1,2,#fc8d62,car
204656,9,1,87,150,2019,3,12,6,3,5,3,0,1,1,0,0,0,0,"729183,043445","5304227,79008","12,063646568","47,850489503",1,1,#66c2a5,bicycle
204657,9,1,85,158,2019,3,18,6,3,5,3,2,0,1,0,0,0,0,"669454,855745","5380715,96056","11,29653724","48,556623272",0,2,#fc8d62,car
204659,9,1,79,145,2019,3,11,6,3,5,3,0,0,1,0,0,0,0,"675155,442255","5338799,47491","11,356271615","48,178272266",1,2,#fc8d62,car
204660,9,1,62,0,2019,3,6,6,3,0,1,1,0,0,0,1,0,0,"698459,402551","5331202,11886","11,665895169","48,103143202",1,4,#e78ac3,marker
204661,9,1,62,0,2019,2,16,5,2,0,5,0,1,1,0,0,0,0,"690267,253011","5334929,2341","11,557629925","48,139141831",0,1,#66c2a5,bicycle
204662,9,1,84,149,2019,2,12,5,3,0,7,0,1,0,0,0,0,0,"692250,142","5348680,183","11,59048431","48,262135081",0,1,#66c2a5,bicycle
204663,9,1,62,0,2019,2,1,5,3,1,5,2,0,1,0,0,0,0,"690349,945703","5334676,69246","11,558627495","48,136847258",0,2,#fc8d62,car
204665,9,1,62,0,2019,2,10,5,3,3,2,0,1,1,0,0,0,0,"692322,1209","5334232,27935","11,584908421","48,132259998",0,1,#66c2a5,bicycle
204666,9,1,84,149,2019,2,7,5,3,5,7,0,1,0,0,0,1,0,"690764,911102","5349712,4316","11,570958079","48,271861543",0,1,#66c2a5,bicycle
204667,9,1,62,0,2019,2,11,5,3,3,2,0,1,0,0,0,0,0,"693720,432074","5338816,11819","11,605768806","48,173033834",0,1,#66c2a5,bicycle
204669,9,1,62,0,2019,2,8,5,3,2,6,0,0,1,0,0,0,0,"681969,955985","5340606,49889","11,448632384","48,192600127",0,2,#fc8d62,car
204670,9,1,62,0,2019,2,16,5,3,5,2,0,1,1,0,0,0,0,"686748,205","5330226,29","11,508313478","48,097912602",0,1,#66c2a5,bicycle
204671,9,1,62,0,2019,3,17,1,3,6,3,1,1,0,1,0,0,0,"691727,333397","5334688,28793","11,577127795","48,136537989",0,1,#66c2a5,bicycle
204672,9,1,62,0,2019,2,21,5,3,3,2,2,1,1,0,0,0,0,"695480,434974","5331065,11406","11,625859995","48,102832826",0,1,#66c2a5,bicycle
204673,9,1,62,0,2019,2,16,5,3,5,2,0,1,1,0,0,0,0,"692579,894715","5334824,61304","11,588637137","48,137505822",0,1,#66c2a5,bicycle
204677,9,7,62,0,2019,2,6,5,2,5,3,2,1,1,0,0,0,0,"621197,753047","5304669,26905","10,621120531","47,883908383",0,1,#66c2a5,bicycle
204678,9,1,62,0,2019,3,21,1,3,6,6,2,0,1,1,0,0,0,"687631,874522","5332869,12788","11,521333062","48,121407633",0,2,#fc8d62,car
204680,9,7,71,146,2019,2,7,5,3,6,7,1,0,1,1,0,0,0,"647412,601782","5347782,86988","10,986440383","48,266088652",0,2,#fc8d62,car
204681,9,7,72,163,2019,2,16,5,3,5,3,0,0,1,1,0,0,0,"640042,737328","5347809,44134","10,887194911","48,267999884",0,2,#fc8d62,car
204699,9,7,62,0,2019,3,15,1,3,6,4,0,0,1,1,0,0,0,"622353,289818","5308103,94687","10,637544383","47,91457952",0,2,#fc8d62,car
204704,9,7,61,0,2019,3,17,1,3,1,5,0,1,1,0,0,0,0,"642121,544831","5360037,02308","10,919314287","48,377482821",0,1,#66c2a5,bicycle
204710,9,2,74,124,2019,2,14,5,2,0,1,0,0,0,0,1,0,0,"723226,406946","5374940,98067","12,021256704","48,487911953",0,4,#e78ac3,marker
204711,9,2,61,0,2019,2,16,5,3,2,2,0,1,0,0,0,0,0,"732481,351071","5380582,26843","12,149466824","48,535232491",0,1,#66c2a5,bicycle
204713,9,1,73,147,2019,2,9,5,3,3,2,0,1,1,0,0,0,0,"681199,25564","5308061,38806","11,424494349","47,900272359",0,1,#66c2a5,bicycle
204714,9,1,73,147,2019,2,11,5,3,3,6,0,1,0,0,0,0,0,"682448,740177","5307898,95075","11,441128456","47,898458105",0,1,#66c2a5,bicycle
204715,9,7,71,112,2019,3,12,1,3,6,6,0,0,1,1,0,0,0,"649145,093455","5368914,51409","11,017262372","48,455678938",0,2,#fc8d62,car
204720,9,1,63,0,2019,2,7,5,3,5,2,0,1,1,0,0,0,0,"732724,19348","5304869,68035","12,111257214","47,854984144",0,1,#66c2a5,bicycle
204722,9,1,79,145,2019,2,7,5,2,5,2,0,0,1,0,0,0,0,"675652,37637","5338125,7844","11,362672309","48,172079117",0,2,#fc8d62,car
204723,9,1,78,145,2019,2,16,5,3,7,1,0,1,0,0,0,0,1,"697192,51685","5358068,90168","11,661392969","48,344992725",0,1,#66c2a5,bicycle
204724,9,1,62,0,2019,2,8,4,3,3,7,0,0,1,0,1,0,0,"691056,615028","5336012,87141","11,568715963","48,148644949",0,2,#fc8d62,car
204725,9,1,62,0,2019,2,7,4,3,3,6,0,1,0,0,0,0,0,"689660,95536","5333274,23703","11,548751572","48,124447612",0,1,#66c2a5,bicycle
204727,9,1,62,0,2019,2,9,4,3,5,2,0,0,1,0,0,0,0,"688706,662379","5336273,45157","11,537269206","48,151688556",0,2,#fc8d62,car
204728,9,1,84,120,2019,2,13,4,2,5,3,0,1,0,0,0,0,0,"680963,328698","5331801,81546","11,431355669","48,113743999",0,1,#66c2a5,bicycle
204730,9,1,62,0,2019,2,16,4,3,0,1,0,1,0,0,0,0,0,"687009,542388","5336651,91802","11,514639669","48,155591576",0,1,#66c2a5,bicycle
204731,9,1,62,0,2019,2,16,4,3,0,6,0,0,1,0,0,0,1,"687379,263296","5334912,53598","11,518840559","48,13984875",0,2,#fc8d62,car
204732,9,1,62,0,2019,2,19,4,3,4,2,2,1,1,0,0,0,0,"684756,745903","5329735,92879","11,481379069","48,094085466",0,1,#66c2a5,bicycle
204733,9,1,62,0,2019,2,8,4,2,6,4,0,0,1,1,0,0,0,"691773,455528","5332062,47781","11,576565706","48,112923628",0,2,#fc8d62,car
204734,9,1,62,0,2019,2,17,4,3,6,4,0,0,1,1,0,0,0,"689036,71597","5333414,18449","11,540433388","48,125891139",0,2,#fc8d62,car
204735,9,1,62,0,2019,2,18,4,3,6,4,2,1,0,1,0,0,0,"692108,261664","5336698,13186","11,583149565","48,1544872",0,1,#66c2a5,bicycle
204738,9,1,78,124,2019,3,12,2,3,3,2,0,0,1,0,1,0,0,"703132,911","5364668,998","11,74466114","48,402421054",0,2,#fc8d62,car
204739,9,7,62,0,2019,2,15,4,2,0,1,0,1,0,0,0,0,0,"621555,351748","5304351,14908","10,625812171","47,880979675",0,1,#66c2a5,bicycle
204742,9,7,61,0,2019,2,16,4,3,0,3,0,1,0,0,0,0,0,"643612,39003","5358370,27341","10,938866625","48,362158767",0,1,#66c2a5,bicycle
204743,9,7,61,0,2019,2,7,4,3,5,1,0,0,1,0,0,0,0,"640608,516797","5357145,05986","10,89792626","48,351818234",0,2,#fc8d62,car
204744,9,7,61,0,2019,2,15,4,3,2,1,0,0,1,0,0,0,0,"641447,347","5354480,561","10,908347472","48,327672661",0,2,#fc8d62,car
204745,9,7,61,0,2019,2,7,4,3,4,1,0,1,0,0,0,1,0,"641324,686316","5357951,27253","10,90785825","48,358907545",0,1,#66c2a5,bicycle
204780,9,1,87,169,2019,2,12,4,3,5,3,0,1,1,0,0,0,0,"737099,219444","5298956,50344","12,166418746","47,800263068",0,1,#66c2a5,bicycle
204781,9,1,87,150,2019,2,15,4,3,0,6,0,1,1,0,0,0,0,"728755,606121","5304051,16921","12,057847771","47,849054882",0,1,#66c2a5,bicycle
204782,9,1,86,143,2019,2,11,4,3,4,6,0,0,1,0,0,0,0,"681608,669781","5381544,7206","11,461460338","48,560670313",0,2,#fc8d62,car
204785,9,1,79,126,2019,2,16,4,3,1,7,0,1,1,0,0,0,0,"675850,496028","5340529,37527","11,366329647","48,19363074",0,1,#66c2a5,bicycle
204787,9,1,88,120,2019,2,7,4,3,4,6,0,1,0,0,0,0,0,"676904,113","5327043,209","11,37489508","48,072107983",0,1,#66c2a5,bicycle
204788,9,1,78,124,2019,2,4,4,3,5,2,2,1,0,0,0,0,1,"703364,703271","5359448,13721","11,745263669","48,35543041",0,1,#66c2a5,bicycle
204790,9,1,75,132,2019,2,9,4,3,7,7,0,1,0,0,0,0,0,"706758,322266","5331984,54143","11,777620165","48,107535503",0,1,#66c2a5,bicycle
204791,9,1,78,145,2019,2,22,4,3,0,1,2,1,0,0,0,0,0,"696541,893118","5354444,17193","11,650931608","48,312619935",0,1,#66c2a5,bicycle
204792,9,1,62,0,2019,2,15,3,3,3,6,0,0,1,0,0,0,0,"684486,271783","5333021,5726","11,479170886","48,123697119",0,2,#fc8d62,car
204793,9,1,62,0,2019,2,9,3,3,0,7,0,1,0,1,0,0,0,"689648,729317","5332864,17673","11,548405012","48,120765598",0,1,#66c2a5,bicycle
204794,9,1,62,0,2019,2,5,3,3,5,2,2,0,1,0,0,0,1,"691194,129151","5340335,78666","11,57250654","48,187457349",0,2,#fc8d62,car
204795,9,1,62,0,2019,2,17,3,3,3,6,0,0,0,0,1,0,1,"693300,687332","5335233,37308","11,598501153","48,140961098",0,4,#e78ac3,marker
204796,9,1,62,0,2019,3,15,1,3,1,5,0,1,1,0,0,0,0,"692111,388423","5334937,28583","11,582396991","48,138660115",0,1,#66c2a5,bicycle
204797,9,1,62,0,2019,2,17,3,3,5,7,0,1,1,0,0,0,0,"689639,634","5334582,912","11,549047764","48,136216426",0,1,#66c2a5,bicycle
204798,9,1,62,0,2019,2,7,3,3,3,2,0,0,1,0,1,0,0,"692824,418309","5335368,59966","11,592166802","48,142320991",0,2,#fc8d62,car
204799,9,1,62,0,2019,2,15,3,2,6,4,0,0,1,1,0,0,0,"691723,958751","5333749,7121","11,576660135","48,128103209",0,2,#fc8d62,car
204800,9,1,62,0,2019,2,14,3,3,0,7,0,1,0,0,0,0,0,"692776,726596","5340861,67325","11,594016432","48,191705551",0,1,#66c2a5,bicycle
204801,9,1,84,140,2019,2,15,3,2,0,7,0,1,0,0,0,0,0,"702156,832736","5329007,85761","11,714466449","48,082261132",0,1,#66c2a5,bicycle
204802,9,1,62,0,2019,2,13,3,3,5,3,0,0,1,0,0,0,0,"685217,057892","5335079,54802","11,489876444","48,141983",0,2,#fc8d62,car
204803,9,1,62,0,2019,2,13,3,3,2,6,0,0,1,0,0,0,0,"692307,693","5334221,052","11,58470964","48,132163448",0,2,#fc8d62,car
204806,9,7,78,116,2019,2,7,3,3,8,1,0,0,1,0,0,0,0,"617310,850087","5314337,9976","10,571783707","47,971590257",2,2,#fc8d62,car
204808,9,7,72,147,2019,2,18,3,2,6,4,2,0,1,1,0,0,0,"638011,348723","5366451,65485","10,865947712","48,436074179",0,2,#fc8d62,car
204822,9,1,85,158,2019,3,11,1,3,2,2,0,1,0,0,0,0,1,"667727,711558","5381352,08432","11,27340577","48,562805881",0,1,#66c2a5,bicycle
204830,9,2,74,113,2019,2,10,3,3,5,3,0,1,1,0,0,0,0,"728739,171","5381971,332","12,099611267","48,549085609",0,1,#66c2a5,bicycle
204831,9,1,90,157,2019,2,17,3,3,1,6,0,0,1,0,0,0,0,"660136,47387","5300373,15739","11,140036875","47,836749996",0,2,#fc8d62,car
204832,9,1,81,135,2019,3,12,1,2,0,1,0,1,0,0,0,0,0,"645416,979796","5310672,23231","10,946919812","47,932858651",0,1,#66c2a5,bicycle
204834,9,1,63,0,2019,2,17,3,3,2,6,0,0,1,0,0,0,0,"734447,666697","5304980,95558","12,134322878","47,855357504",0,2,#fc8d62,car
204837,9,1,79,142,2019,2,16,3,2,6,4,0,0,1,1,0,0,0,"673171,585712","5342165,1975","11,330979538","48,209071964",0,2,#fc8d62,car
204838,9,1,79,142,2019,2,17,3,3,6,7,1,0,1,1,0,0,0,"672482,23222","5342785,64186","11,321960685","48,214837121",0,2,#fc8d62,car
204840,9,1,79,121,2019,2,12,3,3,0,1,0,1,0,0,0,0,0,"667783,03971","5338581,72964","11,257090307","48,178304289",0,1,#66c2a5,bicycle
204841,9,1,74,115,2019,2,5,3,3,5,3,2,1,1,0,0,0,0,"681693,395679","5348800,47945","11,448427385","48,266331831",0,1,#66c2a5,bicycle
204842,9,1,78,130,2019,2,15,3,3,5,2,0,1,1,0,0,0,0,"703701,145374","5355714,04973","11,747994551","48,321766397",0,1,#66c2a5,bicycle
204843,9,1,78,130,2019,2,12,3,3,0,7,0,1,0,0,0,0,0,"700685,821592","5352955,32735","11,706052353","48,297938965",0,1,#66c2a5,bicycle
204845,9,1,78,124,2019,2,10,3,1,0,1,0,1,0,0,0,0,0,"702636,959101","5364674,67383","11,737970719","48,402631642",0,1,#66c2a5,bicycle
204846,9,1,62,0,2019,2,16,2,3,2,6,0,0,1,0,0,0,1,"693893,465","5335103,163","11,60640192","48,139610458",0,2,#fc8d62,car
204847,9,1,62,0,2019,3,19,7,3,5,3,2,0,1,0,0,0,0,"691658,581547","5332790,69504","11,575351227","48,119503355",0,2,#fc8d62,car
204848,9,1,62,0,2019,2,17,2,3,3,2,0,1,1,0,0,0,0,"692165,696558","5335261,57294","11,583272565","48,141558349",0,1,#66c2a5,bicycle
204849,9,1,62,0,2019,2,14,2,2,3,2,0,1,1,0,0,0,0,"694857,299317","5336712,90915","11,620080965","48,153783698",0,1,#66c2a5,bicycle
204850,9,1,62,0,2019,2,18,2,3,1,6,2,0,1,0,0,0,0,"686248,020074","5332221,79066","11,502472993","48,11599541",0,2,#fc8d62,car
204851,9,1,62,0,2019,2,15,2,2,5,7,0,1,1,0,0,0,0,"692146,017857","5334074,2547","11,582472737","48,130892887",0,1,#66c2a5,bicycle
204852,9,1,62,0,2019,2,13,2,2,3,6,0,1,0,0,0,1,0,"690815,142","5335969,515","11,565453353","48,148327746",0,1,#66c2a5,bicycle
204853,9,1,62,0,2019,2,15,2,2,5,3,0,1,1,0,0,0,0,"686356,109396","5334127,53516","11,504757079","48,133093358",0,1,#66c2a5,bicycle
204854,9,1,84,120,2019,3,10,1,2,0,7,0,1,0,0,0,0,0,"680595,855762","5332537,00316","11,426734411","48,120456856",0,1,#66c2a5,bicycle
204855,9,1,62,0,2019,2,18,2,3,3,6,1,1,0,0,0,0,1,"686444,396027","5339185,04213","11,508158544","48,178525988",0,1,#66c2a5,bicycle
204856,9,1,62,0,2019,2,14,2,3,0,1,0,1,0,0,0,0,1,"686237,49","5332266,045","11,502350976","48,116396266",0,1,#66c2a5,bicycle
204857,9,1,62,0,2019,2,10,2,3,1,5,0,1,0,0,0,1,0,"691126,789943","5335850,71482","11,569585663","48,147166422",0,1,#66c2a5,bicycle
204858,9,1,62,0,2019,2,11,2,3,3,2,0,1,1,0,0,0,0,"690554,005107","5337000,60985","11,562407757","48,157673445",0,1,#66c2a5,bicycle
204859,9,1,62,0,2019,3,11,7,3,5,2,0,0,1,0,0,0,0,"686086,527622","5337618,5851","11,502663428","48,164551069",0,2,#fc8d62,car
204862,9,7,61,0,2019,2,11,2,3,2,6,0,0,1,0,0,0,0,"641729,578712","5360004,7889","10,914013095","48,377281151",0,2,#fc8d62,car
204866,9,1,62,0,2019,3,5,7,3,3,6,2,0,1,0,0,0,0,"691271,827053","5335239,2116","11,571258864","48,141626707",0,2,#fc8d62,car
204870,9,1,79,121,2019,3,10,3,3,6,7,0,0,1,1,0,0,0,"667733,482","5338474,388","11,256381805","48,17735238",0,2,#fc8d62,car
204871,9,1,78,145,2019,3,9,3,3,5,3,0,0,1,0,0,0,0,"697052,852","5354422,926","11,657805736","48,312270015",0,2,#fc8d62,car
204872,9,1,78,124,2019,3,21,3,3,5,3,2,0,1,0,0,0,0,"703924,04681","5364175,20164","11,755098049","48,397728357",0,2,#fc8d62,car
204873,9,1,78,124,2019,3,21,3,2,0,1,2,1,0,0,0,0,0,"704627,203","5363519,938","11,764267268","48,391612336",0,1,#66c2a5,bicycle
204874,9,1,62,0,2019,3,8,2,3,2,6,0,0,1,0,0,0,0,"689358,105238","5334377,28151","11,545176056","48,134452033",2,2,#fc8d62,car
204875,9,1,62,0,2019,3,11,2,3,1,7,0,0,1,0,0,1,0,"692220,963301","5337544,38917","11,585045719","48,162059115",1,2,#fc8d62,car
204876,9,1,62,0,2019,3,14,2,3,5,3,0,1,0,0,0,0,1,"687109,227206","5333650,48033","11,514659932","48,128584481",0,1,#66c2a5,bicycle
204877,9,1,62,0,2019,3,8,2,3,2,6,0,0,1,0,0,0,0,"690141,229835","5335122,22835","11,556023797","48,140914134",1,2,#fc8d62,car
204878,9,1,62,0,2019,3,14,2,3,5,3,0,0,1,0,0,1,0,"687449,962919","5336047,59769","11,520289709","48,150030141",0,2,#fc8d62,car
204879,9,1,62,0,2019,3,16,2,3,5,3,0,1,1,0,0,0,0,"687861,725123","5327863,47275","11,522215501","48,076347545",2,1,#66c2a5,bicycle
204880,9,1,62,0,2019,3,17,2,3,5,2,1,1,1,0,0,0,0,"695823,235392","5330805,54221","11,630340656","48,100394648",1,1,#66c2a5,bicycle
204881,9,1,62,0,2019,3,7,2,3,1,5,0,1,1,0,0,0,0,"692977,732309","5333777,27779","11,593504771","48,127972115",1,1,#66c2a5,bicycle
204882,9,1,62,0,2019,3,17,2,3,0,1,0,1,1,0,0,0,0,"691481,268029","5337101,43095","11,574909141","48,158301075",1,1,#66c2a5,bicycle
204887,9,7,71,130,2019,3,5,2,3,0,1,1,0,0,0,1,0,0,"644752,461733","5363714,72082","10,956090384","48,409952112",1,4,#e78ac3,marker
204888,9,7,61,0,2019,3,12,2,3,6,4,0,1,0,1,0,0,0,"640388,156499","5359163,97374","10,895627215","48,370020708",0,1,#66c2a5,bicycle
204908,9,1,87,182,2019,3,9,2,3,4,6,0,1,0,0,0,0,1,"738817,105148","5328228,38192","12,20555049","48,062585506",2,1,#66c2a5,bicycle
204909,9,1,63,0,2019,3,14,2,3,0,7,0,1,0,0,0,0,0,"733103,627695","5305916,49754","12,116886275","47,864251341",0,1,#66c2a5,bicycle
204913,9,1,88,139,2019,3,12,2,3,9,1,0,0,0,0,0,0,1,"678403,586316","5322584,1432","11,393147992","48,031606688",1,6,#ffd92f,circle
204914,9,1,79,142,2019,3,8,2,3,2,6,0,0,1,0,0,0,0,"673603,887578","5343809,09162","11,337466456","48,223731419",1,2,#fc8d62,car
204915,9,1,81,118,2019,3,19,2,2,9,1,2,0,1,0,0,0,0,"651916,48679","5329166,98296","11,04043616","48,097645893",1,2,#fc8d62,car
204916,9,1,81,144,2019,3,7,2,3,5,1,0,1,1,0,0,0,0,"655771,596","5321254,171","11,089297883","48,025570272",1,1,#66c2a5,bicycle
204917,9,1,62,0,2019,3,19,1,2,5,3,2,1,1,0,0,0,0,"690957,244497","5336327,58807","11,567522528","48,151503432",0,1,#66c2a5,bicycle
204920,9,7,61,0,2019,3,2,1,3,4,2,2,0,1,0,0,0,0,"639978,263559","5358080,15735","10,889734988","48,360366387",0,2,#fc8d62,car
204921,9,7,61,0,2019,3,12,1,3,5,3,0,0,1,0,0,0,0,"639037,717592","5362849,63765","10,878622534","48,403460189",1,2,#fc8d62,car
204922,9,7,61,0,2019,3,8,1,3,5,3,0,0,1,0,0,0,0,"642938,174863","5362072,18606","10,931028562","48,39559745",1,2,#fc8d62,car
204923,9,7,61,0,2019,3,2,1,2,2,1,2,1,1,0,0,0,0,"640969,389459","5351265,54216","10,900828339","48,298870845",0,1,#66c2a5,bicycle
204929,9,1,75,122,2019,3,11,1,3,8,1,0,0,1,0,0,0,0,"721221,572654","5325816,19472","11,968466956","48,04725537",1,2,#fc8d62,car
204930,9,1,62,0,2019,3,10,7,3,5,3,0,1,1,0,0,0,0,"694133,739884","5336556,67255","11,6102911","48,152600778",0,1,#66c2a5,bicycle
204931,9,1,62,0,2019,3,13,7,3,2,6,0,0,1,0,0,0,0,"691444,059325","5332909,36553","11,572524954","48,120634488",0,2,#fc8d62,car
204932,9,1,62,0,2019,3,23,7,2,3,7,2,0,1,0,0,0,0,"690581,614351","5334746,45048","11,561769501","48,137404903",0,2,#fc8d62,car
204933,9,1,62,0,2019,3,22,7,3,3,6,2,0,1,0,0,1,0,"690360,94283","5342943,63321","11,562477141","48,211146556",0,2,#fc8d62,car
204934,9,1,62,0,2019,3,0,7,3,5,3,2,1,1,0,0,0,0,"689375,363795","5334751,02655","11,545573947","48,13780615",0,1,#66c2a5,bicycle
204936,9,7,61,0,2019,3,2,7,3,6,1,2,1,0,1,0,0,0,"642997,177162","5358052,64804","10,930457785","48,359442488",1,1,#66c2a5,bicycle
204939,9,1,62,0,2019,3,8,3,3,5,3,0,1,0,0,0,0,0,"693719,123409","5335747,28885","11,60435388","48,145452741",0,1,#66c2a5,bicycle
204954,9,1,81,132,2019,3,12,7,3,5,3,0,0,1,0,0,0,0,"643422,093699","5325612,02581","10,925220589","48,067648556",0,2,#fc8d62,car
204955,9,1,74,136,2019,3,23,7,3,0,7,2,0,1,0,0,0,0,"683213,61422","5366100,6733","11,476419354","48,421392617",0,2,#fc8d62,car
204956,9,1,84,123,2019,3,13,6,2,0,7,0,1,0,0,0,0,0,"701745,011446","5332473,82592","11,710581158","48,113540086",0,1,#66c2a5,bicycle
204957,9,1,62,0,2019,3,7,6,3,5,2,0,0,1,0,1,0,0,"689144,986726","5336924,91517","11,54344627","48,157413759",0,2,#fc8d62,car
204958,9,1,62,0,2019,3,10,6,2,6,7,0,0,1,1,0,0,0,"687793,161134","5329941,08053","11,522209308","48,095041959",0,2,#fc8d62,car
204959,9,1,84,123,2019,3,14,6,3,6,4,0,0,1,1,0,0,0,"703398,32807","5332069,72621","11,732575813","48,1093827",0,2,#fc8d62,car
204960,9,7,72,184,2019,3,10,3,3,4,2,0,1,1,0,0,0,0,"635927,49364","5361726,32228","10,836257458","48,394037736",0,1,#66c2a5,bicycle
204961,9,1,62,0,2019,3,14,6,3,5,3,0,1,1,0,0,0,0,"690488,553367","5330109,19127","11,558448395","48,095753005",0,1,#66c2a5,bicycle
204962,9,1,62,0,2019,3,12,6,3,0,1,0,1,0,0,0,0,0,"693359,037501","5336108,92313","11,59968232","48,148812541",0,1,#66c2a5,bicycle
204963,9,1,62,0,2019,3,20,6,3,5,2,2,1,1,0,0,0,0,"691837,749613","5333560,78581","11,578102773","48,126370882",0,1,#66c2a5,bicycle
204964,9,1,62,0,2019,3,0,6,3,5,3,2,1,1,0,0,0,0,"690793,26005","5333301,8094","11,563964593","48,124357106",0,1,#66c2a5,bicycle
204967,9,7,71,146,2019,3,7,3,3,5,3,0,0,1,0,0,0,0,"646885,390528","5348202,00208","10,97948601","48,269979706",0,2,#fc8d62,car
204970,9,7,61,0,2019,3,10,3,3,4,2,0,0,1,0,1,0,0,"641697,798088","5360082,28433","10,91361028","48,377985095",0,2,#fc8d62,car
204973,9,7,61,0,2019,3,9,6,3,4,2,0,1,1,0,0,0,0,"637107,604222","5360168,1512","10,851682553","48,379771377",0,1,#66c2a5,bicycle
204974,9,7,61,0,2019,3,14,6,3,2,1,0,0,1,0,0,0,0,"639692,879","5357537,594","10,885704293","48,355551005",0,2,#fc8d62,car
204975,9,7,61,0,2019,3,20,3,3,5,3,2,0,1,0,0,0,0,"640527,548063","5357766,47141","10,897041459","48,357423798",0,2,#fc8d62,car
204976,9,7,61,0,2019,3,13,6,3,3,6,0,0,1,0,0,0,0,"640667,488122","5360167,72193","10,899732655","48,378983863",0,2,#fc8d62,car
205001,9,1,90,142,2019,3,11,6,2,4,1,0,0,0,0,1,0,1,"658087,732918","5298426,07401","11,111966529","47,819750083",1,4,#e78ac3,marker
205002,9,1,87,174,2019,3,11,6,3,0,1,0,0,0,0,0,0,1,"741881,170157","5311440,85265","12,23715706","47,910632591",0,6,#ffd92f,circle
205003,9,1,82,127,2019,3,8,6,2,6,6,0,0,1,1,0,0,0,"699639,267786","5309053,83997","11,671421247","47,903720187",0,2,#fc8d62,car
205005,9,1,74,115,2019,3,16,6,3,0,3,0,1,1,0,0,0,0,"683407,293849","5348447,90006","11,471348102","48,262668824",0,1,#66c2a5,bicycle
205006,9,1,77,133,2019,3,8,6,3,2,6,0,0,1,0,0,1,1,"707721,693159","5360201,47058","11,80437894","48,360781795",0,2,#fc8d62,car
205007,9,1,62,0,2019,3,17,5,2,6,4,0,0,1,1,0,0,0,"689416,914538","5337171,57413","11,547208972","48,1595498",0,2,#fc8d62,car