OBJECTID,ULAND,UREGBEZ,UKREIS,UGEMEINDE,UJAHR,UMONAT,USTUNDE,UWOCHENTAG,UKATEGORIE,UART,UTYP1,ULICHTVERH,IstRad,IstPKW,IstFuss,IstKrad,IstGkfz,IstSonstig,LINREFX,LINREFY,XGCSWGS84,YGCSWGS84,STRZUSTAND,Teilnehmer,color,symbol
205008,9,1,62,0,2019,3,17,5,2,5,3,1,1,1,0,0,0,0,"690056,987","5333626,533","11,554225246","48,127495959",0,1,#66c2a5,bicycle
205010,9,1,62,0,2019,3,14,5,3,0,7,0,0,0,0,0,0,1,"689693,003717","5335368,67085","11,550114376","48,143262957",0,6,#ffd92f,circle
205011,9,1,62,0,2019,3,9,5,3,4,2,0,0,1,0,0,0,0,"686598,294594","5336415,20838","11,509011501","48,153584758",0,2,#fc8d62,car
205013,9,1,62,0,2019,3,19,5,3,4,6,2,1,0,0,0,0,0,"687603,026465","5341751,65665","11,524863145","48,201254089",0,1,#66c2a5,bicycle
205014,9,1,62,0,2019,3,8,5,3,6,4,0,0,1,1,0,0,0,"692008,456407","5330310,64102","11,578931439","48,097107501",0,2,#fc8d62,car
205015,9,1,62,0,2019,3,6,5,3,1,5,0,1,1,0,0,0,0,"689989,333289","5334038,45669","11,553500621","48,13121854",0,1,#66c2a5,bicycle
205020,9,7,62,0,2019,3,17,5,3,1,6,1,0,1,0,0,0,0,"621819,146493","5303809,41111","10,629186176","47,876057423",0,2,#fc8d62,car
205022,9,7,61,0,2019,3,17,5,3,0,2,0,1,1,0,0,0,0,"639839,331548","5360025,06105","10,888507168","48,377885195",0,1,#66c2a5,bicycle
205023,9,7,72,200,2019,3,15,5,3,0,1,0,1,0,0,0,0,0,"630590,943","5337690,629","10,756771036","48,179024928",0,1,#66c2a5,bicycle
205024,9,7,61,0,2019,3,16,5,3,5,1,0,0,1,0,0,0,1,"639219,429405","5358603,71629","10,879669586","48,365241898",0,2,#fc8d62,car
205048,9,2,61,0,2019,3,22,5,3,0,1,2,1,0,0,0,0,0,"731958,325861","5380374,12445","12,142276602","48,533556279",0,1,#66c2a5,bicycle
205050,9,1,88,137,2019,3,17,5,3,2,6,0,0,1,0,0,0,0,"671821,570833","5315329,17364","11,302025661","47,968189892",0,2,#fc8d62,car
205051,9,1,62,0,2019,3,17,4,3,4,2,0,0,1,0,0,0,0,"687882,537","5334112,454","11,525246104","48,13250903",0,2,#fc8d62,car
205052,9,1,62,0,2019,3,8,4,3,2,1,0,0,1,0,1,0,0,"695992,976204","5333644,95033","11,633922918","48,12586163",1,2,#fc8d62,car
205053,9,1,62,0,2019,3,8,4,3,0,6,0,0,1,0,1,0,0,"692195,64395","5335132,29217","11,583616376","48,140387352",1,2,#fc8d62,car
205055,9,1,62,0,2019,3,7,4,2,1,1,0,0,1,0,1,0,0,"692081,747516","5337041,02897","11,58294821","48,157577096",0,2,#fc8d62,car
205056,9,1,62,0,2019,3,19,4,2,3,2,2,0,1,0,0,0,1,"686500,134089","5334863,25628","11,507013071","48,13966409",0,2,#fc8d62,car
205058,9,1,62,0,2019,3,7,4,3,1,5,0,0,1,0,0,0,0,"695989,802","5338435,066","11,636085532","48,168913437",1,2,#fc8d62,car
205059,9,1,62,0,2019,3,19,4,3,4,2,2,1,1,0,0,0,0,"689978,511","5333911,377","11,553298658","48,130079573",0,1,#66c2a5,bicycle
205064,9,7,61,0,2019,3,15,4,3,6,4,0,0,1,1,0,0,0,"639714,125595","5356344,95131","10,885595118","48,34482235",0,2,#fc8d62,car
205065,9,7,72,202,2019,3,10,4,3,1,1,0,0,1,0,0,0,1,"636294,687308","5356812,5811","10,839622472","48,349774337",0,2,#fc8d62,car
205066,9,7,61,0,2019,3,17,4,3,2,6,1,0,1,0,0,0,0,"636793,116673","5360854,92008","10,847661159","48,386015001",0,2,#fc8d62,car
205090,9,1,81,130,2019,3,10,4,3,2,6,0,0,1,1,0,0,0,"639563,379789","5324319,39819","10,873030523","48,05688091",0,2,#fc8d62,car
205091,9,1,74,113,2019,3,22,4,3,0,1,2,1,0,0,0,0,0,"678508,95942","5344787,77198","11,403862814","48,231167517",0,1,#66c2a5,bicycle
205092,9,1,62,0,2019,3,22,3,3,3,2,2,1,1,0,0,0,0,"689840,951482","5337417,81996","11,553015287","48,161636599",1,1,#66c2a5,bicycle
205093,9,1,83,140,2019,3,14,3,3,4,6,0,0,1,0,0,0,0,"740357,324385","5340280,91209","12,232982477","48,170271455",0,2,#fc8d62,car
205094,9,1,62,0,2019,3,15,3,3,5,3,0,1,1,0,0,0,0,"694184,943504","5334315,678","11,609956914","48,132443953",0,1,#66c2a5,bicycle
205095,9,1,62,0,2019,3,13,3,2,6,4,0,0,1,1,0,0,0,"689106,907942","5342656,82706","11,545485902","48,208943616",0,2,#fc8d62,car
205096,9,1,62,0,2019,3,14,3,3,0,3,0,1,0,0,0,0,1,"693935,375504","5333013,43032","11,606013614","48,120815875",0,1,#66c2a5,bicycle
205097,9,1,62,0,2019,3,18,3,3,3,2,2,1,1,0,0,0,0,"687349,515","5334946,526","11,518456022","48,140163021",1,1,#66c2a5,bicycle
205098,9,1,62,0,2019,3,12,3,3,2,6,0,0,1,0,0,0,0,"692359,797698","5340958,08544","11,588455828","48,192698479",0,2,#fc8d62,car
205099,9,1,62,0,2019,3,9,3,3,2,5,0,1,1,0,0,0,0,"686218,881627","5339624,53561","11,505320401","48,182542413",0,1,#66c2a5,bicycle
205101,9,1,62,0,2019,3,9,3,3,5,2,0,0,1,0,0,0,0,"688016,081","5339008,945","11,529202577","48,176480116",0,2,#fc8d62,car
205102,9,1,62,0,2019,3,10,3,3,5,3,0,0,1,0,0,0,0,"692127,460419","5332268,95286","11,581409938","48,114672708",0,2,#fc8d62,car
205104,9,1,62,0,2019,3,15,3,3,0,5,0,1,1,0,0,0,0,"690451,26355","5334624,65637","11,559964704","48,136349245",0,1,#66c2a5,bicycle
205105,9,1,62,0,2019,3,12,3,3,5,2,0,1,1,0,0,0,0,"692311,987469","5334226,58443","11,584769796","48,132211875",0,1,#66c2a5,bicycle
205108,9,7,61,0,2019,3,13,3,3,5,3,0,0,1,0,0,0,0,"636411,700591","5360452,62549","10,842381553","48,382480199",0,2,#fc8d62,car
205109,9,7,61,0,2019,3,21,3,3,0,4,2,0,0,1,0,0,1,"641320,745467","5360703,87011","10,908730192","48,383658704",0,3,#8da0cb,toilet
205111,9,7,61,0,2019,3,17,3,3,5,3,0,1,1,0,0,0,0,"639628,598479","5359554,9612","10,885506715","48,37370486",1,1,#66c2a5,bicycle
205112,9,7,71,140,2019,3,16,3,3,8,6,0,0,1,0,0,0,0,"654977,330401","5374194,01802","11,098049566","48,501734476",1,2,#fc8d62,car
205115,9,1,79,142,2019,3,18,3,3,1,5,1,0,1,0,0,0,0,"674097,870021","5342841,57624","11,343714604","48,214898761",0,2,#fc8d62,car
205118,9,1,79,134,2019,3,17,3,3,1,1,0,0,0,0,1,0,1,"669888,886824","5342358,36103","11,28690695","48,21169557",0,4,#e78ac3,marker
205125,9,1,81,130,2019,3,15,3,2,5,3,0,1,1,0,0,0,0,"639119,541771","5324708,44491","10,867203756","48,060476266",0,1,#66c2a5,bicycle
205130,9,1,88,120,2019,3,11,3,2,0,7,0,0,1,0,0,0,0,"673465,051961","5326428,91767","11,328517165","48,067530378",0,2,#fc8d62,car
205131,9,1,87,182,2019,3,12,3,3,0,7,0,0,0,0,1,0,0,"741002,562732","5328198,29603","12,234819869","48,061493628",0,4,#e78ac3,marker
205133,9,1,74,122,2019,3,19,3,3,0,1,2,1,0,0,0,0,0,"682413,917393","5351529,37347","11,459305296","48,290653309",1,1,#66c2a5,bicycle
205134,9,1,77,117,2019,3,14,3,3,5,3,0,0,1,0,0,0,0,"714731,316799","5350937,66797","11,894173867","48,275200206",0,2,#fc8d62,car
205137,9,1,79,121,2019,3,11,3,3,2,6,0,0,1,0,0,0,0,"666503,03113","5337782,75889","11,239571801","48,171458224",0,2,#fc8d62,car
205138,9,7,72,202,2019,3,13,2,3,6,4,0,0,1,1,0,0,0,"636056,820781","5359774,8996","10,837371708","48,376462754",0,2,#fc8d62,car
205139,9,7,61,0,2019,3,18,2,3,1,5,1,1,1,0,0,0,0,"640457,753342","5358354,28414","10,896296036","48,362724756",1,1,#66c2a5,bicycle
205154,9,1,73,147,2019,3,15,2,3,4,2,0,1,1,0,0,0,0,"681856,497253","5308790,14684","11,433587442","47,906637382",0,1,#66c2a5,bicycle
205155,9,1,79,145,2019,3,13,2,3,5,3,0,1,1,0,0,0,0,"675201,819155","5338954,82937","11,356958999","48,179656006",0,1,#66c2a5,bicycle
205156,9,1,81,144,2019,3,22,2,2,0,1,2,1,0,0,0,0,0,"655368,055597","5320743,75154","11,083704035","48,021079271",0,1,#66c2a5,bicycle
205158,9,1,74,115,2019,3,11,2,2,0,3,0,1,1,0,0,0,0,"682387,559364","5348624,16399","11,457696706","48,264547546",0,1,#66c2a5,bicycle
205159,9,1,62,0,2019,3,14,1,3,5,2,0,0,1,0,0,0,0,"693929,799632","5331209,37291","11,605118509","48,104603253",0,2,#fc8d62,car
205160,9,1,62,0,2019,3,20,1,3,5,3,2,0,1,0,0,0,0,"694855,209283","5343132,04098","11,622996621","48,211476104",1,2,#fc8d62,car
205161,9,1,62,0,2019,3,20,1,3,0,7,2,0,1,0,0,0,1,"686223,582672","5334121,29677","11,502974863","48,133076076",1,2,#fc8d62,car
205162,9,1,62,0,2019,3,20,1,2,4,2,2,1,1,0,0,0,0,"696954,335412","5336190,25458","11,64800511","48,148440497",1,1,#66c2a5,bicycle
205163,9,1,62,0,2019,3,14,1,3,0,7,0,0,1,1,0,0,0,"691234,684578","5334537,30137","11,570444931","48,135329169",0,2,#fc8d62,car
205165,9,1,62,0,2019,3,10,1,3,3,6,0,0,1,0,1,0,0,"683379,864113","5339473,87274","11,467097308","48,182013951",0,2,#fc8d62,car
205166,9,1,62,0,2019,3,17,1,3,5,2,0,1,1,0,0,0,0,"689531,328086","5331519,29816","11,546231362","48,108712638",0,1,#66c2a5,bicycle
205168,9,1,62,0,2019,3,11,1,3,5,3,0,1,1,0,0,0,0,"687134,776715","5330247,4471","11,513509827","48,097989363",0,1,#66c2a5,bicycle
205169,9,1,62,0,2019,3,20,1,3,5,3,2,1,1,0,0,0,0,"687719,426368","5329919,06771","11,521210307","48,094865824",1,1,#66c2a5,bicycle
205170,9,1,62,0,2019,3,13,1,3,1,5,0,1,1,0,0,0,0,"695545,319689","5330802,54309","11,626610327","48,100453043",0,1,#66c2a5,bicycle
205171,9,1,62,0,2019,3,18,1,3,5,2,2,1,1,0,0,0,0,"691661,2553","5332796,84682","11,575389882","48,119557841",1,1,#66c2a5,bicycle
205172,9,1,62,0,2019,3,16,1,3,6,7,0,1,0,1,0,0,0,"690231,748902","5338916,63835","11,558935884","48,174991088",0,1,#66c2a5,bicycle
205173,9,7,72,200,2019,3,16,1,3,2,6,0,0,1,0,0,0,0,"631309,788872","5338246,66478","10,766608385","48,183876984",0,2,#fc8d62,car
205174,9,7,61,0,2019,3,18,1,3,5,3,2,0,1,0,0,0,0,"638939,525201","5360132,82696","10,876397853","48,379052985",1,2,#fc8d62,car
205175,9,7,61,0,2019,3,14,1,3,0,1,0,1,0,0,0,0,0,"643338,464114","5360131,82218","10,935771077","48,378059927",0,1,#66c2a5,bicycle
205177,9,7,61,0,2019,3,16,1,3,8,7,0,0,1,0,0,0,0,"636564,141024","5352924,43605","10,841997345","48,314753905",0,2,#fc8d62,car
205191,9,1,87,164,2019,3,12,1,3,2,7,0,0,1,0,0,0,0,"734272,867748","5324035,82811","12,142356997","48,026605992",0,2,#fc8d62,car
205192,9,1,87,177,2019,3,10,1,3,0,1,0,1,0,0,0,0,0,"736139,46128","5304561,19584","12,156675952","47,850967172",0,1,#66c2a5,bicycle
205193,9,1,63,0,2019,3,15,1,3,0,1,0,1,0,0,0,0,0,"732684,422187","5304110,72608","12,11031818","47,848179987",0,1,#66c2a5,bicycle
205194,9,1,79,134,2019,3,14,1,3,5,3,0,0,1,0,0,0,0,"672490,972282","5344169,89338","11,322641401","48,227278391",0,2,#fc8d62,car
205195,9,1,78,145,2019,3,18,1,2,0,1,2,1,0,0,0,0,0,"697470,224334","5354596,99225","11,663510321","48,313704174",1,1,#66c2a5,bicycle
205196,9,1,78,157,2019,3,14,1,3,0,6,0,1,1,0,0,0,0,"705120,649683","5369869,95174","11,774030376","48,448513177",0,1,#66c2a5,bicycle
205197,9,1,62,0,2019,3,23,7,3,6,4,2,0,1,1,0,0,0,"691521,568712","5334386,97916","11,574229416","48,13389182",1,2,#fc8d62,car
205198,9,1,62,0,2019,3,4,7,3,1,7,2,0,1,0,0,0,0,"690665,296749","5335207,42735","11,563099549","48,141523075",1,2,#fc8d62,car
205199,9,1,62,0,2019,3,8,7,3,5,3,0,1,1,0,0,0,0,"689546,779454","5334506,15012","11,54776678","48,135554148",0,1,#66c2a5,bicycle
205200,9,1,62,0,2019,3,17,7,3,4,2,0,1,1,0,0,0,0,"692356,947188","5332482,64629","11,584586443","48,116524079",0,1,#66c2a5,bicycle
205201,9,1,62,0,2019,3,19,7,3,5,3,2,0,1,0,0,0,0,"692624,483556","5334825,01883","11,589236044","48,137495973",0,2,#fc8d62,car
205202,9,1,62,0,2019,3,0,7,3,2,7,2,0,1,0,0,0,0,"691294,669596","5336054,3519","11,571931854","48,148946227",1,2,#fc8d62,car
205203,9,1,62,0,2019,3,17,7,3,3,6,0,1,0,0,0,0,0,"689792,369978","5337403,23579","11,55235612","48,16152002",0,1,#66c2a5,bicycle
205204,9,1,62,0,2019,3,19,7,3,3,6,2,1,0,0,0,0,0,"692245,532177","5337236,6115","11,585236693","48,159285453",0,1,#66c2a5,bicycle
205206,9,7,78,116,2019,3,19,7,3,2,6,2,0,1,0,0,0,0,"619206,524364","5318585,8804","10,59835223","48,009444124",0,2,#fc8d62,car
205211,9,7,61,0,2019,3,12,7,3,0,1,0,1,0,0,0,0,0,"641453,145642","5359362,17839","10,910065901","48,371565092",0,1,#66c2a5,bicycle
205217,9,1,90,138,2019,3,16,3,3,0,6,0,1,0,0,0,0,1,"662881,673","5308369,819","11,179710467","47,907957492",0,1,#66c2a5,bicycle
205220,9,1,90,157,2019,3,16,3,2,0,5,0,1,1,0,0,0,0,"659570,30737","5301241,28006","11,132796196","47,844696209",0,1,#66c2a5,bicycle
205225,9,2,61,0,2019,3,17,7,3,5,3,0,0,1,0,0,0,0,"731101,601774","5382064,15573","12,131626158","48,549053646",0,2,#fc8d62,car
205227,9,1,63,0,2019,3,7,3,3,5,3,0,1,1,0,0,0,0,"733210,966042","5306562,08717","12,118667586","47,870012404",0,1,#66c2a5,bicycle
205230,9,1,63,0,2019,3,13,7,3,5,3,0,0,1,0,0,0,0,"733324,112876","5305282,10725","12,119487642","47,858471919",0,2,#fc8d62,car
205231,9,1,87,179,2019,3,16,7,1,6,4,0,0,1,1,0,0,0,"722155,82036","5315089,05205","11,975433456","47,950547361",0,2,#fc8d62,car
205232,9,1,79,123,2019,3,12,7,3,5,3,0,1,1,0,0,0,0,"676661,793788","5334301,3025","11,37464998","48,137420299",0,1,#66c2a5,bicycle
205233,9,1,79,121,2019,3,18,7,3,5,3,2,0,1,0,0,0,0,"667075,670204","5338519,98758","11,247557805","48,177935621",0,2,#fc8d62,car
205234,9,1,74,131,2019,3,15,7,3,0,1,0,1,0,0,0,0,0,"676968,998406","5358211,66401","11,388768578","48,352265334",0,1,#66c2a5,bicycle
205235,9,1,77,112,2019,3,18,7,3,0,6,1,1,0,0,1,0,0,"716652,784619","5364151,56075","11,926829816","48,393271865",0,1,#66c2a5,bicycle
205236,9,1,62,0,2019,3,18,6,3,3,2,2,1,1,0,0,0,0,"688966,744106","5337169,90004","11,541160686","48,159668694",1,1,#66c2a5,bicycle
205237,9,1,62,0,2019,3,21,6,3,5,3,2,0,1,0,0,0,1,"683077,701951","5335670,91486","11,461399016","48,147917785",1,2,#fc8d62,car
205239,9,1,62,0,2019,3,13,6,3,4,2,0,0,1,0,0,0,0,"691103,12111","5336128,07335","11,569392294","48,149666403",1,2,#fc8d62,car
205240,9,1,84,119,2019,3,12,6,3,5,3,0,0,1,0,0,0,0,"694854,787786","5347644,44667","11,625065829","48,252030923",1,2,#fc8d62,car
205241,9,1,62,0,2019,3,13,6,3,6,2,0,0,1,1,0,0,0,"690342,01373","5333899,96247","11,558173966","48,129868383",1,2,#fc8d62,car
205242,9,1,62,0,2019,3,12,6,2,3,7,0,0,1,0,0,0,1,"689023,470955","5332205,55526","11,539719708","48,115031735",1,2,#fc8d62,car
205243,9,1,62,0,2019,3,8,6,3,6,4,0,0,0,1,0,0,1,"682977,998139","5335530,64816","11,459999534","48,146685664",1,3,#8da0cb,toilet
205244,9,1,62,0,2019,3,15,6,3,5,3,0,0,1,0,1,0,0,"690455,651631","5340138,29111","11,562492154","48,185904117",1,2,#fc8d62,car
205246,9,1,62,0,2019,3,8,6,3,6,4,0,0,1,1,0,0,0,"693985,865736","5336059,47659","11,608078354","48,148177289",1,2,#fc8d62,car
205247,9,1,62,0,2019,3,15,6,3,5,3,1,0,1,0,0,0,0,"690144,841792","5334732,52951","11,555898321","48,13741044",1,2,#fc8d62,car
205249,9,1,62,0,2019,3,9,6,3,5,2,0,1,1,0,0,0,0,"692333,135421","5334253,8352","11,585066036","48,132450409",1,1,#66c2a5,bicycle
205254,9,1,88,121,2019,3,5,3,3,5,3,2,0,1,0,0,0,0,"670823,60712","5330161,99745","11,294582206","48,101803005",0,2,#fc8d62,car
205257,9,7,73,182,2019,3,10,6,3,1,7,0,0,1,0,0,0,0,"624142,30908","5380257,80033","10,682628514","48,56311355",1,2,#fc8d62,car
205258,9,7,61,0,2019,3,15,6,3,1,1,0,1,1,0,0,0,0,"638389,978629","5352726,93863","10,866546225","48,312581074",1,1,#66c2a5,bicycle
205259,9,7,61,0,2019,3,10,6,3,6,2,0,0,1,1,0,0,0,"639904,321056","5358611,49192","10,888914016","48,365160389",1,2,#fc8d62,car
205262,9,1,79,121,2019,3,6,3,3,4,2,0,0,1,0,0,0,0,"666503,051573","5337758,52581","11,239562584","48,171240363",0,2,#fc8d62,car
205265,9,1,77,117,2019,3,19,3,2,6,4,1,0,1,1,0,0,0,"715949,111786","5354082,89624","11,912173198","48,30304637",0,2,#fc8d62,car
205276,9,1,77,133,2019,3,6,3,2,2,6,0,1,1,0,0,0,0,"705267,131998","5356162,66406","11,769313058","48,32529129",0,1,#66c2a5,bicycle
205279,9,1,84,134,2019,3,15,2,3,6,7,0,0,1,1,0,0,0,"693574,837839","5322316,85154","11,596330009","48,024786796",0,2,#fc8d62,car
205281,9,2,61,0,2019,3,14,6,3,3,6,0,0,1,0,0,1,0,"732983,32","5381962,852","12,157028235","48,547447693",1,2,#fc8d62,car
205284,9,1,63,0,2019,3,19,6,2,6,2,2,0,1,1,0,0,0,"734557,314","5304274,333","12,135403408","47,848969251",1,2,#fc8d62,car
205285,9,1,82,125,2019,3,21,6,3,1,7,2,0,1,0,0,0,0,"712489,735292","5297632,2729","11,837555489","47,796954964",1,2,#fc8d62,car
205288,9,1,62,0,2019,3,18,2,3,0,2,1,0,0,0,0,0,1,"687984,942","5343313,59","11,530689979","48,215179906",0,6,#ffd92f,circle
205289,9,1,81,130,2019,3,10,6,3,2,6,0,0,1,0,0,0,0,"639166,580101","5324524,57381","10,867774907","48,058812581",1,2,#fc8d62,car
205290,9,1,74,115,2019,3,18,6,3,1,7,1,0,1,0,0,0,0,"681313,960645","5347409,09209","11,442722833","48,253933935",1,2,#fc8d62,car
205291,9,1,84,149,2019,3,7,2,3,5,3,0,0,1,0,0,0,0,"691315,264956","5349606,85894","11,578319698","48,270746697",0,2,#fc8d62,car
205292,9,1,74,115,2019,3,12,6,3,5,3,0,0,1,0,0,0,0,"680525,797044","5347308,6778","11,432071555","48,253256342",1,2,#fc8d62,car
205293,9,1,78,124,2019,3,14,6,3,6,4,0,1,0,1,0,0,0,"702386,348739","5364321,87484","11,734418506","48,399541776",1,1,#66c2a5,bicycle
205294,9,1,77,117,2019,3,19,6,3,6,2,2,0,1,1,0,0,0,"716328,438102","5354864,48288","11,917682296","48,309939375",0,2,#fc8d62,car
205295,9,1,62,0,2019,3,15,5,3,2,6,0,0,1,0,0,0,0,"690163,294472","5333940,74494","11,55579268","48,130288355",1,2,#fc8d62,car
205296,9,1,62,0,2019,3,14,5,3,5,3,0,1,1,0,0,0,0,"690081,156099","5333135,71872","11,554330841","48,123077285",0,1,#66c2a5,bicycle
205297,9,1,62,0,2019,3,16,2,2,0,7,0,1,0,0,0,0,0,"692913,072485","5335067,18588","11,59322079","48,139585089",0,1,#66c2a5,bicycle
205298,9,1,62,0,2019,3,12,5,3,0,3,0,0,1,0,0,0,1,"688830,969486","5342491,81874","11,541701976","48,207542668",1,2,#fc8d62,car
205299,9,1,62,0,2019,3,15,5,3,1,5,0,0,1,0,0,0,0,"686418,544888","5337544,8683","11,507091961","48,163791211",1,2,#fc8d62,car
205300,9,1,62,0,2019,3,12,5,3,5,2,0,0,1,0,0,0,0,"690084,219251","5334231,83444","11,554860868","48,132928294",0,2,#fc8d62,car
205301,9,1,62,0,2019,3,15,5,3,6,4,0,0,1,1,0,0,0,"684221,828406","5331850,24906","11,475114589","48,113245141",1,2,#fc8d62,car
205302,9,1,62,0,2019,3,0,5,3,5,2,2,0,1,0,0,0,0,"690064,104","5331929,71","11,553564367","48,112242704",1,2,#fc8d62,car
205303,9,1,62,0,2019,3,17,5,3,3,7,1,0,1,0,1,0,0,"692386,518309","5338142,68036","11,587540429","48,16738633",1,2,#fc8d62,car
205304,9,1,62,0,2019,3,12,5,3,5,3,0,0,1,0,0,0,0,"689301,884939","5340719,05806","11,54724356","48,191468894",1,2,#fc8d62,car
205305,9,1,62,0,2019,3,9,5,3,1,6,0,0,1,0,1,0,0,"690848,453","5340313,116","11,567850153","48,187357535",0,2,#fc8d62,car
205306,9,1,62,0,2019,3,16,5,3,6,2,0,0,1,1,0,0,0,"690353,643242","5334221,63992","11,558473812","48,132756143",1,2,#fc8d62,car
205307,9,1,62,0,2019,3,15,5,3,6,4,0,0,1,1,0,0,0,"696482,36869","5337101,80484","11,642087458","48,156778891",1,2,#fc8d62,car
205309,9,1,62,0,2019,3,18,5,2,0,3,1,1,0,0,0,0,0,"693415,369751","5333031,64417","11,599041746","48,121137746",1,1,#66c2a5,bicycle
205310,9,1,62,0,2019,3,14,5,3,2,6,0,1,1,0,0,0,0,"689424,689741","5337212,20594","11,547331514","48,159912683",1,1,#66c2a5,bicycle
205311,9,1,62,0,2019,3,8,2,3,3,7,0,1,1,0,0,0,0,"689555,812614","5335293,69619","11,548238582","48,14262997",0,1,#66c2a5,bicycle
205312,9,1,62,0,2019,3,7,5,3,5,3,0,1,0,0,0,0,0,"689351,542112","5335994,68144","11,545807106","48,148991298",1,1,#66c2a5,bicycle
205313,9,1,62,0,2019,3,8,5,3,6,7,0,0,1,0,0,0,1,"692173,699511","5332392,06293","11,582086025","48,115765253",1,2,#fc8d62,car
205314,9,1,62,0,2019,3,18,5,3,5,3,1,0,1,0,0,0,0,"694188,133479","5335874,11314","11,610710301","48,146449602",1,2,#fc8d62,car
205315,9,1,62,0,2019,3,13,5,3,6,7,0,0,0,1,0,0,1,"691955,425508","5334609,22479","11,580154874","48,135758622",1,3,#8da0cb,toilet
205319,9,1,62,0,2019,3,19,2,3,6,4,1,0,1,1,0,0,0,"689659,037284","5333408,25088","11,548785454","48,12565271",0,2,#fc8d62,car
205320,9,7,61,0,2019,3,17,5,2,0,3,0,0,1,0,1,0,0,"639998,702482","5359446,53755","10,890465571","48,372647948",1,2,#fc8d62,car
205321,9,7,61,0,2019,3,11,5,3,2,6,0,0,1,0,0,0,0,"637393,827404","5360789,21316","10,85574904","48,385293614",0,2,#fc8d62,car
205322,9,7,61,0,2019,3,14,5,3,8,1,0,0,1,0,0,0,0,"637557,581","5357299,296","10,856818031","48,353877033",1,2,#fc8d62,car
205323,9,7,61,0,2019,3,18,5,3,6,2,2,0,1,1,0,0,0,"641060,655522","5359208,83338","10,904717648","48,370274121",1,2,#fc8d62,car
205324,9,1,62,0,2019,3,8,2,3,2,6,0,0,1,0,0,0,0,"691339,335508","5340347,67433","11,574463593","48,187520473",0,2,#fc8d62,car
205327,9,1,62,0,2019,3,12,2,3,2,6,0,0,1,0,0,1,0,"696951,869614","5330764,12112","11,645464899","48,099674528",0,2,#fc8d62,car
205334,9,7,72,147,2019,3,18,2,3,1,7,1,0,1,0,0,0,0,"638299,154326","5364892,8041","10,869322428","48,421994286",0,2,#fc8d62,car
205337,9,7,61,0,2019,3,10,2,3,6,4,0,0,1,1,0,0,0,"639261,052288","5358854,54469","10,880314292","48,367488106",0,2,#fc8d62,car
205340,9,7,61,0,2019,3,14,2,3,2,6,0,0,1,0,0,0,0,"642998,694167","5359451,29511","10,930953754","48,372018077",0,2,#fc8d62,car
205354,9,1,63,0,2019,3,15,5,3,8,1,0,0,1,0,0,0,0,"734406,021086","5305321,23308","12,133951379","47,858429726",1,2,#fc8d62,car
205355,9,1,63,0,2019,3,14,5,3,6,7,0,0,1,1,0,0,0,"734021,74887","5305111,53629","12,128708226","47,856685856",1,2,#fc8d62,car
205358,9,1,88,127,2019,3,15,5,3,2,6,0,0,1,0,0,0,0,"676751,729969","5329864,90764","11,374018793","48,097515399",1,2,#fc8d62,car
205360,9,1,75,132,2019,3,18,5,3,5,3,2,1,1,0,0,0,0,"707452,621415","5330918,20035","11,78641772","48,097727251",1,1,#66c2a5,bicycle
205361,9,1,62,0,2019,3,7,4,3,3,2,0,1,1,0,0,0,0,"698354,615","5333321,293","11,665474646","48,122221416",1,1,#66c2a5,bicycle
205362,9,1,62,0,2019,3,19,4,3,6,4,2,0,1,1,0,0,0,"694908,381218","5330855,01308","11,618088058","48,101119774",1,2,#fc8d62,car
205363,9,1,62,0,2019,3,16,4,3,6,7,0,0,0,1,0,0,1,"686930,371359","5339283,40878","11,514732909","48,179267355",0,3,#8da0cb,toilet
205364,9,1,62,0,2019,3,17,4,3,0,7,0,0,0,0,0,0,1,"698301,393091","5333603,1224","11,66489136","48,124770865",0,6,#ffd92f,circle
205365,9,1,62,0,2019,3,11,4,3,2,6,0,0,1,0,0,1,0,"692505,625382","5340425,39449","11,59017461","48,187866639",0,2,#fc8d62,car
205366,9,1,62,0,2019,3,7,4,3,0,7,0,0,1,0,0,0,1,"679344,707626","5336948,18038","11,411795454","48,160462536",1,2,#fc8d62,car
205367,9,1,62,0,2019,3,12,4,3,5,3,0,0,1,0,0,0,0,"686219,503","5334378,534","11,503032527","48,135389416",0,2,#fc8d62,car
205368,9,1,62,0,2019,3,18,4,3,5,3,2,0,1,0,0,0,0,"682813,494301","5334181,43142","11,457210826","48,134605282",0,2,#fc8d62,car
205370,9,1,62,0,2019,3,10,4,3,0,1,0,1,0,0,0,0,0,"687389,28705","5339595,33029","11,521037956","48,181935793",0,1,#66c2a5,bicycle
205371,9,1,62,0,2019,3,9,4,3,5,3,0,1,1,0,0,0,0,"689235,203174","5337339,60725","11,544842632","48,161114193",1,1,#66c2a5,bicycle
205372,9,7,78,116,2019,3,16,4,2,6,6,0,1,0,1,0,0,0,"618894,554901","5318322,53469","10,594097935","48,007133789",0,1,#66c2a5,bicycle
205376,9,7,61,0,2019,3,7,4,3,0,1,0,1,0,0,0,0,0,"637273,38158","5360182,3569","10,853924851","48,379863065",0,1,#66c2a5,bicycle