OBJECTID,ULAND,UREGBEZ,UKREIS,UGEMEINDE,UJAHR,UMONAT,USTUNDE,UWOCHENTAG,UKATEGORIE,UART,UTYP1,ULICHTVERH,IstRad,IstPKW,IstFuss,IstKrad,IstGkfz,IstSonstig,LINREFX,LINREFY,XGCSWGS84,YGCSWGS84,STRZUSTAND,Teilnehmer,color,symbol
205377,9,7,61,0,2019,3,9,4,3,2,1,0,0,1,0,0,0,0,"638150,722877","5355888,42682","10,864357207","48,341061195",0,2,#fc8d62,car
205378,9,7,61,0,2019,3,9,4,3,0,1,0,0,0,0,1,0,0,"642022,746502","5359578,85618","10,917826035","48,373385436",1,4,#e78ac3,marker
205379,9,7,61,0,2019,3,23,4,3,6,2,2,0,1,1,0,0,0,"640776,961129","5359246,71334","10,900901848","48,370678069",1,2,#fc8d62,car
205380,9,7,61,0,2019,3,17,4,3,0,1,0,1,0,0,0,0,0,"640116,868918","5359148,36868","10,891960964","48,369940679",0,1,#66c2a5,bicycle
205407,9,1,90,157,2019,3,13,4,2,1,5,0,1,1,0,0,0,0,"660523,762927","5300549,3093","11,145274112","47,838237233",0,1,#66c2a5,bicycle
205409,9,1,87,122,2019,3,14,4,3,0,3,0,1,1,0,0,0,0,"717033,711","5309216,489","11,903965414","47,899534079",0,1,#66c2a5,bicycle
205412,9,1,78,124,2019,3,19,4,3,5,2,2,0,1,0,1,0,0,"703557,645803","5364679,23961","11,750398103","48,40237611",0,2,#fc8d62,car
205413,9,1,62,0,2019,3,17,3,3,3,2,0,1,1,0,0,0,0,"691919,921746","5333881,74041","11,579350459","48,12923081",0,1,#66c2a5,bicycle
205414,9,1,62,0,2019,3,18,3,3,5,3,1,0,1,0,0,0,0,"691294,669596","5336054,3519","11,571931854","48,148946227",0,2,#fc8d62,car
205415,9,1,62,0,2019,3,7,3,3,4,1,0,1,1,0,0,0,0,"695837,471082","5333571,85021","11,631801806","48,125252499",0,1,#66c2a5,bicycle
205416,9,1,62,0,2019,3,18,3,3,5,2,2,1,1,0,0,0,0,"694558,370023","5335445,5273","11,615486635","48,142484533",0,1,#66c2a5,bicycle
205417,9,1,62,0,2019,3,16,3,3,6,7,0,0,1,1,0,0,0,"686581,870473","5339249,30205","11,510034302","48,179063222",0,2,#fc8d62,car
205419,9,1,62,0,2019,3,18,3,3,6,1,0,0,1,1,0,0,0,"690371,944","5330088,571","11,556874639","48,095602513",0,2,#fc8d62,car
205437,9,2,61,0,2019,3,9,7,3,5,3,0,0,1,0,0,0,0,"734975,145336","5381337,66821","12,183622547","48,541089224",0,2,#fc8d62,car
205438,9,2,74,126,2019,3,11,7,3,0,7,0,1,0,0,0,0,0,"733739,836","5383372,067","12,168054054","48,559824661",0,1,#66c2a5,bicycle
205439,9,2,74,146,2019,3,19,7,2,0,7,2,1,0,0,0,0,0,"732990,461","5377396,344","12,154573632","48,50642548",0,1,#66c2a5,bicycle
205440,9,1,90,139,2019,3,13,7,3,0,1,0,1,0,0,0,0,0,"654951,46669","5296145,10278","11,069281028","47,80000347",0,1,#66c2a5,bicycle
205441,9,1,90,148,2019,3,14,7,2,0,1,0,1,0,0,0,0,0,"640244,819","5296541,488","10,873125162","47,806939825",0,1,#66c2a5,bicycle
205442,9,1,90,140,2019,3,10,7,3,2,6,0,1,1,0,0,0,0,"644695,17","5295074,434","10,932040781","47,792762462",0,1,#66c2a5,bicycle
205444,9,1,73,126,2019,3,12,7,3,5,3,0,0,1,0,0,0,0,"686575,641472","5303030,12046","11,494189441","47,853506301",0,2,#fc8d62,car
205452,9,1,88,139,2019,3,15,7,3,4,6,0,1,0,0,0,0,1,"669513,172261","5318855,23762","11,272515328","48,000505164",0,1,#66c2a5,bicycle
205453,9,1,88,121,2019,3,14,7,3,5,3,0,1,0,0,0,0,0,"672572,345","5330814,893","11,318316293","48,107201039",0,1,#66c2a5,bicycle
205454,9,1,81,144,2019,3,4,7,2,0,1,2,1,0,0,0,0,0,"656160,59","5322168,932","11,094845126","48,033700022",0,1,#66c2a5,bicycle
205455,9,1,74,118,2019,3,16,7,2,0,1,0,1,0,0,0,0,0,"666451,58779","5354526,44245","11,245463109","48,321995774",0,1,#66c2a5,bicycle
205456,9,1,74,113,2019,3,11,7,3,3,5,0,0,1,0,1,0,0,"678679,607089","5345994,76145","11,406667791","48,241968938",0,2,#fc8d62,car
205457,9,1,78,143,2019,3,5,7,2,1,1,2,0,1,0,0,0,0,"717713,388925","5373508,12891","11,945998563","48,476971867",0,2,#fc8d62,car
205458,9,1,78,140,2019,3,10,7,3,0,1,0,1,0,0,0,0,0,"706641,794136","5364889,47528","11,7921224","48,40326206",0,1,#66c2a5,bicycle
205459,9,1,75,116,2019,3,12,7,2,5,2,0,1,1,0,0,0,0,"708291,878466","5320303,32835","11,792510598","48,002064107",0,1,#66c2a5,bicycle
205460,9,1,75,121,2019,3,13,7,3,5,3,0,0,1,0,1,0,0,"713781,948745","5318705,29841","11,86522457","47,985892388",0,2,#fc8d62,car
205461,9,1,62,0,2019,3,16,6,3,6,2,0,0,1,1,0,0,0,"692322,458693","5337519,88966","11,586398141","48,161808227",0,2,#fc8d62,car
205462,9,1,62,0,2019,3,15,6,3,1,7,0,0,1,0,0,0,0,"690868,88431","5340001,48949","11,567984757","48,184550545",0,2,#fc8d62,car
205463,9,1,62,0,2019,3,10,6,2,0,7,0,1,0,0,0,0,0,"690928,232956","5333388,04005","11,565815159","48,12509168",0,1,#66c2a5,bicycle
205464,9,1,62,0,2019,3,21,6,3,1,7,2,1,1,0,0,0,0,"691417,765407","5336471,8393","11,573772883","48,152661516",0,1,#66c2a5,bicycle
205465,9,1,62,0,2019,3,17,6,3,2,6,0,0,1,0,0,0,0,"691273,278545","5342912,68468","11,574731434","48,210594124",0,2,#fc8d62,car
205466,9,1,62,0,2019,3,11,6,3,6,7,0,1,0,1,0,0,0,"691171,40315","5340343,71853","11,572204653","48,187535479",0,1,#66c2a5,bicycle
205467,9,1,62,0,2019,3,17,6,3,6,7,0,0,1,1,0,0,0,"689922,562","5343924,259","11,557021252","48,220091627",0,2,#fc8d62,car
205468,9,1,84,148,2019,3,7,6,3,0,3,0,1,0,0,0,0,1,"694433,372771","5326446,12798","11,609708041","48,061639127",0,1,#66c2a5,bicycle
205469,9,1,62,0,2019,3,13,6,3,4,2,0,1,1,0,0,0,0,"689901,563258","5335317,70556","11,552892506","48,142742663",0,1,#66c2a5,bicycle
205471,9,7,78,203,2019,3,12,6,2,5,3,0,0,1,0,0,0,0,"622959,218956","5324963,08195","10,65047934","48,066085837",0,2,#fc8d62,car
205472,9,7,78,116,2019,3,11,6,3,0,4,0,0,1,1,0,0,0,"618874,587663","5318052,46788","10,593755481","48,004708605",0,2,#fc8d62,car
205478,9,7,72,202,2019,3,16,6,3,5,3,0,1,1,0,0,0,0,"636637,762453","5359744,37993","10,84520286","48,376062789",0,1,#66c2a5,bicycle
205479,9,7,61,0,2019,3,19,6,3,4,2,1,0,1,0,0,0,0,"640785,330688","5359239,52223","10,901012389","48,370611542",0,2,#fc8d62,car
205510,9,2,61,0,2019,3,7,6,3,4,2,0,1,1,0,0,0,0,"732867,638168","5379221,7536","12,153931892","48,52286819",0,1,#66c2a5,bicycle
205511,9,1,90,148,2019,3,20,6,2,6,3,2,0,1,1,0,0,0,"641232,709829","5296666,37634","10,886352855","47,807846887",0,2,#fc8d62,car
205515,9,1,63,0,2019,3,20,6,3,4,2,2,1,1,0,0,0,0,"732651,684641","5304857,48388","12,110282771","47,854900819",0,1,#66c2a5,bicycle
205516,9,1,63,0,2019,3,16,6,3,3,6,0,0,1,0,1,0,0,"733784,730647","5303905,78466","12,124892855","47,845939616",0,2,#fc8d62,car
205517,9,1,87,150,2019,3,17,6,3,9,1,0,0,1,0,0,0,0,"729839,493323","5303335,69439","12,071935008","47,842240118",0,2,#fc8d62,car
205518,9,1,87,150,2019,3,13,6,3,6,4,0,1,0,1,0,0,0,"728658,615172","5304996,61492","12,057052866","47,857583838",0,1,#66c2a5,bicycle
205519,9,1,87,150,2019,3,14,6,3,3,6,0,0,1,0,1,0,0,"730512,969725","5304085,95854","12,081322544","47,848739722",0,2,#fc8d62,car
205523,9,1,79,121,2019,3,9,6,3,5,3,0,0,1,0,0,0,0,"666503,079347","5337759,88054","11,239563488","48,171252535",0,2,#fc8d62,car
205524,9,1,79,121,2019,3,19,6,3,5,3,2,1,1,0,0,0,0,"666713,297","5338439,458","11,242655329","48,177306838",0,1,#66c2a5,bicycle
205525,9,1,79,121,2019,3,15,6,2,1,6,0,0,1,0,0,0,0,"667574,156452","5337925,0673","11,254023683","48,172456056",0,2,#fc8d62,car
205526,9,1,74,147,2019,3,7,6,3,4,6,0,0,1,0,0,0,0,"674405,623464","5365719,70083","11,357314607","48,420467889",0,2,#fc8d62,car
205527,9,1,74,141,2019,3,7,6,3,0,3,0,1,1,0,0,0,0,"681013,88844","5356126,00778","11,442420102","48,332372186",0,1,#66c2a5,bicycle
205528,9,1,77,133,2019,3,15,6,3,2,6,0,0,1,0,0,0,0,"706537,315534","5359980,61465","11,788300417","48,359185697",0,2,#fc8d62,car
205529,9,1,78,145,2019,3,22,6,3,5,3,2,1,1,0,0,0,0,"696453,401778","5354391,70447","11,649714944","48,312175898",0,1,#66c2a5,bicycle
205530,9,1,78,124,2019,3,16,6,3,5,3,0,1,1,0,0,0,0,"703625,595739","5364483,63164","11,751220252","48,400596402",0,1,#66c2a5,bicycle
205531,9,1,77,130,2019,3,17,6,3,5,3,0,0,1,0,1,0,0,"712325,559969","5351991,02502","11,862320207","48,285476241",0,2,#fc8d62,car
205532,9,1,62,0,2019,3,17,5,3,5,3,0,0,1,0,0,0,1,"688701,621507","5337859,41227","11,537904929","48,165944831",0,2,#fc8d62,car
205533,9,1,62,0,2019,3,16,5,3,5,3,0,1,0,0,0,0,0,"691489,714148","5337028,85664","11,574989936","48,157646245",0,1,#66c2a5,bicycle
205534,9,1,62,0,2019,3,9,5,3,3,2,0,1,0,0,0,0,1,"688629,064077","5331660,61122","11,534184834","48,110250611",0,1,#66c2a5,bicycle
205535,9,1,62,0,2019,3,20,5,3,5,3,2,0,1,0,0,0,0,"691978,629285","5336203,66699","11,581185282","48,15008219",0,2,#fc8d62,car
205536,9,1,62,0,2019,3,11,5,3,1,3,0,0,1,0,0,0,1,"683650,422094","5335439,7803","11,468991872","48,14567512",0,2,#fc8d62,car
205537,9,1,62,0,2019,3,14,5,3,0,7,0,1,0,0,0,0,0,"689490,317252","5338778,19448","11,548910933","48,173968256",0,1,#66c2a5,bicycle
205538,9,1,62,0,2019,3,15,5,3,3,3,0,0,1,0,0,0,0,"687462,903944","5335877,86354","11,520388778","48,148500716",0,2,#fc8d62,car
205539,9,1,62,0,2019,3,17,5,3,0,6,0,1,1,0,0,0,1,"686218,267568","5335199,77244","11,50337501","48,142771374",0,1,#66c2a5,bicycle
205540,9,1,62,0,2019,3,19,5,3,6,2,2,0,0,1,0,0,1,"682460,928853","5337564,67319","11,453926761","48,16511739",0,3,#8da0cb,toilet
205541,9,1,62,0,2019,3,15,5,3,0,7,0,1,0,0,0,0,0,"696854,028521","5330408,37205","11,643988088","48,096507487",0,1,#66c2a5,bicycle
205542,9,1,62,0,2019,3,15,5,3,1,5,0,1,1,0,0,0,0,"693961,946111","5333694,0179","11,606679959","48,126924679",0,1,#66c2a5,bicycle
205543,9,1,62,0,2019,3,7,5,3,5,3,0,1,1,0,0,0,0,"687389,315343","5332615,10751","11,517965251","48,119195855",0,1,#66c2a5,bicycle
205544,9,1,62,0,2019,3,17,5,3,0,7,0,0,0,1,1,0,0,"689965,12","5334338,21","11,553309174","48,13391996",0,3,#8da0cb,toilet
205548,9,7,72,184,2019,3,12,5,3,5,3,0,0,1,0,0,0,0,"636187,063295","5362839,56579","10,840123237","48,403991922",0,2,#fc8d62,car
205549,9,7,61,0,2019,3,19,5,3,5,3,1,1,0,0,0,0,0,"641837,965123","5360093,05053","10,915505751","48,378050406",0,1,#66c2a5,bicycle
205550,9,7,61,0,2019,3,19,5,3,5,2,1,1,1,0,0,0,0,"642763,711","5359806,049","10,927903037","48,375261048",0,1,#66c2a5,bicycle
205551,9,7,61,0,2019,3,12,5,3,4,3,0,0,1,0,0,0,0,"640613,896769","5357243,21635","10,898031627","48,352699629",0,2,#fc8d62,car
205570,9,1,73,123,2019,3,14,5,2,4,2,0,0,1,0,0,0,0,"679325,82","5303349,313","11,397493877","47,858439578",0,2,#fc8d62,car
205571,9,1,90,139,2019,3,23,5,2,0,7,2,0,0,0,1,0,0,"654697,013955","5295065,7981","11,06550045","47,790359924",0,4,#e78ac3,marker
205574,9,1,87,165,2019,3,16,5,3,5,3,0,1,1,0,0,0,0,"733192,098193","5298090,90879","12,113854986","47,793913085",0,1,#66c2a5,bicycle
205575,9,1,87,150,2019,3,12,5,2,1,6,0,0,1,0,1,0,0,"730015,193071","5304092,2377","12,074681897","47,848974428",0,2,#fc8d62,car
205578,9,1,74,126,2019,3,7,5,3,5,3,0,1,1,0,0,0,0,"684557,026287","5344666,28763","11,485177005","48,228344603",0,1,#66c2a5,bicycle
205579,9,1,78,124,2019,3,15,5,3,5,3,0,1,1,0,0,0,0,"703813,816391","5364013,93094","11,753532315","48,396314788",0,1,#66c2a5,bicycle
205580,9,1,78,124,2019,3,11,5,3,5,3,0,0,0,1,0,0,1,"703210,738776","5364552,33233","11,745655","48,401347593",0,3,#8da0cb,toilet
205581,9,1,75,124,2019,3,9,5,3,5,3,0,1,1,0,0,0,0,"713396,205072","5329221,00998","11,865299423","48,08051422",0,1,#66c2a5,bicycle
205582,9,1,62,0,2019,3,8,4,3,3,7,0,0,1,0,0,0,1,"689195,977673","5334927,98737","11,543243721","48,13945005",0,2,#fc8d62,car
205583,9,1,62,0,2019,3,20,4,3,5,3,2,1,1,0,0,0,0,"689572,646711","5333532,71066","11,547681019","48,126797097",0,1,#66c2a5,bicycle
205584,9,1,62,0,2019,3,17,4,3,5,7,0,0,1,0,0,0,0,"686219,470585","5334389,36322","11,503036826","48,135486763",0,2,#fc8d62,car
205585,9,1,84,120,2019,3,13,4,3,5,3,0,0,1,0,0,0,0,"682399,752899","5332763,74669","11,451048182","48,121980798",0,2,#fc8d62,car
205586,9,1,62,0,2019,3,7,4,3,5,3,0,1,1,0,0,0,0,"690935,254332","5342819,48196","11,570144098","48,209858209",0,1,#66c2a5,bicycle
205587,9,1,62,0,2019,3,17,4,2,5,3,0,1,1,0,0,0,0,"693933,57793","5333006,22318","11,605986206","48,120751647",0,1,#66c2a5,bicycle
205588,9,1,62,0,2019,3,8,4,3,4,2,0,0,1,0,1,0,0,"683144,417804","5337553,06627","11,463105245","48,164816525",0,2,#fc8d62,car
205589,9,1,62,0,2019,3,19,4,3,5,2,1,0,1,0,0,0,0,"685066,019236","5339248,89075","11,489661855","48,179502824",0,2,#fc8d62,car
205590,9,1,62,0,2019,3,19,4,3,1,5,2,1,1,0,0,0,0,"688250,892133","5336355,49091","11,531183612","48,152560999",0,1,#66c2a5,bicycle
205591,9,1,84,148,2019,3,14,4,2,6,4,0,0,1,1,0,0,0,"694695,989503","5326806,87895","11,613393346","48,064801374",0,2,#fc8d62,car
205592,9,1,62,0,2019,3,8,4,2,3,6,0,1,0,0,0,0,0,"695127,914338","5336720,81837","11,623719367","48,153771814",0,1,#66c2a5,bicycle
205593,9,1,62,0,2019,3,8,4,3,6,4,0,0,1,1,0,0,0,"687280,477888","5333469,5109","11,516879631","48,126907513",0,2,#fc8d62,car
205594,9,1,62,0,2019,3,15,4,3,5,3,0,1,1,0,0,0,0,"692442,495","5334853,462","11,586805213","48,137806676",0,1,#66c2a5,bicycle
205600,9,7,61,0,2019,3,15,4,3,5,3,0,0,1,0,1,0,0,"638365,687051","5359293,52464","10,868376139","48,371632248",0,2,#fc8d62,car
205601,9,7,61,0,2019,3,7,4,3,2,6,0,0,1,0,1,0,0,"639089,566167","5360245,55258","10,87846035","48,380033527",0,2,#fc8d62,car
205602,9,7,61,0,2019,3,8,4,3,0,7,0,1,0,0,0,0,0,"641791,692523","5361434,42673","10,915333845","48,390121859",0,1,#66c2a5,bicycle
205603,9,7,61,0,2019,3,15,4,3,1,1,0,1,1,0,0,0,0,"640491,063109","5357606,70446","10,896495875","48,355995342",0,1,#66c2a5,bicycle
205604,9,7,61,0,2019,3,14,4,3,2,6,0,0,1,0,0,0,0,"639365,471879","5360114,78481","10,882141118","48,378796812",0,2,#fc8d62,car
205638,9,2,61,0,2019,3,15,4,3,0,1,0,1,0,0,0,0,0,"732901,197494","5382680,82367","12,156318683","48,553927478",0,1,#66c2a5,bicycle
205645,9,1,81,118,2019,3,15,4,2,5,1,0,1,1,0,0,0,0,"653016,212481","5328439,92952","11,054936493","48,090845631",0,1,#66c2a5,bicycle
205647,9,1,74,115,2019,3,17,4,2,0,1,0,1,0,0,0,0,0,"680439,355349","5347164,02564","11,430846422","48,251980726",0,1,#66c2a5,bicycle
205648,9,1,62,0,2019,3,15,3,3,2,5,0,1,1,0,0,0,0,"691693,843224","5334140,01476","11,576431404","48,131620271",0,1,#66c2a5,bicycle
205650,9,1,62,0,2019,3,10,3,3,1,6,0,0,1,0,0,1,0,"688901,803191","5340144,94746","11,541610241","48,186427887",0,2,#fc8d62,car
205651,9,1,62,0,2019,3,8,3,3,1,5,0,1,1,0,0,0,0,"686462,737414","5341875,81267","11,509586387","48,202705928",0,1,#66c2a5,bicycle
205652,9,1,62,0,2019,3,16,3,3,0,7,0,0,1,0,1,0,0,"693523,705051","5332087,31583","11,6000674","48,112617463",0,2,#fc8d62,car
205653,9,1,62,0,2019,3,7,3,3,2,3,0,0,1,0,0,0,0,"691255,550975","5339605,50761","11,573003362","48,180875248",0,2,#fc8d62,car
205659,9,7,62,0,2019,3,18,3,3,1,5,2,0,1,0,0,0,0,"621108,590608","5305546,20095","10,620174422","47,891812129",0,2,#fc8d62,car
205660,9,7,72,125,2019,3,16,3,3,5,3,0,0,1,0,0,0,0,"636074,557694","5348199,97972","10,833874872","48,272376629",0,2,#fc8d62,car
205661,9,7,61,0,2019,3,15,3,3,1,1,0,0,1,0,0,0,0,"641692,488433","5358532,9449","10,913016541","48,364055275",0,2,#fc8d62,car
205675,9,1,82,120,2019,3,17,6,3,8,1,0,1,0,0,0,0,0,"701458,245665","5306151,12428","11,694379185","47,877063759",0,1,#66c2a5,bicycle
205676,9,1,87,165,2019,3,10,6,3,5,2,0,1,1,0,0,0,0,"732917,221626","5297537,5512","12,109893191","47,78904104",0,1,#66c2a5,bicycle
205677,9,1,87,117,2019,3,14,6,3,0,7,0,0,1,1,0,0,0,"725753,051581","5304559,61036","12,018034925","47,85468461",0,2,#fc8d62,car
205683,9,1,88,121,2019,3,10,6,3,5,2,0,1,1,0,0,0,0,"671032,569133","5330353,2579","11,2974634","48,103466334",0,1,#66c2a5,bicycle
205684,9,1,81,114,2019,3,14,6,3,4,6,0,0,1,0,0,0,0,"650156,182266","5313073,48073","11,011168656","47,953357123",0,2,#fc8d62,car
205685,9,1,74,115,2019,3,19,6,3,3,3,2,1,1,0,0,0,0,"680899,113311","5346684,1394","11,436829322","48,247536142",0,1,#66c2a5,bicycle
205686,9,1,74,115,2019,3,18,6,3,4,6,0,1,1,0,0,0,0,"681498,975195","5347568,10267","11,445281247","48,255310257",0,1,#66c2a5,bicycle
205687,9,1,74,115,2019,3,6,6,2,5,3,0,0,1,0,1,0,0,"683396,385366","5348164,66215","11,471078474","48,260126127",0,2,#fc8d62,car
205688,9,1,75,132,2019,3,21,6,2,8,7,2,0,0,0,1,0,0,"708395,169983","5336003,79323","11,801547685","48,143120087",0,4,#e78ac3,marker
205689,9,1,62,0,2019,3,9,5,3,2,6,0,0,1,0,0,0,0,"694341,38936","5336114,81548","11,612878368","48,148566136",0,2,#fc8d62,car
205690,9,1,62,0,2019,3,5,5,3,1,5,1,0,1,0,0,0,1,"692572,095838","5334638,93154","11,588448473","48,135839317",0,2,#fc8d62,car
205691,9,1,62,0,2019,3,13,5,3,2,6,0,0,1,0,0,0,0,"691824,925994","5335681,41687","11,578885561","48,145434666",0,2,#fc8d62,car
205692,9,1,62,0,2019,3,17,5,3,5,2,0,1,1,0,0,0,0,"690162,017413","5333976,74228","11,555791599","48,130612281",0,1,#66c2a5,bicycle
205693,9,1,88,127,2019,3,18,5,3,5,7,1,1,1,0,0,0,0,"679610,419782","5329362,93673","11,412168744","48,092203814",0,1,#66c2a5,bicycle
205694,9,1,62,0,2019,3,11,5,3,1,6,0,0,1,0,0,0,0,"693917,119566","5331193,75598","11,60494126","48,104466752",0,2,#fc8d62,car
205695,9,1,62,0,2019,3,16,5,3,2,6,0,0,1,0,0,0,1,"689077,702238","5334932,2427","11,54165733","48,139523454",0,2,#fc8d62,car
205696,9,1,62,0,2019,3,7,5,3,5,2,0,1,1,0,0,0,0,"694432,178238","5333038,45263","11,612693641","48,120889257",0,1,#66c2a5,bicycle
205697,9,1,62,0,2019,3,9,5,3,1,6,0,1,0,0,0,0,0,"692453,754432","5334040,67753","11,586589232","48,13049813",0,1,#66c2a5,bicycle
205698,9,1,62,0,2019,3,10,5,2,0,7,0,1,0,0,0,0,0,"692959,120775","5330827,58941","11,591920323","48,101466591",0,1,#66c2a5,bicycle
205699,9,1,62,0,2019,3,14,7,3,1,1,0,0,1,0,1,0,0,"690961,617","5337298,39487","11,568016929","48,16022763",0,2,#fc8d62,car
205700,9,1,62,0,2019,3,16,5,3,3,6,0,0,1,0,1,0,0,"691460,111658","5335504,4091","11,573906557","48,143953639",0,2,#fc8d62,car
205701,9,1,62,0,2019,3,16,5,3,5,3,0,1,0,0,0,0,1,"690143,752","5334185,564","11,555639553","48,132494632",0,1,#66c2a5,bicycle
205702,9,1,62,0,2019,3,12,5,3,5,5,0,0,1,0,0,0,1,"680893,378776","5337339,38574","11,43276868","48,1635403",0,2,#fc8d62,car
205703,9,1,62,0,2019,3,19,5,3,6,7,1,0,0,1,0,0,1,"679485,334897","5335821,9909","11,41320981","48,150299592",0,3,#8da0cb,toilet
205704,9,1,62,0,2019,3,20,5,3,3,6,1,0,1,0,0,0,0,"689687,500536","5340133,78647","11,55216569","48,186093455",0,2,#fc8d62,car
205705,9,1,84,122,2019,3,14,5,3,5,7,0,1,1,0,0,0,0,"688607,340055","5323906,363","11,530471275","48,040559754",0,1,#66c2a5,bicycle
205706,9,1,62,0,2019,3,19,5,3,5,7,2,1,1,0,0,0,0,"696771,301","5330170,839","11,642768704","48,094398219",0,1,#66c2a5,bicycle
205707,9,1,62,0,2019,3,14,5,3,3,2,0,1,1,0,0,0,0,"687902,189016","5332265,99594","11,524696004","48,115906813",0,1,#66c2a5,bicycle
205708,9,1,62,0,2019,3,16,5,3,6,4,0,0,1,1,0,0,0,"692272,08192","5338130,35818","11,58599735","48,167310204",0,2,#fc8d62,car
205709,9,1,62,0,2019,3,20,5,3,0,1,2,1,1,0,0,0,0,"690385,759683","5335613,57705","11,559527241","48,145257244",0,1,#66c2a5,bicycle
205713,9,7,77,121,2019,3,17,5,3,0,7,0,1,0,0,0,0,0,"627260,219928","5322615,50069","10,707487103","48,04413019",0,1,#66c2a5,bicycle
205714,9,7,72,130,2019,3,18,5,3,0,1,0,1,0,0,0,0,0,"631822,665129","5355708,51738","10,778946974","48,340795528",0,1,#66c2a5,bicycle
205715,9,7,61,0,2019,3,16,5,3,5,3,0,0,1,0,0,0,0,"638119,211402","5360671,60329","10,865502599","48,384077674",0,2,#fc8d62,car
205716,9,7,61,0,2019,3,12,5,3,0,7,0,0,0,0,0,0,1,"638935,752518","5360856,82007","10,876586295","48,385563785",0,6,#ffd92f,circle
205717,9,7,61,0,2019,3,8,5,3,6,2,0,0,1,1,0,0,0,"641740,759018","5362133,37641","10,91488212","48,396417941",0,2,#fc8d62,car
205718,9,7,71,113,2019,3,22,5,2,8,1,2,1,0,0,0,0,1,"657648,247607","5367917,32799","11,131815706","48,444641235",0,1,#66c2a5,bicycle
205737,9,2,74,126,2019,3,12,5,3,1,3,0,0,1,0,1,0,0,"733648,609126","5384033,71556","12,167190978","48,565801944",0,2,#fc8d62,car
205738,9,1,73,126,2019,3,10,5,3,0,7,0,1,0,0,0,0,0,"685421,852027","5301945,27931","11,478315359","47,844088589",0,1,#66c2a5,bicycle
205742,9,1,63,0,2019,3,18,5,3,5,3,0,1,1,0,0,0,0,"734140,943079","5305377,85611","12,130443476","47,859035054",0,1,#66c2a5,bicycle
205743,9,1,87,150,2019,3,18,5,3,5,3,1,0,1,0,0,0,0,"729464,696","5304174,988","12,067378034","47,849914627",0,2,#fc8d62,car
205745,9,1,81,130,2019,3,17,5,3,1,6,0,1,0,0,0,0,1,"638538,040955","5325097,21185","10,859529313","48,064098731",0,1,#66c2a5,bicycle
205746,9,1,81,130,2019,3,7,5,3,0,1,0,1,0,0,0,0,0,"638750,624923","5324601,29367","10,862220261","48,059593066",0,1,#66c2a5,bicycle
205747,9,1,79,145,2019,3,16,5,3,2,6,0,1,1,0,0,0,0,"676114,226781","5339426,71314","11,369418181","48,183645625",0,1,#66c2a5,bicycle
205748,9,1,74,115,2019,3,7,5,3,5,3,0,1,1,0,0,0,0,"682289,108072","5347896,78041","11,456057918","48,258037795",0,1,#66c2a5,bicycle
205749,9,1,77,117,2019,3,17,5,3,0,7,0,1,0,0,0,0,0,"714469,009672","5354167,82121","11,892283002","48,304312858",0,1,#66c2a5,bicycle
205750,9,1,62,0,2019,3,15,4,3,5,2,0,1,1,0,0,0,0,"688127,646605","5337140,9851","11,529875439","48,159657615",0,1,#66c2a5,bicycle
205751,9,1,62,0,2019,3,7,4,3,2,6,0,0,1,0,0,0,0,"684388,688506","5339058,73176","11,480476211","48,177990501",1,2,#fc8d62,car
205752,9,1,62,0,2019,3,8,4,3,0,7,0,0,0,0,0,0,1,"691766,869822","5331986,20528","11,576443024","48,112240081",1,6,#ffd92f,circle
205753,9,1,62,0,2019,3,12,4,3,0,7,0,0,1,0,0,0,0,"697248,094728","5331802,15118","11,649919213","48,108912083",1,2,#fc8d62,car
205754,9,1,62,0,2019,3,7,4,2,5,3,0,0,1,0,0,0,0,"683648,087622","5337828,1039","11,469991338","48,167143419",0,2,#fc8d62,car
205755,9,1,62,0,2019,3,11,4,3,6,7,0,1,0,1,0,0,0,"691396,491485","5337340,56657","11,5738779","48,160475912",0,1,#66c2a5,bicycle
205756,9,1,73,147,2019,3,14,6,3,5,3,0,0,1,0,0,0,0,"681632,836599","5308871,30725","11,430631402","47,907430319",0,2,#fc8d62,car
205757,9,1,62,0,2019,3,10,4,3,6,4,0,0,1,1,0,0,0,"690804,178727","5342285,68829","11,568141524","48,205099986",0,2,#fc8d62,car
205758,9,1,62,0,2019,3,8,4,3,2,6,0,0,1,0,0,0,0,"690758,803538","5338880,97817","11,566002282","48,174512597",1,2,#fc8d62,car
205759,9,1,62,0,2019,3,13,4,3,5,3,0,1,0,0,0,1,0,"690325,39033","5335881,57933","11,558836292","48,147684105",0,1,#66c2a5,bicycle
205760,9,1,62,0,2019,3,7,4,3,5,3,0,0,1,0,0,0,1,"687519,692007","5331237,61384","11,519109746","48,106776146",1,2,#fc8d62,car
205761,9,1,62,0,2019,3,15,4,3,5,3,0,0,1,0,0,0,0,"691855,394083","5337060,68367","11,579916472","48,157822079",0,2,#fc8d62,car
205762,9,1,62,0,2019,3,7,4,3,0,2,0,0,0,0,1,0,0,"691465,489486","5337476,4907","11,574865983","48,161676803",1,4,#e78ac3,marker
205763,9,1,62,0,2019,3,8,4,3,3,7,0,0,1,0,0,0,1,"691885,276663","5338476,11135","11,580956452","48,170534633",1,2,#fc8d62,car
205767,9,7,61,0,2019,3,16,4,3,5,1,0,0,1,0,0,0,0,"641312,101167","5358910,00531","10,908010506","48,367530925",0,2,#fc8d62,car