OBJECTID,ULAND,UREGBEZ,UKREIS,UGEMEINDE,UJAHR,UMONAT,USTUNDE,UWOCHENTAG,UKATEGORIE,UART,UTYP1,ULICHTVERH,IstRad,IstPKW,IstFuss,IstKrad,IstGkfz,IstSonstig,LINREFX,LINREFY,XGCSWGS84,YGCSWGS84,STRZUSTAND,Teilnehmer,color,symbol
205785,9,1,90,148,2019,3,7,4,3,5,3,0,0,1,0,0,0,1,"641028,732861","5297512,51677","10,883905265","47,815500629",0,2,#fc8d62,car
205786,9,1,73,126,2019,3,14,4,3,0,7,0,1,0,0,0,0,0,"684926,474075","5304725,23095","11,472889275","47,869220335",0,1,#66c2a5,bicycle
205789,9,1,79,138,2019,3,8,4,3,5,3,0,0,1,0,0,0,0,"654674,724156","5335784,03164","11,079859561","48,156476588",1,2,#fc8d62,car
205790,9,1,74,115,2019,3,19,4,3,4,3,1,1,1,0,0,0,0,"682371,205469","5348630,55127","11,4574793","48,264609666",0,1,#66c2a5,bicycle
205791,9,1,78,120,2019,3,20,4,3,5,2,2,1,1,0,0,0,0,"694395,287018","5352594,1343","11,621158073","48,296656538",0,1,#66c2a5,bicycle
205792,9,1,78,143,2019,3,7,4,2,5,3,0,0,1,0,1,0,0,"717572,47184","5373921,65674","11,944309545","48,480735992",1,2,#fc8d62,car
205793,9,1,62,0,2019,3,17,3,3,4,2,0,1,1,0,0,0,0,"692577,690405","5340541,14453","11,591195698","48,188885121",0,1,#66c2a5,bicycle
205794,9,1,62,0,2019,3,16,3,3,5,7,0,0,1,0,0,0,1,"685422,53","5334893,691","11,492554975","48,140252587",0,2,#fc8d62,car
205795,9,1,62,0,2019,3,10,3,3,0,5,0,0,1,0,0,0,1,"690349,342492","5335170,58076","11,558840126","48,1412865",0,2,#fc8d62,car
205796,9,1,62,0,2019,3,7,3,3,3,6,0,1,0,0,0,0,0,"685031,160398","5334988,35755","11,487340241","48,141217425",0,1,#66c2a5,bicycle
205797,9,1,62,0,2019,3,18,3,2,5,2,0,1,0,0,0,0,1,"694602,24415","5332471,5662","11,614717724","48,115742343",0,1,#66c2a5,bicycle
205798,9,1,84,139,2019,3,19,3,3,1,5,2,0,1,0,0,0,0,"688665,311204","5327381,47825","11,532780719","48,071778017",0,2,#fc8d62,car
205799,9,1,62,0,2019,3,7,3,3,6,7,0,0,1,1,0,0,0,"679502,709195","5336675,53842","11,413803238","48,157967187",0,2,#fc8d62,car
205800,9,1,62,0,2019,3,7,3,3,0,1,0,1,0,0,0,0,0,"685387,299215","5334711,05919","11,492002349","48,138621276",0,1,#66c2a5,bicycle
205801,9,1,62,0,2019,3,16,3,3,5,3,0,1,0,0,0,0,0,"685046,207325","5333754,0584","11,487006135","48,130118568",0,1,#66c2a5,bicycle
205802,9,1,62,0,2019,3,15,3,3,2,6,0,0,1,0,0,1,0,"697760,557765","5334188,97824","11,657903267","48,130204352",1,2,#fc8d62,car
205803,9,1,62,0,2019,3,6,3,3,2,6,0,0,1,0,0,0,0,"693911,522025","5331191,59304","11,604865164","48,104449016",0,2,#fc8d62,car
205804,9,1,62,0,2019,3,7,3,3,3,2,0,1,1,0,0,0,0,"693875,148182","5336169,8786","11,606641671","48,149203295",0,1,#66c2a5,bicycle
205805,9,1,62,0,2019,3,6,3,3,4,6,0,1,0,0,0,0,0,"692177,987864","5337011,93447","11,58422786","48,157286523",0,1,#66c2a5,bicycle
205806,9,1,62,0,2019,3,10,3,3,6,4,0,0,1,1,0,0,0,"691910,635053","5334464,15532","11,579488107","48,134468269",0,2,#fc8d62,car
205808,9,7,78,116,2019,3,9,3,3,2,6,0,0,1,0,0,0,0,"618736,815899","5319759,21482","10,592381742","48,020084164",0,2,#fc8d62,car
205811,9,7,61,0,2019,3,6,3,3,6,7,0,0,1,1,0,0,0,"637641,335905","5361613,20802","10,859360243","48,392648879",0,2,#fc8d62,car
205812,9,7,61,0,2019,3,14,3,3,1,5,0,1,1,0,0,0,0,"640236,196454","5358635,33383","10,89340023","48,365301126",0,1,#66c2a5,bicycle
205826,9,2,61,0,2019,3,19,3,3,0,1,2,1,0,0,0,0,0,"734980,560018","5382701,64051","12,184465172","48,553338969",0,1,#66c2a5,bicycle
205828,9,1,63,0,2019,3,14,3,3,0,1,0,1,0,0,0,0,0,"733796,12271","5303745,13957","12,12495812","47,844492232",0,1,#66c2a5,bicycle
205829,9,1,78,130,2019,3,18,3,3,1,6,0,0,1,0,0,0,0,"705656,982053","5358844,6851","11,775875297","48,349265484",0,2,#fc8d62,car
205830,9,1,77,126,2019,3,5,3,3,5,3,0,0,1,0,0,0,0,"719900,593032","5367602,52481","11,97245249","48,423152929",1,2,#fc8d62,car
205831,9,1,84,130,2019,3,18,2,3,5,3,1,0,1,0,0,0,0,"698629,473146","5344202,18233","11,674247226","48,21992365",1,2,#fc8d62,car
205832,9,1,62,0,2019,3,18,2,3,3,7,1,1,1,0,0,0,0,"691866,411847","5334637,77667","11,578972521","48,136042085",1,1,#66c2a5,bicycle
205833,9,1,62,0,2019,3,16,2,3,5,3,0,0,1,0,0,0,0,"692954,656","5332331,77","11,592540723","48,114987215",1,2,#fc8d62,car
205834,9,1,62,0,2019,3,19,2,3,6,7,2,0,1,1,0,0,0,"692677,93","5334089,7","11,589621142","48,130870913",1,2,#fc8d62,car
205835,9,1,62,0,2019,3,15,2,3,5,3,0,1,1,0,0,0,0,"692159,954417","5337690,95541","11,584292332","48,16339486",1,1,#66c2a5,bicycle
205836,9,1,62,0,2019,3,14,2,3,5,3,0,1,1,0,0,0,0,"691947,985926","5340413,43773","11,582674057","48,187927919",0,1,#66c2a5,bicycle
205837,9,1,62,0,2019,3,12,2,3,6,4,0,1,0,1,0,0,0,"682882,161","5335342,385","11,458631437","48,145020989",0,1,#66c2a5,bicycle
205838,9,1,62,0,2019,3,16,2,3,5,3,0,1,0,0,0,0,0,"686513,790106","5339272,05134","11,509129331","48,179287686",0,1,#66c2a5,bicycle
205839,9,1,62,0,2019,3,7,2,3,2,6,0,0,1,0,0,1,0,"698844,494012","5335282,58668","11,672965429","48,139695121",0,2,#fc8d62,car
205840,9,1,62,0,2019,3,18,2,3,0,7,0,0,0,0,0,0,1,"693315,076183","5334636,12948","11,598423304","48,135588877",0,6,#ffd92f,circle
205841,9,1,62,0,2019,3,20,2,3,0,1,2,0,0,0,1,0,0,"692985,649711","5333797,87504","11,59362039","48,128154838",1,4,#e78ac3,marker
205842,9,1,62,0,2019,3,22,2,3,5,3,2,1,1,0,0,0,0,"690353,57818","5334227,33414","11,558475483","48,132807342",0,1,#66c2a5,bicycle
205846,9,7,72,125,2019,3,17,2,3,5,3,0,1,1,0,0,0,0,"635935,424967","5348985,86245","10,832253522","48,279473284",1,1,#66c2a5,bicycle
205847,9,7,61,0,2019,3,8,2,3,3,3,0,1,1,0,0,0,0,"638366,710738","5359572,91429","10,8684819","48,374144242",0,1,#66c2a5,bicycle
205848,9,7,61,0,2019,3,9,2,3,6,7,0,0,1,1,0,0,0,"639229,808652","5361346,42144","10,880718108","48,389901309",0,2,#fc8d62,car
205849,9,7,61,0,2019,3,12,2,3,0,7,0,0,0,0,0,0,1,"641846,735848","5360390,33485","10,915724459","48,380721483",0,6,#ffd92f,circle
205850,9,7,71,113,2019,3,22,2,3,5,3,2,0,1,0,0,0,1,"657677,017","5369500,401","11,132800687","48,458866233",0,2,#fc8d62,car
205869,9,1,90,157,2019,3,7,2,3,5,3,0,0,1,0,0,0,0,"660440,371546","5300939,41954","11,144305057","47,841765579",0,2,#fc8d62,car
205873,9,1,79,121,2019,3,9,2,3,0,1,0,1,0,0,0,0,0,"667878,368615","5339166,54998","11,258602737","48,183536589",0,1,#66c2a5,bicycle
205874,9,1,74,131,2019,3,15,2,3,0,1,0,1,0,0,0,0,0,"676175,924","5358352,931","11,378132208","48,353756888",0,1,#66c2a5,bicycle
205875,9,1,78,124,2019,3,15,2,3,4,6,0,0,1,0,0,0,0,"704011,310379","5364135,96354","11,756256536","48,397347534",0,2,#fc8d62,car
205876,9,1,62,0,2019,3,17,1,3,1,7,0,1,1,0,0,0,0,"692070,508473","5333348,96802","11,581132072","48,124396913",0,1,#66c2a5,bicycle
205877,9,1,62,0,2019,3,10,1,3,1,6,0,0,1,0,0,0,0,"691102,976098","5335150,88322","11,568951739","48,140883556",0,2,#fc8d62,car
205878,9,1,62,0,2019,3,0,1,3,1,7,2,1,1,0,0,0,0,"691905,396682","5337792,11391","11,580918121","48,164380938",0,1,#66c2a5,bicycle
205879,9,1,62,0,2019,3,4,1,3,2,2,2,0,1,0,0,0,0,"691436,64189","5335449,24782","11,57356657","48,143464919",0,2,#fc8d62,car
205880,9,1,62,0,2019,3,20,1,3,5,2,2,0,1,0,0,0,0,"692322,458693","5337519,88966","11,586398141","48,161808227",0,2,#fc8d62,car
205884,9,1,62,0,2019,3,16,7,3,0,3,0,0,1,0,0,0,1,"692322,458693","5337519,88966","11,586398141","48,161808227",0,2,#fc8d62,car
205886,9,7,62,0,2019,3,2,1,2,0,1,2,1,0,0,0,0,0,"622620,989163","5306420,30551","10,640646951","47,89938632",0,1,#66c2a5,bicycle
205887,9,7,71,130,2019,3,16,1,3,4,1,0,1,0,0,0,0,0,"646567,28099","5358120,42327","10,978648172","48,359233205",0,1,#66c2a5,bicycle
205889,9,7,72,163,2019,3,15,1,3,2,6,0,0,1,0,0,0,0,"640619,87192","5349233,16101","10,895441485","48,280673857",0,2,#fc8d62,car
205890,9,7,61,0,2019,3,16,1,3,5,3,0,1,0,0,1,0,0,"643036,665637","5359374,24095","10,931439979","48,37131664",0,1,#66c2a5,bicycle
205891,9,7,61,0,2019,3,13,1,3,4,2,0,1,1,0,0,0,0,"640024,012503","5359239,76287","10,890738291","48,370783077",0,1,#66c2a5,bicycle
205901,9,7,61,0,2019,3,10,7,3,6,7,0,0,1,1,0,0,0,"638892,052309","5360904,62598","10,876012174","48,386003268",0,2,#fc8d62,car
205902,9,2,61,0,2019,3,16,1,3,3,6,0,1,1,0,0,0,0,"732443,409539","5381294,91216","12,149351088","48,541648035",0,1,#66c2a5,bicycle
205903,9,2,74,113,2019,3,15,1,3,0,1,0,1,0,0,0,0,0,"729342,665267","5382204,28285","12,107904883","48,550957897",0,1,#66c2a5,bicycle
205904,9,7,71,113,2019,3,11,7,2,4,6,0,0,1,0,1,0,0,"656023,752019","5367767,73048","11,109808139","48,443701025",0,2,#fc8d62,car
205905,9,2,74,126,2019,3,17,1,3,0,7,0,1,0,0,0,0,0,"732701,466","5384322,048","12,154533672","48,568744165",0,1,#66c2a5,bicycle
205906,9,1,90,148,2019,3,16,1,2,4,6,0,1,0,0,0,0,0,"640857,498087","5296611,71529","10,881326436","47,807437565",0,1,#66c2a5,bicycle
205911,9,2,61,0,2019,3,7,6,3,0,6,0,1,0,0,0,0,0,"732068,551928","5379264,65164","12,14315002","48,523549362",0,1,#66c2a5,bicycle
205912,9,1,85,166,2019,3,3,1,2,7,4,2,0,0,1,1,0,0,"670664,257109","5382412,00077","11,313609408","48,571540928",0,3,#8da0cb,toilet
205915,9,1,75,127,2019,3,15,1,2,0,7,0,1,0,0,0,0,0,"712813,13925","5341284,53355","11,863506601","48,189108883",0,1,#66c2a5,bicycle
205916,9,1,78,124,2019,3,16,1,3,0,1,0,1,0,0,0,0,0,"702590,327","5364010,67","11,737021031","48,396679702",0,1,#66c2a5,bicycle
205917,9,1,62,0,2019,3,0,7,3,5,3,2,0,1,0,0,0,0,"690667,785586","5336566,7157","11,563741772","48,153739532",0,2,#fc8d62,car
205918,9,1,62,0,2019,3,1,7,2,1,7,2,1,1,0,0,0,0,"691732,811308","5333448,80362","11,576643614","48,125396014",0,1,#66c2a5,bicycle
205919,9,1,62,0,2019,3,19,7,3,5,3,2,1,0,0,0,0,0,"691935,569605","5336080,7648","11,58055153","48,148990562",0,1,#66c2a5,bicycle
205920,9,1,62,0,2019,3,15,7,3,2,6,0,0,1,0,0,0,0,"692571,677353","5338017,70353","11,589971531","48,16620701",0,2,#fc8d62,car
205921,9,1,62,0,2019,3,10,7,3,1,7,0,0,1,0,1,0,0,"690144,250863","5334818,90588","11,555928946","48,138186968",0,2,#fc8d62,car
205922,9,7,71,156,2019,3,15,7,2,0,7,0,1,0,0,0,0,0,"651264,017727","5378478,5068","11,04936739","48,541159683",0,1,#66c2a5,bicycle
205923,9,1,62,0,2019,3,9,7,3,1,5,0,1,1,0,0,0,0,"689724,722559","5340919,54413","11,55301697","48,193144689",0,1,#66c2a5,bicycle
205924,9,1,62,0,2019,3,13,7,3,0,1,0,0,0,0,1,0,0,"688240,489436","5336839,93304","11,531258176","48,156918318",0,4,#e78ac3,marker
205925,9,1,62,0,2019,3,13,7,3,3,2,0,1,1,0,0,0,0,"686526,737218","5335025,75557","11,507441499","48,141116891",0,1,#66c2a5,bicycle
205926,9,1,84,136,2019,3,11,7,3,5,2,0,1,1,0,0,0,0,"698040,012098","5326344,58902","11,658016282","48,059617338",0,1,#66c2a5,bicycle
205927,9,1,62,0,2019,3,16,7,3,6,7,0,1,0,1,0,0,0,"694939,832689","5334225,78058","11,620050946","48,131405236",0,1,#66c2a5,bicycle
205929,9,1,82,125,2019,4,10,3,3,6,7,0,0,0,1,0,1,0,"712323,972183","5296788,7664","11,834932068","47,789429478",0,3,#8da0cb,toilet
205930,9,1,82,120,2019,4,17,3,3,6,7,0,0,1,1,0,0,0,"702161,378","5306587,108","11,703976362","47,880761134",0,2,#fc8d62,car
205932,9,1,87,117,2019,4,13,3,3,5,3,0,1,1,0,0,0,0,"724465,8","5306097,016","12,001648515","47,868949116",0,1,#66c2a5,bicycle
205935,9,1,85,158,2019,4,17,3,3,5,3,0,0,1,0,0,0,0,"667799,118041","5380852,44056","11,274171379","48,55829537",0,2,#fc8d62,car
205936,9,1,79,142,2019,4,10,3,3,5,6,0,0,1,0,0,0,1,"674016,716666","5342792,22782","11,342602815","48,214477411",0,2,#fc8d62,car
205937,9,1,88,121,2019,4,9,3,3,5,2,0,1,1,0,0,0,0,"670606,561","5330599,934","11,29184426","48,105798133",0,1,#66c2a5,bicycle
205938,9,1,79,121,2019,4,12,3,3,1,1,0,1,1,0,0,0,0,"667550,237696","5339325,58566","11,254254399","48,185052933",1,1,#66c2a5,bicycle
205939,9,1,78,145,2019,4,16,3,3,5,3,0,1,1,0,0,0,0,"696586,370598","5354471,04333","11,651543368","48,312847607",0,1,#66c2a5,bicycle
205940,9,1,84,119,2019,4,8,2,2,0,5,0,1,0,0,0,0,0,"696913,307393","5346487,88112","11,652229462","48,241000523",0,1,#66c2a5,bicycle
205941,9,1,62,0,2019,4,15,2,3,0,5,0,1,1,0,0,0,0,"689032,317838","5334947,20089","11,541054517","48,139671384",0,1,#66c2a5,bicycle
205942,9,1,62,0,2019,4,12,2,3,2,6,0,0,1,0,0,0,0,"692320,007104","5334236,91849","11,584882134","48,132302332",0,2,#fc8d62,car
205943,9,1,62,0,2019,4,1,2,3,0,7,2,1,0,0,0,0,0,"680878,651555","5336369,49544","11,432158438","48,154826321",0,1,#66c2a5,bicycle
205944,9,1,62,0,2019,4,18,2,3,1,5,0,1,1,0,0,0,0,"689526,307555","5334989,82452","11,547707109","48,139907543",0,1,#66c2a5,bicycle
205945,9,1,62,0,2019,4,11,2,3,5,2,0,1,0,0,0,0,1,"693747,184004","5335133,5499","11,604451477","48,139928122",0,1,#66c2a5,bicycle
205946,9,1,62,0,2019,4,17,2,3,5,3,0,1,1,0,0,0,0,"688124,222104","5336870,26731","11,52970973","48,157225374",0,1,#66c2a5,bicycle
205947,9,1,62,0,2019,4,15,2,3,5,7,0,0,1,0,0,0,0,"689655,560563","5333215,41275","11,548652975","48,123920502",0,2,#fc8d62,car
205948,9,1,62,0,2019,4,17,2,3,1,7,0,0,0,0,0,0,1,"693500,331255","5339567,99438","11,603153651","48,179858455",0,6,#ffd92f,circle
205949,9,1,62,0,2019,4,6,2,3,0,4,2,0,0,1,1,0,0,"683840,37367","5336040,31852","11,471802467","48,151018237",0,3,#8da0cb,toilet
205950,9,1,62,0,2019,4,7,2,3,5,7,0,1,1,0,0,0,0,"691509,746778","5333911,48742","11,573856965","48,12962171",0,1,#66c2a5,bicycle
205951,9,1,62,0,2019,4,15,2,3,1,7,0,0,1,0,1,0,0,"689023,212528","5343307,44929","11,544650372","48,214816319",0,2,#fc8d62,car
205952,9,1,62,0,2019,4,7,2,3,1,3,0,0,1,0,1,0,0,"684047,869892","5333613,37205","11,473540799","48,129143452",0,2,#fc8d62,car
205954,9,1,62,0,2019,4,8,2,3,5,6,0,1,1,0,0,0,0,"688939,728991","5330102,30695","11,537664355","48,096152204",0,1,#66c2a5,bicycle
205955,9,1,62,0,2019,4,12,2,3,5,2,0,0,1,0,1,0,0,"693634,903689","5335144,9415","11,602948942","48,140064683",0,2,#fc8d62,car
205956,9,1,62,0,2019,4,9,2,3,0,1,0,1,0,0,0,0,0,"693046,002195","5333770,11046","11,594418055","48,127886997",0,1,#66c2a5,bicycle
205957,9,1,62,0,2019,4,17,2,3,6,4,0,1,0,1,0,0,0,"690527,763569","5334810,71595","11,561075144","48,137998645",0,1,#66c2a5,bicycle
205958,9,1,62,0,2019,4,12,2,3,1,5,0,1,0,0,0,0,1,"691018,345169","5333983,89536","11,567291958","48,130420164",0,1,#66c2a5,bicycle
205959,9,1,62,0,2019,4,6,2,3,1,7,0,1,0,0,0,0,1,"692046,345747","5334953,93312","11,581531102","48,138829371",0,1,#66c2a5,bicycle
205963,9,7,62,0,2019,4,15,2,2,0,1,0,1,0,0,0,0,0,"619164,816053","5303050,07104","10,593492582","47,869726113",0,1,#66c2a5,bicycle
205968,9,7,72,202,2019,4,17,2,3,8,7,0,0,0,0,1,0,1,"636959,870746","5357703,19575","10,848885675","48,357638793",1,4,#e78ac3,marker
205969,9,7,61,0,2019,4,7,2,3,5,3,0,1,1,0,0,0,0,"642066,906091","5361515,34943","10,919076655","48,390787544",0,1,#66c2a5,bicycle
205970,9,7,61,0,2019,4,17,2,2,6,1,0,0,1,1,0,0,0,"641767,386776","5357431,11228","10,913655937","48,354131224",0,2,#fc8d62,car
205971,9,7,61,0,2019,4,18,2,3,2,7,0,0,1,0,1,0,0,"641015,305473","5359296,65762","10,904135098","48,371073939",0,2,#fc8d62,car
205972,9,7,71,113,2019,4,17,2,2,5,3,0,1,1,0,0,0,0,"657259,535","5368930,247","11,126943499","48,453844882",0,1,#66c2a5,bicycle
205973,9,7,71,176,2019,4,17,2,2,0,7,0,1,0,0,0,0,0,"644752,521791","5383758,22667","10,963039917","48,590165928",0,1,#66c2a5,bicycle
206002,9,2,74,124,2019,4,16,2,3,4,3,0,0,1,0,0,0,0,"723244,086464","5374953,21312","12,021502176","48,48801557",0,2,#fc8d62,car
206010,9,1,63,0,2019,4,14,2,2,0,7,0,0,1,0,0,0,0,"733699,166","5304294,804","12,123960982","47,849465687",0,2,#fc8d62,car
206012,9,1,86,143,2019,4,17,2,3,6,4,0,0,1,1,0,0,0,"685337,840501","5378005,82274","11,510379663","48,52777263",0,2,#fc8d62,car
206013,9,1,88,139,2019,4,15,2,2,6,7,0,0,1,1,0,0,0,"676535,320575","5318772,20928","11,366539481","47,997858537",0,2,#fc8d62,car
206014,9,1,81,122,2019,4,18,2,3,5,3,0,0,1,0,0,0,1,"646400,036966","5334322,22276","10,968159774","48,14529159",0,2,#fc8d62,car
206016,9,1,81,132,2019,4,19,2,2,0,7,1,1,0,0,0,0,0,"642525,530591","5328795,15078","10,914254627","48,096472293",0,1,#66c2a5,bicycle
206017,9,1,81,121,2019,4,20,2,3,7,7,1,0,0,0,1,0,0,"633547,312864","5310194,87688","10,787938016","47,931149504",0,4,#e78ac3,marker
206018,9,1,74,115,2019,4,12,2,3,5,3,0,0,1,0,0,0,0,"680861,607794","5346924,20267","11,436427129","48,249704689",0,2,#fc8d62,car
206019,9,1,74,115,2019,4,9,2,2,3,6,0,1,1,0,0,0,0,"681177,716177","5347287,86419","11,440837139","48,252883228",0,1,#66c2a5,bicycle
206020,9,1,77,117,2019,4,13,2,3,0,3,0,1,1,0,0,0,0,"715044,827447","5353967,61667","11,899936049","48,302318541",0,1,#66c2a5,bicycle
206021,9,1,62,0,2019,3,17,1,3,6,1,0,0,0,1,0,0,1,"690419,287286","5335452,2463","11,559905365","48,143797174",0,3,#8da0cb,toilet
206022,9,1,62,0,2019,3,18,1,3,9,2,0,0,1,0,0,0,0,"691285,479574","5342883,36073","11,574882278","48,210326891",0,2,#fc8d62,car
206023,9,1,62,0,2019,3,14,1,3,1,5,0,0,1,0,0,0,0,"688552,212208","5339697,93908","11,536713016","48,182514003",0,2,#fc8d62,car
206024,9,1,62,0,2019,3,15,1,3,3,6,0,1,0,0,0,0,0,"688508,608023","5334827,04834","11,533968553","48,138746801",0,1,#66c2a5,bicycle
206025,9,1,62,0,2019,3,6,1,3,1,7,1,0,1,0,0,0,0,"696648,678425","5334301,82351","11,643028216","48,131563012",0,2,#fc8d62,car
206026,9,1,62,0,2019,3,15,1,3,6,4,0,0,1,1,0,0,0,"690279,623","5338887,288","11,559566066","48,174712957",0,2,#fc8d62,car
206027,9,1,62,0,2019,3,14,1,3,3,6,0,1,0,0,0,0,0,"686066,801793","5332261,99993","11,500058051","48,116409802",0,1,#66c2a5,bicycle
206028,9,1,62,0,2019,3,15,1,3,1,6,0,0,1,0,0,0,0,"691500,746","5332401,592","11,573057832","48,116053616",0,2,#fc8d62,car
206029,9,1,62,0,2019,3,13,1,3,1,7,0,1,1,0,0,0,0,"691452,508686","5332904,60948","11,572636237","48,120589201",0,1,#66c2a5,bicycle
206030,9,1,62,0,2019,3,15,1,3,3,2,0,1,1,0,0,0,0,"690562,898409","5333416,44621","11,560923352","48,125456455",0,1,#66c2a5,bicycle
206034,9,7,61,0,2019,3,11,1,2,1,1,0,1,1,0,0,0,0,"641544,882237","5351997,67511","10,908829327","48,30532549",0,1,#66c2a5,bicycle
206035,9,7,61,0,2019,3,16,1,3,0,1,0,0,0,0,1,0,0,"640784,921427","5358582,68459","10,900786992","48,364705578",0,4,#e78ac3,marker
206055,9,2,74,113,2019,3,17,1,3,0,1,0,1,0,0,0,0,0,"728808,254204","5383846,38591","12,101576466","48,565904252",0,1,#66c2a5,bicycle
206056,9,1,90,115,2019,3,16,1,2,6,6,0,1,0,1,0,0,0,"672058,672602","5302891,37036","11,300236334","47,856309726",0,1,#66c2a5,bicycle
206058,9,1,73,126,2019,3,13,1,3,5,3,0,0,1,0,0,0,0,"685607,828628","5303856,49578","11,481618719","47,861214795",0,2,#fc8d62,car
206061,9,1,86,146,2019,3,9,1,3,0,7,0,0,0,0,1,0,0,"684865,141625","5371183,57047","11,500963629","48,466594877",0,4,#e78ac3,marker
206063,9,1,81,114,2019,3,13,1,2,0,1,0,1,0,0,0,0,0,"657428,251","5314139,809","11,10889321","47,961198284",0,1,#66c2a5,bicycle
206064,9,1,74,115,2019,3,18,1,3,0,6,0,0,1,0,1,0,0,"681528,105068","5346099,05594","11,445043434","48,242097251",0,2,#fc8d62,car
206065,9,1,74,141,2019,3,13,1,3,0,1,0,1,0,0,0,0,0,"678819,495378","5354783,30942","11,412269051","48,320927769",0,1,#66c2a5,bicycle
206067,9,1,75,132,2019,3,20,1,3,5,3,2,1,1,0,0,0,0,"707596,911242","5331358,19604","11,788567374","48,101634225",0,1,#66c2a5,bicycle
206068,9,1,62,0,2019,3,19,7,3,0,7,1,0,0,1,0,0,1,"689651,928779","5332792,44032","11,54841605","48,120119872",0,3,#8da0cb,toilet
206070,9,1,62,0,2019,3,11,7,3,6,5,0,0,1,1,0,0,0,"689687,498172","5328551,32086","11,547008543","48,081989579",0,2,#fc8d62,car
206071,9,1,62,0,2019,3,16,7,3,5,3,0,1,1,0,0,0,0,"692683,425962","5341978,20882","11,593269022","48,201768897",0,1,#66c2a5,bicycle
206072,9,1,62,0,2019,3,1,7,3,5,3,2,1,1,0,0,0,0,"691257,984611","5339027,76462","11,572776073","48,175681862",0,1,#66c2a5,bicycle
206073,9,1,62,0,2019,3,14,7,3,1,7,0,0,1,0,0,0,1,"689885,077437","5342803,90651","11,556015532","48,210033247",0,2,#fc8d62,car
206074,9,1,62,0,2019,3,21,7,3,2,6,2,0,1,0,0,0,0,"692632,843433","5341968,85613","11,592584725","48,201700186",0,2,#fc8d62,car
206075,9,1,62,0,2019,3,15,7,3,3,6,0,1,0,0,0,0,0,"689744,213484","5338543,72799","11,552218031","48,171785126",0,1,#66c2a5,bicycle
206076,9,1,62,0,2019,3,13,7,3,5,2,0,1,1,0,0,0,0,"684603,619951","5335017,72992","11,481611224","48,141605629",0,1,#66c2a5,bicycle
206077,9,1,62,0,2019,3,21,7,3,0,7,2,0,1,0,0,0,0,"691479,246786","5332984,65803","11,573031106","48,12130063",0,2,#fc8d62,car
206078,9,1,62,0,2019,3,19,7,3,3,5,2,1,1,0,0,0,0,"692239,638488","5337169,07952","11,585127007","48,158680273",0,1,#66c2a5,bicycle
206079,9,1,62,0,2019,3,13,7,3,0,2,0,1,1,0,0,0,0,"690855,435064","5334812,22241","11,565475805","48,137913993",0,1,#66c2a5,bicycle
206082,9,7,62,0,2019,3,12,7,3,1,5,0,0,1,0,0,0,0,"622260,004008","5306849,59456","10,635940742","47,903316098",0,2,#fc8d62,car
206083,9,7,72,147,2019,3,14,7,3,0,7,0,1,0,0,0,0,0,"639022,794892","5364889,24406","10,879096886","48,421803001",0,1,#66c2a5,bicycle
206084,9,7,71,130,2019,3,13,7,3,5,2,0,0,1,0,1,0,0,"644456,593","5363333,605","10,951963429","48,406593262",0,2,#fc8d62,car
206085,9,7,61,0,2019,3,12,7,3,6,7,0,0,1,1,0,0,0,"637731,223489","5360604,45173","10,860243119","48,38355869",0,2,#fc8d62,car
206086,9,7,61,0,2019,3,7,7,3,6,1,0,0,1,1,0,0,0,"638703,711386","5360396,82992","10,873302054","48,381478726",0,2,#fc8d62,car
206104,9,1,73,126,2019,3,16,7,3,0,7,0,1,0,0,0,0,0,"685294,138645","5305293,21767","11,478044584","47,874219991",0,1,#66c2a5,bicycle
206108,9,1,90,159,2019,4,23,3,3,8,7,2,0,1,0,0,0,0,"665157,762661","5302109,80425","11,207752587","47,851093668",0,2,#fc8d62,car
206109,9,1,86,143,2019,3,16,7,3,0,7,0,1,0,0,0,0,0,"683615,782149","5378068,20874","11,487105055","48,528839426",0,1,#66c2a5,bicycle
206111,9,1,88,113,2019,3,12,7,3,0,1,0,1,0,0,0,0,0,"674443,538243","5311625,2678","11,335622483","47,934183429",0,1,#66c2a5,bicycle
206112,9,1,88,139,2019,3,11,7,3,0,1,0,1,0,0,0,0,0,"675178,439946","5319937,61135","11,348841572","48,008708222",0,1,#66c2a5,bicycle
206113,9,1,79,142,2019,3,11,7,3,1,6,0,1,1,0,0,0,0,"672844,686771","5341830,15782","11,326446593","48,206149248",0,1,#66c2a5,bicycle
206114,9,1,79,123,2019,3,12,7,3,0,7,0,1,0,0,0,0,0,"676111,292977","5332624,18767","11,366563659","48,122496812",0,1,#66c2a5,bicycle
206115,9,1,79,113,2019,3,14,7,3,8,1,0,0,0,0,1,0,0,"668606,39036","5333878,00364","11,266293371","48,135800377",0,4,#e78ac3,marker
206116,9,1,81,139,2019,3,8,7,3,0,1,0,1,0,0,0,0,0,"656022,255146","5324288,99463","11,093763366","48,052795544",0,1,#66c2a5,bicycle
206117,9,1,74,126,2019,3,14,7,3,5,3,0,0,1,0,1,0,0,"684044,507865","5346376,2674","11,479025191","48,243863473",0,2,#fc8d62,car