OBJECTID,ULAND,UREGBEZ,UKREIS,UGEMEINDE,UJAHR,UMONAT,USTUNDE,UWOCHENTAG,UKATEGORIE,UART,UTYP1,ULICHTVERH,IstRad,IstPKW,IstFuss,IstKrad,IstGkfz,IstSonstig,LINREFX,LINREFY,XGCSWGS84,YGCSWGS84,STRZUSTAND,Teilnehmer,color,symbol
206118,9,1,74,131,2019,3,16,7,3,4,6,0,0,1,0,1,0,0,"676528,326213","5358914,66741","11,383120489","48,35870784",0,2,#fc8d62,car
206120,9,1,62,0,2019,3,18,6,3,0,7,0,0,0,1,0,0,1,"691284,556735","5338651,90514","11,572964016","48,172295703",0,3,#8da0cb,toilet
206121,9,1,62,0,2019,3,17,6,3,5,3,0,0,1,0,0,0,0,"682410,95","5336007,622","11,452587657","48,151135892",0,2,#fc8d62,car
206122,9,1,62,0,2019,3,15,6,3,5,3,0,1,1,0,0,0,0,"687803,173336","5343625,39518","11,528383522","48,218036251",0,1,#66c2a5,bicycle
206123,9,1,62,0,2019,3,11,6,2,6,7,0,1,0,1,0,0,0,"692260,351205","5337231,59808","11,585433497","48,159235913",0,1,#66c2a5,bicycle
206124,9,1,62,0,2019,3,16,6,2,3,3,0,1,1,0,0,0,0,"699423,073649","5335094,56886","11,680646133","48,137824322",0,1,#66c2a5,bicycle
206125,9,1,62,0,2019,3,13,6,3,5,3,0,0,1,0,0,0,0,"693617,104166","5341854,28309","11,605765136","48,20037108",0,2,#fc8d62,car
206126,9,1,62,0,2019,3,8,6,3,3,2,0,0,1,0,0,0,1,"685422,53","5334893,691","11,492554975","48,140252587",0,2,#fc8d62,car
206127,9,1,62,0,2019,3,14,6,3,4,2,0,1,1,0,0,0,0,"692319,628","5337798,482","11,586486076","48,164313002",0,1,#66c2a5,bicycle
206128,9,1,62,0,2019,3,13,6,3,3,6,0,0,1,0,0,0,1,"691369,625631","5340350,31306","11,574871907","48,187535065",0,2,#fc8d62,car
206129,9,1,62,0,2019,3,11,6,3,1,5,0,1,1,0,0,0,0,"688851,1259","5336665,52324","11,539383607","48,155169658",0,1,#66c2a5,bicycle
206130,9,1,62,0,2019,3,18,6,3,5,3,2,1,1,0,0,0,0,"688656,340939","5336499,72814","11,536693598","48,153737285",0,1,#66c2a5,bicycle
206132,9,1,62,0,2019,3,14,6,3,1,7,0,0,1,0,0,0,0,"693828,297585","5331706,12811","11,603982133","48,109098837",0,2,#fc8d62,car
206133,9,1,62,0,2019,3,16,6,3,2,6,0,0,1,0,0,0,0,"693364,312904","5331008,05782","11,597439036","48,102965762",0,2,#fc8d62,car
206134,9,1,62,0,2019,3,12,6,3,0,7,0,0,1,0,0,0,0,"695235,026147","5337728,13019","11,625620266","48,16279214",0,2,#fc8d62,car
206135,9,1,62,0,2019,3,23,6,3,0,1,2,1,0,0,0,0,0,"691679,516","5333712,309","11,576046653","48,127780418",0,1,#66c2a5,bicycle
206136,9,1,62,0,2019,3,17,6,3,6,4,0,0,0,1,1,0,0,"688566,359674","5333705,55814","11,534247688","48,128649552",0,3,#8da0cb,toilet
206137,9,1,62,0,2019,3,11,6,3,6,4,0,1,0,1,0,0,0,"691805,391482","5334519,87091","11,578100089","48,135000759",0,1,#66c2a5,bicycle
206143,9,7,62,0,2019,3,15,6,3,6,4,0,0,1,1,0,0,0,"622206,304418","5307031,93792","10,635274165","47,904966267",0,2,#fc8d62,car
206145,9,7,72,163,2019,3,6,6,3,0,6,0,0,1,0,0,0,1,"640613,05845","5350598,65049","10,895804221","48,292953588",0,2,#fc8d62,car
206146,9,7,61,0,2019,3,17,6,3,2,2,0,1,1,0,0,0,0,"641859,807982","5358915,38295","10,915403225","48,367456419",0,1,#66c2a5,bicycle
206147,9,7,61,0,2019,3,13,6,3,5,1,0,1,1,0,0,0,0,"638060,000728","5356017,75435","10,86317597","48,342243926",0,1,#66c2a5,bicycle
206148,9,7,61,0,2019,3,17,6,3,0,7,0,1,0,0,0,0,0,"640590,800914","5358894,52738","10,898271835","48,367552829",0,1,#66c2a5,bicycle
206203,9,2,74,113,2019,4,14,7,3,6,4,0,0,1,1,0,0,0,"729972,401745","5382663,27179","12,116679002","48,554850452",0,2,#fc8d62,car
206209,9,1,81,121,2019,4,11,7,3,5,3,0,0,1,0,0,0,0,"636751,148822","5312358,11855","10,831495935","47,949927203",0,2,#fc8d62,car
206210,9,1,74,126,2019,4,21,7,3,1,6,2,0,1,1,0,0,0,"683927,768725","5345044,05746","11,476875843","48,231922922",0,2,#fc8d62,car
206211,9,1,74,115,2019,4,19,7,3,5,3,0,0,1,0,0,0,0,"683594,85095","5348338,70522","11,473825533","48,261633017",0,2,#fc8d62,car
206213,9,1,78,145,2019,4,14,7,3,5,2,0,0,1,0,0,0,0,"696359,678083","5354334,77167","11,64842573","48,311693342",0,2,#fc8d62,car
206214,9,1,78,143,2019,4,17,7,3,0,6,0,1,0,0,1,0,0,"717161,319269","5371976,61543","11,937743379","48,463402691",0,1,#66c2a5,bicycle
206215,9,1,78,124,2019,4,12,7,3,5,3,0,1,1,0,0,0,0,"702875,238044","5365526,75994","11,741598272","48,410212068",0,1,#66c2a5,bicycle
206216,9,1,78,124,2019,4,17,7,3,5,2,0,0,1,0,0,0,0,"703796,784389","5364331,98498","11,753456834","48,399178377",0,2,#fc8d62,car
206217,9,1,62,0,2019,4,16,6,3,4,6,0,1,1,0,0,0,0,"688962,087969","5330665,38997","11,53821363","48,101206674",0,1,#66c2a5,bicycle
206218,9,1,62,0,2019,4,12,6,3,4,2,0,0,1,0,1,0,0,"688993,353098","5341746,20267","11,543553418","48,200792754",0,2,#fc8d62,car
206219,9,1,62,0,2019,4,22,6,3,1,6,2,0,1,1,1,0,0,"680029,949295","5335815,83469","11,420522868","48,150090339",0,2,#fc8d62,car
206220,9,1,62,0,2019,4,10,6,2,6,7,0,0,1,1,0,0,0,"688324,357347","5331602,56596","11,530069691","48,10981905",0,2,#fc8d62,car
206221,9,1,62,0,2019,4,10,6,3,6,3,0,1,0,1,0,0,0,"691425,006962","5339694,02319","11,575320578","48,181619779",1,1,#66c2a5,bicycle
206222,9,1,62,0,2019,4,14,6,3,5,3,0,1,1,0,0,0,0,"688993,811973","5341746,67745","11,543559799","48,200796885",0,1,#66c2a5,bicycle
206223,9,1,62,0,2019,4,13,6,3,1,6,0,0,1,0,0,1,0,"689833,284822","5337428,60222","11,552917102","48,161735799",0,2,#fc8d62,car
206224,9,1,62,0,2019,4,18,6,3,5,7,0,1,1,0,0,0,0,"694528,93741","5335209,0327","11,614983365","48,140368018",0,1,#66c2a5,bicycle
206225,9,1,62,0,2019,4,17,6,2,0,1,0,0,0,0,0,0,1,"690536,143875","5335164,42085","11,561345914","48,141175224",0,6,#ffd92f,circle
206226,9,1,62,0,2019,4,16,6,3,1,5,0,1,1,0,0,0,0,"690586,25025","5334627,62323","11,561778585","48,136335499",0,1,#66c2a5,bicycle
206227,9,1,62,0,2019,4,18,6,3,6,4,0,1,0,1,0,0,0,"692902,086188","5336472,04991","11,593709787","48,152214959",0,1,#66c2a5,bicycle
206230,9,7,78,116,2019,4,16,6,2,6,4,0,0,1,1,0,0,0,"618892,386933","5318047,87121","10,593992747","48,004663953",0,2,#fc8d62,car
206234,9,7,72,163,2019,4,17,6,3,5,3,0,1,1,0,0,0,0,"639884,921225","5347740,7597","10,885046681","48,267417181",0,1,#66c2a5,bicycle
206235,9,7,61,0,2019,4,7,6,3,5,3,0,1,1,0,0,0,0,"638482,613892","5359347,0503","10,869971778","48,372087893",0,1,#66c2a5,bicycle
206236,9,7,61,0,2019,4,8,6,3,6,4,0,0,1,1,0,0,0,"639237,3293","5360812,06251","10,880642539","48,38509484",0,2,#fc8d62,car
206237,9,7,71,113,2019,4,5,6,3,4,6,2,0,1,0,0,0,0,"657005,73361","5370045,71215","11,123931766","48,463936595",0,2,#fc8d62,car
206265,9,1,73,137,2019,4,11,6,2,0,7,0,0,0,0,0,0,1,"677896,26","5309031,448","11,380739292","47,909917078",0,6,#ffd92f,circle
206266,9,1,90,157,2019,4,18,6,3,5,2,0,0,1,0,0,0,0,"660334,119198","5300984,14504","11,142902577","47,842194219",0,2,#fc8d62,car
206268,9,1,63,0,2019,4,14,6,3,0,1,0,1,0,0,0,0,0,"732296,017092","5305879,09855","12,106083858","47,864207824",0,1,#66c2a5,bicycle
206269,9,1,62,0,2019,4,13,7,3,0,1,0,1,0,0,0,0,0,"688500,911926","5336442,58921","11,534580496","48,153269799",0,1,#66c2a5,bicycle
206271,9,1,62,0,2019,4,13,5,3,5,3,0,1,1,0,0,0,0,"684747,253157","5329691,48585","11,481232469","48,093688738",0,1,#66c2a5,bicycle
206272,9,1,62,0,2019,4,7,5,3,6,7,0,0,1,1,0,0,0,"697765,578165","5334622,73701","11,658171997","48,134101107",0,2,#fc8d62,car
206273,9,1,62,0,2019,4,14,5,3,5,3,0,1,1,0,0,0,0,"688587,229463","5335870,80762","11,535486601","48,148104963",0,1,#66c2a5,bicycle
206274,9,1,62,0,2019,4,14,5,3,1,6,0,0,1,0,0,0,0,"686594,930685","5337964,45587","11,50964586","48,16751084",0,2,#fc8d62,car
206275,9,1,62,0,2019,4,13,5,3,4,3,0,1,1,0,0,0,0,"688417,520445","5336420,32119","11,533450494","48,153094361",0,1,#66c2a5,bicycle
206276,9,1,62,0,2019,4,6,5,3,1,7,1,1,0,0,0,0,1,"688837,541072","5335653,94929","11,538752332","48,146081558",0,1,#66c2a5,bicycle
206277,9,1,62,0,2019,4,15,5,3,3,2,0,1,1,0,0,0,0,"687473,742607","5335785,60089","11,520493723","48,147668243",0,1,#66c2a5,bicycle
206278,9,1,62,0,2019,4,15,5,3,3,2,0,1,1,0,0,0,0,"688670,86019","5336283,14406","11,536792611","48,151786295",0,1,#66c2a5,bicycle
206279,9,1,84,131,2019,4,15,5,3,5,3,0,0,1,0,0,0,0,"703820,721299","5339317,35803","11,741712553","48,174379727",0,2,#fc8d62,car
206280,9,1,62,0,2019,4,8,5,3,4,2,0,1,1,0,0,0,0,"690153,629314","5334740,68089","11,556019959","48,137481078",0,1,#66c2a5,bicycle
206281,9,7,72,200,2019,4,20,5,3,5,3,2,0,1,0,0,0,0,"630769,141235","5337894,17805","10,759229717","48,180818722",1,2,#fc8d62,car
206282,9,7,61,0,2019,4,11,5,3,4,2,0,0,1,0,0,0,0,"639033,192312","5362844,14129","10,878559604","48,403411765",0,2,#fc8d62,car
206283,9,7,61,0,2019,4,11,5,3,6,4,0,0,1,1,0,0,0,"638912,088455","5356158,15636","10,874715172","48,343319607",0,2,#fc8d62,car
206284,9,7,61,0,2019,4,13,5,3,6,4,0,1,0,1,0,0,0,"640247,081528","5358613,44022","10,893539811","48,365101847",0,1,#66c2a5,bicycle
206311,9,1,62,0,2019,4,6,7,3,5,3,2,0,1,0,1,0,0,"686836,283955","5328039,43426","11,508538662","48,078230423",0,2,#fc8d62,car
206325,9,1,63,0,2019,4,14,5,3,5,3,0,0,1,0,0,0,0,"734140,084468","5304651,87108","12,130039068","47,852513137",0,2,#fc8d62,car
206327,9,1,81,130,2019,4,13,5,3,5,3,0,1,1,0,0,0,0,"639497,992568","5323158,31114","10,871774932","48,046454368",0,1,#66c2a5,bicycle
206328,9,1,79,121,2019,4,7,5,3,0,1,0,1,0,0,0,0,0,"665551,759476","5337618,35701","11,226722628","48,170228735",0,1,#66c2a5,bicycle
206329,9,1,79,121,2019,4,15,5,3,5,3,0,0,1,0,0,0,0,"667753,318914","5338982,85159","11,256849167","48,181918189",0,2,#fc8d62,car
206330,9,1,62,0,2019,4,14,4,3,5,3,0,0,1,0,0,0,0,"692516,261","5330255,939","11,585720076","48,096462641",0,2,#fc8d62,car
206331,9,1,62,0,2019,4,8,4,3,4,6,0,1,1,0,0,0,0,"691196,272247","5335538,40305","11,570378584","48,144338517",0,1,#66c2a5,bicycle
206332,9,1,62,0,2019,4,12,4,3,5,3,0,1,1,0,0,0,0,"688303,033011","5334564,51749","11,531091911","48,136447994",0,1,#66c2a5,bicycle
206333,9,1,62,0,2019,4,15,4,3,5,2,0,0,1,0,1,0,0,"689670,302694","5343625,9695","11,553495047","48,217486087",0,2,#fc8d62,car
206334,9,1,62,0,2019,4,14,4,3,1,5,0,1,1,0,0,0,0,"693009,197884","5336221,34961","11,595034766","48,149929242",0,1,#66c2a5,bicycle
206335,9,1,62,0,2019,4,10,4,3,5,3,0,0,1,0,0,0,0,"691863,989127","5337172,40599","11,580082311","48,158823625",0,2,#fc8d62,car
206336,9,1,62,0,2019,4,19,4,2,5,3,1,0,1,0,1,0,0,"688807,858","5334952,12","11,538042483","48,13978224",0,2,#fc8d62,car
206337,9,1,84,149,2019,4,17,4,3,0,7,0,1,0,0,0,0,0,"691004,922072","5350783,55419","11,574673319","48,281416096",0,1,#66c2a5,bicycle
206338,9,1,62,0,2019,4,11,4,2,3,6,0,1,0,0,0,0,0,"688325,828713","5336676,02981","11,532332024","48,155419865",0,1,#66c2a5,bicycle
206339,9,1,62,0,2019,4,14,4,3,4,2,0,1,1,0,0,0,0,"689422,962909","5336087,50172","11,546807671","48,149804308",0,1,#66c2a5,bicycle
206340,9,1,62,0,2019,4,8,4,2,3,7,0,1,1,0,0,0,0,"691666,667046","5333763,00671","11,575896954","48,128239952",0,1,#66c2a5,bicycle
206341,9,1,84,149,2019,4,7,4,3,6,4,0,0,1,1,0,0,0,"691852,160729","5349532,29362","11,58551387","48,269914143",0,2,#fc8d62,car
206342,9,1,62,0,2019,4,16,4,3,5,3,0,0,1,0,1,0,0,"683367,487756","5334750,47245","11,46489493","48,139560805",0,2,#fc8d62,car
206343,9,1,62,0,2019,4,10,4,3,5,2,0,1,1,0,0,0,0,"688012,161985","5339628,60616","11,529424055","48,18205087",0,1,#66c2a5,bicycle
206344,9,1,62,0,2019,4,17,4,3,6,4,0,1,0,1,0,0,0,"690373,913","5343105,937","11,562724389","48,212601427",0,1,#66c2a5,bicycle
206345,9,1,62,0,2019,4,18,4,3,5,3,0,1,1,0,0,0,0,"700310,582","5332639,26","11,691408451","48,115479606",0,1,#66c2a5,bicycle
206346,9,1,62,0,2019,4,15,4,3,4,2,0,0,1,0,0,0,0,"694216,577539","5332760,43743","11,609672971","48,118456352",0,2,#fc8d62,car
206347,9,1,62,0,2019,4,13,4,3,3,6,0,1,0,0,0,0,0,"691702,693","5333711,312","11,576357362","48,127764478",0,1,#66c2a5,bicycle
206349,9,7,62,0,2019,4,14,4,3,1,6,0,0,1,0,1,0,0,"621653,093666","5305029,39629","10,627310026","47,887061137",0,2,#fc8d62,car
206352,9,7,61,0,2019,4,16,4,3,5,3,0,0,1,0,0,0,0,"638478,641424","5359784,78876","10,870062348","48,376024822",0,2,#fc8d62,car
206353,9,7,71,142,2019,4,18,4,2,0,7,0,1,0,0,0,0,0,"646716,719948","5351793,28119","10,978461583","48,302309322",0,1,#66c2a5,bicycle
206354,9,7,61,0,2019,4,12,4,3,5,3,0,0,1,0,0,0,0,"637300,797194","5359784,24359","10,854164863","48,376277314",0,2,#fc8d62,car
206355,9,7,61,0,2019,4,9,4,3,5,3,0,1,1,0,0,0,0,"638488,517102","5360170,7134","10,870322789","48,37949281",0,1,#66c2a5,bicycle
206362,9,7,62,0,2019,4,10,7,3,2,6,0,0,1,0,0,0,0,"621767,91072","5305170,35554","10,628885012","47,888307112",0,2,#fc8d62,car
206373,9,7,72,163,2019,4,17,7,3,4,6,0,0,1,0,1,0,0,"639997,905829","5349129,00538","10,887028117","48,279875146",0,2,#fc8d62,car
206379,9,1,63,0,2019,4,17,4,3,4,2,0,1,1,0,0,0,0,"733397,742462","5304447,92577","12,120020491","47,850950847",0,1,#66c2a5,bicycle
206380,9,1,86,143,2019,4,14,4,2,8,1,0,0,0,0,1,0,0,"684435,823938","5378947,75865","11,498590844","48,536504223",0,4,#e78ac3,marker
206385,9,7,61,0,2019,4,20,7,3,3,1,2,1,1,0,0,0,0,"641172,201751","5358176,83043","10,9058766","48,360969793",0,1,#66c2a5,bicycle
206386,9,1,79,145,2019,4,20,4,3,5,2,2,0,1,0,1,0,0,"675908,977748","5338484,57825","11,366269237","48,175233429",0,2,#fc8d62,car
206387,9,1,88,120,2019,4,16,4,3,0,1,0,1,0,0,0,0,0,"677876,674447","5326253,04257","11,387611013","48,064734472",0,1,#66c2a5,bicycle
206388,9,1,62,0,2019,4,11,3,3,2,4,0,0,1,1,0,0,0,"688184,362974","5329991,70211","11,527480474","48,095381563",0,2,#fc8d62,car
206389,9,1,62,0,2019,4,8,3,3,0,6,0,1,0,0,0,1,0,"690420,685763","5334741,64826","11,559606416","48,137409917",0,1,#66c2a5,bicycle
206390,9,1,62,0,2019,4,14,3,3,5,3,0,0,1,0,0,0,0,"690815,142","5335969,515","11,565453353","48,148327746",0,2,#fc8d62,car
206391,9,1,62,0,2019,4,18,3,3,6,4,0,0,0,1,1,0,0,"690275,874167","5333799,02585","11,557240907","48,128980938",0,3,#8da0cb,toilet
206392,9,1,62,0,2019,4,16,3,2,3,2,0,1,1,0,0,0,0,"696625,802838","5338096,54326","11,644473858","48,165674613",0,1,#66c2a5,bicycle
206393,9,1,62,0,2019,4,14,3,3,2,6,0,0,1,0,0,0,1,"684490,803852","5333239,11215","11,479325889","48,125651173",0,2,#fc8d62,car
206394,9,1,62,0,2019,4,16,3,3,4,2,0,1,1,0,0,0,0,"688863,387341","5336244,01081","11,539361252","48,151377422",0,1,#66c2a5,bicycle
206395,9,1,62,0,2019,4,14,3,3,9,1,0,0,1,0,0,0,0,"692127,753181","5340398,24519","11,585083413","48,187737028",0,2,#fc8d62,car
206396,9,1,84,134,2019,4,12,3,2,3,6,0,1,0,0,0,0,0,"690787,556644","5318612,42097","11,557336692","47,992329123",0,1,#66c2a5,bicycle
206397,9,1,62,0,2019,4,5,3,3,5,2,2,1,1,0,0,0,0,"682418,020584","5341594,56139","11,455080453","48,201352901",0,1,#66c2a5,bicycle
206398,9,1,62,0,2019,4,7,3,3,5,2,0,1,1,0,0,0,0,"690700,511308","5340293,01418","11,565852658","48,187221291",0,1,#66c2a5,bicycle
206399,9,1,62,0,2019,4,16,3,3,5,7,0,1,1,0,0,0,0,"692039,360065","5340011,21694","11,583720382","48,184285248",0,1,#66c2a5,bicycle
206400,9,1,88,127,2019,4,11,3,3,0,1,0,1,0,0,0,0,0,"679831,050388","5330393,33089","11,415563162","48,101403845",0,1,#66c2a5,bicycle
206401,9,1,62,0,2019,4,16,3,3,5,2,0,0,1,0,0,0,1,"686763,177","5336992,682","11,511479776","48,15872686",0,2,#fc8d62,car
206402,9,1,62,0,2019,4,8,3,3,2,6,0,1,0,0,1,0,0,"699299,212767","5330931,30433","11,677037093","48,100447197",0,1,#66c2a5,bicycle
206404,9,1,62,0,2019,4,18,3,3,3,6,0,1,1,0,0,0,0,"692198,159911","5337006,45537","11,584496354","48,157231182",0,1,#66c2a5,bicycle
206405,9,1,62,0,2019,4,17,3,3,1,3,0,1,1,0,0,0,0,"692006,521679","5336332,58312","11,581618059","48,151232444",0,1,#66c2a5,bicycle
206415,9,7,72,171,2019,4,16,3,3,1,5,0,0,1,0,1,0,0,"637179,710453","5371990,66742","10,856525871","48,48606126",0,2,#fc8d62,car
206416,9,7,72,177,2019,4,16,3,3,6,4,0,0,0,1,0,0,1,"636627,834613","5376885,62069","10,850663579","48,53019538",0,3,#8da0cb,toilet
206417,9,7,72,171,2019,4,6,3,3,5,3,0,0,1,0,0,0,0,"637492,289286","5371847,70129","10,860706805","48,48470746",0,2,#fc8d62,car
206419,9,7,72,125,2019,4,13,3,3,5,3,0,0,1,0,0,0,0,"636733,402123","5347194,96621","10,842424383","48,263197529",0,2,#fc8d62,car
206421,9,7,61,0,2019,4,14,3,3,2,6,0,0,1,0,0,0,0,"644411,794115","5356341,59441","10,948956635","48,343735706",0,2,#fc8d62,car
206422,9,7,61,0,2019,4,12,3,3,6,1,0,0,1,1,0,0,0,"641343,889051","5357540,88506","10,907979493","48,355213194",0,2,#fc8d62,car
206424,9,7,61,0,2019,4,14,3,3,2,1,0,0,1,0,0,0,0,"641009,700592","5351427,91569","10,901425821","48,300321885",0,2,#fc8d62,car
206425,9,7,61,0,2019,4,15,3,2,6,4,0,0,1,1,0,0,0,"640045,111882","5358616,13419","10,890815369","48,365170911",0,2,#fc8d62,car
206426,9,7,61,0,2019,4,18,3,3,2,2,0,0,1,0,1,0,0,"640785,392902","5359262,8194","10,901021029","48,370821008",0,2,#fc8d62,car
206430,9,7,61,0,2019,4,17,7,3,0,7,0,1,0,0,0,0,0,"639864,320883","5358691,4276","10,88840084","48,365888013",0,1,#66c2a5,bicycle
206433,9,7,71,113,2019,4,16,7,3,5,3,0,0,1,0,0,0,0,"657538,153195","5369123,16715","11,130781721","48,455509595",0,2,#fc8d62,car
206449,9,2,61,0,2019,4,18,5,3,0,1,0,1,0,0,0,0,0,"730693,208","5382945,708","12,126589015","48,557122858",0,1,#66c2a5,bicycle
206450,9,1,90,140,2019,4,18,5,3,4,2,0,0,1,0,0,0,0,"643972,479","5295291,636","10,92246875","47,794877616",0,2,#fc8d62,car
206451,9,1,73,126,2019,4,15,5,3,4,6,0,0,1,0,0,0,0,"686586,396606","5303023,93092","11,494330408","47,853447542",0,2,#fc8d62,car
206452,9,1,83,118,2019,4,9,5,2,6,4,0,0,1,1,0,0,0,"743590,199448","5338586,60754","12,275423718","48,1538224",0,2,#fc8d62,car
206453,9,1,87,177,2019,4,7,5,3,5,3,0,1,1,0,0,0,0,"735701,112798","5305640,89791","12,151413644","47,860827862",1,1,#66c2a5,bicycle
206454,9,1,87,117,2019,4,16,5,3,5,7,0,1,1,0,0,0,0,"724455,01052","5305999,5521","12,00145383","47,86807717",0,1,#66c2a5,bicycle
206455,9,1,86,143,2019,4,8,5,3,5,3,0,0,1,0,0,0,0,"685166,681","5378777,294","11,508406316","48,534756911",0,2,#fc8d62,car
206456,9,1,62,0,2019,4,16,4,3,0,1,0,0,0,0,1,0,0,"692506,554985","5340966,14894","11,590432203","48,192726487",0,4,#e78ac3,marker
206457,9,1,62,0,2019,4,16,4,3,0,6,0,0,1,0,0,0,1,"690950,925043","5333176,05708","11,56602483","48,12317958",0,2,#fc8d62,car
206458,9,1,84,146,2019,4,10,4,2,0,5,0,1,1,0,0,0,0,"699578,685753","5327613,66785","11,679236734","48,070543465",1,1,#66c2a5,bicycle
206459,9,1,62,0,2019,4,14,4,3,5,3,0,1,1,0,0,0,0,"700444,229839","5334568,03563","11,694109078","48,132771536",0,1,#66c2a5,bicycle
206460,9,1,62,0,2019,4,8,4,3,3,2,0,1,1,0,0,0,0,"686204,128379","5334838,937","11,503027347","48,13953219",0,1,#66c2a5,bicycle
206461,9,1,84,149,2019,4,12,4,3,1,1,0,0,1,0,0,0,0,"690755,368496","5349738,73582","11,570841474","48,272100832",0,2,#fc8d62,car
206462,9,1,84,149,2019,4,18,4,3,5,3,1,0,0,0,1,0,1,"691316,992587","5349715,47302","11,578392099","48,27172236",0,4,#e78ac3,marker
206463,9,1,62,0,2019,4,11,4,3,6,7,0,0,1,1,0,0,0,"683714,577967","5339534,56345","11,471622271","48,182462776",0,2,#fc8d62,car
206464,9,1,62,0,2019,4,13,4,3,6,4,0,0,0,1,0,0,1,"692003,911675","5332343,69494","11,579785342","48,115381741",0,3,#8da0cb,toilet
206465,9,1,62,0,2019,4,18,4,3,2,6,2,0,1,0,0,0,0,"693227,885141","5333659,98536","11,596809916","48,126842039",1,2,#fc8d62,car
206466,9,1,62,0,2019,4,18,4,3,0,7,0,1,0,0,0,0,0,"693124,946","5336235,658","11,59659585","48,15002271",1,1,#66c2a5,bicycle
206470,9,7,61,0,2019,4,17,4,2,0,4,0,1,0,1,0,0,0,"641074,086956","5358750,4686","10,904745151","48,366149673",0,1,#66c2a5,bicycle
206471,9,7,72,147,2019,4,13,4,3,6,4,0,0,1,1,0,0,0,"638969,7236","5365236,74121","10,878495126","48,424939293",0,2,#fc8d62,car
206473,9,7,72,125,2019,4,15,4,2,5,3,0,1,1,0,0,0,0,"635920,956","5348982,598","10,832057551","48,279447036",0,1,#66c2a5,bicycle
206474,9,7,61,0,2019,4,7,4,3,4,6,0,1,1,0,0,0,0,"638787,867681","5357904,94252","10,873615579","48,359053698",0,1,#66c2a5,bicycle
206475,9,7,61,0,2019,4,6,4,3,2,6,0,1,1,0,0,0,0,"638705,182933","5358381,25265","10,872657001","48,363354758",0,1,#66c2a5,bicycle
206476,9,7,61,0,2019,4,15,4,2,6,4,0,0,1,1,0,0,0,"641782,753179","5362006,37917","10,915406242","48,395266601",0,2,#fc8d62,car
206477,9,7,61,0,2019,4,13,4,3,6,7,0,1,0,1,0,0,0,"640628,233051","5358779,14882","10,898738381","48,366507045",0,1,#66c2a5,bicycle
206506,9,1,63,0,2019,4,16,4,3,3,2,0,1,0,0,0,1,0,"732457,691713","5304596,70012","12,107553134","47,852628083",0,1,#66c2a5,bicycle
206507,9,1,79,123,2019,4,12,4,3,5,3,0,1,1,0,0,0,0,"676686,317612","5332547,17285","11,374251985","48,121645185",1,1,#66c2a5,bicycle
206508,9,1,88,127,2019,4,14,4,3,2,2,0,0,1,0,0,0,0,"676733,383896","5329837,547","11,373761271","48,097274534",0,2,#fc8d62,car
206509,9,1,88,120,2019,4,13,4,3,0,7,0,1,0,0,0,0,0,"677139,262673","5327376,76397","11,378187332","48,075041146",1,1,#66c2a5,bicycle
206510,9,1,74,115,2019,4,1,4,2,0,7,2,1,0,0,0,0,0,"681277,424681","5347374,81565","11,442216392","48,253636289",0,1,#66c2a5,bicycle
206511,9,1,62,0,2019,4,20,3,3,5,3,2,0,1,0,0,0,0,"696946,716884","5329926,70982","11,645009448","48,092149939",0,2,#fc8d62,car
206512,9,1,62,0,2019,4,9,3,3,5,3,0,0,1,0,0,0,0,"700123,560623","5335055,05415","11,690032773","48,137249301",0,2,#fc8d62,car
206513,9,1,62,0,2019,4,15,3,3,4,5,0,1,1,0,0,0,0,"690926,731101","5336662,3749","11,567262879","48,154521624",0,1,#66c2a5,bicycle
206514,9,1,84,148,2019,4,7,3,3,5,3,0,0,1,0,0,0,0,"694316,943","5327741,437","11,608735654","48,073316505",0,2,#fc8d62,car
206515,9,1,62,0,2019,4,8,3,2,5,3,0,1,0,0,0,0,0,"684424,647","5336583,842","11,479886161","48,155734558",0,1,#66c2a5,bicycle
206516,9,1,62,0,2019,4,13,3,3,6,4,0,0,1,1,0,0,0,"689968,31312","5343891,92473","11,557622099","48,219787316",0,2,#fc8d62,car
206517,9,1,62,0,2019,4,17,3,2,1,5,0,0,1,0,1,0,0,"689548,918447","5335017,14405","11,548022903","48,140146357",0,2,#fc8d62,car
206518,9,1,62,0,2019,4,8,3,2,6,4,0,1,0,1,0,0,0,"689269,859032","5333010,57272","11,543384144","48,122194157",0,1,#66c2a5,bicycle
206519,9,1,62,0,2019,4,6,3,3,5,3,0,0,1,0,0,0,0,"688705,427362","5343488,31924","11,540457157","48,216536547",0,2,#fc8d62,car
206520,9,1,62,0,2019,4,17,3,3,1,5,0,0,1,0,0,0,1,"686624,314934","5330050,68787","11,506574326","48,096370513",0,2,#fc8d62,car
206521,9,1,62,0,2019,4,17,3,2,5,3,0,1,1,0,0,0,0,"689532,581323","5331893,56615","11,546414474","48,11207623",0,1,#66c2a5,bicycle
206522,9,1,62,0,2019,4,7,3,3,5,2,0,1,1,0,0,0,0,"692820,545197","5335361,3614","11,592111513","48,142257109",0,1,#66c2a5,bicycle
206523,9,1,62,0,2019,4,8,3,3,3,2,0,1,1,0,0,0,0,"692333,359463","5334254,12377","11,585069174","48,132452935",0,1,#66c2a5,bicycle
206527,9,7,78,203,2019,4,9,3,3,5,3,0,0,1,0,0,0,0,"622959,218956","5324963,08195","10,65047934","48,066085837",1,2,#fc8d62,car