OBJECTID,ULAND,UREGBEZ,UKREIS,UGEMEINDE,UJAHR,UMONAT,USTUNDE,UWOCHENTAG,UKATEGORIE,UART,UTYP1,ULICHTVERH,IstRad,IstPKW,IstFuss,IstKrad,IstGkfz,IstSonstig,LINREFX,LINREFY,XGCSWGS84,YGCSWGS84,STRZUSTAND,Teilnehmer,color,symbol
206528,9,7,71,130,2019,4,18,3,3,0,6,0,0,1,0,0,0,0,"647164,725952","5362209,78788","10,988140288","48,395862424",1,2,#fc8d62,car
206529,9,7,61,0,2019,4,15,3,3,5,3,0,1,1,0,0,0,0,"642651,530578","5360192,2956","10,926520102","48,378759355",0,1,#66c2a5,bicycle
206531,9,7,61,0,2019,4,12,3,3,5,3,0,0,1,0,0,0,0,"642155,382525","5360354,72515","10,91987844","48,380331827",0,2,#fc8d62,car
206532,9,7,61,0,2019,4,17,3,3,3,2,0,0,1,0,0,0,0,"639725,26864","5359300,28917","10,886726755","48,371393524",0,2,#fc8d62,car
206533,9,7,61,0,2019,4,13,3,3,0,7,0,1,0,0,0,0,0,"639632,144051","5359562,05836","10,885556923","48,373767891",0,1,#66c2a5,bicycle
206552,9,2,61,0,2019,4,12,3,3,5,2,0,1,1,0,0,0,0,"730705,082","5383093,976","12,126831855","48,558450367",0,1,#66c2a5,bicycle
206553,9,1,90,157,2019,4,18,3,3,5,3,0,0,1,0,0,0,0,"660440,490847","5300936,99528","11,144305751","47,841743753",0,2,#fc8d62,car
206554,9,1,90,140,2019,4,6,3,2,0,6,0,0,1,0,0,0,0,"644389,048239","5296199,55952","10,928330161","47,802948756",1,2,#fc8d62,car
206555,9,1,83,119,2019,4,13,3,2,6,4,0,0,1,1,0,0,0,"736884,206269","5339136,75611","12,185704779","48,161297149",0,2,#fc8d62,car
206557,9,1,74,126,2019,4,7,3,3,0,7,0,0,1,1,0,0,0,"682657,87299","5345127,40932","11,459827056","48,233039124",0,2,#fc8d62,car
206558,9,1,74,115,2019,4,7,3,3,4,6,0,1,1,0,0,0,0,"680518,378076","5348653,7646","11,432545573","48,265348988",0,1,#66c2a5,bicycle
206559,9,1,74,115,2019,4,9,3,3,6,7,0,0,1,1,0,0,0,"681161,379675","5346906,70318","11,440454133","48,249461786",0,2,#fc8d62,car
206560,9,1,74,126,2019,4,17,3,3,5,3,0,1,0,0,0,0,0,"681779,236595","5342629,63611","11,446934906","48,210840031",0,1,#66c2a5,bicycle
206561,9,1,74,115,2019,4,11,3,2,9,1,0,0,1,0,0,0,0,"681022,287372","5347208,96337","11,43871142","48,252218431",0,2,#fc8d62,car
206562,9,1,77,131,2019,4,9,3,3,2,6,0,0,1,0,0,0,0,"711025,518254","5346843,8342","11,842249725","48,239659875",0,2,#fc8d62,car
206563,9,1,77,133,2019,4,19,3,3,5,7,1,0,1,0,0,0,0,"712772,519002","5354547,45308","11,869625807","48,308296793",0,2,#fc8d62,car
206564,9,1,62,0,2019,4,7,2,2,2,6,0,0,1,0,0,0,0,"690659,836327","5338382,74528","11,564448963","48,170064231",0,2,#fc8d62,car
206565,9,1,62,0,2019,4,18,2,3,1,6,0,0,1,0,0,0,0,"693301,392207","5333260,99856","11,59761579","48,123233736",0,2,#fc8d62,car
206566,9,1,62,0,2019,4,17,2,2,3,2,0,1,1,0,0,0,0,"687913,746486","5330481,50404","11,524065136","48,0998639",0,1,#66c2a5,bicycle
206567,9,1,62,0,2019,4,11,2,2,0,7,0,0,0,0,0,0,1,"697087,219057","5330900,85214","11,647344043","48,100861537",1,6,#ffd92f,circle
206568,9,1,62,0,2019,4,16,2,3,4,2,0,1,1,0,0,0,0,"690675,813","5337769,192","11,564388526","48,164544882",0,1,#66c2a5,bicycle
206569,9,1,62,0,2019,4,15,2,2,0,7,0,1,0,0,0,0,0,"690629,671356","5335501,94437","11,562752984","48,144180855",0,1,#66c2a5,bicycle
206570,9,1,84,120,2019,4,7,2,3,5,3,0,0,1,0,0,0,0,"682392,396894","5332764,94023","11,450949938","48,121993634",1,2,#fc8d62,car
206571,9,1,62,0,2019,4,17,2,3,0,7,0,0,0,0,1,0,0,"683438,886925","5335986,43544","11,466386299","48,150649821",0,4,#e78ac3,marker
206573,9,1,62,0,2019,4,8,2,3,6,4,0,0,1,1,0,0,0,"682643,513213","5335936,27063","11,455680966","48,150427798",1,2,#fc8d62,car
206574,9,1,62,0,2019,4,8,2,3,5,3,0,1,1,0,0,0,0,"688127,326934","5339149,8448","11,530759915","48,177713618",0,1,#66c2a5,bicycle
206575,9,1,62,0,2019,4,8,2,3,5,2,0,1,1,0,0,0,0,"690267,956","5336887,33","11,558514538","48,156740942",0,1,#66c2a5,bicycle
206576,9,1,84,146,2019,4,14,2,2,0,7,0,1,0,0,0,0,0,"699384,516249","5328285,39899","11,676946398","48,076641198",0,1,#66c2a5,bicycle
206577,9,1,84,123,2019,4,11,2,3,2,5,0,0,0,0,1,0,1,"703387,518772","5332031,40613","11,732412496","48,109041778",0,4,#e78ac3,marker
206578,9,1,62,0,2019,4,9,2,3,5,2,0,1,1,0,0,0,0,"692697,239941","5333134,33439","11,589448448","48,122278444",0,1,#66c2a5,bicycle
206584,9,7,61,0,2019,4,16,2,3,5,3,0,0,1,0,0,0,0,"639153,225589","5359016,49293","10,878912806","48,368968087",0,2,#fc8d62,car
206586,9,7,61,0,2019,4,7,2,3,0,6,0,1,0,0,0,0,0,"637693,243313","5357367,5841","10,858670605","48,354461506",0,1,#66c2a5,bicycle
206587,9,7,61,0,2019,4,12,2,3,5,3,0,0,1,0,0,0,0,"638900,75642","5362280,1774","10,876584586","48,398369952",0,2,#fc8d62,car
206588,9,7,61,0,2019,4,19,2,2,5,3,0,1,1,0,0,0,0,"641799,932454","5362043,55362","10,915650742","48,395596993",0,1,#66c2a5,bicycle
206589,9,7,61,0,2019,4,11,2,3,0,7,0,1,0,0,0,0,0,"640740,449101","5358002,71402","10,899992876","48,359500594",0,1,#66c2a5,bicycle
206590,9,7,71,113,2019,4,18,2,3,5,3,0,0,0,0,0,0,1,"656783,26591","5371202,01266","11,121357867","48,474387541",0,6,#ffd92f,circle
206621,9,1,90,115,2019,4,17,2,3,5,3,0,0,1,0,0,0,0,"670582,795431","5304938,93288","11,28132974","47,875111332",0,2,#fc8d62,car
206622,9,1,87,182,2019,4,17,2,3,0,7,0,0,0,1,0,1,0,"739964,837582","5327191,40538","12,220349333","48,052839922",0,3,#8da0cb,toilet
206623,9,1,87,150,2019,4,6,2,3,5,3,0,0,1,0,0,0,0,"729353,136101","5303609,58489","12,065589318","47,844874555",1,2,#fc8d62,car
206629,9,1,78,124,2019,4,10,2,3,3,6,0,0,1,0,0,1,0,"705824,164273","5359913,07495","11,778651474","48,358811629",0,2,#fc8d62,car
206630,9,1,75,133,2019,4,17,2,3,5,4,0,0,1,1,0,0,0,"706224,454783","5340929,76274","11,77478996","48,18809396",0,2,#fc8d62,car
206631,9,1,77,117,2019,4,9,2,3,0,1,0,1,0,0,0,0,0,"716284,575511","5354351,69736","11,91682872","48,305346979",0,1,#66c2a5,bicycle
206632,9,1,62,0,2019,4,15,1,3,1,3,0,1,1,0,0,0,0,"692001,946878","5336316,20601","11,581549226","48,151086631",0,1,#66c2a5,bicycle
206633,9,1,62,0,2019,4,17,1,2,0,7,0,1,0,0,0,0,0,"678296,411","5335212,897","11,396983982","48,145158793",0,1,#66c2a5,bicycle
206634,9,1,62,0,2019,4,15,1,3,5,3,0,1,1,0,0,0,0,"691176,918285","5336890,25743","11,570725847","48,156494647",0,1,#66c2a5,bicycle
206636,9,1,62,0,2019,4,19,1,3,3,6,0,1,1,0,0,0,0,"692432,293325","5338897,35511","11,588496999","48,174155286",0,1,#66c2a5,bicycle
206637,9,1,84,149,2019,4,16,1,3,5,3,0,1,1,0,0,0,0,"690466,564","5349930,987","11,567039874","48,273915645",0,1,#66c2a5,bicycle
206638,9,1,62,0,2019,4,19,1,3,3,2,2,1,1,0,0,0,0,"686231,724536","5334375,21945","11,503195189","48,135356047",0,1,#66c2a5,bicycle
206639,9,1,62,0,2019,4,16,1,3,5,3,0,1,1,0,0,0,0,"694524,068773","5336746,98036","11,615620718","48,154191922",0,1,#66c2a5,bicycle
206640,9,1,62,0,2019,4,9,1,3,8,5,0,0,1,0,0,0,0,"688845,971127","5334959,61521","11,53855762","48,139838297",0,2,#fc8d62,car
206642,9,7,78,116,2019,4,16,1,3,7,7,0,0,1,0,0,0,0,"620360,575265","5318291,71506","10,613737165","48,006582217",0,2,#fc8d62,car
206644,9,7,62,0,2019,4,17,1,3,0,1,0,1,0,0,0,0,0,"620578,115352","5305642,72216","10,613107677","47,892780116",0,1,#66c2a5,bicycle
206646,9,7,72,117,2019,4,16,1,3,0,7,0,0,1,0,0,0,0,"630405,980254","5362655,17183","10,761992776","48,403556277",0,2,#fc8d62,car
206648,9,7,72,163,2019,4,15,1,2,0,1,0,1,0,0,0,0,0,"639966,667372","5347513,56618","10,886072455","48,265356223",0,1,#66c2a5,bicycle
206649,9,7,61,0,2019,4,14,1,3,5,3,0,0,1,0,0,0,0,"639058,653928","5362253,26817","10,878707717","48,398093187",0,2,#fc8d62,car
206650,9,7,71,156,2019,4,17,1,3,9,1,0,0,1,0,0,0,0,"655427,699","5383577,04","11,107643381","48,585978917",0,2,#fc8d62,car
206675,9,7,61,0,2019,4,8,5,3,5,2,0,0,1,0,1,0,0,"639199,377359","5356982,0843","10,878862565","48,350664963",0,2,#fc8d62,car
206678,9,2,61,0,2019,4,18,1,3,5,3,0,1,1,0,0,0,0,"733117,340594","5381791,33417","12,158745421","48,545857228",0,1,#66c2a5,bicycle
206679,9,2,74,182,2019,4,17,1,3,8,1,0,0,0,0,1,0,0,"732038,77901","5376464,00125","12,141190487","48,498402563",0,4,#e78ac3,marker
206687,9,1,63,0,2019,4,21,1,3,5,3,2,0,1,0,0,0,0,"733298,227098","5305726,263","12,119381687","47,862471637",0,2,#fc8d62,car
206690,9,1,88,124,2019,4,18,1,3,0,1,0,1,0,0,0,0,0,"661886,176","5317963,475","11,170008201","47,994464291",0,1,#66c2a5,bicycle
206691,9,1,79,118,2019,4,12,1,3,5,3,0,1,1,0,0,0,0,"672424,367485","5337131,27291","11,318886845","48,164022869",0,1,#66c2a5,bicycle
206692,9,1,79,121,2019,4,12,1,3,5,2,0,0,1,0,0,0,0,"666503,051573","5337758,52581","11,239562584","48,171240363",0,2,#fc8d62,car
206694,9,1,74,115,2019,4,13,1,3,3,2,0,1,1,0,0,0,0,"680333,988112","5348775,91912","11,430115261","48,26649951",0,1,#66c2a5,bicycle
206695,9,1,74,115,2019,4,11,1,3,2,6,0,0,1,0,0,0,0,"683634,282279","5348725,06965","11,474524052","48,265094378",0,2,#fc8d62,car
206697,9,1,62,0,2019,4,17,7,3,3,7,0,0,1,0,1,0,0,"691755,187247","5335425,40893","11,577833687","48,143154731",0,2,#fc8d62,car
206698,9,1,62,0,2019,4,15,7,3,5,1,0,1,1,0,0,0,0,"688369,350253","5338042,58543","11,533521786","48,167689754",0,1,#66c2a5,bicycle
206699,9,1,62,0,2019,4,21,7,3,5,3,2,0,1,0,0,0,0,"694042,995859","5341819,95501","11,611475067","48,199932549",0,2,#fc8d62,car
206700,9,1,62,0,2019,4,18,7,3,6,4,0,1,0,1,0,0,0,"691765,845526","5333645,214","11,577175458","48,127151376",0,1,#66c2a5,bicycle
206701,9,1,62,0,2019,4,22,7,3,5,3,2,0,1,0,0,0,0,"687908,583569","5343608,07704","11,529793545","48,217849389",0,2,#fc8d62,car
206702,9,1,62,0,2019,4,12,7,3,5,3,0,1,1,0,0,0,0,"685029,170182","5337534,35604","11,488420421","48,164102599",0,1,#66c2a5,bicycle
206703,9,1,62,0,2019,4,3,7,2,5,3,2,0,1,0,0,0,1,"692824,418309","5335368,59966","11,592166802","48,142320991",0,2,#fc8d62,car
206704,9,1,62,0,2019,4,15,7,3,2,6,0,0,1,0,0,0,0,"700088,97814","5334859,38968","11,689476546","48,135501729",0,2,#fc8d62,car
206705,9,1,62,0,2019,4,16,7,3,0,7,0,1,0,0,0,0,0,"690502,309583","5342693,84233","11,564265962","48,208859064",0,1,#66c2a5,bicycle
206706,9,1,84,120,2019,4,12,7,3,5,3,0,1,1,0,0,0,0,"682221,326447","5333474,69295","11,448956749","48,128422417",0,1,#66c2a5,bicycle
206708,9,1,78,143,2019,4,12,4,2,5,3,0,1,1,0,0,0,0,"716186,433479","5372513,53674","11,924850539","48,46856249",0,1,#66c2a5,bicycle
206709,9,1,77,131,2019,4,7,4,3,9,1,0,0,0,0,0,0,1,"710069,34258","5348693,74578","11,830305395","48,256600305",0,6,#ffd92f,circle
206710,9,1,62,0,2019,4,23,3,3,3,7,2,1,0,0,0,0,1,"690368,542778","5335692,59148","11,559331348","48,145972576",0,1,#66c2a5,bicycle
206711,9,1,62,0,2019,4,17,3,3,6,4,0,1,0,1,0,0,0,"692240,474829","5338555,18149","11,585764759","48,171137968",0,1,#66c2a5,bicycle
206712,9,1,62,0,2019,4,12,3,3,5,7,0,1,1,0,0,0,0,"691115,045051","5340002,62128","11,571293699","48,184486715",0,1,#66c2a5,bicycle
206713,9,1,62,0,2019,4,18,3,3,3,2,0,1,1,0,0,0,0,"693001,150275","5335332,22536","11,594523624","48,141940484",0,1,#66c2a5,bicycle
206714,9,1,62,0,2019,4,16,3,3,1,5,0,1,1,0,0,0,0,"691243,530101","5337348,93661","11,571826807","48,160597165",0,1,#66c2a5,bicycle
206715,9,1,62,0,2019,4,19,3,2,0,1,0,0,0,0,0,0,1,"686229,436999","5332914,40624","11,502526077","48,122226357",0,6,#ffd92f,circle
206716,9,1,62,0,2019,4,16,3,3,3,3,0,1,1,0,0,0,0,"696274,828993","5335506,98745","11,638564392","48,142509721",0,1,#66c2a5,bicycle
206717,9,1,62,0,2019,4,14,3,3,5,3,0,0,1,0,0,0,0,"698864,21166","5331907,03335","11,671655367","48,109352209",0,2,#fc8d62,car
206718,9,1,84,135,2019,4,17,3,3,5,3,0,1,1,0,0,0,0,"689830,417037","5347522,33046","11,557394154","48,252458123",0,1,#66c2a5,bicycle
206719,9,1,62,0,2019,4,5,3,3,1,7,0,0,1,0,0,0,0,"685955,061","5337767,834","11,500962349","48,165931038",0,2,#fc8d62,car
206720,9,1,62,0,2019,4,21,3,3,3,2,2,0,0,0,1,0,1,"694490,830433","5334196,25106","11,614009261","48,131277193",0,4,#e78ac3,marker
206721,9,1,62,0,2019,4,17,3,3,3,3,0,0,1,0,0,0,0,"688287,003208","5332378,45015","11,529910886","48,116803918",0,2,#fc8d62,car
206728,9,7,61,0,2019,4,12,3,3,0,1,0,0,0,0,1,0,0,"638381,00274","5362953,0102","10,869788271","48,404534192",0,4,#e78ac3,marker
206729,9,7,61,0,2019,4,7,3,3,5,3,0,0,1,0,0,0,0,"643642,859406","5357490,18671","10,938977308","48,354238566",0,2,#fc8d62,car
206730,9,7,61,0,2019,4,19,3,3,6,7,0,0,1,1,0,0,0,"639936,148428","5358001,94288","10,889140733","48,35967244",0,2,#fc8d62,car
206731,9,7,61,0,2019,4,21,3,3,0,1,2,0,1,0,1,0,0,"640228,430757","5353372,2634","10,8915431","48,317978708",0,2,#fc8d62,car
206732,9,7,61,0,2019,4,20,3,3,4,2,1,0,1,0,1,0,0,"640785,552","5352773,886","10,898854102","48,312474446",0,2,#fc8d62,car
206733,9,2,61,0,2019,4,19,4,3,0,1,0,1,0,0,0,0,0,"734876,501806","5382483,41525","12,182934164","48,55141775",0,1,#66c2a5,bicycle
206734,9,7,61,0,2019,4,18,3,2,0,1,0,1,0,0,0,0,0,"641056,685177","5359165,9405","10,90464968","48,369889332",0,1,#66c2a5,bicycle
206735,9,7,71,113,2019,4,13,3,2,8,7,0,0,1,0,0,0,0,"657367,480468","5368824,16904","11,128362542","48,452864229",0,2,#fc8d62,car
206737,9,7,71,113,2019,4,13,3,3,1,3,0,0,1,1,0,0,0,"657571,018003","5369586,98575","11,131400537","48,459671205",0,2,#fc8d62,car
206755,9,2,74,194,2019,4,7,3,3,0,1,0,1,0,0,0,0,0,"720972,72025","5378948,73464","11,992918983","48,524714247",0,1,#66c2a5,bicycle
206757,9,1,83,135,2019,4,21,3,3,9,1,2,0,1,0,0,0,0,"744177,00099","5349629,40466","12,289652599","48,252784396",0,2,#fc8d62,car
206760,9,1,87,182,2019,4,14,3,3,4,2,0,1,1,0,0,0,0,"740483,373271","5328292,5535","12,22791559","48,062536187",0,1,#66c2a5,bicycle
206761,9,1,63,0,2019,4,13,3,3,0,1,0,1,0,0,0,0,0,"732085,144271","5304139,76079","12,102335294","47,848657458",0,1,#66c2a5,bicycle
206762,9,1,63,0,2019,4,21,3,3,5,3,2,1,1,0,0,0,0,"733733,123691","5303695,13828","12,124090359","47,844065923",0,1,#66c2a5,bicycle
206766,9,1,88,121,2019,4,10,3,3,5,2,0,1,1,0,0,0,0,"670292,73113","5329613,97029","11,287238473","48,09701844",0,1,#66c2a5,bicycle
206767,9,1,74,115,2019,4,18,3,3,5,2,0,1,1,0,0,0,0,"680157,723056","5348079,02449","11,427445394","48,260285495",0,1,#66c2a5,bicycle
206768,9,1,78,130,2019,4,13,3,3,0,1,0,1,1,0,0,0,0,"703446,810825","5355406,70326","11,744419323","48,319086358",0,1,#66c2a5,bicycle
206769,9,1,78,124,2019,4,11,3,3,0,6,0,1,0,0,0,0,1,"703592,602785","5362202,03212","11,749669347","48,380104152",0,1,#66c2a5,bicycle
206770,9,1,78,124,2019,4,9,3,3,5,3,0,1,1,0,0,0,0,"703940,233339","5365094,42969","11,755762973","48,405983434",0,1,#66c2a5,bicycle
206771,9,1,78,157,2019,4,9,3,3,5,3,0,0,1,0,0,0,0,"705141,515366","5370214,28996","11,774480903","48,451600574",0,2,#fc8d62,car
206772,9,1,77,117,2019,4,7,3,3,6,4,0,0,1,1,0,0,0,"715756,272529","5354569,67842","11,909824976","48,307485938",0,2,#fc8d62,car
206773,9,1,77,117,2019,4,9,3,3,0,6,0,0,1,0,1,0,0,"715260,29965","5354151,38052","11,902931579","48,303896422",0,2,#fc8d62,car
206774,9,1,62,0,2019,4,7,2,3,4,6,0,1,0,0,0,0,0,"689592,526759","5334819,12205","11,548520358","48,138353532",0,1,#66c2a5,bicycle
206775,9,1,84,131,2019,4,9,2,3,5,3,0,0,1,0,0,0,1,"704605,773984","5338044,37408","11,751647651","48,162687772",0,2,#fc8d62,car
206776,9,1,62,0,2019,4,22,2,3,4,2,2,0,1,0,0,0,0,"693938,352003","5331201,95275","11,6052299","48,104533959",0,2,#fc8d62,car
206778,9,1,62,0,2019,4,12,2,3,2,7,0,1,1,0,0,0,0,"692004,276839","5341280,40631","11,583822619","48,195702985",0,1,#66c2a5,bicycle
206779,9,1,62,0,2019,4,11,2,3,6,4,0,0,0,1,0,0,1,"689356,195171","5337105,59546","11,546363911","48,158974865",0,3,#8da0cb,toilet
206780,9,1,62,0,2019,4,10,2,3,4,7,0,0,1,0,0,0,0,"684744,723989","5329527,2327","11,481127464","48,092213066",0,2,#fc8d62,car
206781,9,1,62,0,2019,4,15,2,3,3,6,0,0,1,0,0,1,0,"688257,378719","5339011,12103","11,532446203","48,176428238",0,2,#fc8d62,car
206782,9,1,62,0,2019,4,14,2,3,3,5,0,1,1,0,0,0,0,"687290,616683","5343984,6562","11,521648629","48,221416819",0,1,#66c2a5,bicycle
206783,9,1,62,0,2019,4,13,2,3,0,7,0,0,0,0,0,0,1,"693330,331853","5336112,46599","11,599298398","48,148853108",0,6,#ffd92f,circle
206784,9,1,62,0,2019,4,7,2,3,5,2,0,0,1,0,0,0,0,"694216,577539","5332760,43743","11,609672971","48,118456352",0,2,#fc8d62,car
206785,9,1,62,0,2019,4,17,2,3,0,1,0,1,0,0,0,0,0,"693415,215139","5333031,5762","11,59903964","48,121137183",0,1,#66c2a5,bicycle
206786,9,1,62,0,2019,4,10,2,3,5,6,0,0,1,0,0,0,1,"691654,864516","5338424,48116","11,577837273","48,170140107",0,2,#fc8d62,car
206787,9,1,62,0,2019,4,17,2,3,6,4,0,0,1,1,0,0,0,"690524,148157","5335541,28307","11,561353444","48,144566039",0,2,#fc8d62,car
206790,9,7,61,0,2019,4,9,2,3,0,1,0,1,0,0,0,0,0,"639854,773726","5359067,07631","10,888396927","48,369267855",0,1,#66c2a5,bicycle
206791,9,7,61,0,2019,4,20,2,3,4,6,2,0,1,0,0,0,0,"639198,244153","5358955,10324","10,879500009","48,368406159",0,2,#fc8d62,car
206792,9,7,61,0,2019,4,19,2,3,5,2,0,1,1,0,0,0,0,"638234,610188","5356293,72607","10,865621686","48,344687245",0,1,#66c2a5,bicycle
206793,9,7,71,113,2019,4,18,2,3,0,7,0,1,0,0,0,0,0,"656141,309077","5367250,58986","11,111203902","48,439022589",0,1,#66c2a5,bicycle
206795,9,1,73,126,2019,4,16,4,3,3,7,0,0,1,0,0,0,0,"684239,329227","5306298,33297","11,464380239","47,883558493",0,2,#fc8d62,car
206827,9,2,74,113,2019,4,17,2,3,5,2,0,0,1,0,0,0,0,"729714,123014","5382993,38512","12,113366221","48,557910509",0,2,#fc8d62,car
206828,9,1,90,144,2019,4,10,2,3,5,3,0,0,1,0,0,0,0,"658235,273584","5308272,65282","11,117540481","47,908246958",0,2,#fc8d62,car
206835,9,1,87,176,2019,4,16,2,2,7,7,0,0,0,0,1,0,1,"738558,822863","5329668,18374","12,202892539","48,075615868",0,4,#e78ac3,marker
206838,9,1,63,0,2019,4,12,4,3,2,6,0,0,1,0,0,0,0,"732824,44404","5304689,8024","12,1124986","47,853331792",0,2,#fc8d62,car
206840,9,1,74,115,2019,4,19,2,3,8,1,0,0,1,0,0,0,0,"680978,594322","5346977,07829","11,438024205","48,250146578",0,2,#fc8d62,car
206841,9,1,74,115,2019,4,15,2,3,0,3,0,1,0,0,0,0,1,"680155,783736","5348099,31161","11,427427926","48,260468401",0,1,#66c2a5,bicycle
206842,9,1,78,124,2019,4,12,2,3,5,3,0,1,1,0,0,0,0,"704942,265705","5363419,96323","11,768469451","48,390611669",0,1,#66c2a5,bicycle
206843,9,1,77,117,2019,4,18,2,3,5,2,0,1,1,0,0,0,0,"715060,971258","5353310,03235","11,899818529","48,296404541",0,1,#66c2a5,bicycle
206844,9,1,62,0,2019,4,16,1,2,1,1,0,1,0,0,0,0,0,"688981,839788","5334452,31887","11,540157092","48,13523832",0,1,#66c2a5,bicycle
206845,9,1,62,0,2019,4,14,1,3,0,7,0,0,0,0,0,0,1,"690908,327227","5336205,4255","11,5668107","48,15042013",0,6,#ffd92f,circle
206846,9,1,62,0,2019,4,16,1,3,3,2,0,0,1,0,1,0,0,"691047,079","5337154,837","11,569100541","48,158911677",0,2,#fc8d62,car
206848,9,1,62,0,2019,4,13,1,2,5,3,0,1,1,0,0,0,0,"696684,67419","5337783,2414","11,64511988","48,162840655",0,1,#66c2a5,bicycle
206849,9,1,62,0,2019,4,17,1,3,0,7,0,1,0,0,0,0,0,"690489,10121","5336678,10385","11,561391513","48,154794225",0,1,#66c2a5,bicycle
206850,9,1,87,122,2019,4,18,4,3,0,6,0,0,1,0,0,0,0,"721707,109481","5306496,71433","11,965014607","47,873498544",0,2,#fc8d62,car
206852,9,7,72,200,2019,4,16,1,3,5,3,0,1,1,0,0,0,0,"630514,415837","5338230,83659","10,755908007","48,183898563",0,1,#66c2a5,bicycle
206853,9,7,72,163,2019,4,20,1,3,0,7,2,1,0,0,0,0,0,"639708,284145","5349796,46011","10,883347203","48,285940793",0,1,#66c2a5,bicycle
206854,9,7,61,0,2019,4,12,1,2,0,1,0,0,0,0,1,0,0,"642787,332959","5362276,03018","10,929061276","48,397464481",0,4,#e78ac3,marker
206868,9,1,63,0,2019,4,15,1,2,3,2,0,0,1,0,1,0,0,"732723,793","5304468,075","12,111035839","47,851376211",0,2,#fc8d62,car
206870,9,1,79,134,2019,4,11,1,3,0,1,0,0,0,0,1,0,0,"670669,956003","5342408,41176","11,297432455","48,211935951",0,4,#e78ac3,marker
206871,9,1,77,117,2019,4,17,1,3,5,3,0,0,1,0,0,0,0,"714761,440872","5355039,16897","11,896664841","48,312042895",0,2,#fc8d62,car
206872,9,1,62,0,2019,4,17,7,3,1,7,0,1,1,0,0,0,0,"692074,555885","5340013,80712","11,584194582","48,184297889",0,1,#66c2a5,bicycle
206873,9,1,62,0,2019,4,13,7,3,1,6,0,0,1,0,1,0,0,"687721,268592","5334281,70938","11,523155325","48,134077925",0,2,#fc8d62,car
206874,9,1,62,0,2019,4,9,7,3,1,5,0,1,1,0,0,0,0,"687623,169603","5336407,23699","11,522774696","48,15321159",0,1,#66c2a5,bicycle
206875,9,1,62,0,2019,4,19,7,3,4,1,1,0,1,0,0,0,0,"691733,641232","5342966,82171","11,580946328","48,2109418",0,2,#fc8d62,car
206876,9,1,62,0,2019,4,16,7,3,0,1,0,1,0,0,0,0,0,"688501,855","5341638,222","11,536897414","48,199968325",0,1,#66c2a5,bicycle
206877,9,1,62,0,2019,4,12,7,3,0,7,0,1,0,0,0,0,0,"692840,045095","5335048,35547","11,59223164","48,139437981",0,1,#66c2a5,bicycle
206879,9,7,78,203,2019,4,23,7,2,9,1,2,0,1,0,0,0,0,"623372,982238","5324001,52864","10,655753467","48,057358375",1,2,#fc8d62,car
206880,9,7,61,0,2019,4,11,7,3,0,7,0,1,0,0,0,0,0,"640234,382878","5358516,58212","10,893336168","48,36423375",0,1,#66c2a5,bicycle
206900,9,1,63,0,2019,4,14,7,3,0,1,0,0,0,0,1,0,0,"733677,82976","5303531,3603","12,123264021","47,84261463",0,4,#e78ac3,marker
206901,9,1,86,143,2019,4,6,4,3,5,3,1,1,1,0,0,0,0,"685237,630609","5378532,93644","11,509257898","48,532539758",0,1,#66c2a5,bicycle
206902,9,1,88,113,2019,4,15,7,3,0,1,0,1,0,0,0,0,0,"677269,260385","5317425,2568","11,375813383","47,985547123",0,1,#66c2a5,bicycle
206903,9,1,79,123,2019,4,17,7,3,1,7,0,1,1,0,0,0,0,"675543,24611","5332837,29652","11,359024795","48,124569402",0,1,#66c2a5,bicycle
206904,9,1,74,111,2019,4,13,7,3,0,1,0,1,0,0,0,0,0,"666773,951442","5360015,43773","11,25198234","48,371255195",0,1,#66c2a5,bicycle
206905,9,1,78,143,2019,4,16,7,3,5,2,0,0,1,0,0,0,0,"717259,60938","5373044,69468","11,939625889","48,472965025",0,2,#fc8d62,car
206906,9,1,62,0,2019,4,9,6,3,0,7,0,0,0,1,0,0,1,"692961,881442","5335331,19393","11,593995825","48,141943124",0,3,#8da0cb,toilet
206907,9,1,62,0,2019,4,19,6,3,1,5,0,1,1,0,0,0,0,"686591,280807","5339571,17389","11,510302104","48,181953526",0,1,#66c2a5,bicycle
206908,9,1,62,0,2019,4,18,6,3,5,3,0,1,1,0,0,0,0,"682853,874813","5338345,1536","11,459542094","48,172019934",0,1,#66c2a5,bicycle
206909,9,1,62,0,2019,4,13,6,3,6,2,0,0,0,1,0,1,0,"692634,058471","5332368,56773","11,588254355","48,115414999",0,3,#8da0cb,toilet
206910,9,1,62,0,2019,4,20,6,2,1,1,2,0,1,0,1,0,0,"693000,084627","5333279,01466","11,593579231","48,123487069",0,2,#fc8d62,car
206911,9,1,62,0,2019,4,14,6,3,5,3,0,1,1,0,0,0,0,"692354,092609","5333545,17075","11,585027532","48,126074731",0,1,#66c2a5,bicycle
206913,9,1,86,151,2019,4,18,4,2,9,1,0,0,0,0,1,0,0,"681349,7541","5378114,83957","11,456461197","48,52991732",0,4,#e78ac3,marker