OBJECTID,ULAND,UREGBEZ,UKREIS,UGEMEINDE,UJAHR,UMONAT,USTUNDE,UWOCHENTAG,UKATEGORIE,UART,UTYP1,ULICHTVERH,IstRad,IstPKW,IstFuss,IstKrad,IstGkfz,IstSonstig,LINREFX,LINREFY,XGCSWGS84,YGCSWGS84,STRZUSTAND,Teilnehmer,color,symbol
206914,9,7,62,0,2019,4,16,6,3,8,1,0,0,0,0,1,0,0,"622589,568631","5306387,97015","10,64021754","47,899101511",0,4,#e78ac3,marker
206916,9,7,73,182,2019,4,10,6,3,5,3,0,1,1,0,0,0,0,"624184,739","5380274,808","10,683208428","48,563258085",0,1,#66c2a5,bicycle
206917,9,7,72,171,2019,4,15,6,3,4,6,0,0,1,0,0,0,0,"637653,098484","5371608,22032","10,862802985","48,482518933",0,2,#fc8d62,car
206918,9,7,71,130,2019,4,13,6,3,1,6,0,0,1,0,0,0,0,"645503,076975","5356493,57339","10,963727952","48,344851791",0,2,#fc8d62,car
206919,9,7,61,0,2019,4,14,6,3,1,6,0,1,1,0,0,0,0,"639162,086341","5360802,66216","10,879623708","48,385026919",0,1,#66c2a5,bicycle
206920,9,7,61,0,2019,4,16,6,2,0,1,0,1,0,0,0,0,0,"639109,635164","5360235,93246","10,878728054","48,3799426",0,1,#66c2a5,bicycle
206921,9,7,61,0,2019,4,14,6,3,0,2,0,1,1,0,0,0,0,"639628,81368","5359555,39197","10,885509762","48,373708685",0,1,#66c2a5,bicycle
206951,9,1,63,0,2019,4,19,6,3,5,3,0,0,1,0,1,0,0,"733883,50451","5305224,59541","12,126923974","47,857751901",0,2,#fc8d62,car
206952,9,2,74,113,2019,4,16,4,3,2,2,0,0,1,0,1,0,0,"728316,560024","5381807,30443","12,093803326","48,547766062",0,2,#fc8d62,car
206955,9,1,74,115,2019,4,16,6,3,2,6,0,0,1,0,0,0,0,"682392,828499","5348622,14243","11,457766769","48,264527859",0,2,#fc8d62,car
206956,9,1,74,115,2019,4,14,6,3,2,6,0,0,1,0,0,0,0,"681933,023152","5346004,61533","11,450451625","48,241132303",0,2,#fc8d62,car
206957,9,1,78,124,2019,4,14,6,3,0,1,0,1,0,0,0,0,0,"703599,31093","5364579,85098","11,750912197","48,401469534",0,1,#66c2a5,bicycle
206958,9,1,62,0,2019,4,15,5,3,5,3,0,1,1,0,0,0,0,"692834,637685","5330783,50006","11,590230058","48,10110801",0,1,#66c2a5,bicycle
206959,9,1,79,126,2019,4,14,4,3,0,7,0,0,1,0,0,0,0,"676730,773517","5339931,26632","11,377915629","48,188009911",0,2,#fc8d62,car
206960,9,1,62,0,2019,4,10,5,3,0,1,0,0,0,0,1,0,0,"692504,834745","5340852,46943","11,590357549","48,191705294",0,4,#e78ac3,marker
206961,9,1,62,0,2019,4,11,5,3,0,7,0,0,0,0,0,0,1,"691299,415255","5331128,69885","11,569784685","48,104673423",0,6,#ffd92f,circle
206962,9,1,74,141,2019,4,12,4,3,6,1,0,0,0,1,0,0,1,"683525,036343","5355757,7242","11,476109988","48,328337783",0,3,#8da0cb,toilet
206963,9,1,62,0,2019,4,9,5,3,5,2,0,1,0,0,0,1,0,"694129,336169","5334744,94884","11,609405933","48,136319045",0,1,#66c2a5,bicycle
206964,9,1,62,0,2019,4,23,5,3,6,4,2,0,1,1,0,0,0,"693088,059588","5334447,27967","11,595289539","48,133960464",0,2,#fc8d62,car
206965,9,1,62,0,2019,4,17,5,3,5,3,0,1,1,0,0,0,0,"689653,907","5340117,902","11,551707076","48,185960716",0,1,#66c2a5,bicycle
206966,9,1,62,0,2019,4,20,5,3,4,2,2,1,1,0,0,0,0,"693168,197555","5334671,1513","11,596467036","48,135948243",0,1,#66c2a5,bicycle
206967,9,1,62,0,2019,4,18,5,3,1,1,0,1,1,0,0,0,0,"693702,342284","5335919,99013","11,604207091","48,14701003",0,1,#66c2a5,bicycle
206968,9,1,62,0,2019,4,14,5,3,3,6,0,1,0,0,0,0,1,"690918,241294","5334296,02873","11,566087821","48,133255635",0,1,#66c2a5,bicycle
206972,9,7,61,0,2019,4,16,5,3,0,7,0,1,0,0,0,0,0,"641605,386118","5361415,26307","10,912812203","48,389991406",0,1,#66c2a5,bicycle
206977,9,1,88,121,2019,4,15,1,3,0,7,0,1,0,0,0,0,0,"672692,232366","5330785,9062","11,319913744","48,106907967",0,1,#66c2a5,bicycle
206979,9,1,74,115,2019,4,18,1,3,5,2,0,1,1,0,0,0,0,"682064,638598","5348753,49034","11,45340512","48,265802882",0,1,#66c2a5,bicycle
206980,9,1,78,120,2019,4,3,1,3,1,1,2,1,1,0,0,0,0,"694694,131845","5352536,86164","11,625156795","48,296049944",0,1,#66c2a5,bicycle
206981,9,1,62,0,2019,4,11,7,3,3,2,0,1,1,0,0,0,0,"691886,320815","5334471,75818","11,579165065","48,134543933",0,1,#66c2a5,bicycle
206982,9,1,62,0,2019,4,11,7,3,5,2,0,0,1,0,0,0,0,"690361,678574","5333859,41361","11,558419872","48,129498049",0,2,#fc8d62,car
206983,9,1,62,0,2019,4,21,7,3,1,5,2,0,1,0,0,0,0,"691259,078361","5335232,69363","11,571084736","48,141571956",0,2,#fc8d62,car
206984,9,1,62,0,2019,4,15,7,3,4,2,0,1,1,0,0,0,0,"689001,736979","5330113,80569","11,538501433","48,09623717",0,1,#66c2a5,bicycle
206985,9,1,62,0,2019,4,11,7,3,5,2,0,1,1,0,0,0,0,"686213,255185","5333437,28665","11,502537276","48,126930948",0,1,#66c2a5,bicycle
206986,9,1,62,0,2019,4,12,7,3,6,4,0,0,0,1,1,0,0,"681655,364284","5338798,47595","11,443630082","48,176438404",0,3,#8da0cb,toilet
206987,9,1,62,0,2019,4,12,7,3,2,6,0,0,1,0,0,0,0,"686424,006472","5329317,14089","11,503566341","48,089835699",0,2,#fc8d62,car
206988,9,1,84,130,2019,4,16,7,2,1,5,0,1,1,0,0,0,0,"698747,225982","5345065,23536","11,676235388","48,227643047",0,1,#66c2a5,bicycle
206989,9,1,84,136,2019,4,13,7,1,1,5,0,1,1,0,0,0,0,"699211,283763","5326628,10697","11,673850991","48,06180081",0,1,#66c2a5,bicycle
206990,9,1,62,0,2019,4,14,7,3,6,4,0,0,1,1,0,0,0,"683198,711754","5335538,48341","11,46296739","48,146692568",0,2,#fc8d62,car
206991,9,1,62,0,2019,4,12,7,3,0,7,0,0,0,0,1,0,1,"692110,479469","5334544,98647","11,582207857","48,135134472",0,4,#e78ac3,marker
206993,9,1,62,0,2019,4,13,7,2,5,3,0,0,1,0,1,0,0,"694396,892292","5334973,61971","11,613102796","48,138292575",0,2,#fc8d62,car
206994,9,1,62,0,2019,4,22,7,3,5,3,2,0,1,0,1,0,0,"683611,544065","5336088,90267","11,468749692","48,151521039",0,2,#fc8d62,car
206995,9,1,84,148,2019,4,14,7,3,4,6,0,0,1,0,1,0,0,"695293,161","5326568,326","11,62129153","48,06247482",0,2,#fc8d62,car
206996,9,1,62,0,2019,4,12,7,3,5,3,0,1,0,0,0,0,0,"693347,186841","5330936,67505","11,597176888","48,102329387",0,1,#66c2a5,bicycle
206997,9,1,62,0,2019,4,15,7,3,3,6,0,1,0,0,0,0,0,"692590,944","5334184,938","11,588496321","48,131753218",0,1,#66c2a5,bicycle
206998,9,1,62,0,2019,4,13,7,3,3,6,0,1,1,0,0,0,0,"691511,924874","5333909,24722","11,573885201","48,12960092",0,1,#66c2a5,bicycle
207000,9,1,62,0,2019,4,13,7,3,1,1,0,1,1,0,0,0,0,"692573,695909","5335157,71925","11,588704514","48,140501581",0,1,#66c2a5,bicycle
207009,9,7,77,164,2019,4,16,7,3,0,3,0,1,1,0,0,0,0,"623141,999688","5312453,45869","10,649339594","47,953546139",0,1,#66c2a5,bicycle
207010,9,7,71,130,2019,4,19,7,2,5,3,0,1,1,0,0,0,0,"646794,626925","5360952,64713","10,982704184","48,384645513",0,1,#66c2a5,bicycle
207011,9,7,71,130,2019,4,17,7,3,5,3,0,0,1,0,1,0,0,"646967,894384","5357970,43509","10,984000673","48,357791503",0,2,#fc8d62,car
207012,9,7,61,0,2019,4,16,7,3,0,7,0,0,0,0,1,0,0,"641858,010924","5361168,148","10,916139239","48,387712691",0,4,#e78ac3,marker
207013,9,7,61,0,2019,4,9,7,3,5,1,0,1,1,0,0,0,0,"638906,874006","5356172,69872","10,874649636","48,343451516",0,1,#66c2a5,bicycle
207043,9,2,61,0,2019,4,13,7,3,0,7,0,1,0,0,0,0,0,"732197,046055","5379344,21704","12,144931915","48,52421658",0,1,#66c2a5,bicycle
207045,9,1,73,126,2019,4,19,7,3,6,2,0,0,1,1,0,0,0,"685280,201295","5304879,60894","11,47768103","47,870506098",0,2,#fc8d62,car
207053,9,1,82,136,2019,4,21,7,2,8,1,1,1,0,0,0,0,0,"707869,073125","5298927,20129","11,776548107","47,810100451",0,1,#66c2a5,bicycle
207056,9,1,86,143,2019,4,11,7,3,2,6,0,0,0,0,1,0,0,"685681,771246","5379463,83468","11,515683023","48,540775119",0,4,#e78ac3,marker
207059,9,1,88,139,2019,4,12,7,2,8,1,0,1,0,0,0,0,0,"677442,008886","5322446,83151","11,380203853","48,030640216",0,1,#66c2a5,bicycle
207060,9,1,79,134,2019,4,19,7,2,0,1,0,1,0,0,0,0,0,"669282,533505","5345366,27903","11,279952673","48,238897885",0,1,#66c2a5,bicycle
207061,9,1,88,126,2019,4,15,7,2,6,4,0,1,0,1,0,0,0,"658987,817086","5327007,85401","11,134542723","48,076508466",0,1,#66c2a5,bicycle
207063,9,1,79,121,2019,4,15,7,1,0,1,0,1,0,0,0,0,0,"666979,64413","5338398,66903","11,246219394","48,176870211",0,1,#66c2a5,bicycle
207064,9,1,74,135,2019,4,15,7,2,0,1,0,1,0,0,0,0,0,"662103,149842","5353370,24538","11,186402465","48,312731335",0,1,#66c2a5,bicycle
207065,9,1,74,131,2019,4,10,7,3,5,3,0,0,1,0,0,0,0,"676627,798065","5357582,10595","11,383903016","48,346701849",0,2,#fc8d62,car
207066,9,1,74,113,2019,4,19,7,2,0,1,1,1,0,0,0,0,0,"678160,976597","5349366,02588","11,401108035","48,272418771",0,1,#66c2a5,bicycle
207067,9,1,74,113,2019,4,12,7,2,0,1,0,1,0,0,0,0,0,"680288,212252","5343889,34092","11,427418479","48,222588496",0,1,#66c2a5,bicycle
207068,9,1,77,133,2019,4,7,7,3,2,6,0,0,1,0,0,0,1,"706539,187343","5359983,69672","11,788327168","48,35921278",0,2,#fc8d62,car
207069,9,1,78,143,2019,4,11,7,2,0,3,0,0,1,0,1,0,0,"717041,305027","5372436,2318","11,936360465","48,467573583",0,2,#fc8d62,car
207070,9,1,75,137,2019,4,17,7,3,4,6,0,0,1,0,0,0,0,"726351,117129","5331156,20009","12,040025696","48,093434207",0,2,#fc8d62,car
207071,9,1,77,137,2019,4,21,7,2,9,7,2,0,1,0,0,0,0,"738145,705717","5346669,63863","12,206866538","48,228492315",0,2,#fc8d62,car
207072,9,1,62,0,2019,4,18,6,3,1,1,0,1,1,0,0,0,0,"694697,31481","5340945,83049","11,619870675","48,191876099",0,1,#66c2a5,bicycle
207073,9,7,71,130,2019,4,0,1,3,0,1,2,1,0,0,0,0,0,"646438,669","5361894,615","10,978227728","48,393197675",0,1,#66c2a5,bicycle
207074,9,1,62,0,2019,4,12,6,3,4,3,0,0,1,0,0,0,0,"690712,665","5338141,863","11,565050753","48,167883358",0,2,#fc8d62,car
207075,9,1,62,0,2019,4,11,6,1,5,3,0,0,1,0,0,0,0,"684422,973704","5339330,50673","11,481054923","48,18042339",0,2,#fc8d62,car
207076,9,1,62,0,2019,4,19,6,3,6,2,0,0,0,1,0,0,1,"688411,427065","5330808,40754","11,530887567","48,102655222",0,3,#8da0cb,toilet
207077,9,1,62,0,2019,4,19,6,3,1,5,0,1,1,0,0,0,0,"685629,412","5332714,864","11,494384072","48,120608003",0,1,#66c2a5,bicycle
207078,9,1,62,0,2019,4,19,6,3,0,1,0,1,0,0,0,0,0,"692043,19385","5332295,4465","11,58029086","48,114936245",0,1,#66c2a5,bicycle
207086,9,7,61,0,2019,4,16,6,3,6,4,0,0,1,1,0,0,0,"642796,947281","5360964,6388","10,928745251","48,385670972",0,2,#fc8d62,car
207088,9,7,61,0,2019,4,13,6,2,0,1,0,1,0,0,0,0,0,"640584,929415","5357047,40088","10,897575445","48,350945365",0,1,#66c2a5,bicycle
207107,9,2,61,0,2019,4,12,1,3,0,1,0,1,0,0,0,0,0,"733658,71072","5381957,59322","12,166162595","48,547149292",0,1,#66c2a5,bicycle
207116,9,2,61,0,2019,4,21,1,3,0,1,2,1,0,0,0,0,0,"732722,145404","5378987,20138","12,151833609","48,520815206",0,1,#66c2a5,bicycle
207117,9,1,90,138,2019,4,11,6,2,7,6,0,1,0,0,0,0,0,"664765,090464","5309570,41913","11,205354298","47,918270637",0,1,#66c2a5,bicycle
207121,9,1,87,154,2019,4,14,6,3,0,1,0,1,0,0,0,0,0,"736103,734893","5296033,28684","12,151555488","47,77436696",0,1,#66c2a5,bicycle
207122,9,1,87,150,2019,4,15,6,3,0,1,0,1,0,0,0,0,0,"728959,669162","5304211,79091","12,060656512","47,850425355",0,1,#66c2a5,bicycle
207126,9,1,81,132,2019,4,4,6,3,0,1,2,0,0,0,1,0,0,"643696,586117","5326719,18626","10,929275305","48,077542325",0,4,#e78ac3,marker
207127,9,7,61,0,2019,4,19,1,3,3,1,0,1,1,0,0,0,0,"637611,960836","5352659,57903","10,85603641","48,312145159",0,1,#66c2a5,bicycle
207128,9,1,74,115,2019,4,20,6,3,0,7,1,0,0,0,1,0,0,"682285,125","5347773,108","11,455951029","48,256927311",0,4,#e78ac3,marker
207129,9,1,78,124,2019,4,17,6,3,3,5,0,1,1,0,0,0,0,"701602,87934","5363623,74701","11,723510483","48,393519098",0,1,#66c2a5,bicycle
207130,9,1,62,0,2019,4,14,5,3,3,6,0,0,1,0,0,0,0,"686229,336938","5332935,63356","11,502534007","48,122417186",0,2,#fc8d62,car
207131,9,1,62,0,2019,4,9,5,3,2,6,0,0,1,0,0,0,1,"690992,979727","5333123,96019","11,566566037","48,122698721",0,2,#fc8d62,car
207132,9,1,62,0,2019,4,17,5,2,0,1,0,0,0,0,1,0,0,"694239,595638","5334287,68758","11,610677919","48,132175709",0,4,#e78ac3,marker
207133,9,1,62,0,2019,4,14,5,3,0,6,0,1,0,0,0,0,0,"690157,040675","5340204,85841","11,55850844","48,18659187",0,1,#66c2a5,bicycle
207134,9,1,62,0,2019,4,14,5,3,5,2,0,1,1,0,0,0,0,"692192,34473","5337000,25993","11,584415441","48,157177256",0,1,#66c2a5,bicycle
207135,9,1,62,0,2019,4,18,5,3,6,4,0,1,0,1,0,0,0,"692376,897807","5337575,62341","11,587154682","48,162292679",0,1,#66c2a5,bicycle
207136,9,1,62,0,2019,4,10,5,3,3,6,0,0,1,0,0,0,1,"691867,230444","5340390,17506","11,581578124","48,187743237",0,2,#fc8d62,car
207137,9,1,62,0,2019,4,16,5,3,0,6,0,0,1,0,0,0,1,"686215,825461","5333928,74571","11,502786547","48,131347623",0,2,#fc8d62,car
207138,9,1,62,0,2019,4,14,5,3,2,2,0,0,1,0,1,0,0,"689844,656123","5333455,00133","11,551298204","48,12601758",0,2,#fc8d62,car
207142,9,7,72,147,2019,4,12,5,3,3,2,0,1,0,0,0,1,0,"638206,509253","5363718,32362","10,86768389","48,411453989",0,1,#66c2a5,bicycle
207143,9,7,72,163,2019,4,16,5,3,5,2,0,1,1,0,0,0,0,"640788,573791","5349988,56889","10,897965878","48,28742884",0,1,#66c2a5,bicycle
207144,9,7,61,0,2019,4,13,5,3,5,3,0,1,1,0,0,0,0,"640714,317866","5355452,88264","10,898788101","48,336579122",0,1,#66c2a5,bicycle
207145,9,7,61,0,2019,4,2,5,3,9,1,2,0,1,0,0,0,0,"641609,568539","5359668,02594","10,912279894","48,374280066",0,2,#fc8d62,car
207146,9,7,71,144,2019,4,3,5,3,9,1,2,0,1,0,0,0,0,"661427,454248","5373057,35208","11,18486581","48,489891845",0,2,#fc8d62,car
207161,9,1,90,148,2019,4,13,1,3,0,1,0,1,0,0,0,0,0,"641556,69127","5296701,00492","10,890688937","47,808087114",0,1,#66c2a5,bicycle
207173,9,2,61,0,2019,4,14,5,3,3,2,0,0,0,0,1,0,1,"732513,324462","5382938,26558","12,151214204","48,556383897",0,4,#e78ac3,marker
207181,9,1,63,0,2019,4,14,5,3,1,6,0,0,1,0,1,0,0,"731887,474036","5304578,29265","12,099932003","47,852668663",0,2,#fc8d62,car
207182,9,1,63,0,2019,4,16,5,3,4,2,0,1,1,0,0,0,0,"733563,138472","5305839,54618","12,122979513","47,863393142",0,1,#66c2a5,bicycle
207183,9,1,63,0,2019,4,14,5,3,5,3,0,1,1,0,0,0,0,"733951,086739","5304551,93576","12,127462359","47,851684132",0,1,#66c2a5,bicycle
207185,9,1,63,0,2019,4,9,5,2,0,1,0,1,0,0,0,0,0,"734006,328","5306112,264","12,129043881","47,865681985",0,1,#66c2a5,bicycle
207186,9,1,87,165,2019,4,8,5,2,4,6,0,1,1,0,0,0,0,"733376,070048","5298559,88642","12,116560033","47,798059836",0,1,#66c2a5,bicycle
207187,9,1,87,122,2019,4,14,5,3,0,1,0,1,0,0,0,0,0,"719441,599863","5304537,60799","11,933763585","47,856672833",0,1,#66c2a5,bicycle
207188,9,1,81,130,2019,4,8,5,3,4,6,0,1,0,0,0,0,0,"639507,17993","5324326,85541","10,872279134","48,056960257",0,1,#66c2a5,bicycle
207189,9,1,81,130,2019,4,15,5,2,5,3,0,1,1,0,0,0,0,"638633,027589","5325122,87348","10,860811896","48,064308853",0,1,#66c2a5,bicycle
207190,9,1,74,115,2019,4,18,5,3,5,3,0,1,0,0,1,0,0,"680353,273769","5348413,03248","11,430220175","48,263232152",0,1,#66c2a5,bicycle
207191,9,1,62,0,2019,4,10,4,3,4,2,0,0,1,0,0,0,0,"686204,064191","5334849,09488","11,503030926","48,139623512",0,2,#fc8d62,car
207192,9,1,62,0,2019,4,16,4,3,4,2,0,1,1,0,0,0,0,"690305,244529","5333573,19953","11,557534383","48,126942429",0,1,#66c2a5,bicycle
207194,9,1,62,0,2019,4,9,4,3,5,2,0,1,1,0,0,0,0,"692579,233096","5334832,67479","11,588631898","48,137578479",0,1,#66c2a5,bicycle
207195,9,1,62,0,2019,4,16,4,3,1,6,0,0,1,0,1,0,0,"686698,456131","5338236,2315","11,511156187","48,169923236",0,2,#fc8d62,car
207196,9,1,62,0,2019,4,19,4,2,0,7,0,1,0,0,0,0,0,"695516,397314","5336026,55252","11,628618367","48,147412815",0,1,#66c2a5,bicycle
207197,9,1,62,0,2019,4,23,4,3,2,6,2,0,1,0,0,0,0,"692592,567849","5338064,41795","11,590273352","48,166620538",0,2,#fc8d62,car
207199,9,1,62,0,2019,4,11,4,3,3,6,0,1,0,0,0,0,0,"692116,679383","5334537,19467","11,58228759","48,135062569",0,1,#66c2a5,bicycle
207200,9,1,62,0,2019,4,11,4,3,5,2,0,0,1,0,0,0,0,"687449,056256","5336065,53679","11,520285432","48,150191649",0,2,#fc8d62,car
207201,9,1,62,0,2019,4,17,4,3,5,3,0,0,1,0,0,0,0,"686352,111344","5330287,63334","11,503025385","48,09857994",0,2,#fc8d62,car
207202,9,1,62,0,2019,4,19,4,3,0,1,1,1,0,0,0,0,0,"688523,152707","5334740,8432","11,53412571","48,137967666",0,1,#66c2a5,bicycle
207203,9,1,62,0,2019,4,12,4,3,2,1,0,1,1,0,0,0,0,"691027,301438","5335889,00287","11,568266674","48,147540434",0,1,#66c2a5,bicycle
207213,9,7,72,200,2019,4,9,4,3,2,6,0,0,1,0,0,0,0,"630335,295345","5338587,30165","10,753608716","48,187140915",0,2,#fc8d62,car
207214,9,7,72,147,2019,4,18,4,2,3,2,0,0,1,0,1,0,0,"639257,315254","5365773,27508","10,882558642","48,429700107",0,2,#fc8d62,car
207215,9,7,61,0,2019,4,14,4,3,5,3,0,0,1,0,0,0,0,"641906,175644","5361057,10449","10,916751935","48,386703404",0,2,#fc8d62,car
207216,9,7,61,0,2019,4,18,4,3,4,1,0,0,1,0,0,0,1,"640564,435964","5353708,51653","10,89618499","48,320927603",0,2,#fc8d62,car
207217,9,7,61,0,2019,4,16,4,3,0,1,0,1,0,0,0,0,0,"639491,180291","5359657,45705","10,883686107","48,374656866",0,1,#66c2a5,bicycle
207218,9,7,61,0,2019,4,19,4,3,4,2,0,0,1,0,0,0,0,"640219,220158","5359984,80158","10,893621161","48,377438886",0,2,#fc8d62,car
207220,9,7,71,156,2019,4,7,4,3,8,1,0,0,1,0,0,0,0,"647682,941845","5380448,35872","11,001579837","48,559723485",0,2,#fc8d62,car
207242,9,7,61,0,2019,4,15,1,3,5,2,0,1,1,0,0,0,0,"640119,12877","5352458,15499","10,889765904","48,309783466",0,1,#66c2a5,bicycle
207245,9,1,62,0,2019,4,10,5,3,3,6,0,0,1,0,1,0,1,"693119,587147","5335324,92066","11,596110769","48,141838894",0,2,#fc8d62,car
207246,9,1,88,127,2019,4,7,5,2,5,2,0,1,1,0,0,0,0,"678738,285666","5330190,68645","11,40081324","48,099889745",0,1,#66c2a5,bicycle
207247,9,1,62,0,2019,4,7,5,3,5,2,0,1,1,0,0,0,0,"689392,167323","5336106,22019","11,546402374","48,14998172",0,1,#66c2a5,bicycle
207248,9,1,62,0,2019,4,22,5,3,0,7,2,1,0,0,0,0,0,"693363,598084","5336108,92035","11,59974357","48,148811129",0,1,#66c2a5,bicycle
207249,9,1,62,0,2019,4,21,5,3,5,2,2,1,1,0,0,0,0,"693990,567189","5335029,1674","11,607672106","48,138915816",0,1,#66c2a5,bicycle
207251,9,1,62,0,2019,4,18,5,3,1,5,0,1,1,0,0,0,0,"690403,197988","5334623,57859","11,559318814","48,136353941",0,1,#66c2a5,bicycle
207252,9,1,62,0,2019,4,8,5,3,1,6,0,0,1,0,1,0,0,"690124,925682","5334196,83071","11,555391805","48,132601521",0,2,#fc8d62,car
207253,9,1,62,0,2019,4,8,5,3,2,6,0,0,1,0,1,0,0,"691344,833057","5338426,55307","11,573672523","48,170252134",0,2,#fc8d62,car
207254,9,1,62,0,2019,4,19,5,3,0,7,1,1,0,0,0,0,0,"691294,669596","5336054,3519","11,571931854","48,148946227",0,1,#66c2a5,bicycle
207260,9,7,72,200,2019,4,21,5,3,5,3,2,1,1,0,0,0,0,"630776,871581","5337895,29386","10,759334005","48,180827165",0,1,#66c2a5,bicycle
207261,9,7,72,163,2019,4,6,5,3,5,3,0,1,1,0,0,0,0,"639952,907637","5347392,49503","10,885847081","48,264270605",0,1,#66c2a5,bicycle
207262,9,7,61,0,2019,4,19,5,3,5,3,0,0,1,0,1,0,0,"637810,151205","5358588,73496","10,86064781","48,365416436",0,2,#fc8d62,car
207263,9,7,61,0,2019,4,13,5,3,5,2,0,1,1,0,0,0,0,"638097,481677","5360315,59277","10,865092275","48,380881251",0,1,#66c2a5,bicycle
207264,9,7,61,0,2019,4,14,5,3,0,1,0,1,0,0,0,0,0,"644101,827857","5356415,97459","10,944801344","48,344475275",0,1,#66c2a5,bicycle
207266,9,7,61,0,2019,4,11,5,3,6,4,0,0,1,1,0,0,0,"639798,875","5360022,133","10,887960144","48,377867832",0,2,#fc8d62,car
207291,9,1,88,118,2019,4,13,6,3,5,3,0,0,1,0,0,0,0,"670542,85655","5312415,36501","11,283752678","47,942336442",1,2,#fc8d62,car
207302,9,2,74,194,2019,4,16,5,3,0,1,0,1,0,0,0,0,0,"720469,136946","5377773,9192","11,985487112","48,514336567",0,1,#66c2a5,bicycle
207303,9,1,90,148,2019,4,16,5,2,0,1,0,1,0,0,0,0,0,"641792,423172","5297026,48633","10,893942141","47,810962138",0,1,#66c2a5,bicycle
207304,9,1,62,0,2019,4,11,5,3,5,3,0,1,1,0,0,0,0,"691054,60898","5333176,42962","11,567416866","48,123151824",0,1,#66c2a5,bicycle
207310,9,1,63,0,2019,4,10,5,3,1,6,0,0,1,0,0,0,1,"732678,208482","5304966,95472","12,110695705","47,855874719",0,2,#fc8d62,car
207313,9,1,87,137,2019,4,10,5,3,5,3,0,0,1,0,0,0,0,"727947,602218","5311402,26048","12,050942054","47,915388642",0,2,#fc8d62,car
207316,9,1,86,146,2019,4,19,5,3,8,1,0,0,1,0,0,0,0,"682194,295","5371692,414","11,465087561","48,471947638",0,2,#fc8d62,car
207318,9,1,62,0,2019,4,17,5,3,5,3,0,1,1,0,0,0,0,"691935,17","5336079,328","11,580545515","48,148977769",0,1,#66c2a5,bicycle
207319,9,1,79,142,2019,4,15,5,3,2,6,0,0,1,0,0,0,0,"672443,01157","5342737,02562","11,321413379","48,214410746",0,2,#fc8d62,car
207320,9,1,79,121,2019,4,18,5,3,0,1,0,1,0,0,0,0,0,"666821,408","5338791,117","11,244246547","48,180439878",0,1,#66c2a5,bicycle
207321,9,1,74,115,2019,4,23,5,2,9,1,2,0,1,0,0,0,0,"679700,4","5349583,145","11,421928237","48,273935483",0,2,#fc8d62,car
207322,9,1,62,0,2019,4,12,4,3,5,2,0,0,1,0,0,0,0,"683368,844","5335483,879","11,465228974","48,146152731",0,2,#fc8d62,car
207323,9,1,62,0,2019,4,9,4,3,0,7,0,0,0,0,1,0,0,"690651,46426","5333372,64494","11,562092739","48,125036253",0,4,#e78ac3,marker
207324,9,1,62,0,2019,4,9,4,3,0,7,0,1,0,0,0,0,0,"691332,916373","5334096,55132","11,571565978","48,131338225",0,1,#66c2a5,bicycle
207326,9,1,62,0,2019,4,13,4,3,1,7,0,1,0,0,0,0,0,"688732,364784","5336267,70928","11,537611891","48,151629318",0,1,#66c2a5,bicycle
207327,9,1,62,0,2019,4,19,4,3,5,3,2,1,1,0,0,0,0,"690876,803281","5334268,80376","11,565519244","48,133023367",0,1,#66c2a5,bicycle
207328,9,1,62,0,2019,4,21,4,3,4,2,2,0,1,0,0,0,0,"686204,070301","5334848,12806","11,503030585","48,13961482",0,2,#fc8d62,car
207330,9,1,62,0,2019,4,9,4,3,5,2,0,1,1,0,0,0,0,"692357,79482","5339517,483","11,587776598","48,179751376",0,1,#66c2a5,bicycle
207331,9,1,84,132,2019,4,16,4,3,5,3,0,1,1,0,0,0,0,"683668,498258","5329534,99734","11,466690986","48,092593912",0,1,#66c2a5,bicycle
207332,9,1,62,0,2019,4,13,4,2,0,7,0,0,0,0,1,0,0,"687685,753449","5337296,15974","11,524007463","48,161182941",0,4,#e78ac3,marker
207333,9,1,62,0,2019,4,21,4,3,4,2,2,1,1,0,0,0,0,"686204,102291","5334843,06546","11,503028802","48,139569306",0,1,#66c2a5,bicycle
207334,9,1,62,0,2019,4,14,4,2,6,7,0,0,0,1,0,0,1,"692088,512033","5333374,40054","11,581385219","48,124620065",0,3,#8da0cb,toilet
207335,9,1,62,0,2019,4,22,4,3,5,3,2,0,1,0,0,0,0,"689859,502044","5331936,77486","11,550821454","48,112367226",0,2,#fc8d62,car
207336,9,1,62,0,2019,4,19,4,3,1,5,0,1,1,0,0,0,0,"690864,467651","5333268,36154","11,564905541","48,124035134",0,1,#66c2a5,bicycle
207343,9,7,72,184,2019,4,10,4,3,5,3,0,1,1,0,0,0,0,"635874,785218","5361132,01704","10,835353541","48,388705132",0,1,#66c2a5,bicycle
207344,9,7,71,130,2019,4,14,4,3,0,1,0,1,0,0,0,0,0,"646469,231837","5357184,73254","10,976999699","48,350842915",0,1,#66c2a5,bicycle
207345,9,7,72,125,2019,4,11,4,3,1,6,0,0,0,0,1,0,1,"636276,458115","5347471,61171","10,836359685","48,265783629",0,4,#e78ac3,marker