OBJECTID,ULAND,UREGBEZ,UKREIS,UGEMEINDE,UJAHR,UMONAT,USTUNDE,UWOCHENTAG,UKATEGORIE,UART,UTYP1,ULICHTVERH,IstRad,IstPKW,IstFuss,IstKrad,IstGkfz,IstSonstig,LINREFX,LINREFY,XGCSWGS84,YGCSWGS84,STRZUSTAND,Teilnehmer,color,symbol
207346,9,7,61,0,2019,4,10,4,3,0,1,0,1,0,0,0,0,0,"639736,227165","5358119,50575","10,886482359","48,360773814",0,1,#66c2a5,bicycle
207347,9,7,61,0,2019,4,8,4,3,5,3,0,0,1,0,1,0,0,"639940,083645","5358946,96226","10,889508209","48,368168915",0,2,#fc8d62,car
207348,9,7,61,0,2019,4,18,4,3,5,3,0,1,1,0,0,0,0,"640944,100257","5359796,34508","10,903341673","48,37558285",0,1,#66c2a5,bicycle
207349,9,1,62,0,2019,4,13,5,3,0,7,0,1,0,0,0,0,0,"688917,835389","5337610,15309","11,540699172","48,163640256",0,1,#66c2a5,bicycle
207350,9,7,61,0,2019,4,23,4,3,6,7,2,1,0,1,0,0,0,"640743,445985","5359244,18265","10,900448707","48,370662788",0,1,#66c2a5,bicycle
207358,9,1,62,0,2019,4,10,5,3,4,1,0,1,0,0,0,0,1,"691123,098483","5337386,03413","11,57022561","48,160966803",0,1,#66c2a5,bicycle
207363,9,1,62,0,2019,4,22,5,3,0,7,2,0,1,0,1,0,0,"692947,451166","5335138,25596","11,59371463","48,140213424",0,2,#fc8d62,car
207377,9,2,61,0,2019,4,8,4,2,5,3,0,1,1,0,0,0,0,"732165,932409","5379324,92395","12,144500427","48,524054779",0,1,#66c2a5,bicycle
207380,9,1,90,140,2019,4,14,4,3,0,1,0,1,1,0,0,0,0,"644186,627956","5295433,26995","10,925373688","47,796103332",0,1,#66c2a5,bicycle
207387,9,1,82,125,2019,4,16,4,3,1,3,0,1,1,0,0,0,0,"712580,354844","5296739,9839","11,838327043","47,788906539",0,1,#66c2a5,bicycle
207388,9,1,87,117,2019,4,14,4,3,1,5,0,1,1,0,0,0,0,"725175,715547","5305681,73535","12,010911955","47,864969396",0,1,#66c2a5,bicycle
207389,9,1,87,117,2019,4,23,4,2,0,7,2,1,0,0,0,0,0,"726188,632992","5305667,71135","12,024429262","47,864487606",0,1,#66c2a5,bicycle
207390,9,1,87,117,2019,4,13,4,3,2,6,0,0,1,0,0,0,1,"725556,31435","5305750,62825","12,016029746","47,865454895",0,2,#fc8d62,car
207391,9,1,87,150,2019,4,21,4,3,0,6,2,1,1,0,0,0,0,"729816,963769","5304456,65417","12,072229598","47,852319412",0,1,#66c2a5,bicycle
207394,9,1,79,134,2019,4,15,4,2,5,3,0,1,0,0,0,0,0,"669897,744501","5342422,77987","11,287051887","48,212272304",0,1,#66c2a5,bicycle
207395,9,1,79,142,2019,4,13,4,3,5,3,0,1,1,0,0,0,0,"673070,868902","5341937,46996","11,329532109","48,207052296",0,1,#66c2a5,bicycle
207397,9,1,77,133,2019,4,17,4,3,5,3,0,0,1,0,0,0,0,"709931,206655","5359282,15631","11,833712576","48,351790503",0,2,#fc8d62,car
207398,9,1,62,0,2019,4,17,3,3,5,2,0,0,1,0,1,0,0,"697366,56086","5332402,18726","11,65178661","48,114268133",0,2,#fc8d62,car
207399,9,1,62,0,2019,4,14,3,3,5,2,0,1,1,0,0,0,0,"690568,911198","5335913,45377","11,562121191","48,147897685",0,1,#66c2a5,bicycle
207400,9,1,84,120,2019,4,16,3,3,3,2,0,1,1,0,0,0,0,"680614,868118","5332523,90924","11,426984102","48,120333763",0,1,#66c2a5,bicycle
207401,9,1,62,0,2019,4,12,3,3,0,5,0,1,1,0,0,0,0,"693500,964287","5335538,31392","11,601329123","48,143640934",0,1,#66c2a5,bicycle
207402,9,1,62,0,2019,4,18,3,3,0,1,0,0,0,0,1,0,0,"689101,788381","5332973,84679","11,541111646","48,121913999",0,4,#e78ac3,marker
207403,9,1,62,0,2019,4,20,3,3,6,6,2,1,0,1,0,0,0,"689771,408376","5330863,98146","11,549161918","48,102751104",0,1,#66c2a5,bicycle
207404,9,1,62,0,2019,4,18,5,3,1,5,0,0,1,0,1,0,0,"692198,087719","5332640,55814","11,582525367","48,117991332",0,2,#fc8d62,car
207405,9,1,62,0,2019,4,19,3,3,0,7,0,0,1,1,0,0,0,"695286,256222","5333179,36022","11,624222453","48,1218943",0,2,#fc8d62,car
207406,9,1,62,0,2019,4,17,3,3,5,3,0,0,1,0,0,1,0,"696840,27195","5335100,13845","11,645969322","48,138678542",0,2,#fc8d62,car
207407,9,1,62,0,2019,4,19,3,3,4,6,0,1,1,0,0,0,0,"682878,250468","5335686,23879","11,458726624","48,148112899",0,1,#66c2a5,bicycle
207408,9,1,62,0,2019,4,20,3,3,6,4,1,1,1,1,0,0,0,"690857,020047","5334934,65392","11,56555195","48,139013924",0,1,#66c2a5,bicycle
207409,9,1,84,122,2019,4,14,3,2,5,3,0,1,1,0,0,0,0,"688972,77002","5323956,81205","11,535391402","48,040905157",0,1,#66c2a5,bicycle
207410,9,1,62,0,2019,4,19,3,3,0,7,0,1,0,0,0,0,0,"694062,686","5342043,762","11,611842096","48,201938",0,1,#66c2a5,bicycle
207411,9,1,62,0,2019,4,19,3,3,4,1,0,1,1,0,0,0,0,"692447,517","5337668,326","11,588145332","48,163104494",0,1,#66c2a5,bicycle
207412,9,1,62,0,2019,4,14,3,3,3,6,0,1,0,0,0,0,1,"692313,762663","5337417,98533","11,586235249","48,160894966",0,1,#66c2a5,bicycle
207413,9,1,62,0,2019,4,11,3,3,5,3,0,0,1,0,0,0,0,"691213,333081","5335362,97532","11,570528927","48,142756664",0,2,#fc8d62,car
207417,9,1,62,0,2019,4,9,5,3,4,2,0,0,1,0,0,0,0,"693095,915664","5333637,85425","11,595028225","48,126683173",0,2,#fc8d62,car
207419,9,7,72,147,2019,4,20,3,3,0,7,1,1,0,0,0,0,0,"639046,448213","5364880,40281","10,879413485","48,421718283",0,1,#66c2a5,bicycle
207420,9,7,72,163,2019,4,20,3,3,2,6,0,0,1,0,0,0,0,"640743,488","5350424,558","10,897503705","48,29135919",0,2,#fc8d62,car
207421,9,7,61,0,2019,4,15,3,3,3,6,0,0,1,0,0,0,0,"642389,98127","5362207,3257","10,923672896","48,396936584",0,2,#fc8d62,car
207422,9,7,61,0,2019,4,15,3,3,0,2,0,1,0,0,0,0,0,"638481,824794","5356005,87493","10,868861608","48,342044782",0,1,#66c2a5,bicycle
207423,9,7,61,0,2019,4,11,3,3,5,3,0,1,1,0,0,0,0,"640815,575643","5359624,73781","10,901549561","48,374068514",0,1,#66c2a5,bicycle
207432,9,1,62,0,2019,4,8,5,3,0,1,0,1,0,0,0,0,0,"691581,117","5335009,412","11,575308906","48,139468246",0,1,#66c2a5,bicycle
207453,9,2,61,0,2019,4,15,3,3,5,3,0,1,1,0,0,0,0,"732570,290379","5381187,53016","12,151007544","48,540636442",0,1,#66c2a5,bicycle
207455,9,1,81,130,2019,4,21,3,3,8,7,2,0,1,0,0,0,0,"637558,116","5320726,084","10,844978625","48,02500368",0,2,#fc8d62,car
207456,9,1,81,114,2019,4,18,3,3,4,2,0,0,1,0,1,0,0,"657279,753595","5313069,62357","11,106514018","47,951612566",0,2,#fc8d62,car
207457,9,1,75,124,2019,4,14,3,3,6,6,0,0,1,1,0,0,0,"713131,74132","5329097,8963","11,861691621","48,07949639",0,2,#fc8d62,car
207458,9,1,62,0,2019,4,10,2,3,5,3,0,1,1,0,0,0,0,"690395,784233","5342937,77454","11,56294303","48,211083449",0,1,#66c2a5,bicycle
207459,9,1,62,0,2019,4,19,2,3,2,6,0,0,1,0,1,0,0,"688018,12693","5328276,03698","11,524494753","48,080009711",0,2,#fc8d62,car
207460,9,1,62,0,2019,4,18,2,3,3,6,0,0,1,0,1,0,0,"687697,70927","5330367,30406","11,52111601","48,09890111",0,2,#fc8d62,car
207461,9,1,62,0,2019,4,14,2,3,5,3,0,0,1,0,0,0,0,"692496,801374","5340985,689","11,590309951","48,192905063",0,2,#fc8d62,car
207462,9,1,62,0,2019,4,13,2,3,5,3,0,1,1,0,0,0,0,"685230,343954","5339288,47096","11,491887571","48,179810705",0,1,#66c2a5,bicycle
207463,9,1,62,0,2019,4,18,2,2,5,2,0,1,1,0,0,0,0,"687220,454616","5338033,58768","11,51808099","48,167948293",0,1,#66c2a5,bicycle
207464,9,1,62,0,2019,4,17,2,2,0,7,0,1,0,0,0,0,0,"693548,657507","5332740,26576","11,60069863","48,118478417",0,1,#66c2a5,bicycle
207465,9,1,62,0,2019,4,20,2,3,0,1,2,1,0,0,0,0,0,"691002,840359","5334192,20897","11,567177171","48,132297127",0,1,#66c2a5,bicycle
207470,9,1,62,0,2019,4,17,5,3,5,3,0,0,1,0,1,0,0,"692175,794605","5340022,82573","11,585559301","48,18434833",0,2,#fc8d62,car
207471,9,7,61,0,2019,4,13,2,3,5,3,0,1,1,0,0,0,0,"641093,029722","5358303,74258","10,904850925","48,362128641",0,1,#66c2a5,bicycle
207475,9,1,62,0,2019,4,8,5,3,5,3,0,0,1,0,0,0,0,"689127,910528","5334735,99426","11,542244417","48,137744631",0,2,#fc8d62,car
207492,9,2,61,0,2019,4,22,2,3,2,6,2,0,0,0,1,0,0,"731083,949945","5382302,38856","12,131519508","48,551200163",0,4,#e78ac3,marker
207494,9,1,73,126,2019,4,15,2,3,0,1,0,0,0,0,1,0,0,"683832,604712","5306149,71502","11,45888183","47,882339146",0,4,#e78ac3,marker
207498,9,1,79,113,2019,4,19,2,3,0,7,0,1,0,0,0,0,0,"667978,970645","5336228,40931","11,258794266","48,157096359",0,1,#66c2a5,bicycle
207499,9,1,79,121,2019,4,10,2,3,0,1,0,1,0,0,0,0,0,"666928,04509","5338451,94245","11,245546759","48,177362695",0,1,#66c2a5,bicycle
207500,9,1,74,115,2019,4,16,2,2,0,1,0,1,0,0,0,0,0,"682434,878845","5348606,0094","11,458325903","48,26437074",0,1,#66c2a5,bicycle
207501,9,1,78,157,2019,4,11,2,3,5,3,0,0,1,1,0,0,0,"705215,136843","5370122,42184","11,775430373","48,450751057",0,2,#fc8d62,car
207502,9,1,62,0,2019,4,18,1,3,2,6,0,0,1,0,0,0,0,"686656,743177","5333320,04286","11,508440088","48,125747236",0,2,#fc8d62,car
207503,9,1,62,0,2019,4,19,1,3,5,3,0,1,0,0,1,0,0,"694021,564901","5340267,41679","11,610477627","48,18598561",0,1,#66c2a5,bicycle
207504,9,2,61,0,2019,4,3,6,3,0,1,2,1,0,0,0,0,0,"732621,24344","5380814,84928","12,151488784","48,53726987",0,1,#66c2a5,bicycle
207505,9,1,62,0,2019,4,10,1,2,0,1,0,1,0,0,0,0,0,"688602,264712","5331853,03324","11,533910236","48,111988075",0,1,#66c2a5,bicycle
207506,9,1,62,0,2019,4,4,1,3,0,7,2,0,0,0,1,0,0,"688324,924","5340438,295","11,533986471","48,189235797",0,4,#e78ac3,marker
207508,9,1,62,0,2019,4,10,1,3,0,3,0,1,0,0,0,0,0,"689394,192906","5336886,0308","11,546776623","48,156990093",0,1,#66c2a5,bicycle
207509,9,1,62,0,2019,4,17,1,3,1,1,0,1,1,0,0,0,0,"692307,593181","5337389,51552","11,5861395","48,160640952",0,1,#66c2a5,bicycle
207515,9,1,62,0,2019,4,16,5,3,2,6,0,0,1,0,0,0,0,"692124,146224","5336755,30533","11,583388742","48,154996265",0,2,#fc8d62,car
207517,9,1,84,132,2019,4,10,7,3,1,7,0,1,1,0,0,0,0,"683097,928308","5329162,72285","11,458875861","48,089411802",1,1,#66c2a5,bicycle
207519,9,1,62,0,2019,4,15,2,3,5,3,0,0,1,0,0,0,0,"688920,165917","5343310,0393","11,54326572","48,214870281",1,2,#fc8d62,car
207522,9,7,61,0,2019,4,19,7,3,4,2,0,0,1,0,0,0,0,"640540,057251","5358044,77731","10,897303184","48,359923452",1,2,#fc8d62,car
207525,9,1,62,0,2019,4,16,2,3,1,1,0,1,1,0,0,0,0,"693249,515319","5334346,27418","11,597411532","48,13300365",1,1,#66c2a5,bicycle
207529,9,1,73,137,2019,4,7,3,3,5,3,0,0,1,0,0,0,0,"677945,398398","5305512,32039","11,379945414","47,878267976",1,2,#fc8d62,car
207530,9,1,79,123,2019,4,17,7,3,0,7,0,0,1,0,0,0,0,"675461,728523","5332799,92349","11,357914904","48,124255915",0,2,#fc8d62,car
207534,9,1,62,0,2019,4,11,1,3,5,2,0,0,1,0,0,0,0,"688286,624849","5330490,26853","11,529072466","48,099832603",0,2,#fc8d62,car
207537,9,1,62,0,2019,4,18,6,3,5,7,0,0,1,0,0,0,0,"694456,872575","5333025,63571","11,613019269","48,120766523",1,2,#fc8d62,car
207539,9,1,62,0,2019,4,8,7,2,5,3,0,0,1,0,0,0,1,"692543,306","5334153,233","11,587842398","48,131482673",1,2,#fc8d62,car
207541,9,1,62,0,2019,4,17,2,3,0,3,0,0,1,0,1,0,0,"693651,664725","5336175,35701","11,60364266","48,149320608",1,2,#fc8d62,car
207542,9,1,62,0,2019,4,15,6,3,5,3,0,1,1,0,0,0,0,"693031,670353","5336302,85789","11,595373554","48,150654996",1,1,#66c2a5,bicycle
207544,9,1,79,121,2019,4,9,3,3,4,3,0,0,1,0,0,0,0,"666504,677663","5337765,20623","11,239587055","48,171299994",1,2,#fc8d62,car
207546,9,1,62,0,2019,4,12,7,3,5,3,0,1,1,0,0,0,0,"689971,927901","5340174,72692","11,5560069","48,186376434",0,1,#66c2a5,bicycle
207547,9,1,87,117,2019,4,13,7,3,5,3,0,1,1,0,0,0,0,"724399,64669","5305804,30002","12,000613193","47,866342162",0,1,#66c2a5,bicycle
207548,9,1,62,0,2019,4,23,2,3,6,7,2,1,0,1,0,0,0,"687427,037569","5335390,71798","11,519692586","48,144132701",1,1,#66c2a5,bicycle
207549,9,1,62,0,2019,4,2,6,3,5,2,2,0,1,0,1,0,0,"692600,684068","5338058,94318","11,590379916","48,166568873",0,2,#fc8d62,car
207551,9,7,61,0,2019,4,10,7,3,2,6,0,0,1,0,0,0,0,"639441,965677","5359910,71201","10,883105893","48,376944944",0,2,#fc8d62,car
207553,9,1,62,0,2019,4,14,6,3,5,3,0,0,1,0,1,0,0,"693245,050787","5334370,20833","11,597362446","48,133220119",1,2,#fc8d62,car
207554,9,1,62,0,2019,4,10,2,3,0,1,0,0,0,0,1,0,0,"690828,052019","5334980,59701","11,565183543","48,139435546",1,4,#e78ac3,marker
207555,9,1,62,0,2019,4,18,6,3,5,3,0,0,1,0,1,0,0,"690366,011","5342210,948","11,562216579","48,20455977",1,2,#fc8d62,car
207556,9,1,62,0,2019,4,0,1,3,0,7,2,0,0,1,1,0,0,"693764,335484","5336015,6208","11,605083184","48,147850645",1,3,#8da0cb,toilet
207559,9,1,62,0,2019,4,12,6,3,6,4,0,0,1,1,0,0,0,"688564,500279","5332439,06931","11,533662493","48,117266667",0,2,#fc8d62,car
207561,9,2,74,126,2019,4,17,3,3,5,3,0,1,1,0,0,0,0,"733103,04415","5384059,42379","12,159821782","48,566235935",0,1,#66c2a5,bicycle
207562,9,1,62,0,2019,4,19,6,2,1,3,0,0,1,0,0,0,0,"688145,014015","5339843,73249","11,531304833","48,183945123",0,2,#fc8d62,car
207563,9,7,72,207,2019,4,20,2,3,5,3,2,0,1,0,0,0,0,"645052,676399","5380363,57873","10,965923781","48,559575278",1,2,#fc8d62,car
207564,9,7,73,182,2019,4,16,1,3,0,6,0,0,1,0,1,0,0,"624818,881072","5378848,0997","10,691371894","48,550302626",0,2,#fc8d62,car
207566,9,1,63,0,2019,4,13,3,3,1,7,0,1,1,0,0,0,0,"733710,132886","5305300,17931","12,124650474","47,858494017",0,1,#66c2a5,bicycle
207567,9,1,62,0,2019,4,9,6,2,3,5,0,1,1,0,0,0,0,"689851,59655","5334734,44024","11,551961473","48,137515168",0,1,#66c2a5,bicycle
207569,9,1,62,0,2019,4,20,7,3,0,1,2,0,0,0,1,0,0,"692311,83719","5337643,20651","11,586311204","48,162919781",1,4,#e78ac3,marker
207572,9,1,78,124,2019,4,15,3,3,5,3,0,0,1,0,1,0,0,"705022,653086","5363570,92982","11,769627724","48,39194214",0,2,#fc8d62,car
207573,9,1,62,0,2019,4,13,6,3,2,6,0,0,1,0,0,0,0,"692346,20908","5335524,21937","11,58581526","48,143864416",0,2,#fc8d62,car
207575,9,1,62,0,2019,4,15,7,3,1,7,0,1,1,0,0,0,0,"689980,01746","5334262,00458","11,553475221","48,133230577",0,1,#66c2a5,bicycle
207576,9,1,62,0,2019,4,16,2,3,5,2,0,1,1,0,0,0,0,"695719,239689","5330392,19694","11,628755763","48,096711638",1,1,#66c2a5,bicycle
207577,9,1,62,0,2019,4,23,6,2,6,4,2,0,1,1,0,0,0,"689617,946585","5334559,5081","11,548746133","48,136012532",0,2,#fc8d62,car
207579,9,1,62,0,2019,4,7,2,3,2,6,0,0,1,0,0,0,0,"693193,883487","5340382,17264","11,599405633","48,187269235",0,2,#fc8d62,car
207580,9,1,84,120,2019,4,11,6,3,0,3,0,0,1,0,0,0,1,"682396,457445","5332764,28642","11,451004171","48,121986593",0,2,#fc8d62,car
207582,9,7,72,163,2019,4,18,7,3,2,1,0,0,1,0,0,0,0,"641148,39014","5347777,84646","10,902075481","48,267470362",0,2,#fc8d62,car
207583,9,1,62,0,2019,4,14,6,3,6,3,0,0,1,1,0,0,0,"687717,583737","5334336,43329","11,52312996","48,134570883",1,2,#fc8d62,car
207589,9,1,62,0,2019,4,22,1,3,1,6,2,0,1,0,0,0,0,"684055,743769","5335106,94177","11,474291864","48,142566241",0,2,#fc8d62,car
207599,9,1,73,147,2019,4,14,3,3,5,3,0,1,1,0,0,0,0,"681503,300595","5308682,01602","11,428819892","47,9057654",0,1,#66c2a5,bicycle
207601,9,1,62,0,2019,4,12,6,3,5,3,0,1,1,0,0,0,0,"685795,114224","5329844,70673","11,495358559","48,094761348",0,1,#66c2a5,bicycle
207603,9,7,61,0,2019,4,7,2,3,6,4,0,0,0,1,1,0,0,"640322,542779","5359592,09391","10,894884627","48,373884818",1,3,#8da0cb,toilet
207609,9,1,73,126,2019,5,14,5,3,1,7,0,0,1,0,0,0,0,"685597,367886","5303484,06278","11,481319143","47,857870032",0,2,#fc8d62,car
207614,9,1,62,0,2019,4,2,7,3,4,2,2,0,1,0,0,0,0,"693436,180825","5333488,0416","11,599528201","48,125233398",1,2,#fc8d62,car
207618,9,1,63,0,2019,5,16,5,3,5,2,0,1,1,0,0,0,0,"733506,06413","5307642,43534","12,123191564","47,879611063",0,1,#66c2a5,bicycle
207619,9,1,62,0,2019,4,17,6,3,4,2,0,0,1,0,0,0,0,"696254,502679","5331537,22263","11,636463676","48,106837935",1,2,#fc8d62,car
207620,9,1,82,125,2019,5,13,5,3,6,2,0,0,1,1,0,0,0,"712529,367715","5297453,68166","11,837996597","47,795336983",0,2,#fc8d62,car
207622,9,1,86,143,2019,5,18,5,3,5,3,0,0,1,0,0,0,0,"685255,677","5380077,989","11,510189036","48,546420897",0,2,#fc8d62,car
207624,9,1,62,0,2019,4,10,7,3,5,3,0,0,1,0,0,0,1,"690821,899","5334756,858","11,565000679","48,137426438",0,2,#fc8d62,car
207628,9,1,79,142,2019,5,12,5,3,6,4,0,0,1,1,0,0,0,"673401,98164","5343756,00754","11,334728552","48,223309446",0,2,#fc8d62,car
207629,9,1,62,0,2019,4,16,2,2,0,2,0,1,1,0,0,0,0,"689109,61792","5335054,31027","11,542140119","48,140611125",1,1,#66c2a5,bicycle
207630,9,1,74,111,2019,5,15,5,3,6,4,0,0,1,1,0,0,0,"667051,818852","5361834,39238","11,256454326","48,387533398",0,2,#fc8d62,car
207631,9,1,62,0,2019,4,14,6,3,5,3,0,1,0,0,0,0,1,"688554,830788","5333686,49096","11,534084465","48,128481588",1,1,#66c2a5,bicycle
207632,9,1,78,138,2019,5,19,5,3,5,3,0,0,1,0,0,0,0,"711110,463409","5369332,99206","11,85466221","48,441708307",0,2,#fc8d62,car
207633,9,1,75,124,2019,5,10,5,2,9,1,0,0,1,0,0,0,0,"715395,695","5328026,028","11,891509384","48,069104341",0,2,#fc8d62,car
207635,9,1,62,0,2019,5,12,4,3,2,6,0,0,1,0,0,0,0,"691656,444903","5333693,2233","11,575728335","48,127615825",0,2,#fc8d62,car
207636,9,1,62,0,2019,5,16,4,2,3,6,0,1,0,0,0,0,1,"687820,713756","5343624,79926","11,528619165","48,218025704",0,1,#66c2a5,bicycle
207638,9,1,62,0,2019,5,0,4,2,6,4,2,0,1,1,0,0,0,"695134,121368","5332501,33019","11,621870012","48,115847102",0,2,#fc8d62,car
207640,9,1,84,149,2019,5,8,4,3,0,7,0,1,0,0,0,0,0,"691357,682429","5350973,27474","11,5795093","48,283014718",0,1,#66c2a5,bicycle
207641,9,1,62,0,2019,5,11,4,3,1,6,0,0,1,0,0,0,0,"684490,39632","5333066,42425","11,479245671","48,124099076",0,2,#fc8d62,car
207642,9,1,62,0,2019,5,13,4,3,4,6,0,1,0,0,0,0,0,"696893,761941","5332337,31926","11,64541124","48,113831479",0,1,#66c2a5,bicycle
207643,9,1,62,0,2019,4,11,7,3,5,3,0,0,1,0,0,0,0,"685762,14894","5340743,53571","11,499671121","48,192734048",0,2,#fc8d62,car
207644,9,1,62,0,2019,5,23,4,3,0,7,2,1,0,0,0,0,0,"690348,251666","5333518,37534","11,558087278","48,12643681",0,1,#66c2a5,bicycle
207645,9,1,62,0,2019,5,11,4,3,3,6,0,0,1,0,0,0,0,"690829,218754","5334759,35917","11,565100088","48,137446723",0,2,#fc8d62,car
207648,9,1,62,0,2019,4,9,2,2,0,1,0,0,0,0,1,0,0,"686905,817619","5336662,8699","11,513251128","48,155720508",1,4,#e78ac3,marker
207650,9,1,62,0,2019,4,22,6,3,1,5,2,1,1,0,0,0,0,"690468,066712","5335653,13455","11,560650319","48,145588149",1,1,#66c2a5,bicycle
207652,9,7,72,223,2019,5,13,4,3,1,6,0,1,1,0,0,0,0,"617864,546949","5362145,77515","10,59246669","48,401445064",0,1,#66c2a5,bicycle
207654,9,7,72,147,2019,5,19,4,2,0,1,0,1,0,0,0,0,0,"638783,165794","5364069,55312","10,875588519","48,414485418",0,1,#66c2a5,bicycle
207655,9,7,72,147,2019,5,13,4,3,1,6,0,0,1,0,1,0,0,"639280,546182","5365096,64559","10,88264771","48,423610953",0,2,#fc8d62,car
207656,9,7,61,0,2019,4,22,7,3,3,2,2,0,1,0,0,0,1,"640736,936707","5358389,15722","10,900074757","48,362976145",0,2,#fc8d62,car
207657,9,7,61,0,2019,5,15,4,3,1,6,0,0,1,0,0,0,0,"638914,293118","5359195,93932","10,875747704","48,370634263",0,2,#fc8d62,car
207658,9,7,61,0,2019,5,1,4,3,6,2,2,0,1,1,0,0,0,"639976,652537","5358081,60766","10,889713734","48,360379785",0,2,#fc8d62,car
207666,9,1,62,0,2019,4,11,2,3,0,7,0,1,0,0,0,0,0,"691977,283409","5336228,40429","11,581178363","48,15030493",1,1,#66c2a5,bicycle
207671,9,1,77,117,2019,4,19,2,3,5,3,0,0,1,0,0,0,0,"714147,000221","5354665,94893","11,888198928","48,308897736",1,2,#fc8d62,car
207676,9,1,90,148,2019,4,14,3,3,5,3,0,0,1,0,1,0,0,"640981,072852","5297203,65841","10,883168503","47,812733629",1,2,#fc8d62,car
207686,9,2,61,0,2019,5,8,4,3,5,3,0,0,1,0,0,0,1,"730851,788853","5382244,32141","12,128346095","48,550764029",0,2,#fc8d62,car
207687,9,2,74,113,2019,5,12,4,3,0,1,0,1,0,0,0,0,0,"728806,341298","5381746,05704","12,100396352","48,547037438",0,1,#66c2a5,bicycle
207690,9,1,73,147,2019,5,16,4,2,5,3,0,0,1,0,1,0,0,"681848,075405","5309743,98822","11,433877093","47,915214042",0,2,#fc8d62,car
207695,9,7,71,130,2019,4,12,6,2,6,4,0,0,1,1,0,0,0,"647981,302712","5356922,25523","10,997304109","48,348130457",0,2,#fc8d62,car
207700,9,1,84,127,2019,4,20,7,2,1,5,2,0,0,0,1,0,1,"702502,685325","5321368,05999","11,715490688","48,013492659",1,4,#e78ac3,marker
207704,9,1,87,169,2019,5,17,4,3,0,7,0,1,0,0,0,0,0,"739032,200463","5300443,55349","12,193011616","47,812907432",0,1,#66c2a5,bicycle
207705,9,1,62,0,2019,4,15,2,3,2,6,0,0,1,0,0,0,1,"694157,635712","5341761,1262","11,612989346","48,199368782",1,2,#fc8d62,car
207706,9,1,86,143,2019,5,2,4,3,6,7,2,0,1,1,0,0,0,"687137,937515","5377681,0158","11,534591269","48,524319362",0,2,#fc8d62,car
207707,9,1,81,130,2019,5,6,4,3,0,1,0,1,0,0,0,0,0,"639481,259231","5322889,75155","10,871463014","48,044043054",0,1,#66c2a5,bicycle
207709,9,1,74,113,2019,5,20,4,3,0,1,0,1,0,0,0,0,0,"677940,548174","5347326,11018","11,397281902","48,25414417",0,1,#66c2a5,bicycle
207710,9,1,74,126,2019,4,8,3,3,5,3,0,0,1,0,0,0,0,"683669,169768","5344765,37239","11,473275989","48,22949292",1,2,#fc8d62,car
207711,9,1,78,124,2019,5,12,4,3,0,6,0,1,1,0,0,0,0,"704182,527132","5363862,35465","11,758433923","48,394833439",0,1,#66c2a5,bicycle
207712,9,1,77,118,2019,5,16,4,3,0,1,0,1,0,0,0,0,0,"706896,336346","5346649,94931","11,786609097","48,239278289",0,1,#66c2a5,bicycle
207713,9,1,75,116,2019,5,17,4,3,8,1,0,0,0,0,0,0,1,"708387,647027","5319788,27872","11,793542876","47,997404419",0,6,#ffd92f,circle
207715,9,1,75,131,2019,5,20,4,3,0,1,1,1,0,0,0,0,0,"709541,892235","5322299,67797","11,81022366","48,019595563",0,1,#66c2a5,bicycle
207716,9,1,62,0,2019,4,15,3,3,3,6,0,0,1,0,1,0,0,"688691,293562","5336277,61738","11,53706462","48,151730559",0,2,#fc8d62,car
207717,9,1,62,0,2019,4,17,3,2,3,6,0,0,1,0,1,0,0,"689255,065531","5333009,66648","11,543185152","48,122190409",0,2,#fc8d62,car
207718,9,1,62,0,2019,4,17,7,3,5,2,0,1,1,0,0,0,0,"689823,366845","5333428,03012","11,551000382","48,12578151",0,1,#66c2a5,bicycle
207719,9,1,62,0,2019,4,7,3,3,5,3,0,1,1,0,0,0,0,"693068,60233","5332346,68551","11,594076833","48,115086738",1,1,#66c2a5,bicycle
207720,9,1,62,0,2019,4,8,3,3,6,2,0,0,0,1,0,0,1,"688264,842251","5334468,89706","11,530536825","48,135599839",1,3,#8da0cb,toilet
207721,9,1,84,132,2019,4,15,3,3,3,5,0,1,1,0,0,0,0,"683153,914042","5328942,12672","11,459532388","48,087412834",0,1,#66c2a5,bicycle
207722,9,1,84,140,2019,4,9,2,3,5,3,0,0,1,0,0,0,0,"702607,061156","5328472,8052","11,720251151","48,077309759",1,2,#fc8d62,car
207723,9,1,62,0,2019,4,7,3,3,5,3,0,0,1,0,0,0,0,"688908,928224","5342880,36943","11,542923245","48,211011762",0,2,#fc8d62,car
207724,9,7,61,0,2019,4,21,6,3,2,1,2,0,1,0,0,0,0,"641135,628292","5351866,66044","10,903269612","48,304238886",0,2,#fc8d62,car
207725,9,1,62,0,2019,4,20,3,3,3,2,1,1,1,0,0,0,0,"689262,813383","5336140,03083","11,544680007","48,150324115",1,1,#66c2a5,bicycle
207726,9,1,84,123,2019,4,13,3,3,5,3,0,0,1,0,0,0,0,"703410,163346","5332500,3868","11,732939988","48,113249167",0,2,#fc8d62,car
207727,9,1,63,0,2019,4,17,2,3,5,3,0,1,1,0,0,0,0,"732665,567083","5305854,52901","12,11100445","47,86385338",1,1,#66c2a5,bicycle
207728,9,1,62,0,2019,4,12,3,3,2,6,0,0,1,0,0,0,0,"691818,114574","5335665,71988","11,578787013","48,145295638",1,2,#fc8d62,car