OBJECTID,ULAND,UREGBEZ,UKREIS,UGEMEINDE,UJAHR,UMONAT,USTUNDE,UWOCHENTAG,UKATEGORIE,UART,UTYP1,ULICHTVERH,IstRad,IstPKW,IstFuss,IstKrad,IstGkfz,IstSonstig,LINREFX,LINREFY,XGCSWGS84,YGCSWGS84,STRZUSTAND,Teilnehmer,color,symbol
207730,9,7,61,0,2019,4,21,6,3,4,3,2,0,1,0,0,0,0,"639361,57909","5358674,35946","10,881611149","48,365845737",0,2,#fc8d62,car
207734,9,7,71,130,2019,4,17,3,2,5,3,0,0,1,0,1,0,0,"646292,156322","5357815,56424","10,97483032","48,356555942",0,2,#fc8d62,car
207735,9,7,61,0,2019,4,11,3,3,0,1,0,0,0,0,1,0,0,"640489,505","5359266,556","10,897029191","48,370920542",0,4,#e78ac3,marker
207736,9,7,77,121,2019,4,19,7,3,8,1,1,0,1,0,0,0,0,"630124,345045","5323590,88136","10,746194186","48,052324295",1,2,#fc8d62,car
207737,9,7,61,0,2019,4,15,3,3,0,7,0,1,1,0,0,0,0,"641334,8663","5359222,04588","10,908422576","48,370331575",0,1,#66c2a5,bicycle
207739,9,7,61,0,2019,4,15,6,3,0,1,0,1,0,0,0,0,0,"640587,534822","5358918,22132","10,898235681","48,367766604",1,1,#66c2a5,bicycle
207745,9,1,62,0,2019,4,21,1,3,4,3,2,0,1,0,0,0,0,"690066,351711","5331934,19974","11,553596535","48,112282387",0,2,#fc8d62,car
207758,9,7,71,113,2019,4,5,6,3,5,3,1,1,1,0,0,0,0,"658034,50475","5368890,6207","11,137402473","48,453294498",0,1,#66c2a5,bicycle
207760,9,7,61,0,2019,4,16,2,3,3,2,0,0,1,0,0,0,1,"639633,676","5359539,418","10,885570079","48,373563976",1,2,#fc8d62,car
207769,9,1,63,0,2019,4,17,3,3,6,3,0,0,1,1,0,0,0,"733840,682206","5305143,29062","12,126308384","47,857037041",1,2,#fc8d62,car
207781,9,1,74,115,2019,4,10,1,3,6,4,0,0,1,1,0,0,0,"681689,264264","5348800,10535","11,448371604","48,266329653",0,2,#fc8d62,car
207786,9,1,62,0,2019,4,23,2,3,4,2,2,0,1,0,0,0,1,"690146,522","5335251,029","11,556152376","48,142070213",1,2,#fc8d62,car
207789,9,1,62,0,2019,4,12,7,3,0,1,0,1,0,0,0,0,0,"691468,564653","5337455,75379","11,574897961","48,161489497",1,1,#66c2a5,bicycle
207791,9,1,63,0,2019,5,13,2,1,6,7,0,0,1,1,0,0,0,"730547,328576","5303305,63783","12,081365498","47,841716686",0,2,#fc8d62,car
207794,9,1,81,128,2019,5,11,2,3,5,3,0,1,1,0,0,0,0,"639637,481964","5328052,74226","10,875244293","48,090435859",0,1,#66c2a5,bicycle
207795,9,1,74,115,2019,5,7,2,3,5,3,0,1,1,0,0,0,0,"681756,004386","5347801,27184","11,448840988","48,257332446",0,1,#66c2a5,bicycle
207796,9,1,84,130,2019,5,12,1,3,0,7,0,1,0,0,0,0,0,"698519,14908","5345215,6603","11,67323814","48,229066334",0,1,#66c2a5,bicycle
207797,9,1,62,0,2019,5,12,1,3,5,3,0,0,1,0,1,0,0,"690839,63","5336593,943","11,56606222","48,153932707",0,2,#fc8d62,car
207798,9,7,61,0,2019,5,20,1,3,0,1,2,1,0,0,0,0,0,"639553,084285","5360063,13567","10,884656264","48,378290928",1,1,#66c2a5,bicycle
207799,9,7,61,0,2019,5,10,1,3,5,3,0,0,1,0,0,0,0,"639649,939428","5358982,93634","10,885604759","48,368556647",0,2,#fc8d62,car
207810,9,1,81,130,2019,5,1,1,3,2,6,2,0,1,0,0,0,0,"638873,94912","5322751,16188","10,863274061","48,042929217",0,2,#fc8d62,car
207811,9,1,88,120,2019,5,11,1,3,5,3,0,0,1,0,0,0,1,"676677,089546","5326783,77337","11,371742827","48,069838754",0,2,#fc8d62,car
207812,9,1,62,0,2019,5,17,7,3,5,3,0,1,0,0,0,0,0,"684554,747166","5333358,77996","11,480236192","48,126708278",1,1,#66c2a5,bicycle
207813,9,1,62,0,2019,5,12,7,3,5,2,0,1,1,0,0,0,0,"688775,125416","5338370,14433","11,539119231","48,170513508",0,1,#66c2a5,bicycle
207814,9,1,62,0,2019,5,10,7,3,2,6,0,0,1,0,0,0,0,"693480,396554","5333555,8648","11,600152556","48,125829538",0,2,#fc8d62,car
207815,9,1,62,0,2019,5,16,7,3,4,2,0,0,1,0,0,0,1,"690366,654035","5333867,13586","11,558490122","48,129565969",1,2,#fc8d62,car
207816,9,1,62,0,2019,5,20,7,3,1,1,2,0,1,0,0,0,0,"693077,656835","5339579,81137","11,597478865","48,180093236",1,2,#fc8d62,car
207817,9,1,62,0,2019,5,14,7,3,6,7,0,0,1,1,0,0,0,"683081,907687","5335323,87237","11,461306262","48,144797132",0,2,#fc8d62,car
207818,9,7,61,0,2019,5,16,5,3,2,6,0,0,1,0,0,0,0,"639926,700016","5359325,74381","10,88945364","48,371577775",0,2,#fc8d62,car
207819,9,1,62,0,2019,5,9,7,3,5,3,0,1,1,0,0,0,0,"696318,539929","5337683,58912","11,64015535","48,162058201",0,1,#66c2a5,bicycle
207820,9,1,62,0,2019,5,15,7,3,1,5,0,1,1,0,0,0,0,"696931,832282","5336212,51862","11,647713195","48,148647558",1,1,#66c2a5,bicycle
207821,9,1,62,0,2019,5,15,7,3,1,7,0,1,1,0,0,0,0,"688712,525862","5331477,31571","11,5352239","48,108578393",1,1,#66c2a5,bicycle
207825,9,7,61,0,2019,5,12,7,3,0,1,0,0,0,0,1,0,0,"638028,852274","5358404,87553","10,863538654","48,363715415",1,4,#e78ac3,marker
207847,9,2,61,0,2019,5,15,7,3,3,2,0,1,1,0,0,0,0,"732664,190237","5380982,51473","12,152163295","48,538760042",1,1,#66c2a5,bicycle
207849,9,1,90,111,2019,5,13,7,3,0,6,0,1,1,0,0,0,0,"640672,344629","5298230,65532","10,879380302","47,822036594",0,1,#66c2a5,bicycle
207853,9,1,63,0,2019,5,13,7,3,4,3,0,1,0,0,0,0,0,"731515,122822","5304264,2797","12,094793811","47,849981699",0,1,#66c2a5,bicycle
207854,9,1,87,142,2019,5,17,7,3,4,6,0,1,1,0,0,0,0,"732395,455","5309941,847","12,109597234","47,90067207",1,1,#66c2a5,bicycle
207855,9,1,87,150,2019,5,21,7,3,1,6,1,0,1,0,0,0,0,"729319,52032","5303444,72507","12,065053325","47,843405355",0,2,#fc8d62,car
207860,9,1,74,115,2019,5,12,7,3,5,3,0,0,1,0,0,0,0,"683190,62317","5348437,39852","11,46842681","48,262637117",0,2,#fc8d62,car
207861,9,1,78,120,2019,5,8,7,3,6,2,0,0,1,1,0,0,0,"696197,649783","5354223,72183","11,646191138","48,310745607",0,2,#fc8d62,car
207862,9,1,62,0,2019,5,14,6,3,1,5,0,0,1,0,0,0,0,"682679,724599","5336227,43959","11,456292349","48,153034621",1,2,#fc8d62,car
207863,9,1,62,0,2019,5,13,6,3,3,7,0,1,1,0,0,0,0,"690923,822193","5336247,18426","11,567037548","48,150790803",1,1,#66c2a5,bicycle
207864,9,1,62,0,2019,5,6,6,3,5,3,0,0,1,0,0,0,1,"687449,461466","5336057,57157","11,520287366","48,150119936",1,2,#fc8d62,car
207865,9,1,62,0,2019,5,8,6,3,2,6,0,0,1,0,0,0,0,"694848,205709","5333010,84149","11,618265369","48,120513927",1,2,#fc8d62,car
207866,9,1,84,136,2019,5,7,6,3,5,3,0,1,1,0,0,0,0,"699199,261161","5326624,179","11,673687974","48,061769261",0,1,#66c2a5,bicycle
207867,9,1,62,0,2019,5,15,6,3,3,6,0,0,1,0,0,0,0,"689060,58","5332528,487","11,54036097","48,117923279",0,2,#fc8d62,car
207868,9,1,62,0,2019,5,13,6,3,0,7,0,1,0,0,0,0,0,"691151,35432","5335692,75409","11,569844649","48,145739306",0,1,#66c2a5,bicycle
207869,9,1,84,138,2019,5,9,6,3,5,3,0,1,1,0,0,0,0,"682493,462","5331823,398","11,451903765","48,113501383",1,1,#66c2a5,bicycle
207870,9,1,62,0,2019,5,14,6,3,2,7,0,0,1,0,0,0,1,"686218,752216","5334454,43295","11,503055625","48,136071844",1,2,#fc8d62,car
207871,9,1,62,0,2019,5,7,6,3,4,2,0,1,1,0,0,0,0,"699632,346","5332820,841","11,682390929","48,117324461",1,1,#66c2a5,bicycle
207872,9,1,62,0,2019,5,15,6,3,3,6,0,1,1,0,0,0,0,"688247,150151","5340007,18576","11,532750006","48,185384001",0,1,#66c2a5,bicycle
207873,9,1,62,0,2019,5,16,6,3,1,5,0,0,1,0,0,0,0,"686232,775716","5339471,05849","11,505439874","48,181158843",0,2,#fc8d62,car
207874,9,1,62,0,2019,5,17,6,3,5,3,0,0,1,0,0,0,0,"686411,77","5337530,738","11,506994745","48,16366619",0,2,#fc8d62,car
207875,9,1,62,0,2019,5,7,6,3,2,6,0,0,1,0,0,1,0,"692738,994","5330076,403","11,588627425","48,094781674",1,2,#fc8d62,car
207876,9,1,62,0,2019,5,7,6,3,0,1,0,1,0,0,0,0,0,"693327,960898","5334893,27343","11,598713015","48,137896098",1,1,#66c2a5,bicycle
207879,9,7,77,121,2019,5,16,6,3,0,1,0,0,1,0,0,0,0,"628736,448095","5321451,7269","10,726934906","48,03336832",1,2,#fc8d62,car
207881,9,7,72,185,2019,5,12,6,3,3,5,0,0,1,0,0,0,0,"635361,173051","5383938,2785","10,835809711","48,593885135",0,2,#fc8d62,car
207882,9,1,79,121,2019,5,18,4,3,5,3,0,0,1,0,0,0,0,"668421,514789","5339767,93486","11,266142636","48,188799189",1,2,#fc8d62,car
207883,9,1,74,115,2019,5,14,4,2,0,1,0,1,0,0,0,0,0,"679959,01313","5347890,29437","11,424690196","48,258645523",0,1,#66c2a5,bicycle
207884,9,7,72,163,2019,5,11,6,3,5,3,0,1,1,0,0,0,0,"640433,14712","5349252,13043","10,892932319","48,280885874",1,1,#66c2a5,bicycle
207885,9,1,78,124,2019,5,15,4,3,5,3,0,0,1,0,0,0,0,"704576,313695","5358908,99264","11,761337772","48,350194264",0,2,#fc8d62,car
207886,9,1,78,124,2019,5,9,4,3,6,1,0,0,0,1,0,0,1,"703366,732958","5364503,5047","11,747736525","48,400858526",0,3,#8da0cb,toilet
207887,9,7,61,0,2019,5,8,6,3,0,4,0,0,1,1,0,0,0,"644081,278586","5357344,45096","10,944841925","48,352828312",1,2,#fc8d62,car
207888,9,1,77,117,2019,5,8,4,3,5,3,0,1,1,0,0,0,0,"714473,932525","5353987,934","11,892257908","48,302694861",0,1,#66c2a5,bicycle
207889,9,7,61,0,2019,5,9,6,3,0,1,0,1,0,0,0,0,0,"640674,614637","5361745,64356","10,900357167","48,393170356",0,1,#66c2a5,bicycle
207890,9,1,62,0,2019,5,18,3,2,5,2,0,1,0,0,0,0,1,"688505,771963","5334827,02982","11,53393046","48,138747475",0,1,#66c2a5,bicycle
207891,9,7,61,0,2019,5,9,6,3,0,1,0,0,0,0,1,0,0,"639363,596163","5358679,49007","10,881640067","48,365891425",1,4,#e78ac3,marker
207892,9,1,62,0,2019,5,13,3,3,6,4,0,0,1,1,0,0,0,"686661,235763","5339448,70279","11,511188504","48,180832177",0,2,#fc8d62,car
207893,9,1,62,0,2019,5,17,3,3,3,6,0,1,0,0,0,0,0,"693010,308545","5335318,84116","11,594640542","48,141817412",0,1,#66c2a5,bicycle
207895,9,1,62,0,2019,5,17,3,3,0,6,0,0,1,0,1,0,0,"690138,066049","5334177,12053","11,555559441","48,13242044",0,2,#fc8d62,car
207896,9,1,62,0,2019,5,16,3,2,5,3,0,0,1,0,0,0,0,"690684,164469","5340477,47514","11,565715748","48,188884108",0,2,#fc8d62,car
207898,9,1,62,0,2019,5,8,3,2,4,2,0,1,1,0,0,0,0,"689370,708355","5333631,83561","11,545013978","48,127748146",0,1,#66c2a5,bicycle
207899,9,1,62,0,2019,5,20,3,3,0,7,1,0,0,0,1,0,0,"678994,790645","5335242,63479","11,406376798","48,145229991",0,4,#e78ac3,marker
207900,9,1,84,146,2019,5,14,3,2,0,7,0,1,0,0,0,0,0,"698015,556","5328276,389","11,658583075","48,07698676",0,1,#66c2a5,bicycle
207904,9,7,78,116,2019,5,13,3,3,1,6,0,0,1,0,0,0,1,"617182,312509","5317769,74413","10,570998761","48,002478329",0,2,#fc8d62,car
207909,9,7,72,147,2019,5,10,3,3,4,7,0,0,1,0,0,0,1,"639250,936219","5365948,94219","10,882530819","48,431281055",0,2,#fc8d62,car
207911,9,7,72,202,2019,5,13,3,3,5,3,0,1,1,0,0,0,0,"636886,445864","5356698,10729","10,847568138","48,348617013",0,1,#66c2a5,bicycle
207912,9,7,61,0,2019,5,18,3,3,5,3,0,1,1,0,0,0,0,"639090,966746","5359142,80483","10,878114406","48,370117578",0,1,#66c2a5,bicycle
207914,9,7,61,0,2019,5,7,3,3,5,6,1,1,1,0,0,0,0,"638875,818096","5357997,90616","10,87483292","48,359870269",0,1,#66c2a5,bicycle
207915,9,7,61,0,2019,5,15,3,3,0,1,0,1,0,0,0,0,0,"639293,996297","5360220,02653","10,881211254","48,379758902",0,1,#66c2a5,bicycle
207917,9,7,61,0,2019,5,14,3,3,5,3,0,0,1,0,0,0,0,"642991,378882","5359982,51357","10,931035708","48,376796176",0,2,#fc8d62,car
207919,9,7,61,0,2019,5,16,3,3,5,3,0,1,1,0,0,0,0,"639708,839","5356249,227","10,885492052","48,343962789",0,1,#66c2a5,bicycle
207921,9,7,61,0,2019,5,17,3,3,2,6,0,0,1,0,0,0,0,"640785,812909","5359269,96734","10,90102909","48,370885186",0,2,#fc8d62,car
207961,9,1,90,157,2019,5,7,6,3,7,7,0,1,0,1,0,0,0,"659844,421014","5300319,0369","11,136116754","47,836336057",0,1,#66c2a5,bicycle
207969,9,1,90,148,2019,5,17,3,3,2,6,0,0,1,0,0,0,0,"641765,158","5297414,187","10,893704957","47,814454567",0,2,#fc8d62,car
207970,9,1,73,126,2019,5,12,3,3,5,3,0,0,1,0,0,0,0,"686568,994827","5303031,61354","11,494101318","47,853521652",0,2,#fc8d62,car
207974,9,1,82,125,2019,5,13,6,3,2,6,0,0,1,0,0,0,0,"712530,17842","5297038,37629","11,83780404","47,791604589",0,2,#fc8d62,car
207978,9,1,86,143,2019,5,16,3,3,5,3,0,0,1,0,0,0,0,"687563,69419","5384271,95181","11,54332093","48,583428042",0,2,#fc8d62,car
207981,9,1,74,115,2019,5,9,3,3,6,4,0,1,0,1,0,0,0,"682808,146015","5348464,55214","11,463289756","48,262991661",0,1,#66c2a5,bicycle
207982,9,1,78,124,2019,5,18,3,3,9,1,0,0,0,0,1,0,0,"702312,021589","5368862,62322","11,735605636","48,440370015",0,4,#e78ac3,marker
207983,9,1,78,145,2019,5,12,6,3,5,1,0,1,1,0,0,0,0,"696919,60352","5354760,69622","11,656168179","48,31534706",1,1,#66c2a5,bicycle
207984,9,1,78,124,2019,5,16,3,3,5,3,0,0,1,0,1,0,0,"703927,270182","5363971,46957","11,75504262","48,395896548",0,2,#fc8d62,car
207985,9,1,84,135,2019,5,12,5,3,5,3,0,0,1,0,1,0,0,"691709,155516","5345041,51121","11,581555066","48,229595885",0,2,#fc8d62,car
207986,9,1,78,124,2019,5,8,3,3,8,1,0,0,1,0,0,0,0,"704293,615207","5367873,53346","11,761885783","48,430842245",0,2,#fc8d62,car
207987,9,1,62,0,2019,5,10,2,3,1,5,0,1,1,0,0,0,0,"689864,466727","5336545,88561","11,552942105","48,153792634",0,1,#66c2a5,bicycle
207988,9,1,62,0,2019,5,11,2,3,5,3,0,1,1,0,0,0,0,"687912,837838","5330481,39405","11,524052895","48,099863179",0,1,#66c2a5,bicycle
207989,9,1,62,0,2019,5,12,5,3,0,7,0,0,0,0,1,0,0,"696454,464874","5337087,64571","11,641706113","48,156660259",0,4,#e78ac3,marker
207990,9,1,62,0,2019,5,10,2,3,2,6,0,0,1,0,0,1,0,"689020,828601","5335589,49699","11,541185342","48,145447821",0,2,#fc8d62,car
207991,9,1,62,0,2019,5,18,2,3,0,7,0,1,0,0,0,0,1,"680868,340139","5336232,53034","11,431961703","48,153598098",0,1,#66c2a5,bicycle
207992,9,1,62,0,2019,5,1,5,3,1,1,2,1,1,0,0,0,0,"692360,675802","5337026,61373","11,586688515","48,157363222",0,1,#66c2a5,bicycle
207993,9,1,62,0,2019,5,8,2,3,2,6,0,1,0,0,0,0,1,"689622,071707","5333447,34831","11,548306586","48,126015133",0,1,#66c2a5,bicycle
207994,9,1,62,0,2019,5,20,5,3,6,4,2,0,1,1,0,0,0,"689619,991975","5342605,50464","11,552362263","48,208329272",0,2,#fc8d62,car
207995,9,1,84,120,2019,5,19,2,2,6,4,0,0,1,1,0,0,0,"680703,944","5332497,02","11,428168534","48,120066784",0,2,#fc8d62,car
207996,9,1,84,145,2019,5,19,2,3,5,3,0,0,1,0,0,0,0,"695392,10104","5324300,05525","11,621582413","48,042058054",0,2,#fc8d62,car
207997,9,1,62,0,2019,5,8,5,3,4,2,0,1,0,0,0,0,1,"691112,810448","5338108,35652","11,570411964","48,167462032",0,1,#66c2a5,bicycle
207998,9,1,84,134,2019,5,13,2,3,2,6,0,1,1,0,0,0,0,"692676,544478","5321780,22315","11,58405311","48,020235135",0,1,#66c2a5,bicycle
207999,9,1,62,0,2019,5,13,2,3,1,5,0,1,1,0,0,0,0,"693450,426776","5335648,92346","11,600700702","48,144650426",0,1,#66c2a5,bicycle
208000,9,1,62,0,2019,5,17,5,3,1,6,0,0,1,0,0,0,1,"700134,8171","5334967,76368","11,690142896","48,136461278",0,2,#fc8d62,car
208002,9,1,62,0,2019,5,17,5,3,5,7,0,1,0,0,0,0,0,"692249,379393","5336110,87058","11,584779812","48,149166382",0,1,#66c2a5,bicycle
208004,9,1,62,0,2019,5,11,5,3,3,2,0,1,0,0,0,0,1,"679514,842","5333763,634","11,41273848","48,131788744",0,1,#66c2a5,bicycle
208005,9,7,72,145,2019,5,5,2,3,8,1,1,0,1,0,0,0,0,"629997,481009","5370506,75122","10,758912445","48,474244082",0,2,#fc8d62,car
208006,9,7,71,146,2019,5,6,2,3,8,1,0,1,0,0,0,0,0,"646266,064318","5348995,64332","10,971419461","48,277259004",0,1,#66c2a5,bicycle
208007,9,7,61,0,2019,5,9,2,3,0,6,0,0,0,0,1,0,0,"637606,645467","5360764,58755","10,858613892","48,385025794",0,4,#e78ac3,marker
208008,9,1,62,0,2019,5,17,5,3,5,2,0,0,1,0,0,0,0,"686757,24134","5330262,68343","11,508450652","48,098237072",0,2,#fc8d62,car
208009,9,7,61,0,2019,5,15,2,3,5,3,0,0,1,0,0,0,0,"643389,383388","5362244,39432","10,937179366","48,397043404",1,2,#fc8d62,car
208010,9,7,61,0,2019,5,11,2,3,5,3,0,0,1,0,0,1,0,"642729,126916","5360153,4914","10,927554253","48,378392899",0,2,#fc8d62,car
208011,9,1,84,127,2019,5,15,5,3,5,3,0,0,1,0,0,0,0,"702540,933","5321732,191","11,716174971","48,016753001",0,2,#fc8d62,car
208012,9,7,61,0,2019,5,9,2,3,1,7,0,1,1,0,0,0,0,"640701,121152","5358577,53108","10,899654498","48,364677923",0,1,#66c2a5,bicycle
208013,9,1,62,0,2019,5,14,5,3,4,2,0,1,1,0,0,0,0,"695368,069824","5334271,79222","11,625821419","48,131687467",0,1,#66c2a5,bicycle
208014,9,7,61,0,2019,5,7,2,3,1,5,0,1,0,0,0,1,0,"640551,256506","5357840,00641","10,897385888","48,358079724",0,1,#66c2a5,bicycle
208015,9,1,62,0,2019,5,7,5,3,5,7,0,0,1,0,1,0,0,"693173,341002","5333296,23142","11,595912815","48,123589265",0,2,#fc8d62,car
208017,9,7,62,0,2019,5,12,5,3,3,6,0,1,0,0,0,0,0,"622555,100334","5305911,65064","10,639621266","47,894824241",0,1,#66c2a5,bicycle
208019,9,7,77,177,2019,5,16,5,3,4,2,0,0,1,0,1,0,0,"632451,530893","5317445,87858","10,775508859","47,996584624",0,2,#fc8d62,car
208028,9,7,61,0,2019,5,11,5,2,2,6,0,0,1,0,1,0,0,"639466,156786","5362073,62971","10,884150395","48,396387927",0,2,#fc8d62,car
208030,9,7,61,0,2019,5,18,5,3,4,6,0,0,1,0,0,0,0,"637443,132674","5361779,75145","10,856738735","48,39418964",1,2,#fc8d62,car
208032,9,7,61,0,2019,5,11,5,3,2,6,0,1,1,0,0,0,0,"640880,682291","5361061,4682","10,902909853","48,386972519",0,1,#66c2a5,bicycle
208033,9,2,61,0,2019,5,13,2,3,8,7,0,0,1,1,0,0,0,"732551,009334","5380989,63437","12,150636295","48,538865944",0,2,#fc8d62,car
208035,9,7,61,0,2019,5,5,5,3,8,7,0,0,1,0,0,0,0,"641335,539815","5363128,11564","10,909745774","48,405453152",0,2,#fc8d62,car
208066,9,2,74,126,2019,5,15,2,3,0,3,0,0,1,0,0,0,0,"733535,741013","5383326,10764","12,165266417","48,559487864",0,2,#fc8d62,car
208069,9,1,63,0,2019,5,6,2,3,0,1,0,0,0,0,1,0,0,"733332,435842","5306469,52396","12,120239513","47,869136705",1,4,#e78ac3,marker
208070,9,1,63,0,2019,5,12,2,2,4,2,0,0,1,1,1,0,0,"733124,287938","5304655,79812","12,116482594","47,852917618",0,2,#fc8d62,car
208072,9,1,78,124,2019,5,6,2,3,5,3,0,0,1,0,0,0,0,"704574,925","5358908,402","11,761318764","48,350189406",0,2,#fc8d62,car
208073,9,1,75,115,2019,5,19,2,3,5,3,0,0,1,0,1,0,0,"721346,648315","5328932,16046","11,971755317","48,075208915",0,2,#fc8d62,car
208074,9,1,62,0,2019,5,2,1,3,6,4,2,0,1,1,0,0,0,"690715,465192","5334121,51853","11,56328707","48,131747939",1,2,#fc8d62,car
208075,9,1,62,0,2019,5,1,1,2,5,3,2,1,1,0,0,0,0,"694345,99936","5334222,7786","11,612076891","48,131559851",1,1,#66c2a5,bicycle
208076,9,1,62,0,2019,5,14,1,2,1,3,0,0,1,0,1,0,0,"679017,348389","5339445,69458","11,408448884","48,18300485",1,2,#fc8d62,car
208077,9,7,61,0,2019,5,12,1,3,5,3,0,0,1,0,0,0,0,"639220,227552","5360535,75643","10,880320134","48,382614144",1,2,#fc8d62,car
208078,9,7,61,0,2019,5,1,1,3,1,7,2,0,1,0,0,0,0,"640829,515648","5355466,02102","10,900346074","48,336671594",0,2,#fc8d62,car
208085,9,1,79,121,2019,5,19,1,3,5,3,0,0,1,0,0,0,0,"667071,021708","5338520,15983","11,24749539","48,177938392",1,2,#fc8d62,car
208086,9,1,74,113,2019,5,3,1,2,8,1,2,0,1,0,0,0,0,"675654,457031","5350367,80801","11,367773691","48,282123991",1,2,#fc8d62,car
208087,9,1,77,133,2019,5,13,1,3,5,6,0,0,1,0,0,0,0,"707553,322195","5354700,91506","11,799399295","48,311409729",1,2,#fc8d62,car
208088,9,1,62,0,2019,5,8,7,3,4,6,0,0,1,0,0,0,0,"689156,063968","5332972,6546","11,541839717","48,121887161",1,2,#fc8d62,car
208089,9,1,62,0,2019,5,4,7,3,5,3,2,0,1,0,0,0,0,"690874,370559","5336684,1122","11,566569305","48,154732714",1,2,#fc8d62,car
208090,9,1,62,0,2019,5,15,7,3,1,6,0,0,1,0,0,0,0,"693184,385241","5330922,0634","11,594985734","48,102247444",0,2,#fc8d62,car
208091,9,1,62,0,2019,5,18,7,3,4,7,0,1,0,0,0,0,0,"686785,826864","5334365,73123","11,510631475","48,135108374",0,1,#66c2a5,bicycle
208092,9,1,62,0,2019,5,14,7,3,3,1,0,0,1,0,0,0,0,"692123,477629","5336752,88323","11,583378667","48,154974697",1,2,#fc8d62,car
208098,9,7,72,130,2019,5,10,7,3,2,6,0,0,1,0,0,0,0,"631222,388872","5356987,57458","10,771248906","48,352422212",0,2,#fc8d62,car
208099,9,7,72,168,2019,5,18,7,3,0,7,0,1,0,0,0,0,0,"619095,523766","5346127,58931","10,604564964","48,25716013",1,1,#66c2a5,bicycle
208100,9,7,71,130,2019,5,17,7,3,2,6,0,0,1,0,0,0,0,"644193,677213","5363402,97201","10,948436764","48,407277164",0,2,#fc8d62,car
208101,9,7,72,202,2019,5,12,7,3,5,3,0,1,1,0,0,0,0,"636832,931","5359373,728","10,847716421","48,372687626",0,1,#66c2a5,bicycle
208102,9,7,61,0,2019,5,12,7,2,1,5,0,1,1,0,0,0,0,"644166,789227","5360340,99202","10,947022568","48,379751935",1,1,#66c2a5,bicycle
208115,9,1,88,121,2019,5,18,7,3,5,3,0,1,1,0,0,0,0,"670576,415785","5332324,98014","11,292129603","48,12131403",0,1,#66c2a5,bicycle
208116,9,1,78,124,2019,5,19,7,3,1,6,0,0,1,0,0,1,0,"704032,582","5363353,081","11,756163299","48,390305556",0,2,#fc8d62,car
208117,9,1,75,122,2019,5,14,7,3,5,3,0,0,1,0,0,0,0,"721573,034","5325952,181","11,973246861","48,048355324",0,2,#fc8d62,car
208118,9,1,62,0,2019,5,7,6,3,4,2,0,1,1,0,0,0,0,"691823,116365","5335674,86806","11,578858308","48,145376352",0,1,#66c2a5,bicycle
208119,9,1,62,0,2019,5,8,6,2,5,2,0,1,1,0,0,0,0,"691239,555614","5334142,60288","11,570333163","48,13178019",0,1,#66c2a5,bicycle
208120,9,1,62,0,2019,5,13,6,3,3,2,0,1,1,0,0,0,0,"686629,660047","5333831,91656","11,508300652","48,130356079",0,1,#66c2a5,bicycle
208121,9,1,62,0,2019,5,15,6,3,6,7,0,1,0,1,0,0,0,"695823,186205","5330799,93067","11,630337421","48,100344229",0,1,#66c2a5,bicycle
208122,9,1,62,0,2019,5,23,6,2,6,4,2,0,1,1,0,0,0,"690079,065899","5338191,48679","11,556559958","48,168519147",0,2,#fc8d62,car
208123,9,1,62,0,2019,5,7,6,3,0,7,0,0,0,0,1,0,0,"688044,763067","5339651,62874","11,5298724","48,182248152",0,4,#e78ac3,marker
208124,9,1,62,0,2019,5,11,6,3,6,4,0,0,1,1,0,0,0,"684293,940934","5333233,76367","11,47668055","48,125660118",1,2,#fc8d62,car
208125,9,1,62,0,2019,5,8,6,3,1,5,0,1,1,0,0,0,0,"694578,250041","5337293,37192","11,616598323","48,159086069",0,1,#66c2a5,bicycle
208126,9,1,62,0,2019,5,18,6,3,3,2,0,1,1,0,0,0,0,"691033,679","5337624,786","11,569131573","48,163139548",0,1,#66c2a5,bicycle
208127,9,1,62,0,2019,5,14,6,3,1,5,0,1,0,0,0,1,0,"691492,956789","5336245,84813","11,574681158","48,150607706",0,1,#66c2a5,bicycle
208128,9,1,62,0,2019,5,14,6,2,0,5,0,1,1,0,0,0,0,"691058,728861","5334116,14499","11,567893451","48,131596694",0,1,#66c2a5,bicycle
208133,9,7,72,185,2019,5,16,6,3,5,3,0,0,1,0,0,0,0,"635090,349199","5383119,61615","10,831872486","48,586582489",0,2,#fc8d62,car
208134,9,7,61,0,2019,5,7,6,3,5,3,0,1,1,0,0,0,0,"640982,927686","5359212,52905","10,903669944","48,370324719",1,1,#66c2a5,bicycle
208135,9,7,61,0,2019,5,18,6,2,5,3,0,1,1,0,0,0,0,"641054,191382","5359167,19218","10,904616446","48,369901144",0,1,#66c2a5,bicycle
208151,9,1,62,0,2019,5,17,5,3,5,2,0,1,1,0,0,0,0,"692648,8731","5332343,29291","11,588441778","48,115183352",0,1,#66c2a5,bicycle
208159,9,2,61,0,2019,5,18,6,3,0,1,0,1,0,0,0,0,0,"732231,454","5380166,368","12,145855061","48,531589061",0,1,#66c2a5,bicycle
208160,9,2,61,0,2019,5,8,6,3,1,6,0,0,1,0,0,0,0,"731657,364389","5382241,83614","12,13924428","48,550444744",0,2,#fc8d62,car