OBJECTID,ULAND,UREGBEZ,UKREIS,UGEMEINDE,UJAHR,UMONAT,USTUNDE,UWOCHENTAG,UKATEGORIE,UART,UTYP1,ULICHTVERH,IstRad,IstPKW,IstFuss,IstKrad,IstGkfz,IstSonstig,LINREFX,LINREFY,XGCSWGS84,YGCSWGS84,STRZUSTAND,Teilnehmer,color,symbol
208161,9,1,73,126,2019,5,11,6,3,1,7,0,0,1,0,0,0,0,"684283,015553","5305560,86893","11,464649393","47,87691686",0,2,#fc8d62,car
208163,9,1,63,0,2019,5,17,6,3,0,1,0,1,0,0,0,0,0,"733813,955137","5305095,15632","12,125925591","47,856614326",0,1,#66c2a5,bicycle
208165,9,1,85,158,2019,5,16,6,3,8,1,0,0,1,0,0,0,0,"666951,282759","5381023,26907","11,262758603","48,560057311",0,2,#fc8d62,car
208167,9,1,88,139,2019,5,12,6,3,2,7,0,0,1,0,0,0,0,"674886,311036","5318818,13098","11,344471697","47,998724493",0,2,#fc8d62,car
208168,9,1,74,126,2019,5,18,6,3,0,7,0,1,0,0,0,0,0,"684286,86789","5344657,96831","11,481539079","48,228348371",0,1,#66c2a5,bicycle
208169,9,1,74,131,2019,5,9,6,3,5,3,0,0,1,0,0,1,0,"676149,531306","5357917,14093","11,377593913","48,349846986",1,2,#fc8d62,car
208170,9,1,62,0,2019,5,18,6,3,3,6,0,0,1,0,0,0,0,"694569,602933","5344600,71951","11,619830007","48,224763365",0,2,#fc8d62,car
208171,9,1,75,139,2019,5,11,6,3,3,6,0,0,1,0,0,0,0,"710419,477356","5328664,43156","11,825107168","48,076501978",0,2,#fc8d62,car
208172,9,1,78,145,2019,5,16,6,2,5,3,0,1,1,0,0,0,0,"697556,78228","5354276,48735","11,664526443","48,31079678",0,1,#66c2a5,bicycle
208173,9,1,78,124,2019,5,13,6,3,0,1,0,1,0,0,0,0,0,"703537,161234","5364383,63418","11,749978359","48,399726358",1,1,#66c2a5,bicycle
208174,9,1,77,117,2019,5,10,6,3,5,3,0,0,1,0,0,0,0,"715082,968","5352932,854","11,899922649","48,293008048",1,2,#fc8d62,car
208175,9,1,77,112,2019,5,6,6,2,1,3,1,1,0,0,1,0,0,"717102,192249","5362728,32614","11,932157452","48,380329889",1,1,#66c2a5,bicycle
208176,9,1,75,122,2019,5,13,6,3,0,1,0,1,0,0,0,0,0,"722384,92185","5325664,51664","11,983976716","48,045488391",1,1,#66c2a5,bicycle
208177,9,1,62,0,2019,5,22,5,3,3,6,2,1,1,0,0,0,0,"690951,88104","5334316,48302","11,566548662","48,133429385",0,1,#66c2a5,bicycle
208178,9,1,62,0,2019,5,23,5,3,6,4,2,0,1,1,0,0,0,"692537,686474","5334568,45451","11,587954597","48,135216296",1,2,#fc8d62,car
208179,9,1,62,0,2019,5,23,5,2,2,7,2,1,1,0,0,0,0,"692788,786291","5334060,1789","11,591096131","48,130572017",0,1,#66c2a5,bicycle
208180,9,1,62,0,2019,5,7,5,3,3,5,0,1,1,0,0,0,0,"690556,177681","5337693,42026","11,56274728","48,163899722",0,1,#66c2a5,bicycle
208181,9,1,62,0,2019,5,17,5,3,5,3,0,0,1,0,0,0,0,"684237,158305","5332698,98518","11,475687064","48,120869653",0,2,#fc8d62,car
208182,9,1,62,0,2019,5,17,5,3,1,6,0,0,1,0,0,0,1,"680309,245913","5335604,68162","11,424185115","48,148113194",0,2,#fc8d62,car
208183,9,1,62,0,2019,5,11,5,2,6,4,0,1,0,1,0,0,0,"692273,571261","5334279,29835","11,584277796","48,132697264",0,1,#66c2a5,bicycle
208185,9,7,61,0,2019,5,15,5,3,5,3,0,1,1,0,0,0,0,"638470,418851","5358388,40802","10,869491565","48,363470637",0,1,#66c2a5,bicycle
208186,9,7,61,0,2019,5,16,5,3,0,6,0,0,1,0,1,0,0,"639237,429075","5360814,3813","10,880644654","48,385115668",1,2,#fc8d62,car
208187,9,7,61,0,2019,5,15,5,3,0,7,0,1,0,0,0,0,0,"640489,699007","5358273,15202","10,89669999","48,361988133",1,1,#66c2a5,bicycle
208188,9,7,61,0,2019,5,17,5,3,1,5,0,0,1,0,0,0,0,"640985,397623","5359801,59591","10,903900803","48,375620838",1,2,#fc8d62,car
208228,9,1,88,139,2019,5,13,5,2,0,7,0,0,1,1,0,0,0,"676536,708","5318770,728","11,366557454","47,997844838",0,2,#fc8d62,car
208229,9,1,88,139,2019,5,19,5,3,0,7,0,1,0,0,0,0,0,"674307,132014","5318862,94127","11,336732302","47,999285473",0,1,#66c2a5,bicycle
208230,9,1,88,120,2019,5,15,5,3,6,3,0,1,0,1,0,0,0,"677619,863617","5327353,34122","11,384624132","48,074696915",0,1,#66c2a5,bicycle
208231,9,1,78,124,2019,5,21,5,3,5,3,2,1,1,0,0,0,0,"701080,357138","5364105,40783","11,71669045","48,398014318",0,1,#66c2a5,bicycle
208232,9,1,62,0,2019,5,17,4,3,0,5,0,1,1,0,0,0,0,"693526,838467","5332795,59584","11,600430875","48,11898234",1,1,#66c2a5,bicycle
208233,9,1,62,0,2019,5,17,4,3,6,4,0,0,1,1,0,0,0,"688462,743017","5336668,18633","11,534167707","48,155308808",0,2,#fc8d62,car
208234,9,1,62,0,2019,5,8,4,3,6,2,0,0,1,1,0,0,0,"687466,504458","5334823,41635","11,519972892","48,139022023",0,2,#fc8d62,car
208235,9,1,62,0,2019,5,18,4,3,5,2,0,1,0,0,0,0,1,"690015,364901","5340187,42768","11,556596407","48,186477597",1,1,#66c2a5,bicycle
208236,9,1,62,0,2019,5,12,4,3,6,7,0,0,1,1,0,0,0,"696855,015495","5330700,53576","11,644136062","48,099132987",1,2,#fc8d62,car
208237,9,1,62,0,2019,5,14,4,3,9,1,0,0,1,0,0,0,0,"686674,709299","5343493,85309","11,51314839","48,217186901",0,2,#fc8d62,car
208238,9,1,62,0,2019,5,13,4,3,6,4,0,1,0,1,0,0,0,"691658,845343","5336478,20938","11,577013874","48,152646168",0,1,#66c2a5,bicycle
208239,9,1,84,138,2019,5,9,4,3,5,3,0,0,1,0,0,0,0,"679911,644414","5330665,1864","11,416759348","48,103824805",0,2,#fc8d62,car
208240,9,1,62,0,2019,5,20,4,3,1,5,1,0,1,0,0,0,0,"690250,885947","5342193,92345","11,560661037","48,204441265",0,2,#fc8d62,car
208241,9,1,62,0,2019,5,18,4,2,9,3,0,0,1,1,1,0,0,"687714,818706","5335964,61962","11,523810556","48,149206209",0,2,#fc8d62,car
208242,9,1,62,0,2019,5,17,4,3,6,4,0,0,1,1,0,0,0,"687596,660114","5343630,41292","11,525608272","48,218142436",0,2,#fc8d62,car
208243,9,1,62,0,2019,5,11,4,3,0,3,0,1,1,0,0,0,0,"689695,845366","5331989,9957","11,548648602","48,112894344",0,1,#66c2a5,bicycle
208245,9,7,77,121,2019,5,19,4,2,0,1,1,0,0,0,1,0,0,"629254,940945","5320721,27502","10,733666534","48,026694616",1,4,#e78ac3,marker
208246,9,7,72,163,2019,5,7,4,3,5,3,0,0,1,0,0,0,0,"639886,457784","5347736,95345","10,885066117","48,267382616",0,2,#fc8d62,car
208247,9,7,61,0,2019,5,13,4,3,5,3,0,0,1,0,0,0,1,"637450,604553","5360207,15269","10,856325113","48,38004744",0,2,#fc8d62,car
208248,9,7,61,0,2019,5,10,4,3,0,3,0,1,0,0,0,0,0,"639672,194528","5357505,95745","10,885414733","48,355271113",0,1,#66c2a5,bicycle
208249,9,7,61,0,2019,5,19,4,3,2,1,0,0,1,0,0,0,0,"641459,884635","5358558,71552","10,909886596","48,364339162",0,2,#fc8d62,car
208250,9,7,61,0,2019,5,14,4,3,0,1,0,1,0,0,0,0,0,"641087,891205","5359171,8361","10,905072783","48,369935368",0,1,#66c2a5,bicycle
208269,9,7,61,0,2019,5,15,2,2,0,1,0,1,0,0,0,0,0,"638862,298472","5360905,05007","10,875610654","48,386013632",0,1,#66c2a5,bicycle
208271,9,7,61,0,2019,5,7,2,3,3,7,1,1,1,0,0,0,0,"640640,048919","5352274,31501","10,896726203","48,308014797",0,1,#66c2a5,bicycle
208273,9,7,61,0,2019,5,21,2,3,5,3,2,0,1,0,0,0,0,"640537,647298","5358043,26252","10,897270162","48,359910368",0,2,#fc8d62,car
208281,9,1,87,182,2019,5,13,4,3,0,7,0,0,0,0,1,0,0,"738680,469058","5328306,85856","12,203763237","48,063341583",0,4,#e78ac3,marker
208283,9,1,63,0,2019,5,14,4,2,3,2,0,1,0,0,1,0,0,"733855,385692","5304625,08152","12,12622453","47,852376097",0,1,#66c2a5,bicycle
208285,9,1,87,150,2019,5,15,4,3,0,1,0,1,0,0,0,0,0,"728699,759725","5303155,83334","12,05662927","47,841030507",0,1,#66c2a5,bicycle
208288,9,1,86,143,2019,5,16,4,3,0,7,0,1,0,0,0,0,0,"684795,223411","5378051,92143","11,503057725","48,528346927",0,1,#66c2a5,bicycle
208291,9,1,79,134,2019,5,22,4,3,5,3,2,0,1,0,0,0,0,"670684,549406","5342434,60658","11,297639277","48,212167508",1,2,#fc8d62,car
208292,9,1,62,0,2019,5,14,6,3,5,3,0,1,0,0,0,0,0,"684467,474","5330514,035","11,477834022","48,101163355",0,1,#66c2a5,bicycle
208293,9,1,62,0,2019,5,1,6,2,5,3,2,1,1,0,0,0,0,"687923,903657","5336675,85059","11,5269329","48,15553715",0,1,#66c2a5,bicycle
208294,9,1,62,0,2019,5,16,6,3,3,6,0,1,1,0,0,0,0,"690866,744041","5340001,44368","11,567955971","48,184550776",0,1,#66c2a5,bicycle
208295,9,1,62,0,2019,5,23,6,3,3,6,2,0,1,0,1,0,0,"690456,213489","5340253,63265","11,562551417","48,186940625",0,2,#fc8d62,car
208296,9,1,62,0,2019,5,7,6,3,1,5,0,0,1,0,0,0,0,"693005,908269","5330847,38405","11,59255708","48,10163033",0,2,#fc8d62,car
208297,9,1,62,0,2019,5,19,6,2,5,2,0,1,1,0,0,0,0,"682888,360968","5334844,11018","11,458500697","48,140540379",0,1,#66c2a5,bicycle
208298,9,1,62,0,2019,5,15,6,3,2,6,0,1,0,0,0,0,0,"690675,813","5337769,192","11,564388526","48,164544882",0,1,#66c2a5,bicycle
208299,9,1,62,0,2019,5,8,6,3,1,6,0,1,0,0,0,0,0,"690696,488686","5338602,16587","11,565039854","48,172025364",0,1,#66c2a5,bicycle
208300,9,1,62,0,2019,5,15,6,3,2,6,0,0,1,0,0,0,0,"688357,048093","5341102,2644","11,534712768","48,195194077",0,2,#fc8d62,car
208301,9,1,62,0,2019,5,13,6,3,4,2,0,1,1,0,0,0,0,"693547,62595","5338504,22783","11,603304865","48,17028333",0,1,#66c2a5,bicycle
208302,9,1,62,0,2019,5,14,6,3,0,6,0,0,1,0,0,0,1,"691362,428343","5331931,1815","11,57099023","48,111867173",0,2,#fc8d62,car
208303,9,1,84,130,2019,5,8,6,3,3,6,0,1,0,0,0,0,1,"698739,970569","5345308,08559","11,676251673","48,229827815",0,1,#66c2a5,bicycle
208304,9,1,62,0,2019,5,11,6,3,2,6,0,0,1,0,0,0,1,"684477,604654","5332840,99648","11,478976381","48,122076511",0,2,#fc8d62,car
208305,9,1,62,0,2019,5,15,6,3,4,2,0,1,1,0,0,0,0,"684757,262335","5329735,91075","11,48138599","48,094085154",0,1,#66c2a5,bicycle
208306,9,1,84,130,2019,5,14,6,3,0,1,0,1,0,0,0,0,0,"698364,894767","5345196,3509","11,671154275","48,228941055",0,1,#66c2a5,bicycle
208307,9,1,62,0,2019,5,14,6,3,1,7,0,1,1,0,0,0,0,"691894,706673","5338413,75997","11,581055017","48,169971386",0,1,#66c2a5,bicycle
208308,9,1,62,0,2019,5,13,6,3,6,4,0,1,0,1,0,0,0,"691355,024242","5334531,74646","11,572058268","48,13524307",0,1,#66c2a5,bicycle
208314,9,7,72,200,2019,5,15,6,3,0,1,0,1,0,0,0,0,0,"630603,427045","5337692,07263","10,756939339","48,179035344",0,1,#66c2a5,bicycle
208315,9,7,72,147,2019,5,19,6,3,6,2,0,0,1,1,0,0,0,"639028,714535","5364286,22588","10,878976952","48,416379545",0,2,#fc8d62,car
208316,9,7,61,0,2019,5,12,6,3,0,7,0,1,0,0,0,0,0,"637859,728958","5359724,3255","10,861689116","48,37561667",0,1,#66c2a5,bicycle
208317,9,7,61,0,2019,5,10,6,3,2,6,0,0,1,0,0,0,0,"639023,720452","5362820,1224","10,878423741","48,403197883",0,2,#fc8d62,car
208318,9,7,61,0,2019,5,12,6,3,5,3,0,0,1,0,0,0,0,"642457,302844","5359802,41439","10,923766451","48,375297616",0,2,#fc8d62,car
208319,9,7,61,0,2019,5,22,6,3,6,7,2,0,1,1,0,0,0,"639003,48376","5356509,99956","10,876064072","48,346463213",0,2,#fc8d62,car
208320,9,7,61,0,2019,5,19,6,3,0,1,0,1,0,0,0,0,0,"639710,502","5356256,47","10,885516886","48,344027548",0,1,#66c2a5,bicycle
208321,9,7,61,0,2019,5,19,6,3,0,4,1,1,0,1,0,0,0,"640888,843841","5358279,02746","10,902087582","48,361952012",0,1,#66c2a5,bicycle
208346,9,2,61,0,2019,5,13,6,2,1,5,0,1,1,0,0,0,0,"734504,969237","5380979,29317","12,177060799","48,538045996",0,1,#66c2a5,bicycle
208349,9,1,90,138,2019,5,6,6,2,5,3,0,0,1,0,0,0,0,"663052,56954","5308212,50874","11,181936245","47,906499727",0,2,#fc8d62,car
208354,9,1,87,169,2019,5,11,6,3,5,3,0,0,1,0,1,0,0,"737322,10653","5298638,93628","12,169216979","47,797328032",0,2,#fc8d62,car
208361,9,1,81,130,2019,5,11,6,3,1,3,0,1,1,0,0,0,0,"638420,415191","5325889,87791","10,858207993","48,071252192",0,1,#66c2a5,bicycle
208362,9,1,74,126,2019,5,9,6,2,8,1,0,1,1,0,0,0,0,"684026,837176","5346160,19564","11,47869351","48,241926468",0,1,#66c2a5,bicycle
208363,9,1,84,114,2019,5,10,6,3,3,6,0,0,0,0,0,0,1,"698992,904479","5323342,20485","11,669395634","48,032337462",0,6,#ffd92f,circle
208364,9,1,77,117,2019,5,9,6,3,4,6,0,0,1,0,0,0,0,"715081,147777","5352926,52938","11,899894919","48,292951839",0,2,#fc8d62,car
208365,9,1,62,0,2019,5,10,5,3,2,2,0,0,1,0,0,0,0,"689891,268076","5335312,00019","11,552751704","48,142694456",0,2,#fc8d62,car
208366,9,1,62,0,2019,5,10,5,3,2,6,0,0,1,0,0,0,0,"683260,660934","5334301,25084","11,46326702","48,135553688",0,2,#fc8d62,car
208367,9,1,62,0,2019,5,13,5,2,0,1,0,1,0,0,0,0,0,"692582,453","5335216,989","11,58884891","48,141031634",0,1,#66c2a5,bicycle
208368,9,1,62,0,2019,5,12,5,3,0,1,0,1,0,0,0,0,0,"693660,155008","5331114,5934","11,60145715","48,103833422",0,1,#66c2a5,bicycle
208369,9,1,62,0,2019,5,7,5,3,5,3,0,1,0,0,0,0,1,"692247,11435","5335089,48379","11,58428822","48,13998705",0,1,#66c2a5,bicycle
208370,9,1,62,0,2019,5,7,5,2,1,6,0,0,1,0,1,0,0,"688200,047272","5342508,80278","11,533225803","48,207882686",0,2,#fc8d62,car
208371,9,1,62,0,2019,5,14,5,3,4,2,0,0,1,0,0,0,0,"691712,38098","5335687,52014","11,577376848","48,145523446",0,2,#fc8d62,car
208372,9,1,62,0,2019,5,15,5,3,5,2,0,1,1,0,0,0,0,"692280,504526","5334903,19253","11,584652492","48,138302612",0,1,#66c2a5,bicycle
208373,9,1,62,0,2019,5,7,5,3,5,2,0,0,1,0,0,0,1,"683147,588998","5337548,54691","11,463145907","48,164774989",0,2,#fc8d62,car
208374,9,1,62,0,2019,5,15,5,2,0,7,0,0,0,1,0,0,1,"690472,676915","5342322,40186","11,563700772","48,205529507",0,3,#8da0cb,toilet
208375,9,1,62,0,2019,5,15,5,3,2,6,0,0,1,0,0,0,0,"683053,60291","5334834,76893","11,460715844","48,140408895",0,2,#fc8d62,car
208376,9,1,62,0,2019,5,10,5,2,6,4,0,0,1,1,0,0,0,"688080,359151","5332419,53405","11,527155244","48,117234255",0,2,#fc8d62,car
208377,9,1,62,0,2019,5,12,5,3,6,6,0,0,1,1,0,0,0,"694214,269091","5334414,44084","11,610395663","48,133322649",0,2,#fc8d62,car
208378,9,1,62,0,2019,5,8,5,3,5,2,0,1,1,0,0,0,0,"686749,799811","5336946,60096","11,511279839","48,1583166",0,1,#66c2a5,bicycle
208383,9,7,61,0,2019,5,13,5,3,5,2,0,0,1,0,0,0,1,"641045,422254","5352106,92663","10,902134148","48,306419417",0,2,#fc8d62,car
208399,9,2,61,0,2019,5,22,5,3,0,1,2,1,0,0,0,0,0,"732355,283069","5380073,80142","12,147478253","48,530711735",0,1,#66c2a5,bicycle
208403,9,1,63,0,2019,5,15,5,2,4,7,0,1,0,0,0,0,1,"733493,008696","5306124,30096","12,12219702","47,865976874",0,1,#66c2a5,bicycle
208404,9,1,63,0,2019,5,18,5,3,0,3,0,1,1,0,0,0,0,"731595,719477","5304228,68407","12,095850515","47,849632868",0,1,#66c2a5,bicycle
208405,9,1,82,120,2019,5,20,5,3,0,1,1,0,0,0,0,0,1,"701880,526306","5307014,24267","11,700423846","47,884688313",0,6,#ffd92f,circle
208407,9,1,88,113,2019,5,12,5,2,0,7,0,0,1,0,0,0,0,"678737,005223","5312121,935","11,393262535","47,937465132",0,2,#fc8d62,car
208408,9,1,81,130,2019,5,16,5,3,1,3,0,1,1,0,0,0,0,"639028,833299","5325062,18314","10,866101977","48,063676964",0,1,#66c2a5,bicycle
208409,9,1,62,0,2019,5,7,4,3,5,5,0,0,1,0,1,0,0,"689022,453871","5337221,57053","11,541932046","48,160116554",0,2,#fc8d62,car
208410,9,1,62,0,2019,5,18,4,3,3,1,0,1,1,0,0,0,0,"694659,02692","5332238,86248","11,615373632","48,113633537",0,1,#66c2a5,bicycle
208411,9,1,62,0,2019,5,9,4,3,6,4,0,1,0,1,0,0,0,"693186,856502","5337818,38259","11,598145965","48,164228935",0,1,#66c2a5,bicycle
208412,9,1,62,0,2019,5,9,4,3,2,7,0,0,1,0,0,0,0,"689686,453293","5334705,02138","11,549730818","48,137299998",0,2,#fc8d62,car
208413,9,1,62,0,2019,5,10,4,3,4,7,0,0,1,0,0,0,1,"686204,133662","5334838,10091","11,503027052","48,139524674",0,2,#fc8d62,car
208414,9,1,62,0,2019,5,17,4,3,6,4,0,0,1,1,0,0,0,"688931,981032","5336637,36814","11,540457215","48,154892582",0,2,#fc8d62,car
208415,9,1,84,131,2019,5,12,4,3,5,3,0,0,1,0,0,0,0,"703814,182081","5339318,47768","11,741625232","48,174391886",0,2,#fc8d62,car
208416,9,1,62,0,2019,5,8,4,3,3,2,0,1,1,0,0,0,0,"693322,861909","5339695,76533","11,600826842","48,181060831",0,1,#66c2a5,bicycle
208417,9,1,62,0,2019,5,7,4,3,0,5,0,1,1,0,0,0,0,"688849,418857","5330614,84717","11,536679387","48,10078579",0,1,#66c2a5,bicycle
208418,9,1,84,122,2019,5,8,4,3,2,6,0,0,1,0,0,0,0,"689047,134448","5324078,42976","11,536441811","48,04197628",0,2,#fc8d62,car
208419,9,1,62,0,2019,5,19,4,3,0,7,0,1,0,0,0,0,0,"691588,58639","5336741,52717","11,576188719","48,155033994",0,1,#66c2a5,bicycle
208420,9,1,62,0,2019,5,21,4,3,4,2,2,1,1,0,0,0,0,"691067,965859","5334359,02435","11,568126391","48,133776904",0,1,#66c2a5,bicycle
208425,9,7,61,0,2019,5,10,4,3,0,1,0,1,0,0,0,0,0,"640717,311118","5355344,82786","10,898792377","48,335606858",0,1,#66c2a5,bicycle
208426,9,7,61,0,2019,5,15,4,3,6,4,0,0,0,1,0,0,1,"641428,39855","5359286,59627","10,909706508","48,370891034",0,3,#8da0cb,toilet
208427,9,7,61,0,2019,5,11,4,3,3,2,0,0,1,0,0,0,0,"640059,14002","5358620,71591","10,891006188","48,365208996",0,2,#fc8d62,car
208428,9,7,61,0,2019,5,20,4,3,0,7,0,1,0,0,0,0,0,"640618,89972","5359950,45423","10,899004152","48,377041099",0,1,#66c2a5,bicycle
208455,9,1,90,142,2019,5,12,4,3,5,3,0,0,1,0,1,0,0,"659986,095681","5297473,38213","11,136957851","47,810714982",0,2,#fc8d62,car
208457,9,1,88,120,2019,5,20,4,3,6,4,1,0,0,1,0,0,1,"676796,604974","5326702,39486","11,373312142","48,069074097",1,3,#8da0cb,toilet
208458,9,1,78,124,2019,5,7,4,3,0,1,0,1,0,0,0,0,0,"703884,54709","5364402,69477","11,754675485","48,399785417",0,1,#66c2a5,bicycle
208459,9,1,62,0,2019,5,5,3,3,5,3,0,0,1,0,0,0,0,"698291,301046","5331774,23549","11,663905474","48,108337317",0,2,#fc8d62,car
208460,9,1,62,0,2019,5,9,3,3,5,2,0,1,0,0,0,0,1,"691676,767897","5335971,63615","11,577026486","48,148087768",0,1,#66c2a5,bicycle
208461,9,1,62,0,2019,5,7,3,3,0,1,0,0,0,0,0,0,1,"697016,097053","5330918,2609","11,6463978","48,101039992",0,6,#ffd92f,circle
208462,9,1,62,0,2019,5,8,3,3,4,3,0,1,1,0,0,0,0,"689719,818307","5332518,86431","11,549205637","48,117640723",0,1,#66c2a5,bicycle
208463,9,1,62,0,2019,5,14,3,3,3,6,0,0,1,0,0,0,0,"698604,573233","5334799,51751","11,669518695","48,135428613",0,2,#fc8d62,car
208464,9,1,62,0,2019,5,6,3,3,0,2,0,1,1,0,0,0,0,"692108,951782","5333269,90436","11,581612515","48,123674701",0,1,#66c2a5,bicycle
208465,9,1,62,0,2019,5,16,3,3,1,6,0,0,1,0,1,0,0,"689859,215054","5337363,67137","11,553236478","48,161144458",1,2,#fc8d62,car
208466,9,1,84,136,2019,5,18,3,3,0,7,0,0,1,0,0,0,0,"698005,390162","5326728,44427","11,657729815","48,063077943",0,2,#fc8d62,car
208467,9,1,62,0,2019,5,8,3,3,5,2,0,1,1,0,0,0,0,"690322,590807","5335854,03095","11,558786376","48,147437338",0,1,#66c2a5,bicycle
208468,9,1,62,0,2019,5,17,3,3,5,2,0,0,1,0,0,0,0,"691744,679635","5339084,81781","11,579341889","48,176047987",0,2,#fc8d62,car
208469,9,1,62,0,2019,5,17,3,3,0,6,0,0,1,0,0,0,1,"690698,365131","5333351,73753","11,562713014","48,124834291",0,2,#fc8d62,car
208470,9,1,62,0,2019,5,16,3,3,1,5,0,1,1,0,0,0,0,"692362,304043","5338675,07828","11,587455959","48,17217871",0,1,#66c2a5,bicycle
208471,9,1,62,0,2019,5,12,3,2,0,1,0,1,0,0,0,0,0,"691348,91032","5337343,82674","11,57324017","48,160519534",0,1,#66c2a5,bicycle
208478,9,7,71,130,2019,5,16,3,3,0,1,0,0,0,0,1,0,0,"645633,85611","5357570,39237","10,965864391","48,354503696",0,4,#e78ac3,marker
208479,9,7,61,0,2019,5,16,3,3,1,6,0,0,1,0,0,0,1,"638080,052686","5361932,33244","10,865388414","48,395422473",0,2,#fc8d62,car
208480,9,7,61,0,2019,5,15,3,2,5,3,0,1,1,0,0,0,0,"644048,575254","5357551,67125","10,944471673","48,354698982",0,1,#66c2a5,bicycle
208481,9,7,71,130,2019,5,16,3,3,2,6,0,0,1,0,0,0,0,"644961,932","5355739,036","10,956169326","48,338191859",0,2,#fc8d62,car
208507,9,2,61,0,2019,5,23,7,2,0,1,2,1,0,0,0,0,0,"731680,618202","5382003,5034","12,139426339","48,54829526",0,1,#66c2a5,bicycle
208510,9,2,74,126,2019,5,19,7,2,0,1,0,1,0,0,0,0,0,"733995,986931","5384776,95677","12,172310282","48,572348558",0,1,#66c2a5,bicycle
208511,9,2,74,113,2019,5,17,3,2,1,1,0,0,1,0,1,0,0,"730033,326048","5381756,37582","12,117002507","48,546681472",1,2,#fc8d62,car
208514,9,1,90,157,2019,5,11,3,3,2,6,0,1,1,0,0,0,0,"660024,45286","5300779,76782","11,138691235","47,840433786",0,1,#66c2a5,bicycle
208515,9,1,90,142,2019,5,16,7,3,0,7,0,1,0,0,0,0,0,"659399,852112","5298448,53726","11,129491532","47,819628316",0,1,#66c2a5,bicycle
208516,9,1,73,126,2019,5,17,3,2,2,6,0,0,1,0,0,0,0,"683973,626449","5306367,47736","11,460859056","47,884256231",1,2,#fc8d62,car
208524,9,1,88,120,2019,5,16,3,2,2,2,0,0,1,0,0,0,0,"676974,755409","5327065,28735","11,375851734","48,072286855",0,2,#fc8d62,car
208526,9,1,79,121,2019,5,16,3,3,2,6,0,0,1,0,0,0,0,"668185,870681","5338007,1135","11,262277609","48,173032057",0,2,#fc8d62,car
208528,9,1,75,111,2019,5,20,3,2,1,5,1,1,1,0,0,0,0,"712309,644504","5336509,45434","11,8543567","48,14636975",0,1,#66c2a5,bicycle
208530,9,1,78,124,2019,5,7,3,3,6,1,0,0,1,1,0,0,0,"700112,770563","5361032,15205","11,702169677","48,370704105",0,2,#fc8d62,car
208531,9,1,87,169,2019,5,11,7,3,0,2,0,1,0,0,0,0,0,"737105,637821","5298964,08317","12,166508469","47,800328799",0,1,#66c2a5,bicycle
208532,9,1,78,124,2019,5,20,3,3,2,6,0,1,1,0,0,0,0,"702871,801","5364311,277","11,740964477","48,39929055",0,1,#66c2a5,bicycle
208534,9,1,62,0,2019,5,21,2,2,0,7,1,1,0,0,0,0,0,"691082,855101","5335519,56429","11,568846978","48,144203271",0,1,#66c2a5,bicycle
208535,9,1,62,0,2019,5,20,2,3,5,7,1,1,1,0,0,0,0,"689762,505547","5339525,53753","11,552902152","48,18060414",0,1,#66c2a5,bicycle
208536,9,1,62,0,2019,5,8,2,3,2,6,0,0,1,0,1,0,0,"691812,795556","5332407,54475","11,5772489","48,116013207",0,2,#fc8d62,car
208537,9,1,81,145,2019,5,18,7,2,5,3,0,1,1,0,0,0,0,"644290,016086","5330505,74204","10,938517869","48,111456587",0,1,#66c2a5,bicycle
208538,9,1,62,0,2019,5,16,2,3,4,6,0,0,1,0,0,0,0,"684210,193781","5335373,74544","11,476481577","48,144919719",0,2,#fc8d62,car
208539,9,1,62,0,2019,5,19,2,3,3,2,0,1,0,0,0,0,0,"691794,900948","5329620,03489","11,575755879","48,090964686",0,1,#66c2a5,bicycle
208540,9,1,74,150,2019,5,17,7,2,8,1,0,0,0,0,1,0,0,"682183,848686","5359856,34417","11,459805392","48,365565571",0,4,#e78ac3,marker
208541,9,1,62,0,2019,5,8,2,2,3,2,0,1,0,0,0,1,0,"691690,926768","5340385,93648","11,579206537","48,187758367",0,1,#66c2a5,bicycle
208542,9,1,78,145,2019,5,11,7,3,5,5,0,1,0,0,0,0,0,"698886,293539","5355342,11073","11,682940138","48,31995671",0,1,#66c2a5,bicycle
208543,9,1,62,0,2019,5,14,2,3,1,7,0,0,1,0,0,1,0,"694068,715969","5330822,55505","11,606806705","48,101084348",0,2,#fc8d62,car
208544,9,1,77,117,2019,5,22,7,3,5,3,2,0,1,0,0,0,0,"714485,06","5355423,849","11,893137569","48,315593104",0,2,#fc8d62,car
208545,9,1,62,0,2019,5,10,2,3,2,6,0,0,1,0,0,1,0,"690981,340348","5340327,15487","11,569642588","48,187443777",0,2,#fc8d62,car
208546,9,1,62,0,2019,5,13,2,3,5,3,0,1,1,0,0,0,0,"681060,328706","5335773,34064","11,434345424","48,149415896",0,1,#66c2a5,bicycle
208547,9,1,62,0,2019,5,8,6,3,0,7,0,0,1,0,0,0,0,"689023,693008","5332206,49261","11,539723103","48,115040094",0,2,#fc8d62,car
208548,9,1,62,0,2019,5,18,2,3,5,2,0,1,1,0,0,0,0,"689701,318704","5336014,98032","11,550514024","48,149069529",0,1,#66c2a5,bicycle
208564,9,1,90,148,2019,5,11,4,3,8,1,0,0,1,0,0,1,0,"640466,910796","5296681,7715","10,876135249","47,808152917",1,2,#fc8d62,car