OBJECTID,ULAND,UREGBEZ,UKREIS,UGEMEINDE,UJAHR,UMONAT,USTUNDE,UWOCHENTAG,UKATEGORIE,UART,UTYP1,ULICHTVERH,IstRad,IstPKW,IstFuss,IstKrad,IstGkfz,IstSonstig,LINREFX,LINREFY,XGCSWGS84,YGCSWGS84,STRZUSTAND,Teilnehmer,color,symbol
208565,9,1,63,0,2019,5,11,4,3,2,2,0,0,1,0,0,0,0,"732610,291045","5306862,99841","12,110809125","47,872933604",1,2,#fc8d62,car
208566,9,1,63,0,2019,5,12,4,3,5,3,0,1,1,0,0,0,0,"733374,374581","5305097,05567","12,120058756","47,856791155",1,1,#66c2a5,bicycle
208568,9,1,81,130,2019,5,18,4,3,5,3,0,1,1,0,0,0,0,"638803,650671","5321738,48623","10,862003109","48,033838153",0,1,#66c2a5,bicycle
208569,9,1,88,121,2019,5,9,4,3,5,7,0,1,1,0,0,0,0,"670600,094783","5330629,53083","11,291769302","48,106065934",1,1,#66c2a5,bicycle
208570,9,1,88,121,2019,5,20,4,2,0,1,0,0,1,0,1,0,0,"670640,123117","5330036,76811","11,292069536","48,100726385",1,2,#fc8d62,car
208571,9,1,75,132,2019,5,8,4,2,3,6,0,1,1,0,0,0,0,"707468,827097","5331549,08129","11,786941775","48,103391308",1,1,#66c2a5,bicycle
208572,9,1,78,145,2019,5,20,4,3,1,1,1,1,1,0,0,0,0,"697090,737949","5354947,23285","11,658561117","48,316970155",0,1,#66c2a5,bicycle
208573,9,1,84,136,2019,5,9,3,2,6,2,0,0,1,1,0,0,0,"698484,678241","5326959,87579","11,664263276","48,065008977",1,2,#fc8d62,car
208574,9,1,62,0,2019,5,4,3,3,5,3,2,0,1,0,0,1,0,"692226,965","5336210,041","11,584523555","48,150064478",1,2,#fc8d62,car
208575,9,1,62,0,2019,5,8,3,3,5,3,0,0,1,0,1,0,0,"691264,680923","5339638,71593","11,573141008","48,18117097",1,2,#fc8d62,car
208576,9,1,62,0,2019,5,22,3,3,6,2,2,0,1,1,0,0,0,"691204,569768","5340358,47944","11,572657086","48,187658165",1,2,#fc8d62,car
208577,9,1,62,0,2019,5,14,3,2,1,5,0,1,1,0,0,0,0,"689842,222006","5336381,95167","11,552570181","48,152325835",1,1,#66c2a5,bicycle
208578,9,1,62,0,2019,5,7,3,3,6,4,0,0,1,1,0,0,0,"690864,163543","5339687,53938","11,567780279","48,181730226",1,2,#fc8d62,car
208579,9,1,62,0,2019,5,12,3,3,6,7,0,0,1,1,0,0,0,"684785,895809","5329254,08794","11,481561666","48,089745943",1,2,#fc8d62,car
208580,9,1,62,0,2019,5,13,3,3,5,2,0,1,1,0,0,0,0,"687317,449797","5331964,60327","11,516714809","48,113370064",1,1,#66c2a5,bicycle
208581,9,1,62,0,2019,5,8,3,3,0,1,0,1,0,0,0,0,0,"693140,822576","5335391,25932","11,596426022","48,142428681",1,1,#66c2a5,bicycle
208582,9,1,62,0,2019,5,16,3,3,2,6,0,1,1,0,0,0,0,"692575,875251","5335171,11026","11,588739834","48,140621277",1,1,#66c2a5,bicycle
208584,9,7,77,130,2019,5,14,3,3,5,3,0,0,1,0,0,0,0,"625847,873094","5308882,83497","10,684521777","47,920908057",1,2,#fc8d62,car
208585,9,7,77,182,2019,5,22,3,3,5,3,2,0,1,0,0,0,0,"626963,675324","5308745,26636","10,699409916","47,919450844",1,2,#fc8d62,car
208586,9,7,61,0,2019,5,8,3,3,6,4,0,0,1,1,0,0,0,"637593,720736","5359190,55862","10,857924165","48,370875172",1,2,#fc8d62,car
208587,9,7,61,0,2019,5,17,3,3,2,6,0,0,1,0,0,0,0,"638505,145356","5359333,38907","10,870271358","48,37196011",1,2,#fc8d62,car
208588,9,7,61,0,2019,5,12,3,3,0,2,0,0,0,0,1,0,0,"639320,108","5360148,193","10,881539892","48,379107228",1,4,#e78ac3,marker
208589,9,7,61,0,2019,5,13,3,3,8,1,0,0,1,0,0,0,0,"640916,221037","5357554,22443","10,902214247","48,355428721",1,2,#fc8d62,car
208590,9,7,61,0,2019,5,20,3,3,1,1,1,1,1,0,0,0,0,"639317,103218","5357212,78086","10,88052705","48,352713377",1,1,#66c2a5,bicycle
208591,9,7,61,0,2019,5,10,3,3,5,2,0,1,1,0,0,0,0,"638527,961816","5356133,99845","10,869526043","48,343186734",1,1,#66c2a5,bicycle
208620,9,2,61,0,2019,5,13,3,3,4,2,0,0,1,0,0,0,0,"731423,78034","5382624,7566","12,136296657","48,553970665",1,2,#fc8d62,car
208622,9,1,90,157,2019,5,15,3,3,1,6,0,0,1,0,0,0,0,"660431,925554","5301215,73067","11,144294685","47,844252035",1,2,#fc8d62,car
208627,9,1,63,0,2019,5,17,3,3,5,3,0,0,1,0,0,0,0,"731178,321803","5304363,86343","12,090351581","47,850997597",1,2,#fc8d62,car
208629,9,1,87,154,2019,5,11,3,2,5,3,0,1,0,0,0,0,1,"735541,6423","5298866,93496","12,145601452","47,800029974",0,1,#66c2a5,bicycle
208630,9,1,79,123,2019,5,20,3,3,6,4,1,1,0,1,0,0,0,"675457,380888","5332578,31393","11,35776531","48,122264983",1,1,#66c2a5,bicycle
208631,9,1,78,145,2019,5,7,3,3,4,2,0,0,1,0,0,0,1,"697274,150091","5355273,20422","11,661184861","48,319842462",0,2,#fc8d62,car
208632,9,1,78,124,2019,5,7,3,3,6,4,0,0,1,1,0,0,0,"703621,528605","5365344,77063","11,751583057","48,408336054",0,2,#fc8d62,car
208633,9,1,62,0,2019,5,13,2,3,4,6,0,1,1,0,0,0,0,"683250,996659","5339958,40223","11,46557425","48,186406354",1,1,#66c2a5,bicycle
208634,9,1,62,0,2019,5,16,2,3,5,3,0,0,1,0,1,0,1,"694538,030512","5342633,44641","11,618503019","48,207092302",1,2,#fc8d62,car
208635,9,1,62,0,2019,5,20,2,3,1,6,1,0,1,0,0,0,1,"689657,661484","5332452,90404","11,548341975","48,117066381",1,2,#fc8d62,car
208636,9,1,62,0,2019,5,9,2,3,2,6,0,0,1,0,0,0,0,"694546,119749","5332119,92362","11,613804035","48,112599056",1,2,#fc8d62,car
208637,9,1,62,0,2019,5,20,2,3,5,3,2,0,1,0,0,0,0,"693444,194876","5332083,26492","11,598998452","48,112605209",1,2,#fc8d62,car
208638,9,1,62,0,2019,5,2,2,3,1,7,2,0,1,0,0,0,0,"693206,257935","5332348,86919","11,595925401","48,115064619",1,2,#fc8d62,car
208639,9,1,62,0,2019,5,15,2,3,6,4,0,0,1,1,0,0,0,"693864,033826","5331383,39426","11,604315068","48,106187323",0,2,#fc8d62,car
208640,9,1,62,0,2019,5,18,2,3,6,4,0,0,1,1,0,0,0,"692678,689556","5341977,41066","11,593204981","48,20176316",1,2,#fc8d62,car
208641,9,1,62,0,2019,5,8,2,3,2,6,0,0,1,0,0,0,0,"692423,666818","5341923,46309","11,589751892","48,201355636",1,2,#fc8d62,car
208642,9,1,62,0,2019,5,16,2,3,5,7,0,0,1,0,0,0,1,"684602,42465","5335031,79591","11,481601269","48,141732408",0,2,#fc8d62,car
208643,9,1,62,0,2019,5,13,2,1,3,2,0,1,0,0,0,1,0,"691922,850904","5333898,7799","11,579397459","48,129383075",0,1,#66c2a5,bicycle
208644,9,1,62,0,2019,5,8,2,3,1,7,0,1,1,0,0,0,0,"691586,739721","5341317,79705","11,578226559","48,196165144",1,1,#66c2a5,bicycle
208645,9,1,62,0,2019,5,6,2,3,5,3,0,1,1,0,0,0,0,"684894,273764","5334496,0462","11,485288171","48,136832081",1,1,#66c2a5,bicycle
208646,9,1,62,0,2019,5,17,2,2,0,7,0,1,0,0,0,0,0,"698132,038418","5332495,53488","11,662103325","48,1148694",1,1,#66c2a5,bicycle
208647,9,1,62,0,2019,5,8,2,3,5,2,0,1,1,0,0,0,0,"692267,50818","5337228,76936","11,585528361","48,159208325",1,1,#66c2a5,bicycle
208649,9,7,72,200,2019,5,19,2,3,5,3,0,0,1,0,0,0,0,"630772,814507","5337893,97422","10,759279046","48,180816133",1,2,#fc8d62,car
208650,9,7,61,0,2019,5,7,2,3,5,3,0,1,1,0,0,0,0,"641726,185447","5362331,63792","10,914752269","48,398203892",0,1,#66c2a5,bicycle
208651,9,7,61,0,2019,5,11,2,3,0,2,0,1,1,0,0,0,0,"640457,932063","5353674,64817","10,894737809","48,320646738",0,1,#66c2a5,bicycle
208652,9,7,61,0,2019,5,14,2,3,5,1,0,0,1,0,1,0,0,"641053,88655","5358510,12803","10,904391971","48,363993132",1,2,#fc8d62,car
208688,9,1,87,170,2019,5,0,2,3,9,1,2,0,1,0,0,0,0,"734532,919","5318117,545","12,142605764","47,97334295",0,2,#fc8d62,car
208690,9,1,79,142,2019,5,16,2,3,5,3,0,1,1,0,0,0,0,"672951,851841","5343140,18884","11,328421895","48,217896476",1,1,#66c2a5,bicycle
208691,9,1,62,0,2019,5,19,1,3,0,1,1,1,0,0,0,0,0,"691451,399299","5337564,31101","11,574716219","48,16247036",0,1,#66c2a5,bicycle
208692,9,1,62,0,2019,5,0,1,3,0,1,2,1,0,0,0,0,0,"691655,235373","5332789,81099","11,575305913","48,119496416",0,1,#66c2a5,bicycle
208693,9,1,62,0,2019,5,13,1,3,2,6,0,1,1,0,0,0,0,"690476,326904","5330586,7113","11,558497432","48,100048635",0,1,#66c2a5,bicycle
208694,9,1,62,0,2019,5,17,1,2,5,2,0,1,1,0,0,0,0,"692275,802238","5341898,61112","11,587752692","48,201177068",0,1,#66c2a5,bicycle
208695,9,1,62,0,2019,5,16,1,3,0,7,0,1,0,0,0,0,0,"685621,903441","5341512,16868","11,498121838","48,19968377",0,1,#66c2a5,bicycle
208696,9,1,62,0,2019,5,16,1,3,5,3,0,1,1,0,0,0,0,"700888,003245","5334401,20319","11,699988182","48,131132307",0,1,#66c2a5,bicycle
208697,9,1,84,122,2019,5,7,1,3,0,1,0,1,0,0,0,0,0,"687767,065","5324295,394","11,51937956","48,04430418",0,1,#66c2a5,bicycle
208698,9,1,62,0,2019,5,11,1,3,5,3,0,0,1,0,0,0,0,"687449,104739","5336064,58586","11,520285664","48,150183088",0,2,#fc8d62,car
208699,9,1,62,0,2019,5,17,1,3,5,2,0,0,1,0,0,0,0,"693400,871907","5339282,11251","11,601686964","48,177319338",0,2,#fc8d62,car
208700,9,1,62,0,2019,5,14,1,3,5,3,0,1,1,0,0,0,0,"693465,047068","5329189,29998","11,597966587","48,086588595",0,1,#66c2a5,bicycle
208701,9,1,62,0,2019,5,12,1,3,1,5,0,1,1,0,0,0,0,"693393,672867","5336017,36581","11,600105895","48,147979124",0,1,#66c2a5,bicycle
208702,9,1,62,0,2019,5,12,1,3,0,1,0,0,1,0,1,0,0,"693004,276","5333856,406","11,593896959","48,128675253",0,2,#fc8d62,car
208703,9,1,62,0,2019,5,15,1,3,0,1,0,0,0,0,1,0,0,"689064,374248","5332560,54374","11,540426115","48,118210283",0,4,#e78ac3,marker
208704,9,1,62,0,2019,5,16,1,3,2,6,0,1,1,0,0,0,0,"690706,692092","5338122,65624","11,564961888","48,167712522",0,1,#66c2a5,bicycle
208708,9,7,71,145,2019,5,10,1,3,0,1,0,1,0,0,0,0,0,"647478,320414","5345848,10129","10,986651049","48,248677142",0,1,#66c2a5,bicycle
208709,9,7,71,112,2019,5,18,1,3,0,1,0,1,0,0,0,0,0,"645288,094959","5368725,19045","10,965061174","48,454879072",0,1,#66c2a5,bicycle
208731,9,1,73,147,2019,5,12,1,3,0,1,0,1,0,0,0,0,0,"682367,703547","5309668,06627","11,440793224","47,91438401",0,1,#66c2a5,bicycle
208734,9,1,79,136,2019,5,14,1,3,5,3,0,1,0,0,0,0,0,"660058,866","5341336,537","11,154297745","48,205064187",0,1,#66c2a5,bicycle
208735,9,1,74,115,2019,5,18,1,3,0,1,0,1,0,0,0,0,0,"681080,801586","5346958,51556","11,439391838","48,249950533",0,1,#66c2a5,bicycle
208736,9,1,78,116,2019,5,14,1,2,0,1,0,1,0,0,0,0,0,"700726,390207","5384485,94608","11,721704394","48,581272559",0,1,#66c2a5,bicycle
208737,9,1,62,0,2019,5,15,7,3,5,7,0,0,1,1,0,0,0,"692225,758893","5331352,32302","11,582316219","48,106404503",0,2,#fc8d62,car
208738,9,1,62,0,2019,5,14,7,3,2,6,0,1,1,0,0,0,0,"694160,812603","5342400,2258","11,613324405","48,205111718",0,1,#66c2a5,bicycle
208739,9,1,62,0,2019,5,21,7,3,5,3,1,1,1,0,0,0,0,"684240,23778","5332701,6074","11,475729537","48,120892332",0,1,#66c2a5,bicycle
208740,9,1,62,0,2019,5,23,7,3,5,3,2,1,1,0,0,0,0,"691294,669596","5336054,3519","11,571931854","48,148946227",0,1,#66c2a5,bicycle
208741,9,1,62,0,2019,5,16,4,3,5,2,0,1,1,0,0,0,0,"690597,191","5337239,507","11,563094905","48,159807692",0,1,#66c2a5,bicycle
208742,9,1,62,0,2019,5,22,7,3,5,3,2,0,1,0,0,0,0,"694482,929","5333730,434","11,613690589","48,127093025",0,2,#fc8d62,car
208743,9,1,62,0,2019,5,10,7,3,0,2,0,0,1,0,0,0,1,"689015,673324","5332172,63882","11,539600456","48,114738191",0,2,#fc8d62,car
208744,9,1,62,0,2019,5,15,4,3,6,4,0,0,1,1,0,0,0,"692969,395683","5333755,58993","11,59338303","48,127779717",0,2,#fc8d62,car
208745,9,1,62,0,2019,5,17,7,3,5,3,0,0,1,0,0,0,0,"691294,669596","5336054,3519","11,571931854","48,148946227",0,2,#fc8d62,car
208746,9,1,62,0,2019,5,8,4,3,1,5,0,1,1,0,0,0,0,"693536,857458","5335031,36836","11,601580749","48,139073753",1,1,#66c2a5,bicycle
208747,9,1,62,0,2019,5,17,7,3,0,7,0,1,0,0,0,0,0,"691133,99559","5342284,73176","11,572575645","48,204992178",0,1,#66c2a5,bicycle
208748,9,1,62,0,2019,5,8,4,3,5,3,0,1,0,0,0,0,1,"688594,519189","5335666,05633","11,535493804","48,14626247",1,1,#66c2a5,bicycle
208749,9,1,84,123,2019,5,19,7,3,9,1,0,0,1,0,0,0,0,"701965,989234","5333698,11023","11,714126594","48,124472568",0,2,#fc8d62,car
208750,9,1,62,0,2019,5,22,7,3,0,1,2,1,0,0,0,0,0,"687531,450928","5335655,42205","11,52121146","48,146481155",0,1,#66c2a5,bicycle
208751,9,1,62,0,2019,5,7,7,3,0,7,0,1,0,0,0,0,0,"689273,352726","5336126,52136","11,544815559","48,150199555",0,1,#66c2a5,bicycle
208752,9,1,62,0,2019,5,7,7,3,0,7,0,0,0,0,0,0,1,"685137,672443","5334948,84955","11,488753487","48,140831326",0,6,#ffd92f,circle
208753,9,1,62,0,2019,5,14,7,3,5,3,0,1,1,0,0,0,0,"696531,717742","5338499,35767","11,643396039","48,169323935",0,1,#66c2a5,bicycle
208759,9,1,62,0,2019,5,18,4,3,0,6,0,0,1,1,0,0,1,"693893,325487","5333999,26689","11,605897628","48,12968906",0,2,#fc8d62,car
208761,9,1,62,0,2019,5,8,4,2,3,2,0,0,1,0,1,0,0,"693821,829746","5340301,27646","11,607808614","48,186350895",0,2,#fc8d62,car
208764,9,7,72,163,2019,5,21,7,3,5,3,0,0,1,0,0,0,0,"640356,052179","5348961,24018","10,891797114","48,278287332",0,2,#fc8d62,car
208765,9,1,62,0,2019,5,8,4,3,6,1,0,0,0,1,1,0,0,"690928,127","5336914,798","11,567394888","48,156789959",1,3,#8da0cb,toilet
208766,9,7,72,217,2019,5,16,7,3,0,1,0,1,0,0,0,0,0,"636128,339762","5381575,05872","10,845434646","48,572469716",0,1,#66c2a5,bicycle
208767,9,7,72,147,2019,5,19,7,3,0,7,0,1,0,0,0,0,0,"639599,787138","5365476,74531","10,887087005","48,426958005",0,1,#66c2a5,bicycle
208768,9,1,62,0,2019,5,11,4,3,0,7,0,0,1,0,0,0,0,"689451,492209","5336937,53679","11,547569268","48,157435963",0,2,#fc8d62,car
208769,9,7,72,163,2019,5,20,7,3,5,3,0,0,1,0,0,0,0,"639271,506","5348417,3","10,877007952","48,273635759",0,2,#fc8d62,car
208770,9,1,84,131,2019,5,14,4,3,0,7,0,1,0,0,0,0,0,"705027,185819","5338692,17459","11,757620498","48,168373481",1,1,#66c2a5,bicycle
208771,9,7,72,202,2019,5,13,7,2,5,3,0,0,1,0,1,0,0,"634247,610332","5358552,50448","10,812561857","48,365858386",0,2,#fc8d62,car
208772,9,7,61,0,2019,5,23,7,3,6,4,2,0,1,1,0,0,0,"640733,336679","5358436,0563","10,900041871","48,363398648",0,2,#fc8d62,car
208773,9,1,62,0,2019,5,8,4,3,1,5,0,1,1,0,0,0,0,"694496,821504","5338055,69127","11,615853058","48,16596236",1,1,#66c2a5,bicycle
208776,9,1,62,0,2019,5,8,4,3,0,6,0,0,1,0,0,0,1,"690772,289383","5333657,83043","11,563842427","48,127563297",1,2,#fc8d62,car
208778,9,1,62,0,2019,5,16,4,3,5,3,0,0,1,0,0,0,0,"690103,504753","5334739,12646","11,555346192","48,137482083",0,2,#fc8d62,car
208780,9,1,62,0,2019,5,8,4,3,5,3,0,0,1,0,0,0,0,"692436,28354","5338254,78529","11,588259779","48,168378836",1,2,#fc8d62,car
208786,9,1,62,0,2019,5,22,4,3,0,1,2,1,0,0,0,0,0,"691039,176483","5334142,09999","11,567642571","48,131835845",0,1,#66c2a5,bicycle
208790,9,7,61,0,2019,5,19,4,3,2,6,0,0,1,0,0,0,0,"639358,949928","5360119,71794","10,882054723","48,37884261",0,2,#fc8d62,car
208827,9,2,61,0,2019,5,4,1,3,0,1,2,1,0,0,0,0,0,"731778,819158","5381720,25168","12,140597346","48,545714596",0,1,#66c2a5,bicycle
208828,9,1,73,147,2019,5,10,1,3,2,6,0,1,0,0,0,0,0,"682398,226213","5307823,66452","11,440421401","47,897795705",0,1,#66c2a5,bicycle
208829,9,1,73,118,2019,5,19,1,2,5,3,0,0,1,0,1,0,0,"689853,425531","5302871,97892","11,537894205","47,851124928",0,2,#fc8d62,car
208833,9,1,63,0,2019,5,17,1,2,0,2,0,0,1,0,1,0,0,"734003,544789","5305760,72009","12,128816471","47,862524738",0,2,#fc8d62,car
208835,9,1,87,122,2019,5,20,1,3,0,1,0,1,0,0,0,0,0,"720632,242311","5307938,80583","11,951396095","47,886826471",0,1,#66c2a5,bicycle
208837,9,1,88,139,2019,5,17,1,3,3,6,0,1,1,0,0,0,0,"676658,60653","5322286,95056","11,369638714","48,029420138",1,1,#66c2a5,bicycle
208838,9,1,79,132,2019,5,12,1,3,4,2,0,1,1,0,0,0,0,"661486,541246","5337011,96299","11,171855153","48,165822878",0,1,#66c2a5,bicycle
208839,9,1,62,0,2019,5,13,7,3,5,3,0,1,1,0,0,0,0,"686060,759805","5339753,71569","11,503251765","48,183749848",0,1,#66c2a5,bicycle
208840,9,1,62,0,2019,5,0,7,3,0,1,2,1,0,0,0,0,0,"690968,925011","5333222,96856","11,566287481","48,12359582",0,1,#66c2a5,bicycle
208841,9,1,62,0,2019,5,3,7,3,6,4,2,0,1,1,0,0,0,"691263,86661","5335235,1417","11,571150136","48,14159252",0,2,#fc8d62,car
208842,9,1,62,0,2019,5,19,7,3,1,6,0,0,1,0,0,0,0,"688279,211801","5338311,99981","11,532429968","48,170137988",0,2,#fc8d62,car
208843,9,1,62,0,2019,5,15,7,3,0,7,0,0,0,0,1,0,0,"689405,436258","5336083,84944","11,54657064","48,1497767",0,4,#e78ac3,marker
208844,9,1,62,0,2019,5,3,7,3,6,7,2,0,1,0,0,0,1,"691133,053097","5335166,7681","11,569362764","48,141017294",0,2,#fc8d62,car
208845,9,1,84,147,2019,5,8,7,2,5,3,0,0,1,0,1,0,0,"697408,370547","5340901,032","11,656289738","48,190636688",0,2,#fc8d62,car
208846,9,1,62,0,2019,5,22,7,3,8,7,2,0,0,0,1,0,0,"693219,232","5334495,278","11,597072514","48,13435205",1,4,#e78ac3,marker
208847,9,1,84,130,2019,5,11,7,3,2,6,0,1,1,0,0,0,0,"697973,021656","5344038,22169","11,665342493","48,218655268",0,1,#66c2a5,bicycle
208851,9,7,61,0,2019,5,17,7,3,3,7,0,0,1,0,0,0,1,"639166,536087","5362670,56992","10,880302737","48,40182164",0,2,#fc8d62,car
208882,9,1,87,177,2019,5,16,7,3,5,3,0,1,1,0,0,0,0,"737561,158237","5305886,82346","12,176378895","47,862352245",0,1,#66c2a5,bicycle
208885,9,1,79,142,2019,5,10,7,3,5,3,0,0,1,0,1,0,0,"673038,662531","5341021,36301","11,328725468","48,1988258",0,2,#fc8d62,car
208886,9,1,79,118,2019,5,18,7,3,1,7,0,0,1,0,0,0,0,"672165,280786","5337107,45664","11,315395774","48,163878988",0,2,#fc8d62,car
208887,9,1,78,123,2019,5,7,7,3,1,1,0,0,1,0,0,0,0,"692477,308447","5359454,72383","11,598456996","48,3589018",0,2,#fc8d62,car
208888,9,1,62,0,2019,5,8,6,3,5,3,0,1,1,0,0,0,0,"679687,465178","5336912,46788","11,416385463","48,160044747",0,1,#66c2a5,bicycle
208889,9,1,62,0,2019,5,12,6,3,5,3,0,1,0,0,0,0,1,"689006,615083","5332118,251","11,539454771","48,114252033",0,1,#66c2a5,bicycle
208890,9,1,62,0,2019,5,16,6,3,0,1,0,0,0,0,1,0,0,"693105,285376","5335278,12506","11,595897495","48,141422649",0,4,#e78ac3,marker
208891,9,1,62,0,2019,5,14,6,3,5,3,0,0,1,0,0,0,0,"696889,695553","5333136,00135","11,645725439","48,121010812",0,2,#fc8d62,car
208892,9,1,62,0,2019,5,12,6,3,4,2,0,0,0,0,1,0,1,"689592,708996","5335390,40756","11,548777139","48,143488223",0,4,#e78ac3,marker
208893,9,1,62,0,2019,5,10,6,3,0,1,0,1,0,0,0,0,0,"692252,359752","5337904,52901","11,585630285","48,165286472",0,1,#66c2a5,bicycle
208894,9,1,62,0,2019,5,19,6,2,3,6,0,1,1,0,0,0,0,"690880,623863","5334271,47623","11,56557174","48,133046242",0,1,#66c2a5,bicycle
208895,9,1,62,0,2019,5,18,6,3,1,7,0,0,1,0,0,0,0,"694189,673958","5341156,49847","11,613143515","48,193924888",0,2,#fc8d62,car
208896,9,1,62,0,2019,5,16,6,3,2,6,0,0,1,0,1,0,0,"692269,135788","5338348,85108","11,586056559","48,169274854",0,2,#fc8d62,car
208897,9,1,62,0,2019,5,16,6,3,5,2,0,0,1,0,0,0,0,"693687,922171","5340307,71298","11,606011801","48,186449585",0,2,#fc8d62,car
208898,9,1,84,138,2019,5,16,6,2,0,1,0,1,0,0,0,0,0,"681487,752442","5330319,9472","11,437764657","48,100274458",0,1,#66c2a5,bicycle
208899,9,1,62,0,2019,5,9,6,2,5,2,0,1,1,0,0,0,0,"684315,506964","5331337,6311","11,476150485","48,10861032",0,1,#66c2a5,bicycle
208900,9,1,84,112,2019,5,17,6,3,3,6,0,1,1,0,0,0,0,"702049,895132","5338897,31026","11,717720427","48,171170279",0,1,#66c2a5,bicycle
208901,9,1,62,0,2019,5,9,6,3,5,1,0,1,1,0,0,0,0,"697656,853583","5329312,96065","11,654251994","48,086414118",0,1,#66c2a5,bicycle
208902,9,1,62,0,2019,5,12,6,3,5,2,0,1,1,0,0,0,0,"694153,618667","5337139,44794","11,610823993","48,157832458",0,1,#66c2a5,bicycle
208903,9,1,62,0,2019,5,7,6,3,1,5,0,1,1,0,0,0,0,"687635,812048","5331890,89752","11,520955469","48,112613861",0,1,#66c2a5,bicycle
208904,9,1,62,0,2019,5,20,6,3,4,7,1,0,1,0,1,0,0,"691436,64189","5335449,24782","11,57356657","48,143464919",0,2,#fc8d62,car
208905,9,1,62,0,2019,5,21,6,3,4,7,2,0,1,0,1,0,0,"691171,724008","5335264,89211","11,569926116","48,141887605",0,2,#fc8d62,car
208906,9,1,62,0,2019,5,14,6,3,5,2,0,1,1,0,0,0,0,"691325,596498","5334519,92268","11,571657825","48,135145647",0,1,#66c2a5,bicycle
208913,9,7,62,0,2019,5,15,6,3,5,3,0,1,1,0,0,0,0,"621959,129763","5306787,45299","10,631898915","47,902814491",0,1,#66c2a5,bicycle
208916,9,7,72,130,2019,5,8,6,3,0,7,0,1,0,0,0,0,0,"632110,960458","5357563,40473","10,783417645","48,357414966",0,1,#66c2a5,bicycle
208917,9,7,72,163,2019,5,8,6,3,0,5,0,1,1,0,0,0,0,"639830,374654","5346389,02355","10,883865221","48,255274541",0,1,#66c2a5,bicycle
208918,9,7,61,0,2019,5,15,6,3,5,7,0,1,1,0,0,0,0,"641206,139933","5363022,12637","10,907962656","48,404529144",0,1,#66c2a5,bicycle
208956,9,2,74,194,2019,5,15,6,3,4,6,0,0,1,0,0,0,0,"720394,179295","5380473,68182","11,985900296","48,538617907",0,2,#fc8d62,car
208961,9,1,63,0,2019,5,17,6,3,3,6,0,0,1,0,1,0,0,"733333,022","5304473,879","12,11917064","47,851207508",0,2,#fc8d62,car
208962,9,1,63,0,2019,5,17,6,3,5,3,0,1,1,0,0,0,0,"734369,168","5305348,597","12,133474252","47,858689002",0,1,#66c2a5,bicycle
208963,9,1,63,0,2019,5,21,6,3,4,6,1,1,0,0,0,0,0,"732433,740059","5304412,5686","12,107134513","47,850982474",0,1,#66c2a5,bicycle
208964,9,1,87,150,2019,5,14,6,3,5,3,0,0,1,0,1,0,0,"729281,724","5303568,972","12,064614705","47,844535136",0,2,#fc8d62,car
208968,9,1,88,144,2019,5,18,6,3,3,6,0,1,1,0,0,0,0,"667444,431567","5326945,47948","11,247967023","48,073783236",0,1,#66c2a5,bicycle
208969,9,1,79,121,2019,5,17,6,3,2,6,0,0,1,0,0,0,0,"666378,295554","5338802,06615","11,238294374","48,180654501",0,2,#fc8d62,car
208970,9,1,81,139,2019,5,16,6,3,0,1,0,1,0,0,0,0,0,"655841,152394","5324363,58013","11,091361876","48,0535104",0,1,#66c2a5,bicycle
208971,9,1,75,121,2019,5,11,6,2,1,5,0,0,1,0,0,0,0,"713577,774332","5318788,59351","11,86253307","47,986709068",0,2,#fc8d62,car
208972,9,1,75,128,2019,5,8,6,2,5,3,0,0,1,0,0,0,0,"712785,765635","5322877,19255","11,853959327","48,023713185",0,2,#fc8d62,car
208973,9,1,62,0,2019,5,8,5,2,1,5,0,1,0,0,0,0,1,"695561,993981","5331705,42805","11,627247842","48,108562653",0,1,#66c2a5,bicycle
208974,9,1,62,0,2019,5,16,5,3,0,7,0,1,0,0,0,0,0,"688420,974496","5329816,41334","11,530577802","48,093736111",0,1,#66c2a5,bicycle
208975,9,1,62,0,2019,5,18,5,3,5,3,0,1,0,0,0,0,0,"689585,234355","5341469,08473","11,551387263","48,198125585",0,1,#66c2a5,bicycle
208976,9,1,62,0,2019,5,13,5,3,8,7,0,0,0,0,0,1,0,"686475,75452","5339660,93712","11,508788814","48,182794259",0,5,#a6d854,bus
208977,9,1,62,0,2019,5,16,5,3,5,3,0,1,1,0,0,0,0,"691024,175111","5335101,68798","11,567871473","48,140465055",0,1,#66c2a5,bicycle
208978,9,1,62,0,2019,5,18,5,3,2,6,0,1,0,0,0,0,0,"692312,37609","5337952,0997","11,586458111","48,165695873",0,1,#66c2a5,bicycle
208979,9,1,62,0,2019,5,22,5,2,0,7,2,1,0,0,0,0,0,"692239,348375","5336499,33147","11,584820538","48,152660816",0,1,#66c2a5,bicycle
208980,9,1,62,0,2019,5,16,5,3,6,4,0,0,1,1,0,0,0,"697596,699965","5336017,21083","11,656551619","48,146686097",0,2,#fc8d62,car
208981,9,1,74,115,2019,5,13,2,3,0,3,0,1,1,0,0,0,0,"681621,13246","5348790,79589","11,447450359","48,266265512",0,1,#66c2a5,bicycle
208982,9,1,62,0,2019,5,19,5,3,0,7,0,1,0,0,0,0,0,"690202,815","5335433,657","11,55698992","48,143694847",0,1,#66c2a5,bicycle