OBJECTID,ULAND,UREGBEZ,UKREIS,UGEMEINDE,UJAHR,UMONAT,USTUNDE,UWOCHENTAG,UKATEGORIE,UART,UTYP1,ULICHTVERH,IstRad,IstPKW,IstFuss,IstKrad,IstGkfz,IstSonstig,LINREFX,LINREFY,XGCSWGS84,YGCSWGS84,STRZUSTAND,Teilnehmer,color,symbol
208983,9,1,62,0,2019,5,19,5,3,2,4,0,1,1,1,0,0,0,"691697,782232","5332766,06897","11,575866349","48,119270218",0,1,#66c2a5,bicycle
208984,9,1,62,0,2019,5,8,5,3,3,6,0,1,0,0,0,0,0,"691559,683029","5340916,16644","11,577681648","48,192563544",0,1,#66c2a5,bicycle
208985,9,1,74,147,2019,5,14,2,2,4,2,0,0,0,0,0,1,1,"672330,874601","5367931,99346","11,330205553","48,440925214",0,5,#a6d854,bus
208986,9,1,62,0,2019,5,11,5,3,5,3,0,0,1,0,0,0,0,"700039,758","5335221,969","11,688985986","48,138775721",0,2,#fc8d62,car
208987,9,1,62,0,2019,5,8,5,3,6,2,0,0,1,1,0,0,0,"695309,766","5332968,114","11,624441255","48,119988503",0,2,#fc8d62,car
208988,9,1,77,117,2019,5,10,2,3,5,3,0,0,1,0,0,0,0,"715620,974595","5352455,07966","11,906922933","48,288532137",0,2,#fc8d62,car
208989,9,1,62,0,2019,5,15,5,3,4,7,0,1,0,0,0,0,0,"697304,456519","5329940,20514","11,649814832","48,092160587",0,1,#66c2a5,bicycle
208990,9,1,75,116,2019,5,20,2,2,9,3,0,0,1,0,0,0,0,"708038,916051","5320203,72517","11,78907508","48,001251376",1,2,#fc8d62,car
208991,9,1,62,0,2019,5,13,5,3,4,2,0,1,1,0,0,0,0,"694459,819228","5333027,62018","11,613059727","48,120783458",0,1,#66c2a5,bicycle
208992,9,1,62,0,2019,5,17,1,3,5,2,0,0,1,0,1,0,0,"687449,880844","5336049,59166","11,520289485","48,150048088",0,2,#fc8d62,car
208993,9,1,62,0,2019,5,15,5,3,0,1,0,1,0,0,0,0,0,"692315,548747","5333849,33933","11,584647349","48,128820189",0,1,#66c2a5,bicycle
208994,9,1,62,0,2019,5,0,1,3,0,1,2,1,0,0,0,0,0,"692264,436701","5337900,59847","11,585790761","48,165247493",0,1,#66c2a5,bicycle
208997,9,1,62,0,2019,5,13,1,2,0,5,0,1,1,0,0,0,0,"683151,390087","5338937,11348","11,463795152","48,177255152",0,1,#66c2a5,bicycle
209000,9,1,62,0,2019,5,14,1,3,1,5,0,1,1,0,0,0,0,"690910,012543","5339690,64524","11,568397858","48,181744366",0,1,#66c2a5,bicycle
209005,9,7,77,121,2019,5,13,5,3,5,3,0,0,1,1,0,0,0,"627829,551782","5321950,42688","10,714923874","48,038035365",0,2,#fc8d62,car
209007,9,7,72,130,2019,5,17,5,3,5,3,0,1,1,0,0,0,0,"632183,43","5359233,548","10,784920295","48,372418134",0,1,#66c2a5,bicycle
209008,9,7,72,163,2019,5,13,5,3,5,3,0,1,1,0,0,0,0,"639927,545467","5347726,03177","10,885615876","48,267275334",0,1,#66c2a5,bicycle
209009,9,7,61,0,2019,5,9,5,3,4,2,0,1,1,0,0,0,0,"639202,416124","5358955,86481","10,87955656","48,368412087",0,1,#66c2a5,bicycle
209010,9,7,61,0,2019,5,7,5,3,6,2,0,0,1,1,0,0,0,"638474,019716","5359341,85333","10,869854081","48,372043049",0,2,#fc8d62,car
209011,9,1,62,0,2019,5,9,1,3,5,3,0,0,1,0,0,0,0,"687569,918962","5331571,99239","11,519930826","48,109766856",0,2,#fc8d62,car
209012,9,7,61,0,2019,5,7,5,3,5,2,0,0,1,0,1,0,0,"639282,134586","5361287,16339","10,881404883","48,389356924",0,2,#fc8d62,car
209013,9,7,61,0,2019,5,22,5,3,1,5,2,1,1,0,0,0,0,"639276,255165","5360292,51973","10,880995812","48,380414658",0,1,#66c2a5,bicycle
209014,9,1,62,0,2019,5,1,1,3,5,3,2,0,1,0,0,0,0,"687908,970354","5343607,9802","11,529798704","48,217848404",1,2,#fc8d62,car
209015,9,7,61,0,2019,5,19,5,3,2,1,0,0,1,0,0,0,0,"639682,645075","5357516,77185","10,885559313","48,355366041",0,2,#fc8d62,car
209029,9,7,78,116,2019,5,18,1,2,3,6,0,1,0,0,0,0,0,"620455,456049","5314560,25942","10,613961779","47,973005023",0,1,#66c2a5,bicycle
209035,9,7,72,177,2019,5,18,1,3,0,1,0,1,0,0,0,0,0,"635001,848023","5377008,68816","10,828690736","48,531653844",1,1,#66c2a5,bicycle
209038,9,7,61,0,2019,5,13,1,3,0,2,0,0,1,0,0,0,1,"640622,509796","5357242,13561","10,89814746","48,352687993",0,2,#fc8d62,car
209040,9,7,61,0,2019,5,19,1,3,4,1,0,1,0,0,0,0,0,"641477,915766","5355807,67534","10,909205258","48,339598784",0,1,#66c2a5,bicycle
209052,9,1,90,157,2019,5,18,5,3,5,3,0,0,1,0,0,0,0,"660824,020353","5301859,70891","11,149770881","47,849944126",0,2,#fc8d62,car
209053,9,1,63,0,2019,5,12,5,3,0,3,0,0,1,0,1,0,0,"731012,09648","5303461,95271","12,087651425","47,842954275",0,2,#fc8d62,car
209054,9,1,63,0,2019,5,11,5,3,6,4,0,0,0,1,1,0,0,"733916,375318","5305123,82422","12,12730827","47,856834611",0,3,#8da0cb,toilet
209063,9,1,79,142,2019,5,19,5,3,5,3,0,0,1,0,1,0,0,"678414,172766","5342091,71867","11,401453188","48,20695956",0,2,#fc8d62,car
209065,9,1,79,142,2019,5,23,5,2,0,7,2,0,0,0,1,0,0,"677889,875373","5342484,38647","11,394567193","48,21063639",0,4,#e78ac3,marker
209067,9,1,79,145,2019,5,19,5,3,6,4,0,0,1,1,0,0,0,"673815,033215","5337367,95188","11,337670162","48,165771783",0,2,#fc8d62,car
209068,9,1,79,123,2019,5,11,5,3,0,7,0,0,0,0,1,0,0,"675451,193112","5332251,78083","11,357547847","48,119331361",0,4,#e78ac3,marker
209069,9,1,88,120,2019,5,13,5,3,4,6,0,1,0,0,0,0,0,"676876,729878","5326661,43339","11,374369832","48,068683667",0,1,#66c2a5,bicycle
209071,9,1,74,122,2019,5,19,5,3,0,1,0,1,0,0,0,0,0,"686522,622865","5350416,97773","11,514153014","48,279457605",0,1,#66c2a5,bicycle
209072,9,1,77,135,2019,5,23,5,3,8,7,2,0,1,0,0,0,0,"717679,544405","5341677,92805","11,9291003","48,190994745",0,2,#fc8d62,car
209074,9,1,62,0,2019,5,22,4,3,4,2,2,1,1,0,0,0,0,"690152,668792","5334740,68069","11,556007061","48,137481364",0,1,#66c2a5,bicycle
209076,9,1,62,0,2019,5,17,4,3,1,5,0,0,1,0,0,0,0,"688296,293103","5339169,53506","11,533039331","48,177840551",0,2,#fc8d62,car
209078,9,1,62,0,2019,5,8,4,3,0,1,0,1,0,0,0,0,1,"689616,704278","5333453,17655","11,54823712","48,126069116",1,1,#66c2a5,bicycle
209079,9,1,62,0,2019,5,20,4,2,2,6,0,1,0,0,0,0,0,"689544,913082","5337269,03578","11,548971906","48,160387645",0,1,#66c2a5,bicycle
209081,9,1,62,0,2019,5,16,4,3,5,3,0,0,1,0,1,0,0,"690307,584388","5333204,33257","11,5574011","48,123626347",1,2,#fc8d62,car
209093,9,1,82,136,2019,5,15,4,3,5,3,0,0,1,0,0,0,0,"704463,826821","5302693,92664","11,7328953","47,845043505",1,2,#fc8d62,car
209094,9,1,87,150,2019,5,10,4,2,6,4,0,0,1,1,0,0,0,"729213,118337","5304217,24108","12,064042417","47,850384002",1,2,#fc8d62,car
209095,9,1,87,179,2019,5,23,4,3,8,1,2,0,1,0,0,0,0,"722643,486855","5308919,49022","11,978768792","47,894943782",1,2,#fc8d62,car
209098,9,1,85,158,2019,5,16,4,2,2,6,0,1,0,0,0,0,0,"667226,289514","5381445,04875","11,266652333","48,56377551",0,1,#66c2a5,bicycle
209099,9,1,85,158,2019,5,16,4,3,6,6,0,0,1,1,0,0,0,"667104,598283","5381041,98893","11,264842375","48,560184747",0,2,#fc8d62,car
209100,9,1,85,158,2019,5,6,4,3,5,3,0,1,1,0,0,0,0,"667654,725044","5381622,13573","11,272526119","48,565252954",0,1,#66c2a5,bicycle
209101,9,1,86,143,2019,5,17,4,2,6,4,0,0,1,1,0,0,0,"685290,798683","5378213,83905","11,50983557","48,529656109",0,2,#fc8d62,car
209102,9,1,88,139,2019,5,17,4,3,5,3,0,1,1,0,0,0,0,"675576,09439","5319161,66806","11,353851213","48,001623715",0,1,#66c2a5,bicycle
209103,9,1,88,120,2019,5,18,4,3,2,6,0,0,1,0,0,0,0,"677060,026124","5326857,84084","11,37690953","48,070398384",1,2,#fc8d62,car
209104,9,1,78,145,2019,5,13,4,3,0,1,0,1,0,0,0,0,0,"697820,224043","5355440,75448","11,66862158","48,321177624",0,1,#66c2a5,bicycle
209105,9,1,77,115,2019,5,14,4,3,6,7,0,0,1,1,0,0,0,"733298,445642","5350980,66675","12,144071712","48,269020361",1,2,#fc8d62,car
209106,9,1,62,0,2019,5,15,3,3,2,6,0,0,1,0,0,0,0,"691893,21704","5340927,83345","11,582170323","48,192567722",0,2,#fc8d62,car
209107,9,1,62,0,2019,5,11,3,3,6,2,0,0,1,1,0,0,0,"683373,706755","5335507,13202","11,465304302","48,146360342",1,2,#fc8d62,car
209108,9,1,62,0,2019,5,18,3,3,0,3,0,0,1,0,0,0,1,"692911,35724","5342443,26529","11,5965448","48,205879436",0,2,#fc8d62,car
209109,9,1,62,0,2019,5,9,3,3,5,3,0,0,1,0,0,0,0,"695493,763167","5336027,21746","11,6283147","48,147425747",1,2,#fc8d62,car
209110,9,1,62,0,2019,5,9,3,3,4,2,0,0,1,0,0,0,0,"699203,571228","5333037,44869","11,676737351","48,11940542",1,2,#fc8d62,car
209111,9,1,62,0,2019,5,14,3,3,5,3,0,0,1,0,0,0,0,"698030,252753","5328663,11589","11,658959394","48,080457852",1,2,#fc8d62,car
209112,9,1,62,0,2019,5,19,3,3,2,6,0,0,1,0,0,0,0,"695930,487588","5338561,54853","11,635346904","48,170068471",0,2,#fc8d62,car
209118,9,7,71,163,2019,5,15,3,2,5,3,0,1,1,0,0,0,0,"644165,978765","5343897,66881","10,941394126","48,231901645",0,1,#66c2a5,bicycle
209137,9,2,61,0,2019,5,10,3,3,5,3,0,0,1,0,0,1,0,"732339,078197","5382628,51861","12,148683559","48,553666099",1,2,#fc8d62,car
209141,9,1,63,0,2019,5,7,3,3,5,3,0,1,1,0,0,0,0,"732372,023279","5304279,64622","12,106239365","47,849810587",0,1,#66c2a5,bicycle
209142,9,1,87,177,2019,5,9,3,3,9,7,0,0,1,0,0,0,0,"740474,300386","5306236,26754","12,215461183","47,864407843",1,2,#fc8d62,car
209143,9,1,87,150,2019,5,11,3,3,4,6,0,0,1,0,0,0,0,"729469,450877","5304174,29521","12,067441134","47,849906705",1,2,#fc8d62,car
209147,9,1,79,121,2019,5,11,3,2,5,3,0,0,1,0,0,0,0,"666499,568482","5337765,81146","11,239518625","48,171306773",1,2,#fc8d62,car
209148,9,1,75,132,2019,5,7,3,3,0,7,0,1,0,0,0,0,0,"707488,344038","5331080,23525","11,786975702","48,099171728",1,1,#66c2a5,bicycle
209149,9,1,62,0,2019,5,0,2,2,5,3,2,0,1,0,0,0,0,"695476,331827","5331079,64843","11,625811596","48,102964714",0,2,#fc8d62,car
209153,9,1,62,0,2019,5,17,2,2,3,6,0,1,0,0,0,0,0,"690489,10121","5336678,10385","11,561391513","48,154794225",1,1,#66c2a5,bicycle
209155,9,1,62,0,2019,5,19,2,3,2,6,0,0,1,0,0,0,0,"693913,263586","5331192,26599","11,604888839","48,104454534",1,2,#fc8d62,car
209159,9,1,62,0,2019,5,22,2,3,5,3,2,0,1,0,0,0,0,"693418,003171","5336642,98653","11,60071695","48,1535946",1,2,#fc8d62,car
209163,9,1,62,0,2019,5,11,2,2,6,7,0,1,0,1,0,0,0,"690865,421836","5334198,47782","11,565334924","48,132394695",0,1,#66c2a5,bicycle
209166,9,1,62,0,2019,5,14,2,3,6,7,0,0,1,1,0,0,0,"690351,215502","5334615,54713","11,558617221","48,136297305",1,2,#fc8d62,car
209169,9,1,62,0,2019,5,22,2,3,0,4,2,0,1,1,0,0,0,"690543,5","5336945,882","11,562242131","48,157184702",1,2,#fc8d62,car
209170,9,1,87,186,2019,5,15,6,3,0,6,0,0,1,0,1,0,0,"732196,438347","5331096,0351","12,118379986","48,090791276",0,2,#fc8d62,car
209171,9,1,62,0,2019,5,17,2,3,4,2,0,0,1,0,1,0,0,"687406,692897","5339596,6216","11,52127246","48,181942265",1,2,#fc8d62,car
209173,9,1,62,0,2019,5,18,2,3,1,1,0,0,1,0,0,0,0,"692218,749341","5330857,85213","11,581999416","48,101962374",1,2,#fc8d62,car
209176,9,1,86,143,2019,5,15,6,2,9,1,0,1,0,0,0,0,0,"687942,483742","5379251,63482","11,546184932","48,538194908",0,1,#66c2a5,bicycle
209177,9,1,62,0,2019,5,21,2,3,5,2,2,1,1,0,0,0,0,"690376,299247","5333491,26424","11,558451709","48,126184748",1,1,#66c2a5,bicycle
209179,9,1,81,130,2019,5,15,6,3,6,4,0,0,1,1,0,0,0,"640929,621705","5323633,15627","10,891130021","48,050409789",0,2,#fc8d62,car
209180,9,1,62,0,2019,5,19,2,3,6,4,1,0,1,1,0,0,0,"691846,339025","5335759,04471","11,579208114","48,146125915",1,2,#fc8d62,car
209181,9,1,81,130,2019,5,14,6,3,2,1,0,0,0,0,1,0,1,"638912,889986","5322546,42376","10,863729811","48,041079667",0,4,#e78ac3,marker
209183,9,1,79,123,2019,5,13,6,3,2,6,0,0,1,0,0,0,0,"676203,453994","5333021,18738","11,36796513","48,126040061",0,2,#fc8d62,car
209184,9,7,62,0,2019,5,13,2,3,1,6,0,0,1,0,0,0,0,"622061,972776","5305257,55713","10,632841677","47,889035518",0,2,#fc8d62,car
209185,9,7,62,0,2019,5,7,2,3,0,1,0,1,0,0,0,0,0,"622167,211741","5305315,51508","10,634265285","47,88953675",0,1,#66c2a5,bicycle
209186,9,1,79,121,2019,5,9,6,3,1,6,0,0,1,0,0,0,0,"667504,438793","5337918,40743","11,253084046","48,172414563",1,2,#fc8d62,car
209188,9,1,62,0,2019,5,14,5,3,2,6,0,1,1,0,0,0,0,"693627,567","5329237,339","11,600168452","48,086971017",0,1,#66c2a5,bicycle
209190,9,1,62,0,2019,5,15,5,3,4,2,0,0,1,0,1,0,0,"691387,734728","5336288,51394","11,57328708","48,15102285",0,2,#fc8d62,car
209192,9,1,62,0,2019,5,13,5,3,5,2,0,0,1,0,1,0,0,"694713,198099","5341439,59237","11,62031058","48,196308897",0,2,#fc8d62,car
209193,9,1,62,0,2019,5,17,5,2,6,4,0,1,0,1,0,0,0,"686254,306602","5331899,01919","11,502416412","48,113092368",0,1,#66c2a5,bicycle
209194,9,7,72,200,2019,5,20,2,3,5,3,0,1,1,0,0,0,0,"630654,822096","5337696,66602","10,757631804","48,179066084",0,1,#66c2a5,bicycle
209195,9,1,62,0,2019,5,16,5,3,0,7,0,0,0,0,0,0,1,"691076,051784","5331716,94169","11,567050746","48,110027568",0,6,#ffd92f,circle
209196,9,1,62,0,2019,5,16,5,3,3,2,0,1,1,0,0,0,0,"689064,015579","5333341,06915","11,540767456","48,125225861",0,1,#66c2a5,bicycle
209197,9,7,61,0,2019,5,12,2,3,3,6,0,0,1,0,1,0,0,"639255,520733","5358862,82009","10,880242386","48,367563736",0,2,#fc8d62,car
209198,9,1,62,0,2019,5,10,5,3,5,3,0,0,1,0,0,0,0,"689086,225141","5337256,95149","11,542804477","48,160415599",0,2,#fc8d62,car
209199,9,7,61,0,2019,5,16,2,2,3,2,0,1,1,0,0,0,0,"642694,459081","5359853,18854","10,926984399","48,375700567",0,1,#66c2a5,bicycle
209200,9,1,62,0,2019,5,19,5,2,0,1,0,1,0,0,0,0,0,"687456,924662","5335550,19535","11,520164187","48,145557318",0,1,#66c2a5,bicycle
209201,9,7,61,0,2019,5,12,2,3,0,1,0,0,1,0,0,0,1,"641034,809232","5358632,06903","10,904175438","48,365093844",0,2,#fc8d62,car
209202,9,7,61,0,2019,5,18,2,3,2,6,0,0,1,0,0,0,0,"639954,842883","5359160,73772","10,889778524","48,370087849",0,2,#fc8d62,car
209203,9,7,61,0,2019,5,11,2,3,0,1,0,1,0,0,0,0,0,"641333,131","5359222,115","10,908399181","48,370332585",0,1,#66c2a5,bicycle
209204,9,7,71,113,2019,5,12,2,3,5,3,0,0,1,0,1,0,0,"657265,969","5368783,539","11,126975342","48,452524329",0,2,#fc8d62,car
209205,9,1,62,0,2019,5,11,5,2,0,7,0,0,0,0,1,0,0,"689706,009278","5336855,80588","11,550951822","48,156625488",0,4,#e78ac3,marker
209206,9,1,62,0,2019,5,18,5,3,6,4,0,1,0,1,0,0,0,"686357,045725","5336739,35046","11,50591283","48,156568989",0,1,#66c2a5,bicycle
209208,9,1,62,0,2019,5,13,5,3,5,3,0,1,1,0,0,0,0,"696291,66","5333070,274","11,637667858","48,120604734",0,1,#66c2a5,bicycle
209209,9,1,62,0,2019,5,20,5,3,5,3,0,1,1,0,0,0,0,"688650,264","5335983,317","11,536383077","48,149097521",0,1,#66c2a5,bicycle
209211,9,1,62,0,2019,5,22,5,3,2,6,2,0,1,0,0,0,0,"692541,202005","5334574,95922","11,58800474","48,135273695",0,2,#fc8d62,car
209223,9,7,77,158,2019,5,17,5,3,0,1,0,1,0,0,0,0,0,"620959,68653","5308274,88052","10,618948477","47,916381259",0,1,#66c2a5,bicycle
209230,9,7,72,177,2019,5,16,5,3,4,6,0,1,0,0,0,0,0,"636829,239105","5381460,77793","10,854893668","48,571289509",0,1,#66c2a5,bicycle
209232,9,7,61,0,2019,5,16,5,3,0,1,0,1,0,0,0,0,0,"640504,143073","5358236,99483","10,896882807","48,361659805",0,1,#66c2a5,bicycle
209234,9,7,71,112,2019,5,14,5,2,0,1,0,1,0,0,0,0,0,"645769,177108","5369038,67967","10,971673119","48,457586438",0,1,#66c2a5,bicycle
209280,9,1,86,143,2019,5,22,5,3,8,6,2,0,1,0,0,0,0,"678785,826199","5379534,14405","11,422373139","48,543409994",0,2,#fc8d62,car
209282,9,1,79,140,2019,5,19,5,2,7,1,0,1,0,0,0,0,0,"660241,342938","5345262,39625","11,15823589","48,240313396",0,1,#66c2a5,bicycle
209283,9,1,74,113,2019,5,17,5,3,0,1,0,1,0,0,0,0,0,"674172,961551","5345435,98578","11,345790706","48,238200043",0,1,#66c2a5,bicycle
209284,9,1,74,113,2019,5,16,5,3,0,1,0,1,0,0,0,0,0,"678030,068144","5346080,74883","11,397963153","48,242924593",0,1,#66c2a5,bicycle
209285,9,1,75,127,2019,5,3,5,3,8,4,2,0,1,1,0,0,0,"712774,016158","5341829,47971","11,863253865","48,194018678",0,2,#fc8d62,car
209286,9,1,62,0,2019,5,18,4,3,8,1,0,0,1,0,0,0,0,"697920,848193","5330962,29268","11,65855766","48,101155331",0,2,#fc8d62,car
209287,9,1,62,0,2019,5,11,4,3,6,4,0,0,0,1,0,0,1,"692057,321414","5332433,58827","11,580542691","48,116173585",0,3,#8da0cb,toilet
209288,9,1,62,0,2019,5,17,4,3,0,1,0,1,0,0,0,0,0,"691592,194326","5334220,09861","11,57510265","48,132370661",0,1,#66c2a5,bicycle
209289,9,1,62,0,2019,5,19,4,3,5,3,1,0,1,0,0,0,0,"698750,915827","5334063,73942","11,671140311","48,12877035",0,2,#fc8d62,car
209290,9,1,62,0,2019,5,12,4,3,3,2,0,0,1,0,0,0,1,"686219,985383","5334852,86797","11,503246383","48,139652766",0,2,#fc8d62,car
209291,9,1,62,0,2019,5,18,4,3,5,3,0,0,1,0,1,0,1,"687419,952344","5339468,87226","11,52139432","48,18079012",0,2,#fc8d62,car
209293,9,1,62,0,2019,5,22,4,3,5,3,2,1,1,0,0,0,0,"690205,406741","5336155,49456","11,557347228","48,150181937",0,1,#66c2a5,bicycle
209295,9,1,62,0,2019,5,10,4,3,6,7,0,0,1,1,0,0,0,"688603,000081","5334149,84226","11,53493627","48,132631996",0,2,#fc8d62,car
209305,9,7,62,0,2019,5,11,4,3,5,3,0,0,1,0,0,0,0,"621948,168244","5306792,99151","10,63175387","47,902866387",0,2,#fc8d62,car
209307,9,7,72,177,2019,5,14,4,3,5,3,0,1,1,0,0,0,0,"636841,990529","5378767,89265","10,854181004","48,547073406",0,1,#66c2a5,bicycle
209308,9,7,71,142,2019,5,7,4,3,3,2,0,1,1,0,0,0,0,"647059,765765","5351810,27965","10,983090571","48,30238251",0,1,#66c2a5,bicycle
209310,9,7,61,0,2019,5,15,4,3,5,3,0,1,1,0,0,0,0,"640933,02632","5357912,9805","10,902561119","48,358650783",0,1,#66c2a5,bicycle
209312,9,7,61,0,2019,5,14,4,3,2,2,0,1,0,0,1,0,0,"640391,733547","5358530,20392","10,895463933","48,364321257",0,1,#66c2a5,bicycle
209321,9,2,61,0,2019,5,11,2,3,5,3,0,1,1,0,0,0,0,"731661,922759","5382135,07473","12,139246575","48,549484044",0,1,#66c2a5,bicycle
209323,9,2,61,0,2019,5,8,2,3,6,7,0,0,1,1,0,0,0,"732817,653363","5380692,59364","12,154077206","48,536098858",0,2,#fc8d62,car
209327,9,1,73,147,2019,5,15,2,3,5,3,0,0,1,0,0,0,0,"681669,613296","5308971,28223","11,431165205","47,908318602",1,2,#fc8d62,car
209329,9,1,63,0,2019,5,13,2,3,8,1,0,1,0,0,0,0,0,"733650,226533","5304772,59389","12,123565801","47,853775958",0,1,#66c2a5,bicycle
209333,9,1,87,122,2019,5,18,2,3,0,3,0,1,1,0,0,0,0,"720423,422551","5305990,23835","11,947612391","47,869389435",1,1,#66c2a5,bicycle
209338,9,1,79,118,2019,5,13,2,3,6,7,0,0,1,1,0,0,0,"672349,453115","5337976,62719","11,318222837","48,171642539",0,2,#fc8d62,car
209340,9,1,79,123,2019,5,15,2,3,1,1,0,0,1,0,0,0,0,"675466,812708","5331760,35596","11,357555318","48,114909454",0,2,#fc8d62,car
209343,9,1,74,126,2019,5,14,2,3,2,6,0,0,1,0,0,0,0,"682861,855929","5343119,92124","11,461705507","48,214936",0,2,#fc8d62,car
209344,9,2,61,0,2019,6,15,2,2,0,1,0,1,0,0,0,0,0,"732361,542011","5381436,4669","12,148322555","48,542949903",0,1,#66c2a5,bicycle
209345,9,1,90,159,2019,6,10,2,2,5,3,0,0,1,0,0,0,0,"661777,164502","5304402,30232","11,163453793","47,872565343",0,2,#fc8d62,car
209351,9,1,63,0,2019,6,11,2,2,5,3,0,1,1,0,0,0,0,"730704,524235","5304067,93494","12,083869658","47,848509079",0,1,#66c2a5,bicycle
209353,9,1,82,125,2019,6,16,2,3,6,4,0,0,1,1,0,0,0,"712005,257868","5296796,33912","11,830685689","47,789602502",0,2,#fc8d62,car
209355,9,1,87,137,2019,6,18,2,3,4,6,0,0,1,0,0,0,0,"728999,960297","5306809,27696","12,062569863","47,873748227",0,2,#fc8d62,car
209357,9,1,85,158,2019,6,14,2,3,0,1,0,1,0,0,0,0,0,"668774,134068","5381298,01554","11,287555459","48,562039023",0,1,#66c2a5,bicycle
209359,9,1,79,142,2019,6,22,2,2,9,1,2,1,0,0,0,0,0,"677915,794495","5341727,82026","11,394598542","48,203828357",1,1,#66c2a5,bicycle
209360,9,1,79,142,2019,6,17,2,3,5,3,0,1,1,0,0,0,0,"673827,949636","5342407,55087","11,339906205","48,211071152",0,1,#66c2a5,bicycle
209361,9,1,79,142,2019,6,17,2,3,0,1,0,0,0,0,1,0,0,"671862,230133","5341716,44764","11,313188136","48,205393794",0,4,#e78ac3,marker
209362,9,1,79,142,2019,6,15,2,2,8,7,0,0,0,0,1,0,0,"678363,393905","5342048,90532","11,400752331","48,206588983",0,4,#e78ac3,marker
209363,9,1,79,142,2019,6,10,2,3,5,2,0,1,1,0,0,0,0,"673004,335","5342018,5587","11,328670394","48,207799374",0,1,#66c2a5,bicycle
209364,9,1,88,126,2019,6,14,2,3,0,3,0,0,0,1,0,0,1,"660200,333488","5327171,66954","11,150871328","48,077677816",0,3,#8da0cb,toilet
209365,9,1,88,132,2019,6,16,2,3,6,4,0,0,1,1,0,0,0,"664746,711402","5322386,14627","11,210022328","48,033495653",0,2,#fc8d62,car
209366,9,1,88,124,2019,6,11,2,3,6,6,0,1,0,1,0,0,0,"661933,563811","5318274,12583","11,170760145","47,99724527",0,1,#66c2a5,bicycle
209367,9,1,79,121,2019,6,22,2,3,1,5,2,0,1,0,0,0,1,"667053,293504","5338961,69512","11,247430675","48,181912444",0,2,#fc8d62,car
209368,9,1,74,115,2019,6,15,2,3,0,6,0,0,1,0,1,0,0,"682839,703479","5348517,01983","11,463737253","48,263454157",0,2,#fc8d62,car
209369,9,1,77,117,2019,6,7,2,2,6,4,0,0,1,1,0,0,0,"714919,439","5355081,434","11,898814588","48,31236899",0,2,#fc8d62,car
209370,9,1,62,0,2019,6,1,1,3,0,7,2,1,0,0,0,0,0,"689847,631626","5335985,9692","11,552466223","48,148765126",0,1,#66c2a5,bicycle
209371,9,1,62,0,2019,6,18,1,3,4,6,0,1,0,0,0,0,0,"689648,090474","5332834,45028","11,548383213","48,120498604",0,1,#66c2a5,bicycle
209372,9,1,62,0,2019,6,16,1,3,4,2,0,1,1,0,0,0,0,"686198,716179","5335671,60356","11,50331878","48,147018085",0,1,#66c2a5,bicycle
209373,9,1,62,0,2019,6,18,1,3,5,3,0,1,1,0,0,0,0,"684846,205","5330876,217","11,483073207","48,10430909",0,1,#66c2a5,bicycle
209374,9,1,62,0,2019,6,2,1,2,2,7,2,0,1,0,1,0,0,"690452,505762","5340154,33509","11,562457065","48,186049261",0,2,#fc8d62,car
209375,9,1,62,0,2019,6,16,1,3,3,6,0,0,1,0,0,0,0,"688450,525238","5339014,42278","11,535043244","48,176400668",0,2,#fc8d62,car
209376,9,1,62,0,2019,6,20,1,3,5,3,0,1,1,0,0,0,0,"686216,436961","5333070,2775","11,502419648","48,123631193",0,1,#66c2a5,bicycle
209377,9,1,62,0,2019,6,13,1,3,5,5,0,0,1,0,1,0,0,"694583,92452","5332770,91859","11,614608443","48,118438408",0,2,#fc8d62,car
209378,9,1,62,0,2019,6,2,1,3,0,7,2,1,0,0,0,0,0,"686204,452711","5334787,76939","11,503009332","48,139072182",0,1,#66c2a5,bicycle
209379,9,1,62,0,2019,6,11,1,3,0,1,0,1,1,0,0,0,0,"690440,411392","5330191,87655","11,557839355","48,096510573",0,1,#66c2a5,bicycle
209380,9,1,62,0,2019,6,14,1,3,5,2,0,0,1,0,1,0,0,"688015,640053","5335821,01151","11,527787567","48,147826587",0,2,#fc8d62,car
209381,9,1,62,0,2019,6,14,1,3,8,1,0,1,1,0,0,0,0,"678241,833843","5335780,48266","11,396488577","48,150276158",0,1,#66c2a5,bicycle
209382,9,1,62,0,2019,6,14,1,2,0,7,0,1,0,0,0,0,0,"679227,500437","5335774,6209","11,40972642","48,149946489",0,1,#66c2a5,bicycle
209383,9,1,84,114,2019,6,15,1,2,5,3,0,1,0,0,0,0,0,"701567,44481","5318313,6542","11,701529327","47,986337834",0,1,#66c2a5,bicycle
209384,9,1,62,0,2019,6,12,1,2,6,4,0,1,0,1,0,0,0,"692506,196024","5337587,10417","11,588896887","48,16235673",0,1,#66c2a5,bicycle
209387,9,7,78,116,2019,6,18,1,2,5,3,0,1,0,0,0,0,0,"619349,424432","5319214,10977","10,600442363","48,015067531",0,1,#66c2a5,bicycle
209395,9,7,71,146,2019,6,16,1,3,6,3,0,0,1,1,0,0,0,"647127,774766","5347057,4676","10,982352306","48,259632504",0,2,#fc8d62,car