OBJECTID,ULAND,UREGBEZ,UKREIS,UGEMEINDE,UJAHR,UMONAT,USTUNDE,UWOCHENTAG,UKATEGORIE,UART,UTYP1,ULICHTVERH,IstRad,IstPKW,IstFuss,IstKrad,IstGkfz,IstSonstig,LINREFX,LINREFY,XGCSWGS84,YGCSWGS84,STRZUSTAND,Teilnehmer,color,symbol
209396,9,7,61,0,2019,6,17,1,3,5,3,0,1,1,0,0,0,0,"638368,542984","5359240,97729","10,86839739","48,371159126",0,1,#66c2a5,bicycle
209397,9,7,61,0,2019,6,19,1,3,5,3,0,0,1,0,0,0,0,"638297,344086","5362490,63833","10,868506177","48,400395013",0,2,#fc8d62,car
209398,9,7,61,0,2019,6,19,1,3,5,3,0,0,1,0,0,0,0,"643786,446898","5356465,4061","10,940564375","48,344991603",0,2,#fc8d62,car
209399,9,7,61,0,2019,6,14,1,2,0,7,0,0,1,1,0,0,0,"642070,095581","5362798,77632","10,919553944","48,402326771",0,2,#fc8d62,car
209400,9,7,61,0,2019,6,16,1,3,0,1,0,1,0,0,0,0,0,"641458,013329","5355812,92404","10,908938598","48,339650435",0,1,#66c2a5,bicycle
209431,9,1,90,159,2019,6,0,1,3,9,7,2,0,1,0,0,0,0,"661716,076024","5303122,14778","11,162158487","47,861070883",0,2,#fc8d62,car
209435,9,1,73,141,2019,6,12,1,3,8,1,0,1,0,0,0,0,0,"697193,66937","5299513,10675","11,634381133","47,818725678",0,1,#66c2a5,bicycle
209442,9,1,88,137,2019,6,13,1,2,0,1,0,1,0,0,0,0,0,"671461,048059","5314907,93049","11,297031477","47,964499591",0,1,#66c2a5,bicycle
209443,9,1,79,142,2019,6,15,1,3,0,1,0,1,0,0,0,0,0,"677715,625306","5341650,70998","11,39187458","48,203191276",0,1,#66c2a5,bicycle
209444,9,1,79,142,2019,6,16,1,2,0,1,0,1,0,0,0,0,0,"672868,896314","5341979,08892","11,326832844","48,207481462",0,1,#66c2a5,bicycle
209445,9,1,81,114,2019,6,19,1,1,0,1,0,0,0,0,1,0,0,"654741,371","5311762,144","11,072069474","47,940474882",0,4,#e78ac3,marker
209446,9,1,81,141,2019,6,12,1,3,2,1,0,1,0,0,0,0,0,"643134,400235","5321127,55419","10,919861206","48,027388583",0,1,#66c2a5,bicycle
209447,9,1,88,127,2019,6,11,1,3,5,3,0,1,1,0,0,0,0,"674583,059305","5328299,30287","11,344275904","48,084039255",0,1,#66c2a5,bicycle
209448,9,1,81,114,2019,6,16,1,2,0,7,0,1,0,0,0,0,0,"655912,596828","5318778,25892","11,090287445","48,003274533",0,1,#66c2a5,bicycle
209449,9,1,81,144,2019,6,15,1,2,0,1,0,1,0,0,0,0,0,"656240,807017","5320591,94405","11,095345437","48,019501513",0,1,#66c2a5,bicycle
209450,9,1,81,123,2019,6,1,1,2,0,1,2,0,1,0,0,0,0,"655913,207186","5326396,91314","11,093069499","48,07177466",0,2,#fc8d62,car
209451,9,1,62,0,2019,6,19,7,3,6,4,0,0,1,1,0,0,0,"694683,176096","5330914,77304","11,61509354","48,101725725",0,2,#fc8d62,car
209452,9,1,62,0,2019,6,10,7,3,5,2,0,1,1,0,0,0,0,"687434,401775","5339175,48112","11,521459114","48,178148805",0,1,#66c2a5,bicycle
209453,9,1,62,0,2019,6,15,7,3,5,3,0,1,1,0,0,0,0,"693601,810352","5333680,85937","11,60183925","48,12691604",0,1,#66c2a5,bicycle
209454,9,1,62,0,2019,6,20,7,3,4,2,0,1,1,0,0,0,0,"696986,065805","5331597,6084","11,646308454","48,107154856",0,1,#66c2a5,bicycle
209455,9,1,62,0,2019,6,22,7,2,5,3,2,0,1,0,1,0,0,"691227,040578","5340155,41528","11,572867704","48,185826299",0,2,#fc8d62,car
209456,9,1,62,0,2019,6,19,7,3,5,3,0,0,1,0,1,0,0,"687312,953386","5332470,32078","11,51687659","48,117916935",0,2,#fc8d62,car
209457,9,1,62,0,2019,6,15,7,3,5,2,0,1,1,0,0,0,0,"696960,221981","5331216,65275","11,645785807","48,10373904",0,1,#66c2a5,bicycle
209458,9,1,62,0,2019,6,9,7,3,5,3,0,0,1,0,0,0,0,"699074,318761","5329071,94702","11,673152829","48,083807017",0,2,#fc8d62,car
209459,9,1,62,0,2019,6,9,7,3,7,7,0,1,0,0,0,0,1,"694570,45981","5340711,11306","11,61805802","48,189805453",0,1,#66c2a5,bicycle
209460,9,1,62,0,2019,6,15,7,3,2,6,0,0,1,0,0,0,0,"682759,008966","5337540,43792","11,457921417","48,164813926",0,2,#fc8d62,car
209461,9,1,62,0,2019,6,17,7,3,5,3,0,1,1,0,0,0,0,"685792,440839","5339525,78498","11,499545715","48,181779655",0,1,#66c2a5,bicycle
209462,9,1,88,120,2019,6,11,7,3,5,3,0,1,1,0,0,0,0,"679042,797","5328550,993","11,404212137","48,085064868",0,1,#66c2a5,bicycle
209463,9,1,62,0,2019,6,17,7,3,5,3,0,1,1,0,0,0,0,"690137,390132","5336672,65388","11,556664721","48,15485049",0,1,#66c2a5,bicycle
209464,9,1,62,0,2019,6,21,7,3,5,3,2,0,1,0,0,0,0,"687420,230454","5328140,24142","11,51641535","48,078965152",0,2,#fc8d62,car
209465,9,1,84,121,2019,6,14,7,3,6,4,0,0,0,1,0,0,1,"705744,436707","5330570,2812","11,763334198","48,095154439",0,3,#8da0cb,toilet
209466,9,1,84,139,2019,6,19,7,2,0,7,0,1,0,0,0,0,0,"687407,139568","5325686,79876","11,515164364","48,056916482",0,1,#66c2a5,bicycle
209467,9,1,62,0,2019,6,10,7,3,0,6,0,1,1,0,0,0,0,"687050,058486","5328741,21353","11,511713271","48,084475627",0,1,#66c2a5,bicycle
209468,9,1,84,148,2019,6,0,7,3,7,7,2,0,0,0,1,0,1,"693958,265753","5327794,40436","11,603949549","48,073901742",0,4,#e78ac3,marker
209469,9,1,62,0,2019,6,14,7,3,1,5,0,0,1,0,1,0,0,"701893,448608","5335270,54575","11,713897939","48,138626863",0,2,#fc8d62,car
209470,9,1,62,0,2019,6,13,7,2,0,4,0,1,0,1,0,0,0,"693088,309426","5331864,11018","11,594122872","48,110743485",0,1,#66c2a5,bicycle
209471,9,1,62,0,2019,6,14,7,3,6,4,0,1,0,1,0,0,0,"690171,59624","5333537,99116","11,555724411","48,126665914",0,1,#66c2a5,bicycle
209483,9,7,62,0,2019,6,21,7,3,5,4,1,0,1,1,0,0,0,"620370,45364","5303091,66917","10,609619618","47,869875398",0,2,#fc8d62,car
209486,9,7,77,121,2019,6,18,7,3,6,7,0,1,0,1,0,0,0,"629063,740976","5322238,47205","10,731560425","48,040377465",0,1,#66c2a5,bicycle
209487,9,7,72,168,2019,6,8,7,3,5,3,0,0,1,0,1,0,0,"618996,258","5345900,102","10,603164131","48,255132929",0,2,#fc8d62,car
209488,9,7,61,0,2019,6,12,7,3,3,2,0,1,1,0,0,0,0,"638033,037517","5359378,91018","10,86391482","48,372472866",0,1,#66c2a5,bicycle
209489,9,7,61,0,2019,6,19,7,3,8,1,0,0,1,0,0,0,0,"641132,705105","5363558,49289","10,907151361","48,40936836",0,2,#fc8d62,car
209490,9,7,61,0,2019,6,17,7,3,1,1,0,1,1,0,0,0,0,"638536,556672","5354820,63135","10,869210063","48,331375234",0,1,#66c2a5,bicycle
209491,9,7,61,0,2019,6,13,7,3,2,6,0,0,1,0,0,0,0,"639722,494757","5358808,0596","10,886525777","48,366968146",0,2,#fc8d62,car
209519,9,1,90,159,2019,6,13,7,3,2,6,0,0,1,0,0,0,0,"661550,216247","5304176,59491","11,160336652","47,870593141",0,2,#fc8d62,car
209522,9,1,63,0,2019,6,11,7,3,6,7,0,1,0,1,0,0,0,"733995,83722","5304413,63933","12,127984873","47,850425389",0,1,#66c2a5,bicycle
209523,9,1,63,0,2019,6,23,7,3,0,1,2,1,0,0,0,0,0,"734323,798914","5302122,00219","12,131121914","47,829717899",0,1,#66c2a5,bicycle
209526,9,1,87,137,2019,6,11,7,3,5,3,0,0,1,0,0,0,0,"730215,984194","5310021,40275","12,080520798","47,902172414",0,2,#fc8d62,car
209528,9,1,88,139,2019,6,13,7,3,5,3,0,0,1,0,1,0,0,"674129,655012","5319955,81207","11,334798689","48,009158414",0,2,#fc8d62,car
209529,9,1,88,139,2019,6,13,7,3,0,1,0,1,0,0,0,0,0,"676754,463034","5322304,02278","11,370930404","48,029547088",0,1,#66c2a5,bicycle
209530,9,1,81,130,2019,6,16,7,3,5,3,0,1,1,0,0,0,0,"639782,633405","5324127,31908","10,875908651","48,055105687",0,1,#66c2a5,bicycle
209531,9,1,88,117,2019,6,11,7,3,0,1,0,1,0,0,0,0,0,"663011,186461","5315857,75475","11,184277859","47,975246686",0,1,#66c2a5,bicycle
209532,9,1,81,144,2019,6,12,7,3,0,7,0,1,0,0,0,0,0,"655950,252917","5320799,68723","11,091527093","48,02144035",0,1,#66c2a5,bicycle
209533,9,1,74,126,2019,6,21,7,3,0,1,1,1,0,0,0,0,0,"683001,957035","5344996,37607","11,464399749","48,231762143",0,1,#66c2a5,bicycle
209534,9,1,74,126,2019,6,17,7,3,0,1,0,1,0,0,0,0,0,"683408,293775","5345105,29702","11,469913563","48,232623803",0,1,#66c2a5,bicycle
209536,9,1,74,146,2019,6,16,7,3,5,3,0,1,1,0,0,0,0,"667338,701428","5348760,07772","11,255135601","48,269923489",0,1,#66c2a5,bicycle
209537,9,1,74,113,2019,6,13,7,3,5,3,0,1,0,0,0,0,1,"672612,789151","5349301,99393","11,326373013","48,273379633",0,1,#66c2a5,bicycle
209539,9,1,62,0,2019,5,0,6,3,5,3,2,0,1,0,0,0,0,"690142,105134","5334925,58723","11,555947758","48,139146462",0,2,#fc8d62,car
209541,9,1,62,0,2019,5,21,6,3,1,6,1,0,1,0,0,0,0,"689787,336717","5342146,7883","11,554407312","48,20415636",0,2,#fc8d62,car
209543,9,1,62,0,2019,5,11,6,3,4,2,0,0,1,0,1,0,0,"692279,791647","5334895,92019","11,584639636","48,138237465",0,2,#fc8d62,car
209544,9,1,84,148,2019,5,11,6,2,5,2,0,1,1,0,0,0,0,"694770,731372","5326954,44717","11,614462733","48,06610486",0,1,#66c2a5,bicycle
209545,9,1,62,0,2019,5,13,6,3,5,3,0,0,1,0,0,0,0,"691702,395686","5332891,16783","11,575984524","48,120393204",0,2,#fc8d62,car
209546,9,1,62,0,2019,5,20,6,2,8,7,0,0,1,0,0,0,0,"680958,795","5337389,47","11,433668924","48,163971881",0,2,#fc8d62,car
209547,9,1,62,0,2019,5,23,6,3,5,3,2,1,1,0,0,0,0,"691169,532004","5342222,71277","11,573025511","48,204424065",0,1,#66c2a5,bicycle
209548,9,1,62,0,2019,5,11,6,3,5,2,0,0,1,0,0,0,0,"689326,43084","5335415,68469","11,545212352","48,14379471",0,2,#fc8d62,car
209549,9,1,62,0,2019,5,20,6,3,3,6,1,0,1,0,0,0,1,"691773,505","5332187,292","11,576622492","48,11404543",0,2,#fc8d62,car
209550,9,1,62,0,2019,5,12,6,3,3,6,0,0,1,0,1,0,0,"693644,976057","5332494,3546","11,601879798","48,116238955",0,2,#fc8d62,car
209551,9,1,62,0,2019,5,6,6,3,6,4,0,0,1,1,0,0,0,"690398,909034","5335184,61647","11,559512028","48,141397822",0,2,#fc8d62,car
209552,9,1,62,0,2019,5,7,6,3,5,3,0,1,1,0,0,0,0,"689806,736276","5332118,11487","11,550193958","48,114012853",0,1,#66c2a5,bicycle
209561,9,7,72,163,2019,5,15,6,3,1,7,0,0,1,0,0,0,0,"640144,585719","5349853,62783","10,889244445","48,286358388",0,2,#fc8d62,car
209563,9,7,61,0,2019,5,15,6,3,0,7,0,1,0,0,0,0,0,"638455,682591","5360415,23","10,869960151","48,381698659",0,1,#66c2a5,bicycle
209565,9,7,61,0,2019,5,18,6,3,0,1,0,0,0,0,1,0,0,"639143,019259","5362950,60567","10,880078003","48,40434483",0,4,#e78ac3,marker
209566,9,7,61,0,2019,5,13,6,2,6,4,0,0,0,1,0,0,1,"639289,103462","5361504,884","10,881571162","48,391313067",0,3,#8da0cb,toilet
209568,9,7,71,113,2019,5,16,6,3,5,3,0,0,1,0,0,0,0,"656392,598537","5367463,317","11,114678623","48,440872716",0,2,#fc8d62,car
209606,9,7,62,0,2019,6,15,4,3,2,6,0,0,1,0,0,0,0,"622395,860043","5306286,75306","10,637598149","47,898228183",0,2,#fc8d62,car
209609,9,7,71,146,2019,6,16,4,3,5,2,0,0,1,0,1,0,0,"647297,632015","5347427,58149","10,984768355","48,262920869",0,2,#fc8d62,car
209610,9,7,71,146,2019,6,21,4,3,0,1,2,1,0,0,0,0,0,"647079,476152","5348196,54728","10,982098063","48,269885618",0,1,#66c2a5,bicycle
209611,9,7,72,125,2019,6,7,4,2,5,3,0,0,1,0,1,0,0,"636071,494731","5348195,35453","10,833832126","48,272335697",0,2,#fc8d62,car
209612,9,7,72,163,2019,6,16,4,3,1,1,0,0,1,0,0,0,0,"640664,384881","5350127,73032","10,896338987","48,288707763",0,2,#fc8d62,car
209613,9,7,61,0,2019,6,10,4,3,1,5,0,0,1,0,0,0,0,"639283,294015","5361351,05751","10,881441721","48,389931186",0,2,#fc8d62,car
209614,9,7,61,0,2019,6,17,4,3,2,6,0,0,1,0,0,0,0,"641711,891","5359947,472","10,913755043","48,376769755",0,2,#fc8d62,car
209615,9,7,61,0,2019,6,17,4,3,6,4,0,0,1,1,0,0,0,"641779,385056","5361986,42995","10,915354032","48,395087984",0,2,#fc8d62,car
209616,9,7,61,0,2019,6,14,4,3,2,2,0,0,1,0,1,0,0,"638364,604508","5355489,7649","10,867111014","48,337429672",0,2,#fc8d62,car
209617,9,7,61,0,2019,6,14,4,3,5,1,0,1,1,0,0,0,0,"639828,244405","5357798,47417","10,887617234","48,35786681",0,1,#66c2a5,bicycle
209618,9,7,61,0,2019,6,22,4,3,5,3,2,1,1,0,0,0,0,"640581,053628","5359069,2297","10,8981987","48,369125865",0,1,#66c2a5,bicycle
209619,9,7,71,149,2019,6,19,4,3,5,3,0,0,1,0,0,0,0,"652542,86074","5365127,56022","11,061809427","48,420817222",0,2,#fc8d62,car
209656,9,1,90,111,2019,6,12,4,2,5,3,0,0,1,0,1,0,0,"640901,234","5299664,175","10,882902923","47,834877562",0,2,#fc8d62,car
209661,9,1,83,119,2019,6,15,4,3,2,1,0,0,1,0,1,0,0,"736881,600606","5338878,59267","12,185526066","48,158979034",0,2,#fc8d62,car
209663,9,1,63,0,2019,6,15,4,3,5,3,0,1,0,0,0,0,1,"731867,774984","5304586,76002","12,099673598","47,852751842",0,1,#66c2a5,bicycle
209664,9,1,63,0,2019,6,8,4,3,4,6,0,1,0,0,0,0,0,"733989,714601","5303803,74018","12,127573397","47,84494828",0,1,#66c2a5,bicycle
209668,9,1,88,118,2019,6,21,4,3,5,3,1,0,1,0,1,0,0,"671347,3701","5312339,19918","11,294486744","47,941437044",0,2,#fc8d62,car
209669,9,1,79,118,2019,6,17,4,3,6,4,0,0,1,1,0,0,0,"672454,484","5337002,546","11,319239334","48,162857503",0,2,#fc8d62,car
209670,9,1,79,123,2019,6,13,4,3,6,7,0,0,1,0,0,0,1,"676404,756922","5334064,84187","11,371100088","48,135366001",0,2,#fc8d62,car
209671,9,1,79,121,2019,6,21,4,2,0,7,2,1,0,0,0,0,0,"666906,982199","5337749,94619","11,244987995","48,171057283",0,1,#66c2a5,bicycle
209672,9,1,81,139,2019,6,11,4,3,0,1,0,1,0,0,0,0,0,"656506,60587","5324516,71588","11,100341962","48,054724399",0,1,#66c2a5,bicycle
209673,9,1,74,135,2019,6,16,4,2,4,1,0,0,1,0,1,0,0,"662639,058295","5353796,85925","11,193789642","48,316429041",0,2,#fc8d62,car
209674,9,1,74,126,2019,6,10,4,3,6,6,0,0,1,1,0,0,0,"683680,242755","5344562,8441","11,473337179","48,227669301",0,2,#fc8d62,car
209675,9,1,74,115,2019,6,7,4,3,0,1,0,1,0,0,0,0,0,"681310,183452","5347405,43569","11,442670427","48,25390215",0,1,#66c2a5,bicycle
209676,9,1,77,117,2019,6,18,4,3,6,4,0,0,1,1,0,0,0,"714257,524757","5354733,36416","11,889721829","48,309466055",0,2,#fc8d62,car
209677,9,1,77,117,2019,6,14,4,3,5,3,0,1,0,0,0,0,0,"714522,489508","5353031,76476","11,892426079","48,294086991",0,1,#66c2a5,bicycle
209678,9,1,62,0,2019,6,15,3,3,5,3,0,0,1,0,0,0,0,"684628,723","5337884,342","11,48319208","48,167364855",0,2,#fc8d62,car
209679,9,1,62,0,2019,6,18,3,3,0,2,0,0,1,0,0,0,1,"690231,353138","5337404,72004","11,558254196","48,161402173",0,2,#fc8d62,car
209680,9,1,62,0,2019,6,16,3,3,4,2,0,1,1,0,0,0,0,"679791,450011","5338536,64484","11,418469233","48,17461492",0,1,#66c2a5,bicycle
209681,9,1,62,0,2019,6,2,3,3,0,7,2,1,0,0,0,0,0,"690660,24459","5335580,14711","11,563198591","48,144874576",1,1,#66c2a5,bicycle
209682,9,1,62,0,2019,6,11,3,2,1,7,0,1,1,0,0,0,0,"698726,788055","5329387,04625","11,668638058","48,086747321",0,1,#66c2a5,bicycle
209683,9,1,62,0,2019,6,9,3,3,5,2,0,0,1,0,0,0,0,"695031,933065","5340831,63356","11,624316","48,190747102",0,2,#fc8d62,car
209684,9,1,62,0,2019,6,7,3,3,2,6,0,0,1,0,0,0,0,"686365,063355","5339623,54094","11,507284686","48,18249061",0,2,#fc8d62,car
209685,9,1,62,0,2019,6,16,3,3,1,5,0,1,1,0,0,0,0,"690415,774168","5334741,56299","11,559540425","48,13741062",0,1,#66c2a5,bicycle
209686,9,1,62,0,2019,6,22,3,3,5,3,2,1,1,0,0,0,0,"692226,965","5336210,041","11,584523555","48,150064478",0,1,#66c2a5,bicycle
209687,9,1,62,0,2019,6,10,3,3,4,2,0,0,1,0,0,0,0,"698187,530205","5334686,72821","11,663866882","48,134544957",0,2,#fc8d62,car
209688,9,1,84,131,2019,6,17,3,2,6,4,0,0,1,1,0,0,0,"705427,95","5339473,022","11,763381568","48,17526114",0,2,#fc8d62,car
209689,9,1,62,0,2019,6,14,3,3,0,6,0,1,1,0,0,0,0,"684427,837516","5331703,91678","11,47781647","48,111870199",0,1,#66c2a5,bicycle
209690,9,1,84,148,2019,6,17,3,3,5,3,0,0,1,0,0,0,1,"693872,814018","5327488,16946","11,602664668","48,071175351",0,2,#fc8d62,car
209691,9,1,62,0,2019,6,13,3,3,4,7,0,0,1,0,1,0,0,"692223,202007","5330943,47798","11,582097732","48,102730626",0,2,#fc8d62,car
209692,9,1,62,0,2019,6,18,3,3,3,6,0,1,0,0,0,1,0,"691687,441311","5335378,21567","11,576902665","48,142750979",0,1,#66c2a5,bicycle
209693,9,1,62,0,2019,6,23,3,2,5,3,2,1,1,0,0,0,0,"692658,745841","5332510,28986","11,588649733","48,116681303",0,1,#66c2a5,bicycle
209694,9,1,62,0,2019,6,15,3,3,3,6,0,0,1,0,1,0,0,"692056,979643","5332373,51497","11,580511049","48,115633757",0,2,#fc8d62,car
209695,9,1,62,0,2019,6,9,3,3,5,7,0,1,0,0,0,0,0,"690862,517267","5337196,67065","11,566640005","48,159343097",0,1,#66c2a5,bicycle
209696,9,1,62,0,2019,6,14,3,3,5,2,0,1,1,0,0,0,0,"686420,28944","5339704,41476","11,508062422","48,183201324",0,1,#66c2a5,bicycle
209697,9,1,62,0,2019,6,17,3,3,3,7,0,1,1,0,0,0,0,"692636,911894","5340006,60518","11,591749302","48,184062897",0,1,#66c2a5,bicycle
209698,9,1,62,0,2019,6,10,3,3,1,6,0,0,1,0,1,0,0,"693157,423577","5341169,25466","11,599273554","48,194354316",0,2,#fc8d62,car
209699,9,1,62,0,2019,6,13,3,3,2,6,0,0,1,0,1,0,0,"693765,867025","5338902,57276","11,606418709","48,173797003",0,2,#fc8d62,car
209700,9,1,62,0,2019,6,9,3,3,5,2,0,1,1,0,0,0,0,"687971,115765","5338583,88032","11,528410349","48,172672877",0,1,#66c2a5,bicycle
209701,9,1,62,0,2019,6,17,3,3,4,6,0,1,0,0,0,0,0,"691096,210862","5333128,04222","11,567953644","48,122704435",0,1,#66c2a5,bicycle
209702,9,1,62,0,2019,6,8,3,3,5,7,0,1,1,0,0,0,0,"693981,55","5336362,504","11,608158485","48,1509021",0,1,#66c2a5,bicycle
209703,9,1,62,0,2019,6,16,3,3,3,6,0,1,0,0,0,0,0,"693311,272273","5334272,04318","11,598207025","48,132317729",0,1,#66c2a5,bicycle
209704,9,1,62,0,2019,6,17,3,3,5,3,0,0,1,0,1,0,0,"690144,831052","5334733,58669","11,555898649","48,137419945",0,2,#fc8d62,car
209705,9,1,62,0,2019,6,13,3,3,5,3,0,1,1,0,0,0,0,"692541,468452","5336946,79894","11,589080957","48,156591153",0,1,#66c2a5,bicycle
209706,9,1,62,0,2019,6,22,3,3,6,4,2,0,1,1,0,0,0,"690943,730681","5334295,28478","11,566429728","48,133241302",0,2,#fc8d62,car
209709,9,7,72,171,2019,6,19,3,3,2,2,0,0,1,0,0,0,0,"638204,843716","5369207,90254","10,869472117","48,460815063",0,2,#fc8d62,car
209710,9,7,72,147,2019,6,7,3,3,4,2,0,0,1,0,0,0,0,"638226,923383","5363452,28265","10,867871966","48,409057336",0,2,#fc8d62,car
209711,9,7,61,0,2019,6,16,3,2,6,4,0,0,1,1,0,0,0,"639281,34031","5361186,23189","10,881360696","48,388449551",0,2,#fc8d62,car
209712,9,7,61,0,2019,6,13,3,3,2,6,0,0,1,0,0,0,0,"641810,562981","5360307,91999","10,915208399","48,379988577",0,2,#fc8d62,car
209713,9,7,61,0,2019,6,9,3,3,0,1,0,1,1,0,0,0,0,"641793,453318","5360252,21827","10,914958668","48,379491577",0,1,#66c2a5,bicycle
209714,9,7,61,0,2019,6,19,3,3,1,6,0,0,1,0,1,0,0,"643074,936591","5359308,63759","10,931934129","48,370718094",0,2,#fc8d62,car
209715,9,7,61,0,2019,6,15,3,3,0,7,0,1,0,0,0,0,0,"640127,425172","5358969,51853","10,892043826","48,36833017",0,1,#66c2a5,bicycle
209745,9,1,87,182,2019,6,13,5,3,2,6,0,0,1,0,1,0,0,"741002,304231","5328170,91177","12,234800977","48,06124774",0,2,#fc8d62,car
209746,9,1,87,177,2019,6,19,5,3,1,7,0,0,1,0,0,0,0,"736699,459453","5306069,84042","12,164975698","47,864314393",0,2,#fc8d62,car
209750,9,1,86,143,2019,6,9,5,3,1,6,0,0,1,0,0,0,0,"685123,617165","5379114,92641","11,5079735","48,537804159",0,2,#fc8d62,car
209753,9,1,86,143,2019,6,12,5,2,5,3,0,1,1,0,0,0,0,"685236,763872","5378309,72457","11,509146983","48,530533849",0,1,#66c2a5,bicycle
209760,9,1,79,121,2019,6,15,5,3,2,6,0,0,1,0,0,0,0,"667504,438793","5337918,40743","11,253084046","48,172414563",0,2,#fc8d62,car
209763,9,1,75,132,2019,6,7,5,2,6,4,0,0,1,1,0,0,0,"707512,545213","5331151,89738","11,787335211","48,09980783",0,2,#fc8d62,car
209767,9,1,62,0,2019,6,13,4,2,1,5,0,0,1,0,1,0,0,"689246,751649","5332887,69199","11,543019398","48,121096558",0,2,#fc8d62,car
209772,9,1,62,0,2019,6,7,4,3,2,6,0,1,1,0,0,0,0,"694864,072248","5340360,46898","11,621843598","48,186564049",0,1,#66c2a5,bicycle
209773,9,2,74,113,2019,6,21,3,2,1,1,1,1,1,0,0,0,0,"729559,010538","5382589,03222","12,111044242","48,554334987",0,1,#66c2a5,bicycle
209774,9,1,62,0,2019,6,13,4,3,6,4,0,1,0,1,0,0,0,"692245,46959","5334298,29832","11,583909063","48,132876521",0,1,#66c2a5,bicycle
209775,9,2,61,0,2019,6,14,3,3,0,1,0,1,0,0,0,0,0,"731746,762092","5381651,20172","12,140125244","48,545106175",0,1,#66c2a5,bicycle
209776,9,1,62,0,2019,6,21,4,2,5,3,2,1,1,0,0,0,0,"687910,560329","5343607,58209","11,529819911","48,217844355",0,1,#66c2a5,bicycle
209778,9,1,90,157,2019,6,17,3,3,5,3,0,0,1,0,0,0,0,"660352,41912","5301068,50615","11,143178239","47,842948157",0,2,#fc8d62,car
209779,9,1,62,0,2019,6,8,4,3,5,2,0,0,1,0,0,0,0,"692652,171244","5332367,45254","11,588496959","48,115399497",0,2,#fc8d62,car
209780,9,1,90,139,2019,6,17,3,2,0,1,0,1,0,0,0,0,0,"654499,721145","5295852,45296","11,063148068","47,797480626",0,1,#66c2a5,bicycle
209786,9,1,82,120,2019,6,15,3,3,1,3,0,0,1,0,0,0,0,"701303,214","5306931,215","11,692671649","47,884123385",0,2,#fc8d62,car
209787,9,1,62,0,2019,6,18,4,3,6,4,0,0,1,1,0,0,0,"691265,593144","5339629,04887","11,573148916","48,181083809",0,2,#fc8d62,car
209791,9,1,62,0,2019,6,7,4,3,1,5,0,1,0,0,0,1,0,"691963,654564","5335729,96053","11,580770547","48,145829123",0,1,#66c2a5,bicycle
209792,9,1,79,126,2019,6,9,3,3,9,1,0,0,1,0,0,0,0,"677655,855018","5341372,11926","11,390954249","48,200703744",0,2,#fc8d62,car
209793,9,1,81,130,2019,6,7,3,3,5,3,0,1,1,0,0,0,0,"639149,296","5321850,14","10,866673551","48,034766958",0,1,#66c2a5,bicycle
209794,9,1,88,132,2019,6,8,3,3,0,1,0,1,0,0,0,0,0,"663274,709087","5322873,27393","11,190476637","48,03825324",0,1,#66c2a5,bicycle
209795,9,1,79,123,2019,6,8,3,3,5,3,0,1,1,0,0,0,0,"676876,049109","5334349,874","11,377547555","48,1377974",0,1,#66c2a5,bicycle
209796,9,1,75,122,2019,6,11,3,3,0,1,0,0,0,0,1,0,1,"720793,70555","5327205,97086","11,963450626","48,059890707",0,4,#e78ac3,marker
209797,9,1,62,0,2019,6,20,2,3,0,7,1,1,0,0,0,0,0,"694459,096631","5337675,26628","11,615172303","48,162554814",0,1,#66c2a5,bicycle
209798,9,1,62,0,2019,6,18,2,3,1,7,0,1,1,0,0,0,0,"696971,813536","5330849,56414","11,645771921","48,100436276",0,1,#66c2a5,bicycle
209799,9,1,62,0,2019,6,7,4,3,3,2,0,1,1,0,0,0,0,"691847,926755","5335747,49606","11,579224233","48,146021639",0,1,#66c2a5,bicycle
209800,9,1,62,0,2019,6,16,2,3,0,7,0,1,0,0,0,0,0,"685256,361416","5332287,66263","11,489190522","48,116876754",0,1,#66c2a5,bicycle
209801,9,1,62,0,2019,6,8,2,3,2,2,0,0,1,0,1,0,0,"691188,402022","5341656,47548","11,573024171","48,199329163",0,2,#fc8d62,car
209802,9,1,62,0,2019,6,9,4,3,2,6,0,0,1,0,0,0,0,"694931,599816","5334974,0108","11,620282782","48,138132519",0,2,#fc8d62,car
209803,9,1,62,0,2019,6,15,2,3,4,2,0,0,1,0,0,0,0,"680967,309046","5337402,56287","11,433788891","48,164087147",0,2,#fc8d62,car
209804,9,1,62,0,2019,6,17,2,3,5,3,0,1,1,0,0,0,0,"693464,144764","5329188,98405","11,59795434","48,086586029",0,1,#66c2a5,bicycle
209805,9,1,88,127,2019,6,13,2,3,5,3,0,1,1,0,0,0,0,"679532,568398","5329863,05946","11,411334471","48,096721383",0,1,#66c2a5,bicycle
209806,9,1,62,0,2019,6,6,2,3,2,2,0,1,1,0,0,0,0,"694753,20555","5334266,15354","11,61756379","48,131825222",0,1,#66c2a5,bicycle
209807,9,1,62,0,2019,6,13,2,3,5,2,0,0,1,0,1,0,0,"692279,928193","5334897,31314","11,584642099","48,138249943",0,2,#fc8d62,car
209808,9,1,62,0,2019,6,11,2,3,3,2,0,1,0,0,1,0,0,"690970,902433","5334310,51932","11,566801386","48,133370076",0,1,#66c2a5,bicycle