OBJECTID,ULAND,UREGBEZ,UKREIS,UGEMEINDE,UJAHR,UMONAT,USTUNDE,UWOCHENTAG,UKATEGORIE,UART,UTYP1,ULICHTVERH,IstRad,IstPKW,IstFuss,IstKrad,IstGkfz,IstSonstig,LINREFX,LINREFY,XGCSWGS84,YGCSWGS84,STRZUSTAND,Teilnehmer,color,symbol
210240,9,1,62,0,2019,6,13,3,3,1,1,0,0,1,0,0,0,0,"692444,394171","5336744,28669","11,587685406","48,154800406",0,2,#fc8d62,car
210241,9,1,63,0,2019,6,18,4,3,0,1,0,1,0,0,0,0,0,"733683,176585","5304788,458","12,124014188","47,853906503",0,1,#66c2a5,bicycle
210243,9,1,62,0,2019,6,13,3,3,5,3,0,0,1,0,0,0,1,"686755,87","5327781,075","11,507347157","48,075931732",0,2,#fc8d62,car
210244,9,1,62,0,2019,6,8,3,3,5,3,0,1,1,0,0,0,0,"680450,267217","5336633,26868","11,426515459","48,15731904",1,1,#66c2a5,bicycle
210248,9,1,62,0,2019,6,8,3,3,0,7,0,0,0,0,1,0,0,"689890,511244","5333488,78516","11,551928863","48,126307555",1,4,#e78ac3,marker
210265,9,1,82,123,2019,6,15,2,3,4,1,0,0,1,0,1,0,0,"720144,38832","5297182,80018","11,93940999","47,79034515",0,2,#fc8d62,car
210270,9,1,79,134,2019,6,19,2,3,0,1,0,1,0,0,0,0,0,"667833,256269","5342357,66387","11,259257905","48,21223623",0,1,#66c2a5,bicycle
210278,9,1,90,157,2019,6,12,5,3,2,6,0,0,1,0,0,0,0,"661025,364644","5302168,28373","11,152575196","47,852668129",0,2,#fc8d62,car
210283,9,1,79,118,2019,6,9,2,3,8,1,0,0,1,0,0,0,0,"673590,400831","5338656,64604","11,335177845","48,177417799",1,2,#fc8d62,car
210287,9,1,81,138,2019,6,18,2,3,8,1,0,0,1,0,0,0,0,"639412,618084","5332320,82263","10,873621213","48,128864528",1,2,#fc8d62,car
210289,9,1,82,136,2019,6,7,5,3,8,1,0,0,0,0,1,0,0,"702256,907791","5299507,92988","11,701943576","47,817107669",0,4,#e78ac3,marker
210290,9,1,88,137,2019,6,3,1,3,9,1,2,0,1,0,0,0,0,"671111,173376","5315274,24014","11,292493958","47,96788634",0,2,#fc8d62,car
210291,9,1,87,117,2019,6,16,5,2,6,7,0,1,0,1,0,0,0,"724887,956","5305445,021","12,006946573","47,862943303",0,1,#66c2a5,bicycle
210293,9,1,87,150,2019,6,19,5,3,4,6,0,0,1,0,0,0,0,"729628,653521","5305438,16001","12,070237025","47,861205032",0,2,#fc8d62,car
210299,9,1,88,121,2019,6,13,2,3,5,7,0,1,0,0,0,0,0,"672584,532","5330812,106","11,318478746","48,107172683",0,1,#66c2a5,bicycle
210301,9,1,79,123,2019,6,8,5,3,3,7,0,0,1,0,1,0,0,"675116,64938","5331669,22448","11,352817253","48,11418662",0,2,#fc8d62,car
210302,9,1,81,114,2019,6,12,2,2,0,1,0,1,0,0,0,0,0,"656457,861573","5316678,10755","11,096827142","47,984258516",0,1,#66c2a5,bicycle
210303,9,1,74,111,2019,6,20,5,3,1,1,0,0,1,0,0,0,0,"666939,836966","5361596,60153","11,254848469","48,385425399",0,2,#fc8d62,car
210305,9,1,74,115,2019,6,14,5,3,5,3,0,1,1,0,0,0,0,"681858,417332","5346440,1299","11,449634738","48,245068361",0,1,#66c2a5,bicycle
210306,9,1,62,0,2019,6,18,4,3,5,3,0,0,1,0,0,0,0,"692161,325149","5332350,62658","11,581901264","48,115396563",0,2,#fc8d62,car
210307,9,2,74,146,2019,6,18,1,3,0,7,0,1,0,0,0,0,0,"733174,690981","5378005,46458","12,15740431","48,511828692",0,1,#66c2a5,bicycle
210308,9,1,62,0,2019,6,16,4,3,1,5,0,1,1,0,0,0,0,"690918,561777","5339309,01326","11,568341302","48,178311745",0,1,#66c2a5,bicycle
210310,9,1,62,0,2019,6,18,4,3,5,3,0,0,1,0,0,0,0,"683373,067836","5335497,30657","11,465291489","48,146272209",0,2,#fc8d62,car
210312,9,1,62,0,2019,6,18,4,3,5,3,0,1,1,0,0,0,0,"687380,474947","5339824,79937","11,521020721","48,184000901",0,1,#66c2a5,bicycle
210313,9,1,62,0,2019,6,9,4,3,5,2,0,0,1,0,0,0,0,"697763,072186","5331763,58159","11,65681207","48,108405775",0,2,#fc8d62,car
210314,9,1,90,149,2019,6,14,1,3,5,3,0,0,0,0,1,0,0,"637466,365152","5298514,58168","10,836661574","47,825282972",0,4,#e78ac3,marker
210315,9,1,62,0,2019,6,15,4,3,5,2,0,0,1,0,0,0,0,"694042,943395","5341819,71179","11,611474251","48,199930379",0,2,#fc8d62,car
210316,9,1,84,144,2019,6,19,4,3,5,2,0,1,0,0,0,0,0,"687464,189","5319632,921","11,513280418","48,002484655",0,1,#66c2a5,bicycle
210317,9,1,62,0,2019,6,9,4,3,5,2,0,1,1,0,0,0,0,"692532,033584","5334809,74561","11,587987754","48,137386679",0,1,#66c2a5,bicycle
210318,9,1,74,113,2019,6,20,2,3,9,1,0,0,1,0,0,0,0,"677577,809","5348552,061","11,392913914","48,265265894",1,2,#fc8d62,car
210319,9,1,62,0,2019,6,16,4,3,1,7,0,1,1,0,0,0,0,"687720,145053","5343622,22949","11,527265445","48,218032365",0,1,#66c2a5,bicycle
210320,9,1,62,0,2019,6,18,4,3,2,6,0,0,1,0,1,0,0,"690922,894935","5339843,13148","11,568639507","48,183111019",0,2,#fc8d62,car
210321,9,1,77,115,2019,6,11,2,3,8,1,0,0,0,0,1,0,0,"739488,043","5354932,043","12,229589977","48,302203951",0,4,#e78ac3,marker
210322,9,1,62,0,2019,6,10,4,3,0,5,0,1,1,0,0,0,0,"686859,883214","5334000,74839","11,511465809","48,13180605",0,1,#66c2a5,bicycle
210323,9,1,62,0,2019,6,23,1,2,8,1,2,1,0,0,0,0,0,"689998,417983","5330637,3644","11,55210727","48,100646593",0,1,#66c2a5,bicycle
210325,9,1,62,0,2019,6,15,1,3,5,2,0,1,1,0,0,0,0,"686648,402128","5338266,08603","11,51049672","48,170206277",0,1,#66c2a5,bicycle
210332,9,7,61,0,2019,6,15,4,3,2,6,0,0,1,0,1,0,0,"639373,215541","5360108,92749","10,882243695","48,378742434",1,2,#fc8d62,car
210333,9,7,61,0,2019,6,22,4,3,5,3,2,0,1,0,0,0,0,"641056,685177","5359165,9405","10,90464968","48,369889332",1,2,#fc8d62,car
210335,9,7,71,113,2019,6,9,4,3,5,3,0,0,1,0,0,0,0,"655908,624999","5366888,99326","11,107925419","48,43582935",0,2,#fc8d62,car
210337,9,1,90,158,2019,6,14,1,3,4,6,0,1,1,0,0,0,0,"652358,331415","5304370,21373","11,037568889","47,874580534",0,1,#66c2a5,bicycle
210340,9,1,62,0,2019,6,21,1,2,0,7,2,1,0,0,0,0,0,"690453,595749","5338174,41387","11,561584513","48,168253594",0,1,#66c2a5,bicycle
210342,9,1,62,0,2019,6,15,1,3,5,2,0,0,1,0,0,0,0,"693322,621957","5330977,7374","11,596865868","48,1027059",0,2,#fc8d62,car
210346,9,1,62,0,2019,6,18,1,3,1,5,0,1,1,0,0,0,0,"699043,660699","5331959,32525","11,674087865","48,10976612",0,1,#66c2a5,bicycle
210349,9,1,62,0,2019,6,14,1,3,1,5,0,1,1,0,0,0,0,"687568,660395","5336183,83573","11,521944047","48,151219688",0,1,#66c2a5,bicycle
210351,9,1,62,0,2019,6,13,1,2,4,1,0,1,0,0,0,0,0,"689186,819167","5328878,69208","11,540437567","48,085080817",0,1,#66c2a5,bicycle
210354,9,1,84,121,2019,6,10,1,3,2,6,0,1,0,0,0,0,0,"706889,884546","5326446,0354","11,776703441","48,057721174",0,1,#66c2a5,bicycle
210357,9,7,61,0,2019,6,15,1,3,0,1,0,1,0,0,0,0,0,"641466,764233","5358198,41101","10,909858264","48,361097902",0,1,#66c2a5,bicycle
210383,9,2,61,0,2019,6,19,4,3,0,1,0,1,0,0,0,0,0,"735912,509521","5382174,44548","12,196775929","48,548253745",0,1,#66c2a5,bicycle
210388,9,1,63,0,2019,6,17,4,3,4,2,0,0,1,0,0,0,0,"733979,483547","5305322,36456","12,128258085","47,858595323",0,2,#fc8d62,car
210389,9,1,63,0,2019,6,15,4,3,1,7,0,1,1,0,0,0,0,"733493,288159","5305073,47844","12,121633384","47,856536147",0,1,#66c2a5,bicycle
210390,9,1,62,0,2019,6,7,3,3,1,5,0,0,1,0,1,0,0,"692777,745868","5333786,60448","11,590824143","48,128116536",1,2,#fc8d62,car
210391,9,1,82,120,2019,6,18,1,3,0,7,0,1,0,0,0,0,0,"701677,337114","5303624,9413","11,696127527","47,85429112",0,1,#66c2a5,bicycle
210392,9,1,62,0,2019,6,10,3,3,1,7,0,1,1,0,0,0,0,"691541,849298","5336094,84827","11,575269895","48,14923582",0,1,#66c2a5,bicycle
210393,9,1,62,0,2019,6,12,3,3,0,7,0,0,0,1,0,0,1,"693679,86399","5333760,34969","11,602923225","48,127606732",0,3,#8da0cb,toilet
210394,9,1,81,121,2019,6,13,1,2,0,7,0,1,0,0,0,0,0,"633276,530822","5309847,44347","10,784207089","47,92808143",0,1,#66c2a5,bicycle
210396,9,1,62,0,2019,6,9,3,3,0,1,0,1,0,0,0,0,0,"686978,948911","5334363,64369","11,513223768","48,135032899",0,1,#66c2a5,bicycle
210398,9,7,61,0,2019,6,11,2,3,5,3,0,0,1,0,0,0,0,"642488,532318","5360058,8016","10,924274836","48,377595874",0,2,#fc8d62,car
210399,9,7,61,0,2019,6,17,2,3,0,1,0,1,0,0,0,0,0,"641697,778941","5353506,38067","10,911396818","48,318857065",0,1,#66c2a5,bicycle
210428,9,1,90,111,2019,6,19,2,2,5,2,0,1,1,0,0,0,0,"640380,456416","5298347,34164","10,875520651","47,823149673",0,1,#66c2a5,bicycle
210435,9,1,88,137,2019,6,16,2,3,0,7,0,0,1,0,1,1,0,"671845,740745","5315448,35366","11,302396859","47,969254828",1,2,#fc8d62,car
210436,9,1,81,130,2019,6,22,2,3,4,2,2,0,1,0,0,0,0,"639039,906371","5325020,24969","10,866236888","48,063297472",0,2,#fc8d62,car
210437,9,1,79,145,2019,6,13,2,3,6,7,0,1,0,1,0,0,0,"675093,815511","5337747,05961","11,355009821","48,16882877",0,1,#66c2a5,bicycle
210438,9,1,74,121,2019,6,16,2,2,5,3,0,1,0,0,1,0,0,"689887,253","5353349,127","11,560776733","48,304810959",0,1,#66c2a5,bicycle
210439,9,1,74,115,2019,6,14,2,2,6,4,0,0,0,1,0,0,1,"681338,46413","5347489,90615","11,443087267","48,254653329",0,3,#8da0cb,toilet
210440,9,1,74,126,2019,6,13,2,3,0,1,0,1,0,0,0,0,0,"683092,870578","5343527,65633","11,464988493","48,218534325",0,1,#66c2a5,bicycle
210441,9,1,62,0,2019,6,19,1,2,6,2,0,0,1,1,0,0,0,"684873,831989","5332499,58406","11,484147577","48,118892786",1,2,#fc8d62,car
210442,9,1,62,0,2019,6,14,1,3,3,6,0,0,1,0,0,0,1,"687448,082159","5336084,64212","11,520280762","48,150363659",0,2,#fc8d62,car
210443,9,1,62,0,2019,6,17,1,3,3,6,0,1,0,0,0,0,0,"692008,545716","5332307,75356","11,579831358","48,115057307",0,1,#66c2a5,bicycle
210444,9,1,62,0,2019,6,8,1,3,1,5,0,1,1,0,0,0,0,"693413,317041","5334126,89735","11,599511211","48,130982199",0,1,#66c2a5,bicycle
210445,9,1,62,0,2019,6,15,1,3,2,6,0,0,1,0,0,0,0,"690968,852","5335114,554","11,567134327","48,140597301",0,2,#fc8d62,car
210462,9,1,90,115,2019,6,12,1,2,0,7,0,1,0,0,0,0,0,"671510,465863","5304150,67365","11,293413051","47,867777654",0,1,#66c2a5,bicycle
210467,9,1,74,147,2019,6,5,1,3,0,1,1,0,1,0,0,0,0,"674050,606628","5367079,06686","11,353084649","48,432785294",0,2,#fc8d62,car
210468,9,1,75,132,2019,6,18,1,3,5,3,0,1,1,0,0,0,0,"706714,267619","5332554,12871","11,777305048","48,112668357",0,1,#66c2a5,bicycle
210469,9,1,62,0,2019,6,2,7,3,5,3,2,1,1,0,0,0,0,"692242,839941","5333594,73078","11,583556349","48,126553774",0,1,#66c2a5,bicycle
210470,9,1,62,0,2019,6,12,7,3,6,1,0,1,0,1,0,0,0,"688330,701227","5340725,88317","11,534191653","48,191818949",0,1,#66c2a5,bicycle
210471,9,1,84,139,2019,6,21,7,2,0,7,2,1,0,0,0,0,0,"687858,494985","5325756,9634","11,521246681","48,057414436",0,1,#66c2a5,bicycle
210472,9,1,62,0,2019,6,13,7,3,0,1,0,1,0,0,0,0,0,"682424,218877","5340295,45067","11,454605633","48,189673918",0,1,#66c2a5,bicycle
210473,9,1,62,0,2019,6,11,7,2,3,6,0,1,1,0,0,0,0,"690510,336689","5335065,24066","11,560954984","48,140291523",0,1,#66c2a5,bicycle
210474,9,1,62,0,2019,6,14,7,2,2,6,0,1,0,0,0,0,0,"692215,49722","5337602,71666","11,584998644","48,162585001",0,1,#66c2a5,bicycle
210475,9,1,84,138,2019,6,15,7,3,0,3,0,0,1,0,1,0,0,"682510,978","5331821,865","11,452138223","48,113482584",0,2,#fc8d62,car
210476,9,1,62,0,2019,6,15,7,3,3,1,0,1,0,0,0,0,0,"687068,225925","5337358,88059","11,515738823","48,161928677",0,1,#66c2a5,bicycle
210477,9,1,62,0,2019,6,19,7,2,6,4,0,0,1,1,0,0,0,"689413,863151","5337175,19633","11,547169592","48,159583265",0,2,#fc8d62,car
210478,9,1,62,0,2019,6,17,7,3,0,1,0,1,0,0,0,0,0,"683075,124072","5335589,6425","11,461329439","48,147187998",0,1,#66c2a5,bicycle
210479,9,1,62,0,2019,6,2,7,3,0,1,2,1,0,0,0,0,0,"690867,881744","5331349,12061","11,564092387","48,106784006",0,1,#66c2a5,bicycle
210480,9,1,62,0,2019,6,12,7,3,3,6,0,0,1,0,1,0,0,"691936,78309","5336085,12794","11,580569795","48,149029411",0,2,#fc8d62,car
210481,9,1,62,0,2019,6,12,7,3,5,3,0,1,1,0,0,0,0,"691936,855174","5336085,38712","11,58057088","48,149031719",0,1,#66c2a5,bicycle
210485,9,7,72,163,2019,6,10,7,3,4,2,0,0,1,0,1,0,0,"640424,214611","5346339,39911","10,891844745","48,254697003",0,2,#fc8d62,car
210486,9,7,61,0,2019,6,23,7,3,5,2,2,0,1,0,0,0,0,"640864,218252","5357207,38283","10,901396587","48,352321638",1,2,#fc8d62,car
210488,9,7,72,184,2019,6,15,6,3,2,6,0,0,1,0,1,0,0,"636134,015977","5363162,28326","10,839511537","48,406905226",0,2,#fc8d62,car
210489,9,7,61,0,2019,6,6,6,2,4,2,0,1,0,0,0,1,0,"644291,564658","5360379,38788","10,948719872","48,380068643",0,1,#66c2a5,bicycle
210490,9,7,61,0,2019,6,17,7,3,4,1,0,1,0,0,0,0,0,"641141,891935","5357944,23995","10,905389619","48,3588852",0,1,#66c2a5,bicycle
210505,9,7,61,0,2019,6,13,6,3,4,7,0,0,1,0,1,0,0,"641240,000625","5359208,58594","10,907137837","48,370231786",0,2,#fc8d62,car
210508,9,2,61,0,2019,6,18,7,3,0,1,0,0,0,0,1,0,0,"724131,219451","5377857,30555","12,035050188","48,513789631",0,4,#e78ac3,marker
210511,9,1,73,123,2019,6,11,7,2,0,1,0,1,0,0,0,0,0,"677847,959","5298507,365","11,375764274","47,8153227",0,1,#66c2a5,bicycle
210515,9,1,87,117,2019,6,13,7,3,0,3,0,0,1,0,1,0,0,"725513,191611","5305815,14645","12,015487609","47,866049723",0,2,#fc8d62,car
210519,9,1,79,123,2019,6,19,7,3,0,7,0,1,0,0,0,0,0,"675148,885465","5333942,37799","11,354184089","48,134612021",0,1,#66c2a5,bicycle
210520,9,1,74,115,2019,6,13,7,3,0,1,0,1,0,0,0,0,0,"679767,107895","5346696,75523","11,421600014","48,24797158",0,1,#66c2a5,bicycle
210521,9,1,74,115,2019,6,8,7,2,5,3,0,1,0,0,0,0,0,"679863,446","5348426,305","11,423631641","48,263490705",0,1,#66c2a5,bicycle
210522,9,1,78,143,2019,6,17,7,2,3,1,0,1,0,0,0,0,0,"721730,751855","5368871,43081","11,997827185","48,433911664",0,1,#66c2a5,bicycle
210523,9,1,78,113,2019,6,19,7,3,0,1,0,1,0,0,0,0,0,"692095,749457","5367880,96189","11,597165717","48,434747316",0,1,#66c2a5,bicycle
210524,9,1,75,115,2019,6,23,7,3,0,1,1,1,0,0,0,0,0,"720995,995013","5329928,62786","11,967569395","48,084283753",0,1,#66c2a5,bicycle
210525,9,1,77,122,2019,6,9,7,3,0,7,0,0,0,0,1,0,1,"728509,65046","5358410,01762","12,083654395","48,337508719",0,4,#e78ac3,marker
210526,9,1,62,0,2019,6,15,6,3,6,4,0,0,1,1,0,0,0,"686204,745","5335328,633","11,503249754","48,143933578",0,2,#fc8d62,car
210527,9,1,84,141,2019,6,10,6,2,5,3,0,1,0,0,0,0,0,"698579,525","5316361,813","11,660626381","47,969730113",0,1,#66c2a5,bicycle
210528,9,1,62,0,2019,6,16,6,3,5,3,0,0,1,0,1,0,0,"696574,590998","5335091,88322","11,642398114","48,138686477",0,2,#fc8d62,car
210529,9,1,62,0,2019,6,9,6,3,2,6,0,1,0,0,0,1,0,"691975,204682","5332319,88159","11,579389318","48,115176363",0,1,#66c2a5,bicycle
210530,9,1,62,0,2019,6,14,6,3,2,5,0,1,1,0,0,0,0,"690432,181541","5335182,30728","11,559957812","48,14136711",0,1,#66c2a5,bicycle
210531,9,1,84,120,2019,6,8,6,3,5,3,0,1,0,0,0,0,0,"680933,307361","5334329,84329","11,432025856","48,136476665",0,1,#66c2a5,bicycle
210532,9,1,62,0,2019,6,10,6,3,6,4,0,1,0,1,0,0,0,"691817,817","5334932,288","11,578452647","48,138703758",0,1,#66c2a5,bicycle
210533,9,1,62,0,2019,6,10,6,3,3,3,0,1,1,0,0,0,0,"694662,383464","5329712,77245","11,614266451","48,090928908",0,1,#66c2a5,bicycle
210534,9,1,62,0,2019,6,11,6,2,5,3,0,1,1,0,0,0,0,"697730,601577","5331482,46441","11,656246055","48,10588936",0,1,#66c2a5,bicycle
210535,9,1,62,0,2019,6,14,6,1,5,2,0,1,1,0,0,0,0,"688349,402","5341062,825","11,534592484","48,194841861",0,1,#66c2a5,bicycle
210536,9,1,84,118,2019,6,6,6,3,0,5,0,1,1,0,0,0,1,"703372,001144","5336274,06876","11,734228859","48,147174426",0,1,#66c2a5,bicycle
210537,9,1,62,0,2019,6,18,6,3,1,3,0,1,1,0,0,0,0,"686727,534302","5337721,895","11,511321058","48,165291699",0,1,#66c2a5,bicycle
210538,9,7,71,113,2019,6,16,6,3,0,1,0,0,0,0,1,0,0,"658102,732","5368908,906","11,138331478","48,453441749",0,4,#e78ac3,marker
210539,9,7,71,149,2019,6,18,6,3,2,6,0,1,0,0,0,0,0,"652759,580261","5364558,39965","11,064529391","48,415647571",0,1,#66c2a5,bicycle
210544,9,1,62,0,2019,6,13,6,3,5,2,0,1,1,0,0,0,0,"690627,138449","5335499,76253","11,562717992","48,144162004",0,1,#66c2a5,bicycle
210551,9,7,62,0,2019,6,13,6,3,1,5,0,1,1,0,0,0,0,"621687,908758","5308515,28817","10,628758962","47,918405612",0,1,#66c2a5,bicycle
210584,9,1,63,0,2019,6,22,6,3,0,1,2,1,0,0,0,0,0,"734908,979209","5302393,90655","12,13907665","47,831947258",0,1,#66c2a5,bicycle
210585,9,1,63,0,2019,6,11,6,3,0,1,0,1,0,0,0,0,0,"733812,549476","5304909,92497","12,125806709","47,854950717",0,1,#66c2a5,bicycle
210586,9,1,82,120,2019,6,9,6,2,7,7,0,1,0,0,0,1,0,"701187,234","5307063,142","11,691183508","47,885345424",0,1,#66c2a5,bicycle
210588,9,1,87,179,2019,6,16,6,3,5,3,0,0,1,0,0,0,0,"727339,084354","5314724,13519","12,04456222","47,945450294",0,2,#fc8d62,car
210589,9,1,87,117,2019,6,10,6,3,5,3,0,1,1,0,0,0,0,"725267,038726","5305409,2732","12,011989378","47,862489324",0,1,#66c2a5,bicycle
210590,9,1,86,151,2019,6,11,6,3,0,1,0,1,0,0,0,0,0,"682219,427765","5375066,09039","11,466898404","48,502263224",0,1,#66c2a5,bicycle
210591,9,1,79,134,2019,6,19,6,3,5,3,0,0,1,0,0,0,0,"672496,274127","5344174,71474","11,322714693","48,227320291",0,2,#fc8d62,car
210592,9,1,79,145,2019,6,23,6,3,0,7,2,1,0,0,0,0,0,"674809,61","5335433,423","11,350239943","48,14810889",0,1,#66c2a5,bicycle
210593,9,1,79,121,2019,6,14,6,3,0,5,0,1,1,0,0,0,0,"665648,747205","5336950,80609","11,227766072","48,164202106",0,1,#66c2a5,bicycle
210594,9,1,79,121,2019,6,11,6,3,0,1,0,0,0,0,1,0,0,"665650,44545","5336955,75611","11,227790821","48,164246165",0,4,#e78ac3,marker
210595,9,1,74,126,2019,6,15,6,3,0,1,0,1,0,0,0,0,0,"683103,834","5344115,723","11,46538991","48,223816999",0,1,#66c2a5,bicycle
210596,9,1,77,133,2019,6,14,6,3,6,7,0,0,1,1,0,0,0,"706739,730417","5359261,04754","11,790676271","48,352653473",0,2,#fc8d62,car
210597,9,1,78,143,2019,6,17,6,3,5,3,0,1,1,0,0,0,0,"717826,149629","5372797,46367","11,947152154","48,470547832",0,1,#66c2a5,bicycle
210598,9,1,62,0,2019,6,22,5,3,0,1,2,1,0,0,0,0,0,"693751,50295","5335996,24045","11,60490202","48,14768037",0,1,#66c2a5,bicycle
210599,9,1,62,0,2019,6,8,5,3,3,2,0,0,1,0,1,0,0,"689299,452039","5336119,64341","11,545163051","48,150129968",0,2,#fc8d62,car
210600,9,1,62,0,2019,6,10,5,3,5,6,0,1,0,0,0,0,1,"692519,48804","5337971,21967","11,589249318","48,165805033",0,1,#66c2a5,bicycle
210601,9,1,62,0,2019,6,15,5,3,4,2,0,0,0,0,1,1,0,"681204,800439","5338665,63549","11,437518158","48,175372971",0,4,#e78ac3,marker
210602,9,1,84,122,2019,6,19,5,3,0,2,0,0,1,0,1,0,0,"688787,569892","5324435,24405","11,53312011","48,045260241",0,2,#fc8d62,car
210603,9,1,62,0,2019,6,22,5,3,0,3,2,1,1,0,0,0,0,"691589,905595","5332871,14839","11,574465535","48,120247129",0,1,#66c2a5,bicycle
210604,9,1,62,0,2019,6,19,5,3,0,7,0,1,1,0,0,0,0,"690202,894982","5343108,84319","11,560425915","48,212678821",0,1,#66c2a5,bicycle
210605,9,1,62,0,2019,6,17,5,3,5,3,0,0,1,0,0,0,0,"687610,486","5339489,344","11,523964063","48,180917894",0,2,#fc8d62,car
210606,9,1,62,0,2019,6,19,5,3,6,4,0,1,0,1,0,0,0,"686621,309","5333773,516","11,508162949","48,129833603",0,1,#66c2a5,bicycle
210607,9,1,62,0,2019,6,13,5,3,5,3,0,1,1,0,0,0,0,"685091,893363","5331620,26005","11,486693163","48,110925615",0,1,#66c2a5,bicycle
210608,9,1,84,147,2019,6,16,5,3,5,3,0,1,1,0,0,0,0,"697267,307292","5341105,71875","11,654488807","48,192520077",0,1,#66c2a5,bicycle
210609,9,1,62,0,2019,6,18,5,3,3,6,0,1,0,0,0,0,0,"691192,583","5336363,596","11,570699653","48,151756369",0,1,#66c2a5,bicycle
210610,9,1,62,0,2019,6,13,5,3,3,6,0,1,0,0,0,0,0,"691530,155004","5335027,26739","11,574632602","48,139644069",0,1,#66c2a5,bicycle
210611,9,1,62,0,2019,6,18,5,3,5,3,0,1,0,0,0,0,0,"691104,278965","5334088,97248","11,568492834","48,131338795",0,1,#66c2a5,bicycle
210620,9,7,72,200,2019,6,13,5,3,5,3,0,1,1,0,0,0,0,"629446,467587","5337027,5527","10,741180454","48,173296262",0,1,#66c2a5,bicycle
210621,9,7,71,130,2019,6,10,5,1,5,3,0,1,1,0,0,0,0,"645496,118778","5356504,29297","10,963637805","48,344949777",0,1,#66c2a5,bicycle
210622,9,7,71,142,2019,6,6,5,3,5,2,0,1,1,0,0,0,0,"645271,283743","5353026,3607","10,959406442","48,313730048",0,1,#66c2a5,bicycle
210623,9,7,61,0,2019,6,7,5,3,0,5,0,1,1,0,0,0,0,"637406,375693","5357715,80689","10,854914094","48,35765518",0,1,#66c2a5,bicycle
210624,9,7,61,0,2019,6,17,5,3,3,1,0,1,0,0,0,0,0,"641032,062686","5357896,80102","10,903891895","48,358483189",0,1,#66c2a5,bicycle
210633,9,7,78,116,2019,6,8,2,3,5,3,0,1,1,0,0,0,0,"618810,557","5317852,568","10,592841999","48,00292267",0,1,#66c2a5,bicycle
210646,9,7,72,163,2019,6,12,2,3,5,1,0,1,0,0,0,0,0,"639961,246132","5347493,72791","10,885992878","48,265179037",0,1,#66c2a5,bicycle
210649,9,7,61,0,2019,6,8,2,3,6,4,0,0,1,1,0,0,0,"638969,619202","5360949,72376","10,877074201","48,386391691",0,2,#fc8d62,car
210652,9,1,63,0,2019,6,1,6,3,0,1,2,1,0,0,0,0,0,"732439,88","5306978,281","12,108595611","47,874031005",0,1,#66c2a5,bicycle
210654,9,1,82,125,2019,6,11,6,3,1,7,0,0,1,0,0,0,0,"712776,767017","5296812,439","11,840981679","47,789492807",0,2,#fc8d62,car
210659,9,1,86,143,2019,6,18,6,3,8,1,0,0,0,0,1,0,0,"683961,89032","5379309,81792","11,492336537","48,539897458",0,4,#e78ac3,marker
210662,9,1,79,142,2019,6,19,6,3,5,3,0,1,1,0,0,0,0,"672900,456","5341956,533","11,327248086","48,207270102",1,1,#66c2a5,bicycle
210663,9,1,79,113,2019,6,11,6,3,5,3,0,0,1,0,0,0,0,"671205,390515","5334360,82833","11,301392451","48,139446909",0,2,#fc8d62,car
210664,9,1,77,126,2019,6,12,6,3,0,2,0,0,1,0,0,0,0,"719511,529988","5369760,28792","11,968330755","48,442674848",0,2,#fc8d62,car
210665,9,1,62,0,2019,6,13,5,3,0,7,0,0,0,0,1,0,0,"693214,297863","5333311,76515","11,596469659","48,12371645",0,4,#e78ac3,marker
210666,9,1,62,0,2019,6,1,5,3,0,3,2,0,1,0,1,0,0,"691910,166242","5333889,15665","11,579222825","48,129300407",0,2,#fc8d62,car
210667,9,1,62,0,2019,6,0,5,3,6,4,2,0,1,1,0,0,0,"690518,974222","5339739,16497","11,563164268","48,18229783",0,2,#fc8d62,car
210668,9,1,62,0,2019,6,13,5,3,5,3,0,0,1,0,0,0,0,"700104,708725","5332640,0194","11,688645818","48,11555115",0,2,#fc8d62,car
210669,9,1,62,0,2019,6,13,5,3,0,1,0,1,0,0,0,0,0,"692143,121455","5331182,58116","11,581130818","48,104903813",0,1,#66c2a5,bicycle
210670,9,1,62,0,2019,6,0,5,3,0,1,2,1,0,0,0,0,0,"692059,413922","5334569,00509","11,581533022","48,13536576",0,1,#66c2a5,bicycle
210689,9,2,61,0,2019,6,17,5,3,0,1,0,0,0,0,1,0,0,"732332,537634","5380077,71994","12,147172812","48,530755353",1,4,#e78ac3,marker
210690,9,2,61,0,2019,6,16,5,3,0,1,0,0,0,0,1,0,0,"730108,531812","5382644,08577","12,118510442","48,554628178",0,4,#e78ac3,marker
210692,9,1,73,147,2019,6,13,5,2,1,7,0,1,1,0,0,0,0,"682189,154683","5308699,43284","11,437996551","47,905727546",0,1,#66c2a5,bicycle
210696,9,1,87,174,2019,6,10,5,3,4,6,0,0,0,0,1,0,1,"743946,000252","5309547,45622","12,263674647","47,892842899",0,4,#e78ac3,marker
210697,9,1,82,125,2019,6,10,5,3,0,7,0,0,0,0,0,0,1,"711905,165715","5296821,55958","11,829363258","47,789862081",0,6,#ffd92f,circle