OBJECTID,ULAND,UREGBEZ,UKREIS,UGEMEINDE,UJAHR,UMONAT,USTUNDE,UWOCHENTAG,UKATEGORIE,UART,UTYP1,ULICHTVERH,IstRad,IstPKW,IstFuss,IstKrad,IstGkfz,IstSonstig,LINREFX,LINREFY,XGCSWGS84,YGCSWGS84,STRZUSTAND,Teilnehmer,color,symbol
210699,9,1,87,169,2019,6,14,5,3,0,1,0,1,0,0,0,0,0,"736931,654639","5298702,60712","12,16404584","47,798043793",0,1,#66c2a5,bicycle
210702,9,1,79,113,2019,6,11,5,3,0,7,0,1,0,0,0,0,0,"666044,310925","5334118,98789","11,231976886","48,138640551",0,1,#66c2a5,bicycle
210703,9,1,81,123,2019,6,16,5,3,8,7,0,1,0,0,0,0,0,"655142,335829","5326575,69253","11,082792873","48,073570079",1,1,#66c2a5,bicycle
210704,9,1,81,120,2019,6,1,5,3,0,7,2,1,0,0,0,0,0,"650822,299246","5319798,42044","11,022446407","48,013668607",1,1,#66c2a5,bicycle
210705,9,1,75,112,2019,6,12,5,2,0,1,0,1,0,0,0,0,0,"719843,946354","5320941,38404","11,947506154","48,003930013",0,1,#66c2a5,bicycle
210706,9,1,62,0,2019,6,19,4,3,5,2,0,1,1,0,0,0,0,"695058,118601","5336140,5113","11,622515962","48,148577707",0,1,#66c2a5,bicycle
210707,9,1,62,0,2019,6,6,4,3,4,2,0,1,1,0,0,0,0,"689578,045","5333522,032","11,547748743","48,126699508",0,1,#66c2a5,bicycle
210708,9,1,62,0,2019,6,16,4,3,1,1,0,1,1,0,0,1,0,"686108,337546","5334265,68459","11,501490495","48,134407601",0,1,#66c2a5,bicycle
210709,9,1,62,0,2019,6,21,4,3,1,7,2,1,1,0,0,0,0,"691880,288891","5335881,52462","11,579719263","48,147216504",0,1,#66c2a5,bicycle
210710,9,1,62,0,2019,6,12,4,3,4,2,0,0,0,0,1,1,0,"679225,483804","5334468,51443","11,409149543","48,138206472",0,4,#e78ac3,marker
210711,9,1,62,0,2019,6,21,4,3,1,5,2,1,1,0,0,0,0,"691118,906034","5334083,15957","11,568686614","48,131282157",0,1,#66c2a5,bicycle
210712,9,1,84,123,2019,6,12,4,3,0,4,0,0,1,1,1,0,0,"703375,365864","5331989,49557","11,732229442","48,108669017",0,2,#fc8d62,car
210713,9,1,62,0,2019,6,17,4,3,5,3,0,1,1,0,0,0,0,"696951,111461","5334178,1008","11,647031342","48,130357561",0,1,#66c2a5,bicycle
210714,9,1,62,0,2019,6,7,4,3,3,6,0,1,0,0,0,0,0,"696563,67374","5330573,42452","11,640168567","48,098080516",0,1,#66c2a5,bicycle
210715,9,1,62,0,2019,6,18,4,3,1,5,0,0,1,0,0,0,0,"689823,493629","5335331,1803","11,551850084","48,142887072",0,2,#fc8d62,car
210716,9,1,62,0,2019,6,7,4,3,0,1,0,1,0,0,0,0,0,"691218,3907","5334045,6769","11,570005497","48,130915386",0,1,#66c2a5,bicycle
210717,9,1,62,0,2019,6,7,4,3,5,3,0,1,0,0,0,0,0,"687476,984435","5335657,6188","11,520480903","48,146516954",0,1,#66c2a5,bicycle
210718,9,1,62,0,2019,6,10,4,2,3,2,0,1,0,0,0,0,1,"690976,432588","5334266,8675","11,566856071","48,132976077",0,1,#66c2a5,bicycle
210719,9,1,84,129,2019,6,13,4,2,0,7,0,1,0,0,0,0,0,"699712,077082","5326528,05509","11,680518403","48,060745069",0,1,#66c2a5,bicycle
210720,9,1,62,0,2019,6,16,4,2,5,3,0,0,1,0,1,0,0,"686434,317794","5329814,53854","11,503921852","48,094303513",0,2,#fc8d62,car
210721,9,1,62,0,2019,6,15,4,3,0,7,0,1,0,1,0,0,0,"687141,844","5337393,258","11,516742991","48,162216005",0,1,#66c2a5,bicycle
210722,9,1,84,144,2019,6,20,4,3,0,7,1,1,0,0,0,0,1,"686046,591","5317465,911","11,493354671","47,983420211",0,1,#66c2a5,bicycle
210723,9,1,62,0,2019,6,20,4,3,0,6,0,0,1,0,1,0,0,"685779,435091","5329818,83779","11,495136927","48,094533396",0,2,#fc8d62,car
210728,9,7,77,141,2019,6,20,4,3,0,1,0,1,0,0,0,0,0,"632764,464469","5308242,16325","10,776860772","47,913751457",0,1,#66c2a5,bicycle
210729,9,7,77,177,2019,6,18,4,3,5,3,0,0,1,0,0,0,0,"632064,316573","5317242,13356","10,770258137","47,994832462",0,2,#fc8d62,car
210732,9,7,72,147,2019,6,16,4,3,0,1,0,1,0,0,0,0,0,"638687,008642","5365729,16589","10,874838626","48,429429333",0,1,#66c2a5,bicycle
210733,9,7,72,131,2019,6,18,4,3,0,1,0,0,0,0,1,0,1,"619627,018068","5352471,51428","10,61351928","48,314111999",0,4,#e78ac3,marker
210734,9,7,72,184,2019,6,10,4,3,6,4,0,1,0,1,0,0,0,"634257,616218","5360544,49589","10,813333037","48,38376842",0,1,#66c2a5,bicycle
210735,9,7,72,147,2019,6,13,4,3,3,2,0,0,1,0,0,0,0,"638206,503618","5363716,4948","10,867683212","48,411437546",0,2,#fc8d62,car
210736,9,7,72,125,2019,6,18,4,3,7,1,0,1,0,0,0,0,1,"632265,294033","5347844,96974","10,782452598","48,269991305",0,1,#66c2a5,bicycle
210737,9,7,61,0,2019,6,5,4,3,5,3,1,1,1,0,0,0,0,"643040,277757","5359352,02835","10,931481169","48,371116097",0,1,#66c2a5,bicycle
210738,9,7,61,0,2019,6,8,4,3,5,3,0,1,0,0,0,0,0,"640786,178849","5356482,77063","10,90010149","48,345823557",0,1,#66c2a5,bicycle
210739,9,7,61,0,2019,6,11,4,3,6,7,0,1,0,1,0,0,0,"640392,292645","5358423,99344","10,89543603","48,363366122",0,1,#66c2a5,bicycle
210740,9,7,71,155,2019,6,2,4,3,1,5,2,0,1,1,0,0,0,"649956,966651","5374863,78164","11,03037076","48,508974539",0,2,#fc8d62,car
210776,9,1,73,126,2019,6,15,4,3,4,2,0,0,1,0,0,0,0,"686072,964127","5303324,6535","11,48760279","47,856299572",0,2,#fc8d62,car
210782,9,1,63,0,2019,6,20,4,3,5,3,1,1,1,0,0,0,0,"731215,755432","5304103,49423","12,090712111","47,848644894",0,1,#66c2a5,bicycle
210783,9,1,63,0,2019,6,18,4,3,5,2,0,1,1,0,0,0,0,"732446,413","5304603,256","12,107406108","47,852691061",0,1,#66c2a5,bicycle
210784,9,1,63,0,2019,6,10,4,3,0,1,0,1,0,0,0,0,0,"732768,936452","5304715,97631","12,111771764","47,853587045",0,1,#66c2a5,bicycle
210791,9,1,88,139,2019,6,17,4,3,1,7,0,0,1,1,1,0,0,"676025,784198","5318509,44092","11,359607145","47,995636837",0,2,#fc8d62,car
210792,9,1,79,126,2019,6,13,4,3,0,1,0,0,0,0,1,0,0,"677264,511271","5339659,61645","11,384977272","48,185419303",0,4,#e78ac3,marker
210793,9,1,88,144,2019,6,14,4,3,0,1,0,1,0,0,0,0,0,"667810,936787","5327357,38394","11,253045217","48,077389964",0,1,#66c2a5,bicycle
210794,9,1,75,132,2019,6,22,4,2,4,6,2,1,0,0,0,0,0,"707318,73867","5336311,46818","11,787244358","48,146236599",0,1,#66c2a5,bicycle
210795,9,1,78,124,2019,6,8,4,3,0,1,0,1,0,0,0,0,0,"703537,490344","5364383,40692","11,74998269","48,39972421",0,1,#66c2a5,bicycle
210796,9,1,77,117,2019,6,11,4,3,5,3,0,0,1,0,0,0,0,"714756,633327","5355040,76457","11,896600896","48,312058864",0,2,#fc8d62,car
210797,9,1,62,0,2019,6,18,3,3,2,6,0,0,1,0,0,0,0,"692394,20147","5335458,03834","11,586429863","48,143255084",0,2,#fc8d62,car
210798,9,1,62,0,2019,6,18,3,3,5,2,0,0,0,0,1,0,0,"685960,076108","5340624,78822","11,502279855","48,19160879",0,4,#e78ac3,marker
210799,9,1,62,0,2019,6,7,3,2,3,3,0,1,1,0,0,0,0,"690795,464321","5334753,58215","11,564644249","48,137404921",0,1,#66c2a5,bicycle
210800,9,1,62,0,2019,6,11,3,3,6,4,0,0,1,1,0,0,0,"693633,67681","5341876,52676","11,605998084","48,200565943",0,2,#fc8d62,car
210801,9,1,84,132,2019,6,13,3,3,0,1,0,1,1,0,0,0,0,"683174,198978","5328676,49548","11,459690613","48,085019312",0,1,#66c2a5,bicycle
210802,9,1,62,0,2019,6,12,3,3,5,3,0,0,1,0,0,0,0,"697408,324877","5332456,16835","11,652372107","48,114740336",0,2,#fc8d62,car
210803,9,1,62,0,2019,6,10,3,2,5,3,0,0,1,0,1,0,0,"688185,688466","5327360,61577","11,526339225","48,07173219",0,2,#fc8d62,car
210804,9,1,62,0,2019,6,5,3,3,5,3,0,1,1,0,0,0,0,"692358,113998","5333920,85151","11,585251086","48,129450066",0,1,#66c2a5,bicycle
210805,9,1,62,0,2019,6,18,3,3,5,3,0,1,1,0,0,0,0,"683876,519573","5335317,60111","11,471975822","48,144511592",0,1,#66c2a5,bicycle
210806,9,1,62,0,2019,6,8,3,3,4,6,0,1,1,0,0,0,0,"682413,932199","5342267,18604","11,455314597","48,207400027",0,1,#66c2a5,bicycle
210807,9,1,62,0,2019,6,18,3,3,5,3,0,0,1,0,1,0,0,"687152,918","5336461,654","11,516481975","48,153839257",0,2,#fc8d62,car
210808,9,1,62,0,2019,6,8,3,3,4,6,0,1,0,0,0,0,0,"684396,407135","5332215,98303","11,477616009","48,116482051",0,1,#66c2a5,bicycle
210809,9,1,84,139,2019,6,11,3,3,5,3,0,0,1,0,0,0,0,"687186,592489","5325050,01905","11,511928807","48,051257554",0,2,#fc8d62,car
210810,9,1,62,0,2019,6,8,3,3,1,5,0,1,1,0,0,0,0,"691606,96861","5336498,0646","11,576326019","48,152840254",0,1,#66c2a5,bicycle
210811,9,7,78,116,2019,6,20,3,3,6,4,0,0,1,1,0,0,0,"618847,980857","5318059,33911","10,59340081","48,00477535",0,2,#fc8d62,car
210812,9,7,78,169,2019,6,17,3,3,0,1,0,1,0,0,0,0,0,"617388,297877","5332599,59251","10,577831822","48,13581532",0,1,#66c2a5,bicycle
210817,9,7,61,0,2019,6,16,3,2,0,1,0,1,0,0,0,0,0,"639650,369814","5358121,96495","10,885324727","48,360814924",0,1,#66c2a5,bicycle
210818,9,7,61,0,2019,6,13,3,3,5,3,0,1,1,0,0,0,0,"641963,473004","5360951,69658","10,917489794","48,385742732",0,1,#66c2a5,bicycle
210819,9,7,61,0,2019,6,9,3,3,2,1,0,0,1,0,0,0,0,"640942,003175","5357196,61402","10,902442326","48,352207454",0,2,#fc8d62,car
210820,9,7,61,0,2019,6,13,3,2,4,1,0,1,0,0,0,0,0,"638324,626747","5353059,02794","10,865774176","48,315581492",0,1,#66c2a5,bicycle
210821,9,7,61,0,2019,6,22,3,3,0,1,2,1,0,0,0,0,0,"639689,409625","5357497,69939","10,885644245","48,35519305",0,1,#66c2a5,bicycle
210822,9,7,61,0,2019,6,7,3,3,3,7,0,1,0,0,0,0,1,"640786,957426","5358571,07609","10,90081058","48,364600744",0,1,#66c2a5,bicycle
210857,9,2,61,0,2019,6,17,3,3,4,2,0,0,1,0,1,0,0,"732246,272996","5381569,48598","12,146837347","48,544187453",0,2,#fc8d62,car
210858,9,2,61,0,2019,6,9,3,3,0,1,0,1,0,0,0,0,0,"731526,102447","5381871,54167","12,137262474","48,547166912",0,1,#66c2a5,bicycle
210859,9,2,61,0,2019,6,8,3,3,0,1,0,1,0,0,0,0,0,"731697,580952","5379609,81737","12,138325174","48,526786929",0,1,#66c2a5,bicycle
210860,9,1,90,138,2019,6,16,3,2,0,1,0,1,0,0,0,0,0,"660997,694339","5311393,01043","11,155646773","47,935614472",0,1,#66c2a5,bicycle
210862,9,1,87,177,2019,6,9,3,3,2,2,0,0,1,0,1,0,0,"735759,831474","5305715,75543","12,152238316","47,861478826",0,2,#fc8d62,car
210866,9,1,85,158,2019,6,18,3,3,0,6,0,1,0,0,0,0,0,"667727,07038","5381447,72174","11,273435635","48,563665758",0,1,#66c2a5,bicycle
210869,9,1,79,134,2019,6,13,3,2,0,1,0,1,0,0,0,0,0,"666880,518614","5345608,0177","11,247722834","48,241707829",0,1,#66c2a5,bicycle
210870,9,1,81,130,2019,6,18,3,3,5,3,0,1,1,0,0,0,0,"639440,445486","5323090,55817","10,870981122","48,045857686",0,1,#66c2a5,bicycle
210871,9,1,79,145,2019,6,0,3,3,0,7,2,1,0,0,0,0,0,"674829,007169","5338413,56038","11,351725358","48,174893055",0,1,#66c2a5,bicycle
210872,9,1,74,122,2019,6,16,3,3,5,3,0,1,1,0,0,0,0,"684012,103555","5352055,5285","11,481060394","48,294919935",0,1,#66c2a5,bicycle
210874,9,1,75,132,2019,6,16,3,3,0,7,0,1,0,0,0,0,0,"707708,348936","5333877,76807","11,79128937","48,124239603",0,1,#66c2a5,bicycle
210876,9,1,84,136,2019,6,19,2,3,5,3,0,0,1,0,0,0,0,"697828,111395","5325484,77099","11,654777841","48,051955515",0,2,#fc8d62,car
210877,9,1,62,0,2019,6,15,2,3,3,1,0,0,1,0,0,0,0,"691749,201688","5331948,64012","11,576189009","48,111907768",0,2,#fc8d62,car
210878,9,1,62,0,2019,6,19,2,3,0,7,0,1,0,0,0,0,0,"691247,099582","5335938,64311","11,571240966","48,147920553",0,1,#66c2a5,bicycle
210880,9,1,62,0,2019,6,19,2,3,1,5,0,1,1,0,0,0,0,"686613,763749","5336640,26805","11,509317989","48,155603124",0,1,#66c2a5,bicycle
210881,9,1,62,0,2019,6,8,2,3,0,7,0,1,0,0,0,0,0,"689046,826218","5332485,34001","11,540157223","48,11753955",0,1,#66c2a5,bicycle
210882,9,1,62,0,2019,6,19,2,3,3,6,0,0,1,0,1,0,0,"691204,84642","5334756,11596","11,570142504","48,137304821",0,2,#fc8d62,car
210883,9,1,62,0,2019,6,9,2,3,0,1,0,1,0,0,0,0,0,"691287,121022","5335114,91033","11,571408412","48,140504902",0,1,#66c2a5,bicycle
210885,9,1,62,0,2019,6,8,2,3,3,6,0,1,0,0,0,0,0,"688118,548803","5338438,9492","11,530327344","48,171326596",0,1,#66c2a5,bicycle
210886,9,1,90,140,2019,6,23,6,2,5,3,2,1,1,0,0,0,0,"644377,434439","5295142,06","10,927823204","47,793441897",1,1,#66c2a5,bicycle
210887,9,1,62,0,2019,6,12,2,3,0,6,0,0,1,0,1,0,0,"690307,405748","5335741,1722","11,558531982","48,14642751",0,2,#fc8d62,car
210889,9,1,62,0,2019,6,14,2,3,3,6,0,0,1,0,0,0,0,"682529,326407","5337785,86738","11,454940705","48,167085995",0,2,#fc8d62,car
210891,9,1,62,0,2019,6,23,2,3,3,6,2,1,0,0,0,0,1,"688749,966063","5336576,65891","11,537985332","48,154400968",0,1,#66c2a5,bicycle
210892,9,1,62,0,2019,6,9,2,3,2,6,0,0,1,0,1,0,1,"692231,396116","5334144,62521","11,583650773","48,131499586",0,2,#fc8d62,car
210893,9,1,62,0,2019,6,18,2,2,3,7,0,0,1,0,1,0,0,"687452,807","5335521,926","11,520096438","48,145304439",0,2,#fc8d62,car
210894,9,1,63,0,2019,6,18,6,3,2,2,0,1,1,0,0,0,0,"732854,332243","5305248,98237","12,113198551","47,858344705",1,1,#66c2a5,bicycle
210895,9,1,84,135,2019,6,14,2,3,0,7,0,1,0,0,0,0,0,"689146,98521","5347747,02095","11,54829685","48,25468194",0,1,#66c2a5,bicycle
210896,9,1,62,0,2019,6,17,2,3,3,6,0,0,1,0,0,0,0,"690747,342203","5340135,47278","11,566411367","48,185791272",0,2,#fc8d62,car
210897,9,1,63,0,2019,6,10,6,3,2,6,0,0,1,0,1,0,0,"733317,238199","5304650,19231","12,119055044","47,852797249",0,2,#fc8d62,car
210898,9,1,62,0,2019,6,7,2,3,5,3,0,1,0,0,0,0,0,"686198,371715","5335677,38726","11,503316683","48,147070172",0,1,#66c2a5,bicycle
210899,9,1,63,0,2019,6,16,6,3,1,1,0,0,1,0,1,0,0,"734449,053372","5305068,46866","12,134388818","47,85614321",0,2,#fc8d62,car
210900,9,1,84,144,2019,6,17,2,3,4,2,0,1,1,0,0,0,0,"686827,976017","5319429,98295","11,504670984","48,000846758",0,1,#66c2a5,bicycle
210901,9,1,84,123,2019,6,10,2,3,6,4,0,0,1,1,0,0,0,"702925,10952","5332097,61135","11,726239044","48,109784224",0,2,#fc8d62,car
210902,9,1,62,0,2019,6,18,2,3,0,7,0,1,0,0,0,0,0,"689816,902117","5332142,43688","11,550341229","48,114228431",0,1,#66c2a5,bicycle
210903,9,1,63,0,2019,6,19,6,3,0,1,0,1,0,0,0,0,0,"733848,262508","5304028,37411","12,125806987","47,847017858",1,1,#66c2a5,bicycle
210904,9,1,62,0,2019,6,22,2,3,5,3,2,1,1,0,0,0,0,"690880,81837","5334271,60771","11,56557441","48,133047365",0,1,#66c2a5,bicycle
210905,9,1,62,0,2019,6,17,2,3,0,7,0,0,1,0,1,0,0,"691807,235333","5336127,41017","11,578848922","48,149448513",0,2,#fc8d62,car
210906,9,1,63,0,2019,6,15,6,3,2,6,0,0,1,0,0,0,0,"733397,431627","5306370,98294","12,121054132","47,8682278",0,2,#fc8d62,car
210910,9,7,78,116,2019,6,9,1,3,0,7,0,1,0,0,0,0,0,"621463,328291","5314780,79637","10,62752281","47,974797929",0,1,#66c2a5,bicycle
210917,9,7,72,200,2019,6,7,1,3,9,1,1,0,1,0,0,0,0,"629469,644389","5341572,32555","10,74287794","48,214161401",1,2,#fc8d62,car
210918,9,7,61,0,2019,6,18,1,3,0,1,0,1,0,0,0,0,0,"640883,948293","5358279,07369","10,902021543","48,361953521",0,1,#66c2a5,bicycle
210919,9,7,61,0,2019,6,0,1,3,0,1,2,1,0,0,0,0,0,"639867,956753","5359862,40718","10,888839407","48,376416316",1,1,#66c2a5,bicycle
210944,9,1,81,128,2019,6,19,1,3,4,6,0,1,0,0,0,0,0,"638447,05552","5327329,68101","10,859031959","48,084193585",0,1,#66c2a5,bicycle
210945,9,1,79,123,2019,6,15,1,3,5,3,0,1,1,0,0,0,0,"675029,415343","5333954,79625","11,352584792","48,134756523",0,1,#66c2a5,bicycle
210946,9,1,79,121,2019,6,19,1,2,5,2,0,1,1,0,0,0,0,"667140,741265","5339287,65577","11,248734438","48,184819818",0,1,#66c2a5,bicycle
210947,9,1,74,150,2019,6,17,1,3,6,6,0,0,1,1,0,0,0,"680678,770204","5358583,0298","11,438956652","48,354552994",0,2,#fc8d62,car
210948,9,1,74,115,2019,6,19,1,3,3,6,0,1,0,0,1,0,0,"683118,806252","5348868,6524","11,46764673","48,266534169",0,1,#66c2a5,bicycle
210949,9,1,77,133,2019,6,8,1,2,8,1,0,0,1,0,0,0,0,"707809,214712","5360194,08698","11,80555542","48,36068665",1,2,#fc8d62,car
210950,9,1,78,124,2019,6,14,1,2,5,3,0,1,1,0,0,0,0,"703852,696399","5363540,06814","11,753826978","48,392044013",0,1,#66c2a5,bicycle
210951,9,1,62,0,2019,6,23,7,3,5,2,2,1,1,0,0,0,0,"691287,926972","5335237,37079","11,571474242","48,141605321",1,1,#66c2a5,bicycle
210952,9,1,62,0,2019,6,22,7,2,2,6,2,0,1,0,0,0,0,"682618,001431","5337423,95583","11,455976805","48,16380743",1,2,#fc8d62,car
210953,9,1,84,135,2019,6,14,7,3,6,7,0,0,1,1,0,0,0,"690085,656306","5347239,3934","11,56070212","48,249838645",0,2,#fc8d62,car
210954,9,1,62,0,2019,6,22,7,2,6,4,2,0,1,1,0,0,0,"692209,926356","5337062,81798","11,584679872","48,1577342",1,2,#fc8d62,car
210955,9,1,62,0,2019,6,16,7,3,6,4,0,0,1,1,0,0,0,"694826,556273","5336784,40078","11,619700767","48,154435649",0,2,#fc8d62,car
210956,9,1,84,130,2019,6,1,7,3,6,7,2,0,1,1,0,0,0,"698915,046815","5343945,52571","11,677967303","48,21752762",1,2,#fc8d62,car
210957,9,1,62,0,2019,6,14,7,3,6,4,0,0,1,1,0,0,0,"689471,564951","5330321,13401","11,544897317","48,097961153",0,2,#fc8d62,car
210958,9,1,62,0,2019,6,17,7,3,5,2,0,1,1,0,0,0,0,"688376,70175","5336582,39549","11,532973947","48,1545632",0,1,#66c2a5,bicycle
210959,9,1,62,0,2019,6,10,7,3,6,4,0,1,0,1,0,0,0,"686603,905797","5336425,14308","11,509091231","48,153672407",0,1,#66c2a5,bicycle
210960,9,1,62,0,2019,6,19,7,3,9,7,0,1,0,0,0,0,0,"697423,668623","5333994,22868","11,653290291","48,128558651",0,1,#66c2a5,bicycle
210961,9,1,62,0,2019,6,12,7,3,2,6,0,1,0,0,0,0,0,"694446,937","5332424,924","11,612611967","48,115370579",0,1,#66c2a5,bicycle
210962,9,1,62,0,2019,6,2,7,3,5,2,2,1,1,0,0,0,0,"692304,637326","5338133,54424","11,586436187","48,167328992",0,1,#66c2a5,bicycle
210963,9,1,62,0,2019,6,22,7,3,0,1,2,1,0,0,0,0,0,"691204,663241","5337097,42769","11,571191638","48,158348325",1,1,#66c2a5,bicycle
210964,9,1,62,0,2019,6,16,7,3,6,4,0,0,1,1,0,0,0,"691829,918364","5334833,5855","11,578570691","48,137812987",0,2,#fc8d62,car
210968,9,7,61,0,2019,6,15,7,3,5,3,0,1,1,0,0,0,0,"638353,34815","5358839,82119","10,868060348","48,367555334",0,1,#66c2a5,bicycle
210969,9,7,61,0,2019,6,12,7,3,2,6,0,0,1,0,0,0,0,"641774,349166","5361601,556","10,915156117","48,391628508",0,2,#fc8d62,car
210970,9,7,71,113,2019,6,20,7,3,9,1,2,0,1,0,0,0,0,"655069,489155","5368170,52799","11,097062429","48,447558141",1,2,#fc8d62,car
210984,9,1,81,114,2019,6,11,3,3,0,1,0,1,0,0,0,0,0,"657127,861685","5312923,61124","11,104427762","47,950337026",0,1,#66c2a5,bicycle
210985,9,1,74,115,2019,6,7,3,3,0,1,0,1,0,0,0,0,0,"682335,333267","5348644,99182","11,457002603","48,26474979",0,1,#66c2a5,bicycle
210986,9,1,78,145,2019,6,12,3,3,2,6,0,0,1,0,0,0,0,"697508,387896","5354461,1688","11,663960914","48,312471618",0,2,#fc8d62,car
210988,9,1,78,124,2019,6,17,3,3,0,1,0,1,0,0,0,0,0,"702205,354","5363653,344","11,731654125","48,393592204",0,1,#66c2a5,bicycle
210989,9,1,62,0,2019,6,22,2,3,1,5,2,0,1,0,0,0,1,"690413,333053","5335511,70432","11,559851992","48,144333363",0,2,#fc8d62,car
210991,9,1,62,0,2019,6,12,2,3,2,6,0,0,1,0,0,0,0,"688221,318239","5339975,03284","11,53238856","48,185102662",0,2,#fc8d62,car
210993,9,1,62,0,2019,6,16,2,3,2,6,0,0,1,0,1,0,0,"694454,751996","5333008,73679","11,612983097","48,120615289",0,2,#fc8d62,car
210996,9,1,62,0,2019,6,13,2,3,5,3,0,1,1,0,0,0,0,"692246,666187","5335088,80716","11,584281896","48,139981104",0,1,#66c2a5,bicycle
210998,9,1,62,0,2019,6,7,2,3,5,4,0,1,0,1,0,0,0,"691700,638001","5332764,47705","11,575903967","48,11925505",0,1,#66c2a5,bicycle
211000,9,1,62,0,2019,6,14,2,3,3,6,0,1,0,0,0,0,0,"691922,805","5336034,595","11,580359275","48,148579448",0,1,#66c2a5,bicycle
211002,9,1,62,0,2019,6,9,2,2,6,4,0,1,0,1,0,0,0,"691671,574126","5334614,10575","11,576345706","48,135888046",0,1,#66c2a5,bicycle
211003,9,1,62,0,2019,6,18,2,3,5,3,0,0,1,0,1,0,0,"692720,064821","5338911,97501","11,592370468","48,174199489",0,2,#fc8d62,car
211005,9,1,62,0,2019,6,16,2,3,3,6,0,1,0,0,0,0,1,"693444,974","5333509,756","11,599656099","48,125425889",0,1,#66c2a5,bicycle
211006,9,1,62,0,2019,6,17,2,3,6,7,0,0,1,1,0,0,0,"692065,633769","5337712,73166","11,583035017","48,16361908",0,2,#fc8d62,car
211008,9,1,62,0,2019,6,16,2,3,5,3,0,0,1,1,0,0,0,"691712,127709","5335681,23725","11,577370617","48,145467053",0,2,#fc8d62,car
211010,9,1,62,0,2019,6,15,2,3,3,6,0,0,1,0,0,0,0,"695424,516511","5335145,99906","11,626980298","48,13952708",0,2,#fc8d62,car
211011,9,2,61,0,2019,6,11,7,3,0,1,0,1,0,0,0,0,0,"732305,962612","5382285,71398","12,148044259","48,550599044",0,1,#66c2a5,bicycle
211012,9,1,84,149,2019,6,14,2,3,5,3,0,1,1,0,0,0,0,"690876,406037","5351546,87753","11,573287612","48,288315339",0,1,#66c2a5,bicycle
211013,9,1,62,0,2019,6,13,2,3,0,1,0,1,0,0,0,0,0,"680817,857588","5338536,28061","11,432262953","48,174320441",0,1,#66c2a5,bicycle
211015,9,1,62,0,2019,6,7,2,3,6,4,0,0,1,1,0,0,0,"687395,006071","5339079,09064","11,520887175","48,177294048",0,2,#fc8d62,car
211016,9,1,62,0,2019,6,17,2,3,2,6,0,0,1,0,0,0,0,"688874,38","5340137,501","11,541238337","48,186369112",0,2,#fc8d62,car
211018,9,1,62,0,2019,6,14,2,3,5,3,0,0,1,0,1,0,0,"688115,434959","5336541,55352","11,529446369","48,154273439",0,2,#fc8d62,car
211019,9,1,63,0,2019,6,16,7,3,2,6,0,0,1,0,0,0,0,"732632,064","5304755,102","12,109965811","47,853988107",0,2,#fc8d62,car
211020,9,1,62,0,2019,6,15,2,3,3,2,0,1,1,0,0,0,0,"686256,242879","5331803,81939","11,502400828","48,112236106",0,1,#66c2a5,bicycle
211021,9,1,84,139,2019,6,16,2,3,5,3,0,1,1,0,0,0,0,"687131,301411","5325681,89574","11,511463923","48,056953359",0,1,#66c2a5,bicycle
211022,9,1,84,131,2019,6,14,2,3,4,6,0,1,0,0,0,0,0,"704740,231879","5339172,67527","11,75399696","48,172783991",0,1,#66c2a5,bicycle
211023,9,1,63,0,2019,6,15,7,3,2,6,0,0,1,0,1,0,0,"730880,759024","5304111,949","12,086245372","47,84884125",0,2,#fc8d62,car
211024,9,1,62,0,2019,6,22,2,3,0,1,2,1,0,0,0,0,0,"693133,160028","5334051,31042","11,595715599","48,130387912",0,1,#66c2a5,bicycle
211025,9,1,62,0,2019,6,16,2,3,5,2,0,1,0,0,1,0,0,"692941,881221","5333674,26938","11,592976831","48,127057167",0,1,#66c2a5,bicycle
211026,9,1,87,117,2019,6,12,7,3,4,3,0,1,1,0,0,0,0,"724881,888328","5305419,4864","12,006852278","47,862715998",0,1,#66c2a5,bicycle
211027,9,1,62,0,2019,6,18,2,3,0,7,0,1,0,0,0,0,0,"688777,484088","5332406,49866","11,536506942","48,116910814",0,1,#66c2a5,bicycle
211028,9,1,81,130,2019,6,17,7,3,7,1,0,1,0,0,0,0,0,"639044,863537","5324495,4112","10,86613275","48,05857688",1,1,#66c2a5,bicycle
211029,9,1,62,0,2019,6,9,2,3,1,7,0,1,1,0,0,0,0,"691841,5591","5334855,76889","11,578736992","48,138008859",0,1,#66c2a5,bicycle
211030,9,1,79,123,2019,6,16,7,2,0,7,0,1,0,0,0,0,0,"675039,958391","5331636,38366","11,351774276","48,113912484",1,1,#66c2a5,bicycle
211033,9,1,79,121,2019,6,16,7,2,5,3,0,0,1,0,0,0,0,"666017,304285","5338041,69626","11,233144747","48,173913155",0,2,#fc8d62,car
211035,9,1,77,115,2019,6,8,7,3,4,6,0,0,1,0,0,0,0,"728378,525859","5350912,62071","12,077831574","48,270201769",0,2,#fc8d62,car
211036,9,7,62,0,2019,6,22,2,3,5,3,2,1,0,0,0,0,0,"621740,525","5304209,35","10,628247872","47,879669282",0,1,#66c2a5,bicycle
211037,9,7,62,0,2019,6,20,2,3,0,1,0,1,0,0,0,0,0,"621540,363384","5304839,29227","10,625749184","47,885372748",0,1,#66c2a5,bicycle
211039,9,1,84,149,2019,6,9,6,3,5,3,0,1,1,0,0,0,0,"690979,366452","5349649,91452","11,573817052","48,271235033",0,1,#66c2a5,bicycle