OBJECTID,ULAND,UREGBEZ,UKREIS,UGEMEINDE,UJAHR,UMONAT,USTUNDE,UWOCHENTAG,UKATEGORIE,UART,UTYP1,ULICHTVERH,IstRad,IstPKW,IstFuss,IstKrad,IstGkfz,IstSonstig,LINREFX,LINREFY,XGCSWGS84,YGCSWGS84,STRZUSTAND,Teilnehmer,color,symbol
211040,9,7,77,140,2019,6,17,2,3,5,3,0,1,1,0,0,0,0,"624924,624632","5317478,99881","10,674666525","47,998397445",0,1,#66c2a5,bicycle
211042,9,7,71,145,2019,6,11,2,3,0,1,0,1,0,0,0,0,0,"647407,611313","5346406,82204","10,985893718","48,253717263",0,1,#66c2a5,bicycle
211043,9,7,71,145,2019,6,18,2,3,4,2,0,0,1,0,0,0,0,"649686,182912","5344432,13809","11,015873243","48,235428321",0,2,#fc8d62,car
211044,9,1,62,0,2019,6,21,6,3,1,1,2,1,1,0,0,0,0,"690365,323902","5335707,36403","11,559294723","48,146106314",1,1,#66c2a5,bicycle
211045,9,7,72,163,2019,6,14,2,3,5,2,0,1,1,0,0,0,0,"640707,434019","5350289,65013","10,896972956","48,290154144",0,1,#66c2a5,bicycle
211046,9,1,62,0,2019,6,10,6,3,0,5,0,1,1,0,0,0,0,"687105,042901","5331775,8364","11,513781046","48,1117358",0,1,#66c2a5,bicycle
211047,9,7,72,125,2019,6,12,2,3,5,3,0,1,1,0,0,0,0,"636791,060471","5348520,02046","10,843629552","48,275100103",0,1,#66c2a5,bicycle
211048,9,1,62,0,2019,6,15,6,3,5,3,0,0,1,0,0,0,0,"693215,908294","5336189,64733","11,597796664","48,149581556",0,2,#fc8d62,car
211049,9,7,61,0,2019,6,19,2,3,0,1,0,1,0,0,0,0,0,"637761,126841","5358587,48302","10,859985859","48,36541588",0,1,#66c2a5,bicycle
211050,9,7,61,0,2019,6,20,2,3,1,6,0,0,1,0,0,0,0,"639283,486916","5361360,0972","10,881447323","48,390012425",0,2,#fc8d62,car
211051,9,1,62,0,2019,6,7,6,3,3,2,0,1,1,0,0,0,0,"692177,917792","5331128,84056","11,581573555","48,104410304",0,1,#66c2a5,bicycle
211052,9,7,61,0,2019,6,18,2,3,0,7,0,1,0,0,0,0,0,"640997,652234","5360572,12025","10,904324678","48,382546359",0,1,#66c2a5,bicycle
211053,9,7,61,0,2019,6,16,2,3,2,1,0,0,1,0,1,0,0,"639861,898515","5357867,65307","10,888094286","48,358481394",0,2,#fc8d62,car
211054,9,1,62,0,2019,6,19,6,3,3,2,0,1,1,0,0,0,0,"690832,122107","5335013,07217","11,565252749","48,13972621",0,1,#66c2a5,bicycle
211055,9,7,61,0,2019,6,10,2,3,0,1,0,1,0,0,0,0,0,"638355,223562","5356687,75721","10,867378067","48,348203911",0,1,#66c2a5,bicycle
211056,9,1,62,0,2019,6,14,6,3,3,6,0,0,1,0,0,0,0,"693425,943617","5332274,57471","11,598840262","48,114330195",0,2,#fc8d62,car
211057,9,7,61,0,2019,6,19,2,3,5,3,0,0,1,0,1,0,0,"639394,672076","5360090,16178","10,882527081","48,378568958",0,2,#fc8d62,car
211058,9,1,62,0,2019,6,8,6,3,6,5,0,1,0,1,0,0,0,"689087,563309","5337465,82607","11,5429153","48,162292579",0,1,#66c2a5,bicycle
211060,9,1,62,0,2019,6,11,6,3,3,5,0,1,1,0,0,0,0,"688410,01995","5341409,88793","11,535561396","48,197943302",0,1,#66c2a5,bicycle
211063,9,1,62,0,2019,6,14,6,3,5,2,0,1,1,0,0,0,0,"690295,874154","5336033,53188","11,558507798","48,149058681",0,1,#66c2a5,bicycle
211064,9,1,62,0,2019,6,10,6,3,3,6,0,1,0,0,0,0,0,"685772,338802","5329809,93229","11,495037838","48,094455418",0,1,#66c2a5,bicycle
211068,9,1,62,0,2019,6,15,6,3,5,2,0,0,1,0,0,0,0,"697930,514216","5331489,06407","11,658931678","48,105886594",0,2,#fc8d62,car
211071,9,1,62,0,2019,6,15,6,3,1,5,0,1,1,0,0,0,0,"692953,881553","5334219,80029","11,593384952","48,131956629",0,1,#66c2a5,bicycle
211077,9,7,72,163,2019,6,10,6,3,5,2,0,0,1,0,0,0,0,"639393,944204","5349619,80519","10,879053804","48,284421632",0,2,#fc8d62,car
211080,9,7,61,0,2019,6,10,6,2,3,6,0,1,1,0,0,0,0,"638053,281134","5358542,43483","10,863913435","48,364946985",0,1,#66c2a5,bicycle
211083,9,7,61,0,2019,6,17,6,3,0,1,0,1,0,0,0,0,0,"638278,161","5355912,694","10,866084016","48,341251522",0,1,#66c2a5,bicycle
211085,9,7,61,0,2019,6,12,6,3,5,3,0,1,1,0,0,0,0,"641261,8392","5358164,14297","10,907081782","48,360835662",0,1,#66c2a5,bicycle
211088,9,7,61,0,2019,6,6,6,2,4,1,0,1,0,0,0,0,0,"639916,409966","5355575,91247","10,88806815","48,337862565",0,1,#66c2a5,bicycle
211090,9,7,61,0,2019,6,14,6,3,6,4,0,0,0,1,0,0,1,"640244,121801","5358919,58188","10,893601953","48,367855236",0,3,#8da0cb,toilet
211092,9,7,71,113,2019,6,22,6,3,0,7,2,0,0,0,1,0,0,"655456,593186","5368192,63009","11,102301923","48,447661363",0,4,#e78ac3,marker
211117,9,2,61,0,2019,6,10,2,3,3,6,0,1,1,0,0,0,0,"732196,273908","5381587,27606","12,14617086","48,544365761",0,1,#66c2a5,bicycle
211119,9,2,61,0,2019,6,17,2,3,6,7,0,0,0,1,0,0,1,"732668,054422","5380787,88194","12,152106913","48,537010279",0,3,#8da0cb,toilet
211122,9,1,90,157,2019,6,12,2,3,5,3,0,0,1,0,1,0,0,"660850,307773","5301896,249","11,150135601","47,850266083",0,2,#fc8d62,car
211131,9,1,63,0,2019,6,12,2,3,1,5,0,1,1,0,0,0,0,"732167,943523","5304178,73469","12,103461322","47,848977712",0,1,#66c2a5,bicycle
211139,9,1,88,137,2019,6,7,2,3,1,5,0,0,1,0,0,0,1,"672176,529062","5317013,43619","11,307452209","47,983235902",0,2,#fc8d62,car
211140,9,1,88,121,2019,6,6,2,3,5,3,0,1,1,0,0,0,0,"670244,863038","5330298,11107","11,28686898","48,103181557",0,1,#66c2a5,bicycle
211142,9,1,88,121,2019,6,13,2,3,0,7,0,0,0,0,1,1,0,"668730,562033","5333765,27427","11,267916394","48,134754037",0,4,#e78ac3,marker
211143,9,1,74,115,2019,6,14,2,3,5,3,0,1,1,0,0,0,0,"682252,28156","5347181,89521","11,455254358","48,251622631",0,1,#66c2a5,bicycle
211144,9,1,74,126,2019,6,10,2,2,4,3,0,1,0,0,0,0,1,"682364,057478","5344781,91582","11,455725378","48,23001819",0,1,#66c2a5,bicycle
211145,9,1,74,115,2019,6,7,2,2,4,2,0,1,0,0,0,0,1,"681334,825147","5347489,26677","11,443038013","48,254648623",0,1,#66c2a5,bicycle
211147,9,1,77,117,2019,6,7,2,3,3,6,0,1,1,0,0,0,0,"715008,476437","5353295,33069","11,899104161","48,29629028",0,1,#66c2a5,bicycle
211149,9,1,62,0,2019,6,4,1,3,5,3,2,0,1,0,0,0,0,"690965,588","5334307,719","11,566728775","48,133346502",1,2,#fc8d62,car
211151,9,1,62,0,2019,6,18,1,3,5,3,0,1,1,0,0,0,0,"692824,418309","5335368,59966","11,592166802","48,142320991",0,1,#66c2a5,bicycle
211153,9,1,62,0,2019,6,16,1,3,3,7,0,0,1,0,1,0,0,"689694,858662","5332036,95292","11,548656244","48,113316694",0,2,#fc8d62,car
211154,9,1,62,0,2019,6,22,1,2,0,1,2,1,0,0,0,0,0,"689441,281183","5334100,47307","11,546169801","48,131939303",0,1,#66c2a5,bicycle
211155,9,1,62,0,2019,6,16,1,2,6,4,0,1,0,1,0,0,0,"691796,088749","5339993,40052","11,580442785","48,184198606",0,1,#66c2a5,bicycle
211157,9,1,62,0,2019,6,15,1,3,0,7,0,1,1,1,0,0,0,"686479,35","5338551,554","11,508350374","48,172821764",0,1,#66c2a5,bicycle
211158,9,1,62,0,2019,6,20,1,2,3,7,1,0,1,0,0,0,0,"689651,941294","5332993,8372","11,548505809","48,12193004",0,2,#fc8d62,car
211160,9,1,62,0,2019,6,14,1,2,5,3,0,0,1,0,0,0,1,"686772,103027","5336670,90944","11,51145844","48,155832055",1,2,#fc8d62,car
211162,9,1,62,0,2019,6,4,1,3,0,7,2,0,0,0,1,0,0,"687468,322831","5336047,86537","11,520536431","48,150027136",1,4,#e78ac3,marker
211163,9,1,62,0,2019,6,14,1,3,2,6,0,0,1,0,0,0,0,"686761,452505","5337150,55241","11,511525913","48,160146351",0,2,#fc8d62,car
211164,9,1,62,0,2019,6,9,1,3,0,1,0,1,0,0,0,0,0,"684433,120901","5331715,87648","11,477892555","48,111976169",1,1,#66c2a5,bicycle
211166,9,1,62,0,2019,6,15,1,3,3,7,0,0,1,0,0,0,0,"689491,033122","5333119,27789","11,546401532","48,123105423",0,2,#fc8d62,car
211195,9,2,74,111,2019,6,6,5,3,4,1,0,0,1,0,1,0,0,"742388,608234","5378921,91354","12,282492493","48,516572497",0,2,#fc8d62,car
211201,9,1,82,125,2019,6,17,5,3,8,1,0,1,0,0,0,0,0,"711113,645061","5296216,90609","11,818514072","47,784688185",0,1,#66c2a5,bicycle
211209,9,1,88,139,2019,6,13,5,2,9,1,0,0,1,0,0,0,0,"673896,692414","5320304,71595","11,331819188","48,012358382",0,2,#fc8d62,car
211210,9,1,81,128,2019,6,10,5,2,5,3,0,0,1,0,1,0,0,"639387,799","5331484,047","10,873014162","48,12134553",0,2,#fc8d62,car
211211,9,1,81,130,2019,6,7,5,3,1,6,0,0,1,0,1,0,0,"638634,733988","5325133,02333","10,860838079","48,064399753",0,2,#fc8d62,car
211212,9,1,88,121,2019,6,18,5,3,4,7,0,1,0,0,0,0,0,"672665,613","5330792,463","11,319559102","48,106974126",0,1,#66c2a5,bicycle
211213,9,1,79,123,2019,6,7,5,3,5,3,0,1,1,0,0,0,0,"676288,786319","5333831,48227","11,369446112","48,133300405",0,1,#66c2a5,bicycle
211214,9,1,78,143,2019,6,18,5,3,0,1,0,1,0,0,0,0,0,"717268,560995","5373217,13588","11,939836425","48,474511246",0,1,#66c2a5,bicycle
211215,9,1,77,137,2019,6,18,5,3,2,3,0,0,1,0,1,0,0,"739261,748101","5346030,35622","12,221509779","48,222330004",0,2,#fc8d62,car
211216,9,1,62,0,2019,6,16,4,3,5,3,0,0,1,0,0,0,1,"691510,087506","5335701,29736","11,574666266","48,145708203",0,2,#fc8d62,car
211217,9,1,62,0,2019,6,14,4,3,1,5,0,1,1,0,0,0,0,"691410,852919","5336351,02607","11,573625701","48,151577744",0,1,#66c2a5,bicycle
211218,9,1,62,0,2019,6,7,4,3,5,3,0,0,1,0,0,0,0,"691712,417751","5335686,51594","11,577376889","48,14551441",0,2,#fc8d62,car
211219,9,1,62,0,2019,6,9,4,3,6,5,0,0,1,1,0,0,0,"696989,906424","5330882,94237","11,646030085","48,100730667",0,2,#fc8d62,car
211220,9,1,62,0,2019,6,22,4,3,2,7,2,1,1,0,0,0,0,"690938,402945","5334033,78611","11,566241007","48,130892565",0,1,#66c2a5,bicycle
211221,9,1,62,0,2019,6,16,4,3,6,4,0,1,0,1,0,0,0,"690790,900536","5339740,76429","11,566819565","48,182230607",0,1,#66c2a5,bicycle
211222,9,1,62,0,2019,6,16,4,3,4,2,0,0,1,0,1,0,0,"682776,44216","5334796,28005","11,456977121","48,140142608",0,2,#fc8d62,car
211223,9,1,62,0,2019,6,8,4,3,3,2,0,0,1,0,1,0,0,"698153,232011","5331429,81668","11,661892734","48,105284886",0,2,#fc8d62,car
211224,9,1,62,0,2019,6,6,4,3,3,6,0,1,0,0,0,0,0,"691733,849661","5332745,77451","11,576341357","48,119076954",0,1,#66c2a5,bicycle
211225,9,1,84,146,2019,6,8,4,3,3,2,0,1,1,0,0,0,0,"698356,815778","5328183,97615","11,663116857","48,07605016",0,1,#66c2a5,bicycle
211226,9,1,62,0,2019,6,16,4,3,3,3,0,1,1,0,0,0,0,"691779,109","5338090,671","11,579356106","48,167102417",0,1,#66c2a5,bicycle
211227,9,1,84,120,2019,6,17,4,3,1,5,0,0,1,0,1,0,0,"682019,419989","5333125,65348","11,446096727","48,125342745",0,2,#fc8d62,car
211228,9,1,62,0,2019,6,14,4,2,0,2,0,1,0,0,1,0,0,"689415,487","5340748,643","11,548783814","48,191700935",0,1,#66c2a5,bicycle
211229,9,1,84,132,2019,6,7,4,3,1,5,0,0,1,0,0,0,0,"683716,101024","5329852,96235","11,467466504","48,09543828",0,2,#fc8d62,car
211230,9,1,62,0,2019,6,10,4,3,2,7,0,0,1,0,0,0,0,"686181,867662","5338545,92573","11,504350418","48,172858389",0,2,#fc8d62,car
211231,9,1,62,0,2019,6,7,4,2,3,1,0,1,1,0,0,0,0,"687554,869834","5341397,79401","11,524059335","48,198087751",0,1,#66c2a5,bicycle
211232,9,1,62,0,2019,6,15,4,3,6,4,0,1,0,1,0,0,0,"690758,012713","5339985,90382","11,566487626","48,184443763",0,1,#66c2a5,bicycle
211233,9,1,84,148,2019,6,15,4,3,1,5,0,1,0,0,0,1,0,"694052,837905","5327378,08947","11,605028861","48,070131234",0,1,#66c2a5,bicycle
211234,9,1,62,0,2019,6,16,4,2,0,1,0,1,0,0,0,0,0,"686903,891458","5329846,81185","11,510236362","48,094456059",0,1,#66c2a5,bicycle
211235,9,1,62,0,2019,6,5,4,3,4,2,0,1,1,0,0,0,0,"696110,212156","5335254,67196","11,636237651","48,140292814",0,1,#66c2a5,bicycle
211236,9,1,62,0,2019,6,18,4,3,0,7,0,0,0,0,1,0,1,"697409,818329","5335374,30153","11,65374386","48,140966098",0,4,#e78ac3,marker
211237,9,1,62,0,2019,6,7,4,3,0,5,0,1,0,0,0,1,0,"692105,322752","5337504,09619","11,583473994","48,16173192",0,1,#66c2a5,bicycle
211242,9,7,78,203,2019,6,17,4,3,0,4,0,0,1,1,0,0,0,"622511,717641","5323850,72281","10,644156438","48,056168078",0,2,#fc8d62,car
211251,9,7,71,130,2019,6,7,4,3,5,3,0,0,1,0,1,0,0,"646243,032","5357400,445","10,974023346","48,352834867",0,2,#fc8d62,car
211252,9,7,61,0,2019,6,14,4,2,0,7,0,1,0,0,0,0,0,"641351,071653","5360744,35034","10,909153169","48,384015891",0,1,#66c2a5,bicycle
211253,9,7,61,0,2019,6,18,4,3,5,3,0,1,1,0,0,0,0,"638352,335201","5356721,25827","10,867350113","48,348505781",0,1,#66c2a5,bicycle
211254,9,7,61,0,2019,6,22,4,3,4,2,2,0,1,0,1,0,0,"640247,112419","5358599,06435","10,893535435","48,364972577",0,2,#fc8d62,car
211255,9,7,71,113,2019,6,10,4,3,0,7,0,1,0,0,0,0,0,"657064,196516","5369126,63275","11,124377115","48,455659228",0,1,#66c2a5,bicycle
211285,9,1,73,126,2019,6,16,4,3,5,3,0,1,1,0,0,0,0,"683775,143728","5306191,34603","11,458131698","47,882729821",0,1,#66c2a5,bicycle
211290,9,1,63,0,2019,6,18,4,3,5,3,0,1,1,0,0,0,0,"732423,921096","5304375,9706","12,106983795","47,850657222",0,1,#66c2a5,bicycle
211291,9,1,82,120,2019,6,17,4,3,4,6,0,1,0,0,1,0,0,"701332,841124","5306355,74743","11,692799255","47,878942124",0,1,#66c2a5,bicycle
211294,9,1,85,131,2019,6,13,4,2,9,1,0,0,1,0,0,0,0,"663593,901313","5378065,0706","11,216128511","48,53434934",0,2,#fc8d62,car
211296,9,1,88,139,2019,6,9,4,3,0,7,0,1,0,0,0,0,1,"676770,437185","5318516,26469","11,369583128","47,995492772",0,1,#66c2a5,bicycle
211297,9,1,74,126,2019,6,15,4,2,5,3,0,1,1,0,0,0,0,"683551,462677","5344699,54764","11,471663976","48,22893533",0,1,#66c2a5,bicycle
211298,9,1,75,132,2019,6,20,4,2,8,7,0,1,0,0,0,0,0,"708123,900812","5331843,28501","11,795874064","48,105821469",0,1,#66c2a5,bicycle
211299,9,1,78,124,2019,6,14,4,3,0,1,0,0,0,0,1,0,0,"703490,160175","5364737,56096","11,749515621","48,402921979",0,4,#e78ac3,marker
211300,9,1,77,133,2019,6,19,4,3,0,1,0,1,0,0,0,0,0,"711042,778486","5353901,94979","11,846004376","48,303075977",0,1,#66c2a5,bicycle
211301,9,1,75,122,2019,6,7,4,3,6,4,0,1,0,1,0,0,0,"721288,430433","5325835,15831","11,969372643","48,047402588",0,1,#66c2a5,bicycle
211302,9,1,62,0,2019,6,15,3,3,5,3,0,1,1,0,0,0,0,"693524,070749","5331482,65792","11,599798002","48,107182844",0,1,#66c2a5,bicycle
211303,9,1,62,0,2019,6,11,3,3,3,6,0,0,1,0,1,0,0,"689336,794438","5333022,29813","11,544287902","48,122279645",0,2,#fc8d62,car
211304,9,1,62,0,2019,6,8,3,3,5,7,0,0,1,0,1,0,0,"691687,903053","5338151,92173","11,578158319","48,167680435",0,2,#fc8d62,car
211305,9,1,62,0,2019,6,6,3,3,6,2,0,0,1,1,0,0,0,"690630,231267","5335503,41184","11,562761161","48,144193877",0,2,#fc8d62,car
211306,9,1,62,0,2019,6,14,3,3,3,6,0,0,1,0,0,0,0,"686222,045","5333335,858","11,502610968","48,126016696",0,2,#fc8d62,car
211307,9,1,62,0,2019,6,16,3,2,6,5,0,1,0,1,0,0,0,"691944,402573","5334614,77735","11,580009368","48,135811853",0,1,#66c2a5,bicycle
211308,9,1,62,0,2019,6,11,3,3,5,6,0,0,1,0,1,0,0,"690151,94347","5334301,63199","11,55580134","48,133535406",0,2,#fc8d62,car
211309,9,1,62,0,2019,6,14,3,2,0,7,0,1,0,0,0,0,0,"684942,206692","5332142,80639","11,484910689","48,115666024",0,1,#66c2a5,bicycle
211310,9,1,84,146,2019,6,13,3,3,0,7,0,0,0,0,0,0,1,"694728,853","5328915,479","11,614794657","48,083742795",0,6,#ffd92f,circle
211311,9,1,62,0,2019,6,16,3,3,2,6,0,0,1,0,1,0,0,"690810,762092","5334871,8609","11,564902653","48,138463417",0,2,#fc8d62,car
211312,9,1,62,0,2019,6,15,3,3,0,7,0,0,0,0,1,0,0,"683005,074904","5340646,23933","11,46256501","48,192659919",0,4,#e78ac3,marker
211313,9,1,62,0,2019,6,9,3,3,0,7,0,0,0,0,0,0,1,"688865,416349","5332409,22634","11,53768845","48,116909258",0,6,#ffd92f,circle
211314,9,1,84,112,2019,6,12,3,3,5,7,0,1,1,0,0,0,0,"699423,512765","5335859,2708","11,681010119","48,144696642",0,1,#66c2a5,bicycle
211315,9,1,62,0,2019,6,16,3,2,5,3,0,1,0,0,0,1,0,"684991,78782","5340957,92234","11,489408485","48,194885888",0,1,#66c2a5,bicycle
211316,9,1,62,0,2019,6,18,3,3,5,2,0,1,0,0,0,1,0,"688563,472","5334973,278","11,534770038","48,14004488",0,1,#66c2a5,bicycle
211317,9,1,62,0,2019,6,15,3,3,5,3,0,0,1,0,0,0,0,"688080,929161","5339728,66739","11,530392571","48,182929879",0,2,#fc8d62,car
211318,9,1,62,0,2019,6,7,3,3,5,3,0,0,1,0,0,0,0,"685069,859","5339513,915","11,489828885","48,181883849",0,2,#fc8d62,car
211319,9,1,62,0,2019,6,9,3,3,1,5,0,1,1,0,0,0,0,"690559,917869","5337721,0917","11,562809927","48,164147309",0,1,#66c2a5,bicycle
211320,9,1,62,0,2019,6,23,3,3,5,2,2,1,1,0,0,0,0,"689849,412522","5335989,70703","11,552491809","48,14879819",0,1,#66c2a5,bicycle
211321,9,1,62,0,2019,6,9,3,3,5,3,0,1,1,0,0,0,0,"688123,162434","5336872,64163","11,529696545","48,157247028",0,1,#66c2a5,bicycle
211322,9,1,62,0,2019,6,13,3,3,5,3,0,1,1,0,0,0,0,"685151,755018","5334945,56298","11,488941181","48,140797687",0,1,#66c2a5,bicycle
211323,9,1,62,0,2019,6,10,3,3,5,2,0,1,1,0,0,0,0,"684367,77317","5330749,01552","11,476597619","48,103304361",0,1,#66c2a5,bicycle
211324,9,1,84,147,2019,6,18,3,3,4,7,0,0,1,0,1,0,0,"695563,892018","5339447,34754","11,630828941","48,178142411",0,2,#fc8d62,car
211325,9,1,84,130,2019,6,7,3,3,1,7,0,0,1,0,0,0,0,"698581,383016","5344051,64982","11,673530005","48,218585861",0,2,#fc8d62,car
211326,9,1,62,0,2019,6,18,3,3,5,2,0,0,1,0,1,0,0,"699007,635","5333725,171","11,674428536","48,125647372",0,2,#fc8d62,car
211327,9,1,62,0,2019,6,13,3,3,4,2,0,0,1,0,0,0,0,"700039,758","5335221,969","11,688985986","48,138775721",0,2,#fc8d62,car
211328,9,1,62,0,2019,6,7,3,3,5,2,0,1,1,0,0,0,0,"696780,890263","5332477,62837","11,64396114","48,11512738",0,1,#66c2a5,bicycle
211329,9,1,62,0,2019,6,8,3,3,0,7,0,1,1,0,0,0,0,"695235,922789","5334280,34747","11,624051165","48,131804906",0,1,#66c2a5,bicycle
211330,9,1,62,0,2019,6,19,3,3,1,6,0,0,1,0,0,0,0,"692307,693","5334221,052","11,58470964","48,132163448",0,2,#fc8d62,car
211331,9,1,62,0,2019,6,18,3,3,5,2,0,1,1,0,0,0,0,"689309,52111","5333001,72348","11,543912644","48,122102827",0,1,#66c2a5,bicycle
211332,9,1,62,0,2019,6,15,3,3,1,6,0,1,1,0,0,0,0,"691632,562515","5335393,10768","11,576172391","48,142901358",0,1,#66c2a5,bicycle
211343,9,7,72,125,2019,6,14,3,3,5,3,0,0,1,0,0,0,0,"635900,619178","5347169,13924","10,831200661","48,263144493",0,2,#fc8d62,car
211344,9,7,61,0,2019,6,20,3,3,5,3,0,1,1,0,0,0,0,"638655,187612","5358601,38647","10,872054951","48,365345142",0,1,#66c2a5,bicycle
211345,9,7,61,0,2019,6,18,3,3,5,3,0,1,1,0,0,0,0,"641787,538027","5362034,7196","10,915480414","48,395520349",0,1,#66c2a5,bicycle
211346,9,7,61,0,2019,6,12,3,2,0,7,0,1,0,0,0,0,0,"640130,178886","5363258,54673","10,89351161","48,406895052",0,1,#66c2a5,bicycle
211347,9,7,61,0,2019,6,7,3,3,3,6,0,1,1,0,0,0,0,"640083,175799","5358123,50927","10,891164957","48,360732925",0,1,#66c2a5,bicycle
211348,9,7,61,0,2019,6,17,3,3,3,6,0,1,0,0,0,0,0,"639671,618667","5358880,5848","10,885863323","48,367631533",0,1,#66c2a5,bicycle
211349,9,7,61,0,2019,6,16,3,2,0,7,0,1,0,0,0,0,0,"640837,122126","5358278,52798","10,901389539","48,361959062",0,1,#66c2a5,bicycle
211371,9,7,71,130,2019,6,5,5,3,7,3,0,0,1,0,0,0,0,"647366,280749","5360502,26451","10,99026254","48,380462769",0,2,#fc8d62,car
211374,9,7,61,0,2019,6,18,5,3,5,3,0,0,1,0,0,0,1,"638653,303193","5358597,93409","10,872028384","48,365314512",0,2,#fc8d62,car
211377,9,7,61,0,2019,6,7,5,3,4,6,0,1,0,0,0,0,0,"642023,407377","5359813,86745","10,917914345","48,375498403",0,1,#66c2a5,bicycle
211380,9,7,61,0,2019,6,16,5,3,0,1,0,1,0,0,0,0,0,"641447,347","5354480,561","10,908347472","48,327672661",0,1,#66c2a5,bicycle
211383,9,7,71,158,2019,6,7,5,3,5,6,0,1,1,0,0,0,0,"640686,301852","5368164,28038","10,902668465","48,450881324",0,1,#66c2a5,bicycle
211405,9,2,61,0,2019,6,0,3,3,5,3,2,0,1,0,0,0,0,"732829,592426","5380764,35511","12,154278779","48,536739041",0,2,#fc8d62,car
211413,9,1,63,0,2019,6,9,3,3,5,3,0,0,1,0,1,0,0,"732255,746","5301563,017","12,103230239","47,825445799",0,2,#fc8d62,car
211415,9,1,87,177,2019,6,18,3,3,5,3,0,1,0,0,0,0,0,"738148,512395","5305328,62056","12,183912391","47,857120223",0,1,#66c2a5,bicycle
211416,9,1,63,0,2019,6,8,3,3,0,1,0,1,0,0,0,0,0,"731156,533021","5303785,31245","12,089751714","47,845807541",0,1,#66c2a5,bicycle
211424,9,1,85,158,2019,6,17,3,3,5,3,0,0,1,0,0,0,0,"668503,566693","5383231,5959","11,284674549","48,57949301",0,2,#fc8d62,car
211426,9,1,88,118,2019,6,0,3,3,0,1,2,1,0,0,0,0,0,"671316,655961","5312499,2334","11,294139487","47,942883975",0,1,#66c2a5,bicycle
211428,9,1,88,141,2019,6,10,3,3,6,7,0,0,0,1,0,1,0,"668099,59","5310898,991","11,250469071","47,929349469",0,3,#8da0cb,toilet
211429,9,1,79,121,2019,6,13,3,3,5,3,0,1,0,0,0,0,0,"665922,83497","5338048,31583","11,231877599","48,173997338",0,1,#66c2a5,bicycle
211430,9,1,62,0,2019,6,10,7,3,2,6,0,1,1,0,0,0,0,"700226,395985","5332205,74183","11,690075092","48,111610016",0,1,#66c2a5,bicycle
211431,9,1,62,0,2019,6,19,7,3,0,1,0,1,0,0,0,0,0,"694272,071282","5329481,12414","11,608924917","48,088966003",0,1,#66c2a5,bicycle
211432,9,1,62,0,2019,6,1,7,3,1,5,2,0,1,0,1,0,0,"694037,24589","5336326,2134","11,608889989","48,150558946",0,2,#fc8d62,car
211433,9,1,62,0,2019,6,9,7,3,3,2,0,0,1,0,1,0,0,"692977,355504","5332550,21022","11,59294424","48,11694363",0,2,#fc8d62,car
211434,9,1,62,0,2019,6,18,7,3,6,4,0,1,0,1,0,0,0,"692303,81344","5337374,88426","11,58608211","48,160510593",0,1,#66c2a5,bicycle
211441,9,7,62,0,2019,6,11,7,3,8,1,0,1,0,0,0,0,0,"623005,526","5307775,903","10,646176423","47,911504434",0,1,#66c2a5,bicycle
211443,9,1,81,134,2019,6,15,7,3,8,1,0,0,0,0,1,0,0,"642450,990284","5338044,17266","10,916347763","48,179655608",0,4,#e78ac3,marker
211444,9,7,72,145,2019,6,15,7,3,0,7,0,1,0,0,0,0,0,"634713,11705","5369126,51695","10,822239144","48,460840626",0,1,#66c2a5,bicycle
211445,9,7,71,142,2019,6,22,7,3,0,7,2,0,1,1,0,0,0,"646882,927","5352395,685","10,980911144","48,307687163",0,2,#fc8d62,car
211446,9,7,61,0,2019,6,11,7,3,5,3,0,0,1,0,0,0,0,"639251,150907","5358869,3575","10,880185582","48,367623483",0,2,#fc8d62,car
211447,9,7,61,0,2019,6,18,7,3,5,2,0,0,1,0,1,0,0,"639272,716345","5361201,90863","10,881249469","48,388592417",0,2,#fc8d62,car
211448,9,7,61,0,2019,6,19,7,2,4,2,0,1,1,0,0,0,0,"641725,434191","5362331,37283","10,914742036","48,398201677",0,1,#66c2a5,bicycle
211449,9,7,61,0,2019,6,21,7,3,0,1,0,1,0,0,0,0,0,"641625,444368","5358224,5564","10,912008071","48,361297414",0,1,#66c2a5,bicycle
211450,9,7,61,0,2019,6,21,7,3,0,1,2,1,0,0,0,0,0,"640655,829608","5358553,3389","10,899035261","48,364470489",0,1,#66c2a5,bicycle
211451,9,7,61,0,2019,6,3,7,3,4,5,2,1,1,0,0,0,0,"640654,868509","5357964,05845","10,898825278","48,359172087",0,1,#66c2a5,bicycle
211486,9,1,73,147,2019,6,17,7,3,6,4,0,0,0,1,0,0,1,"681314,222181","5309553,32868","11,426658393","47,913651318",0,3,#8da0cb,toilet
211492,9,1,87,117,2019,6,18,7,3,5,3,0,0,1,0,0,0,1,"724774,967918","5305446,40512","12,005438694","47,862995274",0,2,#fc8d62,car
211493,9,1,87,134,2019,6,13,7,3,0,7,0,1,0,0,0,0,0,"738383,635124","5319798,50589","12,195053354","47,987020967",0,1,#66c2a5,bicycle
211494,9,1,63,0,2019,6,20,7,3,8,1,1,1,0,0,0,0,0,"733927,729238","5304316,56993","12,127023353","47,849578104",0,1,#66c2a5,bicycle