OBJECTID,ULAND,UREGBEZ,UKREIS,UGEMEINDE,UJAHR,UMONAT,USTUNDE,UWOCHENTAG,UKATEGORIE,UART,UTYP1,ULICHTVERH,IstRad,IstPKW,IstFuss,IstKrad,IstGkfz,IstSonstig,LINREFX,LINREFY,XGCSWGS84,YGCSWGS84,STRZUSTAND,Teilnehmer,color,symbol
211495,9,1,87,117,2019,6,9,7,3,5,3,0,1,1,0,0,0,0,"724448,167202","5305976,8238","12,001350649","47,867875346",0,1,#66c2a5,bicycle
211500,9,1,81,128,2019,6,19,7,3,0,7,0,1,0,0,0,0,0,"639574,893093","5328018,1095","10,874392909","48,090138144",0,1,#66c2a5,bicycle
211501,9,1,81,130,2019,6,13,7,3,5,3,0,0,1,0,1,0,0,"639186,732053","5324446,64741","10,868019862","48,058107447",0,2,#fc8d62,car
211502,9,1,88,132,2019,6,21,7,2,0,1,1,1,0,0,0,0,0,"663804,300854","5323355,60996","11,197760705","48,042454039",0,1,#66c2a5,bicycle
211503,9,1,84,114,2019,6,10,7,3,8,6,0,0,1,0,0,0,0,"699375,910321","5323710,07641","11,674698902","48,0355242",0,2,#fc8d62,car
211504,9,1,78,145,2019,6,20,7,2,0,5,0,1,0,0,0,0,0,"697357,483765","5354968,13793","11,662165004","48,317074839",0,1,#66c2a5,bicycle
211505,9,1,78,143,2019,6,13,7,3,0,1,0,1,0,0,0,0,0,"716774,329153","5373318,94656","11,933210937","48,47559651",0,1,#66c2a5,bicycle
211506,9,1,78,124,2019,6,13,7,2,1,1,0,1,1,0,0,0,0,"704131,720862","5363008,42268","11,757333449","48,387176331",0,1,#66c2a5,bicycle
211507,9,1,78,124,2019,6,21,7,2,1,1,2,1,1,0,0,0,0,"700714,304294","5357939,13859","11,708807913","48,342717581",0,1,#66c2a5,bicycle
211508,9,1,77,117,2019,6,22,7,3,0,7,2,1,1,0,0,0,0,"715580,523441","5354529,98694","11,907437612","48,307189218",0,1,#66c2a5,bicycle
211509,9,1,77,144,2019,6,22,7,2,0,7,2,1,0,0,0,0,0,"714466,269542","5346508,26311","11,88836181","48,235490338",0,1,#66c2a5,bicycle
211510,9,1,77,115,2019,6,13,7,3,0,1,0,0,0,0,1,0,0,"733904,77","5356775,814","12,155439394","48,320855062",1,4,#e78ac3,marker
211511,9,1,62,0,2019,6,11,6,3,5,3,0,0,1,0,1,0,0,"682553,429841","5335431,73336","11,454254561","48,14591853",0,2,#fc8d62,car
211512,9,1,62,0,2019,6,16,6,3,5,3,0,0,1,0,1,0,0,"690631,700788","5333376,84518","11,561829299","48,125079923",0,2,#fc8d62,car
211513,9,1,62,0,2019,6,10,6,2,0,1,0,0,0,0,0,0,1,"692064,366607","5333343,29043","11,581047064","48,124347736",0,6,#ffd92f,circle
211514,9,1,62,0,2019,6,6,6,3,5,3,0,0,1,0,0,0,0,"691204,489746","5340359,43019","11,572656438","48,187666735",0,2,#fc8d62,car
211515,9,1,84,149,2019,6,12,6,3,5,3,0,0,1,0,0,0,0,"690611,679626","5350807,56053","11,569388932","48,281750363",0,2,#fc8d62,car
211516,9,1,62,0,2019,6,18,6,3,5,2,0,1,1,0,0,0,0,"679980,963808","5335500,6648","11,419731603","48,147271165",0,1,#66c2a5,bicycle
211517,9,1,62,0,2019,6,1,6,3,0,1,2,1,0,0,0,0,0,"691231,686304","5334042,76591","11,570182699","48,130885228",0,1,#66c2a5,bicycle
211518,9,1,84,139,2019,6,15,6,3,0,7,0,1,1,0,0,0,0,"686686,734293","5323939,97219","11,504743551","48,041426292",0,1,#66c2a5,bicycle
211519,9,1,62,0,2019,6,12,6,3,0,1,0,1,0,0,0,0,0,"699896,628454","5333281,07677","11,686153727","48,121377744",0,1,#66c2a5,bicycle
211520,9,1,62,0,2019,6,21,6,2,8,1,1,0,1,0,0,0,0,"687406,249137","5338855,73213","11,520939786","48,175283143",0,2,#fc8d62,car
211521,9,1,62,0,2019,6,0,6,3,5,7,2,1,1,0,0,0,0,"692017,390412","5341414,86696","11,584059714","48,196907515",0,1,#66c2a5,bicycle
211522,9,1,62,0,2019,6,16,6,3,6,4,0,1,0,1,0,0,0,"691452,15996","5339874,68575","11,575766898","48,183235357",0,1,#66c2a5,bicycle
211523,9,1,62,0,2019,6,13,6,3,4,2,0,1,1,0,0,0,0,"687379,166614","5340227,71537","11,521180854","48,187622766",0,1,#66c2a5,bicycle
211524,9,1,62,0,2019,6,9,6,3,1,6,0,0,1,0,0,0,0,"686737,258916","5337295,87296","11,511264678","48,161459638",0,2,#fc8d62,car
211525,9,1,62,0,2019,6,23,6,3,6,1,2,1,1,1,0,0,0,"691225,071451","5335292,4284","11,570654884","48,142119067",0,1,#66c2a5,bicycle
211526,9,1,62,0,2019,6,12,6,3,5,2,0,0,1,0,1,0,0,"688216,626066","5339954,50106","11,532316398","48,18491951",0,2,#fc8d62,car
211527,9,1,62,0,2019,6,18,6,3,6,3,0,0,1,1,0,0,0,"688472,470971","5335984,57812","11,533995653","48,14916156",0,2,#fc8d62,car
211528,9,1,62,0,2019,6,9,6,3,3,6,0,0,1,1,0,0,1,"692992,621513","5333816,01229","11,593722201","48,128315737",0,2,#fc8d62,car
211529,9,1,62,0,2019,6,15,6,3,4,2,0,1,1,0,0,0,0,"690164,867026","5333242,24898","11,555502122","48,124009785",0,1,#66c2a5,bicycle
211530,9,1,62,0,2019,6,23,6,3,0,7,2,1,0,0,0,0,0,"691315,056495","5336108,71429","11,5722301","48,149428698",0,1,#66c2a5,bicycle
211531,9,1,62,0,2019,6,7,6,3,0,7,0,1,0,0,0,0,0,"692020,012565","5336422,87093","11,581839993","48,152039861",0,1,#66c2a5,bicycle
211532,9,1,62,0,2019,6,16,6,3,5,3,0,1,1,0,0,0,0,"690493,311385","5336695,56036","11,56145588","48,154949862",0,1,#66c2a5,bicycle
211533,9,1,62,0,2019,6,17,6,3,5,3,0,1,1,0,0,0,0,"692246,218069","5335088,1306","11,584275574","48,139975159",0,1,#66c2a5,bicycle
211545,9,7,72,184,2019,6,22,6,3,8,1,0,1,0,0,0,0,0,"635182,537914","5359612,98887","10,825519191","48,375194763",0,1,#66c2a5,bicycle
211546,9,7,72,147,2019,6,16,6,3,4,2,0,1,1,0,0,0,0,"638647,487218","5365572,43696","10,874252813","48,428028776",0,1,#66c2a5,bicycle
211547,9,7,61,0,2019,6,17,6,3,5,3,0,1,1,0,0,0,0,"637923,163099","5357988,74827","10,861976097","48,359996757",0,1,#66c2a5,bicycle
211548,9,7,61,0,2019,6,10,6,3,2,6,0,1,1,0,0,0,0,"637986,567134","5358092,50989","10,862865617","48,360915912",0,1,#66c2a5,bicycle
211549,9,7,61,0,2019,6,14,6,3,2,2,0,0,1,0,0,0,0,"640183,190579","5362624,62868","10,894015808","48,401183308",0,2,#fc8d62,car
211604,9,2,61,0,2019,6,18,6,3,5,3,0,1,1,0,0,0,0,"731484,315242","5381832,12926","12,136675226","48,546828296",0,1,#66c2a5,bicycle
211611,9,1,90,139,2019,6,16,1,3,3,2,0,0,1,0,1,0,0,"654448,91173","5295993,08604","11,062520094","47,798757342",0,2,#fc8d62,car
211615,9,1,90,111,2019,6,10,1,3,1,5,0,1,1,0,0,0,0,"640252,162231","5298106,16157","10,873729479","47,821008809",0,1,#66c2a5,bicycle
211618,9,1,63,0,2019,6,1,6,3,0,1,2,1,0,0,0,0,0,"734054,221","5305033,65","12,129099544","47,855974303",0,1,#66c2a5,bicycle
211622,9,1,87,150,2019,6,17,6,3,5,3,0,0,1,0,1,0,0,"729305,014054","5303490,60481","12,064884028","47,843822737",0,2,#fc8d62,car
211625,9,1,86,152,2019,6,21,6,3,0,1,2,0,0,0,1,0,0,"692994,766823","5373229,01201","11,61177352","48,482536019",0,4,#e78ac3,marker
211627,9,1,87,142,2019,6,13,1,2,4,6,0,0,1,0,0,0,1,"731932,082402","5313450,48717","12,105293849","47,932361676",0,2,#fc8d62,car
211628,9,1,79,142,2019,6,7,6,3,5,6,0,0,1,0,1,0,0,"673496,950303","5342460,91922","11,335476281","48,211641466",0,2,#fc8d62,car
211629,9,1,87,167,2019,6,2,1,3,0,1,2,1,0,0,0,0,0,"741785,909185","5303858,24694","12,231641409","47,842553685",0,1,#66c2a5,bicycle
211630,9,1,81,131,2019,6,16,6,3,4,2,0,0,0,0,1,1,0,"636128,073547","5333998,24263","10,830038699","48,144659516",0,4,#e78ac3,marker
211631,9,1,87,117,2019,6,9,1,3,0,1,0,1,0,0,0,0,0,"725720,018618","5304428,07206","12,017525317","47,85351435",0,1,#66c2a5,bicycle
211632,9,1,79,145,2019,6,15,6,3,0,7,0,1,0,0,0,0,0,"674819,329395","5337931,3517","11,351396989","48,170560985",0,1,#66c2a5,bicycle
211633,9,1,79,138,2019,6,10,6,2,0,1,0,0,1,0,0,0,0,"654421,300252","5335799,81082","11,076459904","48,156680053",0,2,#fc8d62,car
211635,9,1,79,119,2019,6,13,6,3,2,6,0,0,1,0,1,0,0,"669284,532303","5338967,5118","11,277426239","48,181374143",0,2,#fc8d62,car
211636,9,1,81,115,2019,6,16,6,3,5,3,0,0,1,0,0,0,0,"657486,387","5327235,726","11,114483067","48,078929837",0,2,#fc8d62,car
211637,9,1,88,118,2019,6,4,1,2,8,1,1,0,1,0,0,0,0,"671882,265099","5313289,37326","11,302022934","47,949835836",0,2,#fc8d62,car
211638,9,1,74,115,2019,6,18,6,3,5,3,0,1,1,0,0,0,0,"681756,007545","5347801,48675","11,448841122","48,257334377",0,1,#66c2a5,bicycle
211639,9,1,74,115,2019,6,20,6,3,3,2,0,1,1,0,0,0,0,"682064,638598","5348753,49034","11,45340512","48,265802882",0,1,#66c2a5,bicycle
211640,9,1,79,126,2019,6,3,1,3,0,7,2,0,0,0,1,0,0,"675596,183366","5341725,28023","11,363405208","48,204451351",0,4,#e78ac3,marker
211641,9,1,74,141,2019,6,0,6,3,0,1,2,1,0,0,0,0,0,"683985,930582","5355693,33071","11,482294184","48,32762502",0,1,#66c2a5,bicycle
211642,9,1,77,133,2019,6,13,6,3,3,6,0,0,1,0,0,0,0,"706343,283837","5359282,44834","11,785341907","48,352975417",0,2,#fc8d62,car
211643,9,1,74,115,2019,6,18,1,3,1,1,0,1,1,0,0,0,0,"682840,907132","5348465,7404","11,463731293","48,262992887",0,1,#66c2a5,bicycle
211644,9,1,62,0,2019,6,23,5,3,1,5,2,1,1,0,0,0,0,"690698,427703","5333046,72511","11,562577402","48,122092825",0,1,#66c2a5,bicycle
211645,9,1,62,0,2019,6,23,5,3,1,5,2,1,1,0,0,0,0,"691343,718714","5334085,14468","11,57170589","48,131232456",0,1,#66c2a5,bicycle
211646,9,1,74,126,2019,6,12,1,3,0,1,0,1,0,0,0,0,0,"681379,373597","5343809,29699","11,442061928","48,221558003",0,1,#66c2a5,bicycle
211647,9,1,62,0,2019,6,9,5,3,2,6,0,0,1,0,0,0,0,"686198,369281","5335677,42814","11,503316668","48,14707054",0,2,#fc8d62,car
211648,9,1,75,139,2019,6,13,1,3,5,3,0,1,1,0,0,0,0,"710462,640795","5328957,82093","11,825830439","48,079124165",0,1,#66c2a5,bicycle
211649,9,1,62,0,2019,6,17,5,3,0,1,0,1,0,0,0,0,0,"691485,072463","5337349,30948","11,575071814","48,160527822",0,1,#66c2a5,bicycle
211650,9,1,62,0,2019,6,16,5,3,4,2,0,1,1,0,0,0,0,"686209,482776","5334365,91539","11,50289246","48,135278927",0,1,#66c2a5,bicycle
211651,9,1,62,0,2019,6,13,5,3,5,3,0,1,1,0,0,0,0,"682791,841807","5340466,63297","11,459621126","48,191106918",0,1,#66c2a5,bicycle
211652,9,1,62,0,2019,6,18,5,3,5,2,0,1,1,0,0,0,0,"692233,445571","5335495,75674","11,584288068","48,143642681",0,1,#66c2a5,bicycle
211653,9,1,62,0,2019,6,17,5,3,5,2,0,1,1,0,0,0,0,"693545,611421","5336132,16483","11,602198663","48,148964689",0,1,#66c2a5,bicycle
211654,9,1,62,0,2019,6,13,5,3,3,6,0,1,0,0,0,0,0,"691620,407459","5332809,58786","11,574847303","48,11968465",0,1,#66c2a5,bicycle
211655,9,1,62,0,2019,6,17,5,2,5,3,0,1,0,0,0,0,0,"688378,927579","5334717,66517","11,532178751","48,13780205",0,1,#66c2a5,bicycle
211656,9,1,62,0,2019,6,11,5,3,5,3,0,1,1,0,0,0,0,"691999,126755","5331853,01177","11,579500232","48,110972982",0,1,#66c2a5,bicycle
211657,9,1,62,0,2019,6,2,5,3,4,5,2,1,1,0,0,0,0,"688665,595222","5334659,93882","11,53600264","48,13719827",0,1,#66c2a5,bicycle
211658,9,1,62,0,2019,6,8,5,3,5,3,0,1,1,0,0,0,0,"688949,147344","5333343,15619","11,539226279","48,125278723",0,1,#66c2a5,bicycle
211659,9,1,62,0,2019,6,17,5,2,4,6,0,1,0,0,0,0,0,"690579,353624","5337241,95391","11,562856378","48,159835031",0,1,#66c2a5,bicycle
211660,9,1,75,133,2019,6,12,1,3,2,6,0,1,0,0,0,0,0,"706310,241136","5340757,84626","11,775859335","48,186521209",0,1,#66c2a5,bicycle
211661,9,1,62,0,2019,6,16,5,2,3,2,0,1,1,0,0,0,0,"693725,160885","5332128,18262","11,602789705","48,112923519",0,1,#66c2a5,bicycle
211662,9,1,62,0,2019,6,20,7,3,5,2,0,1,1,0,0,0,0,"689705,593682","5331908,39264","11,548743146","48,112157984",0,1,#66c2a5,bicycle
211663,9,1,62,0,2019,6,13,5,3,1,5,0,1,1,0,0,0,0,"699333,264025","5329237,19792","11,676703102","48,085211258",0,1,#66c2a5,bicycle
211664,9,1,62,0,2019,6,11,5,3,0,2,0,1,1,0,0,0,0,"692486,083098","5341147,07607","11,59023903","48,194358807",0,1,#66c2a5,bicycle
211665,9,1,62,0,2019,6,15,5,3,6,7,0,0,1,1,0,0,0,"682045,257607","5337477,54429","11,448304383","48,164453381",0,2,#fc8d62,car
211666,9,1,62,0,2019,6,3,7,3,0,1,2,1,0,0,0,0,0,"690629,120964","5337458,93281","11,563622171","48,161770301",0,1,#66c2a5,bicycle
211667,9,1,62,0,2019,6,11,5,3,5,3,0,1,0,0,0,0,0,"689542,953929","5338216,95878","11,549368033","48,168908173",0,1,#66c2a5,bicycle
211668,9,1,62,0,2019,6,17,5,3,5,3,0,1,1,0,0,0,0,"689095,545722","5335854,34544","11,542306446","48,147806099",0,1,#66c2a5,bicycle
211669,9,1,62,0,2019,6,16,5,2,5,3,0,1,0,0,1,0,0,"689230,735481","5336137,61405","11,54424808","48,150311936",0,1,#66c2a5,bicycle
211670,9,1,62,0,2019,6,16,5,3,0,1,0,1,0,0,0,0,0,"687382,476947","5334909,23344","11,518882262","48,13981812",0,1,#66c2a5,bicycle
211671,9,1,62,0,2019,6,20,7,3,6,7,1,0,1,1,0,0,0,"691824,201287","5335678,79425","11,578874647","48,145411313",0,2,#fc8d62,car
211672,9,1,84,142,2019,6,9,5,3,5,3,0,0,1,0,1,0,0,"682820,778453","5316703,19471","11,449839749","47,977494119",0,2,#fc8d62,car
211673,9,1,62,0,2019,6,16,7,3,5,2,0,0,1,0,0,0,0,"690949,290541","5334314,9691","11,566513202","48,133416555",0,2,#fc8d62,car
211674,9,1,62,0,2019,6,16,5,3,3,6,0,1,0,0,0,0,0,"693844,378468","5331530,74794","11,604118253","48,107517677",0,1,#66c2a5,bicycle
211675,9,1,62,0,2019,6,16,7,3,3,6,0,1,0,0,0,0,0,"685139,058451","5337577,1088","11,489915449","48,164454887",0,1,#66c2a5,bicycle
211676,9,1,62,0,2019,6,23,5,3,0,7,2,1,0,0,0,0,0,"693160,924246","5335187,26193","11,596603434","48,140589108",0,1,#66c2a5,bicycle
211677,9,1,62,0,2019,6,22,7,2,0,5,2,1,1,0,0,0,0,"687038,231473","5333280,58498","11,513544401","48,125280608",0,1,#66c2a5,bicycle
211678,9,1,62,0,2019,6,18,5,3,0,1,0,1,0,0,0,0,0,"692327,846113","5333866,63347","11,584820251","48,12897191",0,1,#66c2a5,bicycle
211679,9,1,62,0,2019,6,19,5,3,2,6,0,0,1,0,1,0,0,"692670,231","5334188,539","11,589562469","48,131761587",0,2,#fc8d62,car
211680,9,1,62,0,2019,6,9,5,3,5,2,0,1,1,0,0,0,0,"689283,572","5333011,615","11,543568692","48,122199448",0,1,#66c2a5,bicycle
211681,9,1,62,0,2019,6,12,7,3,5,3,0,0,1,0,0,0,0,"682581,734","5334471,833","11,454223157","48,137282151",0,2,#fc8d62,car
211682,9,1,62,0,2019,6,10,5,3,5,7,0,1,1,0,0,0,0,"690612,066972","5335455,66737","11,562495847","48,143770194",0,1,#66c2a5,bicycle
211683,9,1,62,0,2019,6,14,5,2,0,7,0,0,0,0,0,0,1,"692558,4098","5336945,41591","11,589307898","48,156573593",0,6,#ffd92f,circle
211684,9,1,84,149,2019,6,9,7,3,0,7,0,0,0,0,0,0,1,"691796,384335","5350745,92713","11,585313592","48,28083867",0,6,#ffd92f,circle
211685,9,1,62,0,2019,6,8,5,3,5,3,0,0,1,0,0,0,0,"691277,816925","5335242,22617","11,571340656","48,141652001",0,2,#fc8d62,car
211686,9,1,62,0,2019,6,21,7,3,4,6,0,1,0,0,0,0,0,"688186,887444","5331543,59121","11,528198681","48,1093296",0,1,#66c2a5,bicycle
211690,9,1,62,0,2019,6,12,7,2,0,7,0,1,0,0,0,0,0,"682877,765252","5341158,67829","11,461074247","48,197302684",0,1,#66c2a5,bicycle
211691,9,7,78,209,2019,6,15,5,3,5,3,0,0,1,0,1,0,0,"617392,36756","5325566,06408","10,575951185","48,072557747",0,2,#fc8d62,car
211692,9,1,62,0,2019,7,18,2,3,5,3,0,1,1,0,0,0,0,"693942,429","5333005,29","11,60610459","48,120740564",1,1,#66c2a5,bicycle
211693,9,1,62,0,2019,7,12,2,3,1,6,0,0,1,0,0,1,0,"692758,241218","5334077,4212","11,590693838","48,130736238",0,2,#fc8d62,car
211694,9,1,62,0,2019,7,10,2,3,1,5,0,0,1,0,0,0,0,"691940,906","5337522,87","11,581273682","48,161950311",0,2,#fc8d62,car
211695,9,1,62,0,2019,7,8,2,3,4,6,0,0,1,0,0,0,0,"680640,574474","5338490,64408","11,42986107","48,173960638",0,2,#fc8d62,car
211696,9,1,62,0,2019,7,8,2,3,0,7,0,0,1,1,0,0,0,"682768,013237","5335628,71388","11,457221244","48,147627509",0,2,#fc8d62,car
211697,9,1,62,0,2019,7,18,2,3,5,3,0,0,1,0,0,0,0,"692263,561586","5339749,28168","11,586615102","48,181863239",0,2,#fc8d62,car
211698,9,1,62,0,2019,7,19,2,3,5,3,0,1,1,0,0,0,0,"688597,616061","5335675,78304","11,535539705","48,146348976",1,1,#66c2a5,bicycle
211699,9,1,62,0,2019,7,14,2,3,0,7,0,0,0,0,1,0,0,"688567,89","5335647,634","11,535128001","48,146104781",0,4,#e78ac3,marker
211700,9,1,84,131,2019,7,7,2,3,5,2,0,1,1,0,0,0,0,"705698,809136","5339610,24957","11,767087118","48,176406716",0,1,#66c2a5,bicycle
211701,9,1,62,0,2019,7,7,2,3,5,3,0,1,1,0,0,0,0,"699187,834753","5332347,36806","11,676203809","48,113208466",0,1,#66c2a5,bicycle
211702,9,1,62,0,2019,7,17,2,3,0,7,0,1,0,1,0,0,0,"699626,373487","5332826,21521","11,682313286","48,117374632",0,1,#66c2a5,bicycle
211703,9,1,62,0,2019,7,7,2,3,2,6,0,0,1,0,0,0,1,"694259,994212","5334984,90873","11,61126973","48,138435843",0,2,#fc8d62,car
211704,9,1,62,0,2019,7,17,2,3,5,3,0,0,1,0,1,0,0,"690745,576498","5334066,63885","11,563666789","48,131245659",1,2,#fc8d62,car
211705,9,1,62,0,2019,7,10,2,3,3,5,0,1,0,0,0,1,0,"690164,909","5333767,451","11,555737023","48,128730303",0,1,#66c2a5,bicycle
211706,9,1,62,0,2019,7,9,2,3,5,3,0,0,1,0,0,0,0,"691027,604053","5337006,81996","11,568772468","48,157587168",0,2,#fc8d62,car
211712,9,7,61,0,2019,7,14,2,3,0,7,0,0,1,0,0,0,1,"638946,970953","5358336,88309","10,875904905","48,362902623",0,2,#fc8d62,car
211713,9,7,72,202,2019,7,14,2,3,0,1,0,1,0,0,0,0,0,"636693,431167","5358401,18652","10,845517601","48,363972829",0,1,#66c2a5,bicycle
211714,9,7,61,0,2019,7,23,2,3,0,7,2,1,0,0,0,0,0,"641699,08177","5361861,45909","10,914227646","48,393982354",0,1,#66c2a5,bicycle
211715,9,7,61,0,2019,7,16,2,3,5,1,0,0,1,0,0,0,0,"641388,837044","5352281,01343","10,906821098","48,307908087",1,2,#fc8d62,car
211716,9,7,61,0,2019,7,16,2,3,5,3,0,0,1,0,1,0,0,"641849,577946","5359691,52423","10,915527","48,374437447",1,2,#fc8d62,car
211717,9,7,61,0,2019,7,5,2,3,5,3,0,1,1,0,0,0,0,"640808,002121","5356909,78169","10,900538664","48,349658241",0,1,#66c2a5,bicycle
211718,9,7,61,0,2019,7,15,2,3,3,2,0,0,1,0,1,0,0,"640146,841237","5359122,32503","10,892356763","48,369699848",0,2,#fc8d62,car
211719,9,7,61,0,2019,7,21,2,2,6,4,2,0,1,1,0,0,0,"639396,359502","5360062,99959","10,882540849","48,37832435",1,2,#fc8d62,car
211757,9,2,61,0,2019,7,9,2,3,0,6,0,1,0,0,0,0,0,"731715,34299","5381491,80425","12,139611537","48,543685941",0,1,#66c2a5,bicycle
211759,9,1,90,140,2019,7,16,2,3,0,1,0,1,1,0,0,0,0,"645106,507932","5298063,00411","10,938529995","47,819544142",0,1,#66c2a5,bicycle
211761,9,1,73,126,2019,7,5,2,3,8,1,0,0,1,0,0,0,0,"684336,512501","5304038,99284","11,464715061","47,863221278",0,2,#fc8d62,car
211762,9,1,79,123,2019,7,17,4,3,4,6,0,0,1,0,1,0,0,"675788,322183","5333099,05899","11,362423295","48,126854846",0,2,#fc8d62,car
211763,9,1,88,121,2019,7,17,4,3,5,3,0,1,0,0,0,0,1,"671106,330932","5330828,60637","11,29864404","48,107719802",0,1,#66c2a5,bicycle
211764,9,1,74,126,2019,7,12,4,3,5,3,0,1,1,0,0,0,0,"682598,052","5343033,13","11,458120182","48,21423183",0,1,#66c2a5,bicycle
211766,9,1,78,120,2019,7,17,4,3,0,1,0,0,0,0,1,0,0,"695178,950639","5353544,89449","11,632152713","48,304960012",0,4,#e78ac3,marker
211767,9,1,78,124,2019,7,18,4,3,3,7,0,0,1,0,0,0,0,"703399,66396","5364801,299","11,748325199","48,403523941",0,2,#fc8d62,car
211768,9,1,75,124,2019,7,23,4,3,6,7,2,1,0,1,0,0,0,"713363,272668","5328956,06777","11,864725523","48,078144522",0,1,#66c2a5,bicycle
211769,9,1,83,119,2019,7,11,2,3,5,3,0,0,1,0,0,0,0,"735522,695381","5339314,93397","12,167522438","48,163403461",0,2,#fc8d62,car
211774,9,1,62,0,2019,7,0,3,3,1,5,2,1,1,0,0,0,0,"688862,564","5334764,297","11,538693831","48,138077828",0,1,#66c2a5,bicycle
211775,9,1,62,0,2019,7,10,3,3,5,3,0,1,1,0,0,0,0,"688873,156397","5343487,99693","11,542712767","48,216483752",0,1,#66c2a5,bicycle
211776,9,1,62,0,2019,7,16,3,3,9,1,0,1,1,0,0,0,0,"684197,470845","5333262,12146","11,475397623","48,125942935",0,1,#66c2a5,bicycle
211778,9,1,62,0,2019,7,17,3,3,0,6,0,1,0,0,0,0,0,"692279,8993","5338381,56314","11,58621597","48,169565606",0,1,#66c2a5,bicycle
211779,9,1,62,0,2019,7,16,3,3,3,6,0,0,1,0,1,0,0,"686232,193761","5332728,51615","11,50248188","48,120554695",0,2,#fc8d62,car
211780,9,1,86,143,2019,7,19,2,3,0,7,0,1,0,0,0,0,0,"684856,004407","5378089,00659","11,50389663","48,528662343",1,1,#66c2a5,bicycle
211781,9,1,62,0,2019,7,22,3,3,0,2,2,0,1,0,1,0,0,"685872,677","5332767,88821","11,497672829","48,121013641",0,2,#fc8d62,car
211782,9,1,79,126,2019,7,18,2,3,5,3,0,0,1,0,1,0,0,"676252,909428","5340104,01021","11,371563367","48,189695509",1,2,#fc8d62,car
211783,9,1,62,0,2019,7,18,3,3,5,3,0,1,0,0,0,0,0,"688513,863686","5337161,43947","11,535072947","48,159727077",0,1,#66c2a5,bicycle
211784,9,1,79,123,2019,7,14,2,3,5,3,0,1,1,0,0,0,0,"675213,968314","5333832,56869","11,35501294","48,133606989",0,1,#66c2a5,bicycle
211785,9,1,78,124,2019,7,9,2,3,5,3,0,1,1,0,0,0,0,"701707,618749","5362119,19802","11,724201557","48,379965137",0,1,#66c2a5,bicycle
211786,9,1,62,0,2019,7,13,3,3,5,3,0,1,1,0,0,0,0,"689117,727923","5341241,07719","11,545000572","48,19621566",0,1,#66c2a5,bicycle
211787,9,1,78,124,2019,7,17,2,3,0,1,0,0,0,0,1,0,0,"699790,831624","5361920,45096","11,698249554","48,378788884",1,4,#e78ac3,marker
211788,9,1,62,0,2019,7,7,3,3,2,6,0,0,1,0,1,0,0,"698572,42043","5333842,26201","11,668640903","48,12683559",1,2,#fc8d62,car
211789,9,1,75,124,2019,7,17,2,2,3,2,0,1,1,0,0,0,0,"712967,367932","5329289,06821","11,859582731","48,081269147",0,1,#66c2a5,bicycle
211790,9,1,62,0,2019,7,22,3,3,5,3,2,0,1,0,0,0,0,"698590,180604","5331477,36321","11,667778024","48,105576145",0,2,#fc8d62,car
211791,9,1,62,0,2019,6,10,1,3,1,5,0,1,1,0,0,0,0,"686686,869264","5331431,19202","11,508017583","48,108760712",0,1,#66c2a5,bicycle
211792,9,1,62,0,2019,7,11,3,2,6,4,0,1,0,1,0,0,0,"683517,213013","5339633,04471","11,469012098","48,183405017",0,1,#66c2a5,bicycle
211793,9,1,62,0,2019,7,18,3,3,1,4,0,1,1,1,0,0,0,"686732,795947","5334367,82972","11,509920304","48,135142798",0,1,#66c2a5,bicycle
211794,9,1,62,0,2019,6,12,1,3,3,6,0,0,1,0,1,0,0,"690837,82907","5334611,15962","11,565149311","48,136112132",0,2,#fc8d62,car
211795,9,1,62,0,2019,7,7,3,3,5,2,0,1,1,0,0,0,0,"689570,703329","5333516,37578","11,547647663","48,126650856",0,1,#66c2a5,bicycle
211796,9,1,62,0,2019,7,6,3,3,8,1,0,0,1,0,0,0,1,"692240,678365","5338642,4583","11,585806957","48,171922328",1,2,#fc8d62,car
211797,9,1,62,0,2019,6,18,1,3,4,7,0,0,1,0,1,0,0,"689868,151407","5344131,38247","11,5563822","48,221969511",0,2,#fc8d62,car
211798,9,1,62,0,2019,7,17,3,3,5,3,0,1,1,0,0,0,0,"689770,562009","5336461,99366","11,551643341","48,153066639",0,1,#66c2a5,bicycle
211799,9,1,84,121,2019,6,14,1,3,9,7,0,0,0,0,1,0,0,"705846,829484","5330584,26149","11,764714507","48,09524701",0,4,#e78ac3,marker
211800,9,1,62,0,2019,7,1,3,3,5,3,2,1,1,0,0,0,0,"700669,527","5334436,056","11,697071592","48,131514443",0,1,#66c2a5,bicycle
211801,9,1,62,0,2019,6,13,1,3,5,3,0,0,1,0,0,0,0,"686330,238","5330286,781","11,502731507","48,098578676",0,2,#fc8d62,car
211802,9,1,62,0,2019,7,7,3,3,3,6,0,0,1,0,0,1,0,"700659,343418","5334652,49921","11,697036812","48,133462829",1,2,#fc8d62,car
211803,9,1,62,0,2019,7,8,3,3,4,6,0,1,0,0,0,0,0,"694058,073","5330071,521","11,606322476","48,094337511",1,1,#66c2a5,bicycle
211804,9,1,62,0,2019,6,14,1,3,5,3,0,0,1,0,1,0,0,"688185,688466","5327360,61577","11,526339225","48,07173219",0,2,#fc8d62,car
211805,9,1,62,0,2019,7,21,3,3,8,1,2,0,0,0,1,0,0,"690396,419","5330543,702","11,557406023","48,099685947",0,4,#e78ac3,marker