OBJECTID,ULAND,UREGBEZ,UKREIS,UGEMEINDE,UJAHR,UMONAT,USTUNDE,UWOCHENTAG,UKATEGORIE,UART,UTYP1,ULICHTVERH,IstRad,IstPKW,IstFuss,IstKrad,IstGkfz,IstSonstig,LINREFX,LINREFY,XGCSWGS84,YGCSWGS84,STRZUSTAND,Teilnehmer,color,symbol
211806,9,1,62,0,2019,7,8,3,3,5,1,0,0,1,0,1,0,0,"699620,555605","5332831,45027","11,682237652","48,117423504",1,2,#fc8d62,car
211807,9,1,62,0,2019,6,12,1,3,5,3,0,1,1,0,0,0,0,"694643,312169","5335437,96321","11,616623837","48,142390571",0,1,#66c2a5,bicycle
211808,9,1,62,0,2019,7,18,3,3,5,2,0,1,1,0,0,0,0,"692649,751794","5333424,20729","11,588941988","48,124898134",0,1,#66c2a5,bicycle
211809,9,1,62,0,2019,6,10,1,3,5,3,0,1,1,0,0,0,0,"692931,239277","5338911,70899","11,595207935","48,174133027",0,1,#66c2a5,bicycle
211810,9,1,84,138,2019,7,19,3,3,5,3,0,1,0,0,0,0,0,"682940,576838","5330998,65186","11,457551588","48,105959689",0,1,#66c2a5,bicycle
211811,9,1,62,0,2019,7,13,3,3,2,6,0,1,0,0,0,0,0,"692187,076691","5336218,776","11,58399176","48,15015504",0,1,#66c2a5,bicycle
211813,9,1,62,0,2019,6,18,1,2,6,4,0,0,1,1,0,0,0,"694443,613584","5332966,43061","11,612814291","48,120238458",0,2,#fc8d62,car
211816,9,1,62,0,2019,6,14,1,3,5,2,0,1,0,0,1,0,0,"692056,406","5336443,215","11,582337993","48,152211721",0,1,#66c2a5,bicycle
211818,9,1,62,0,2019,6,16,1,3,0,7,0,1,0,0,0,0,0,"688378,17414","5336403,0499","11,532914337","48,15295078",0,1,#66c2a5,bicycle
211820,9,1,62,0,2019,6,10,1,3,6,4,0,1,0,1,0,0,0,"689677,959228","5331843,65514","11,548343463","48,111584347",0,1,#66c2a5,bicycle
211823,9,1,62,0,2019,6,0,1,3,5,2,2,1,1,0,0,0,0,"690359,298339","5333885,7618","11,558399685","48,129735579",0,1,#66c2a5,bicycle
211831,9,7,61,0,2019,7,17,3,3,6,4,0,0,0,1,0,0,1,"641870,381858","5360435,50666","10,916058876","48,381122331",0,3,#8da0cb,toilet
211832,9,7,71,146,2019,7,17,3,3,0,3,0,1,1,0,0,0,0,"647367,1024","5346736,75369","10,985463215","48,256693224",0,1,#66c2a5,bicycle
211833,9,7,61,0,2019,7,14,3,3,0,1,0,1,0,0,0,0,0,"638593,862374","5358336,59164","10,871140183","48,362977624",0,1,#66c2a5,bicycle
211835,9,7,72,202,2019,7,12,3,3,4,6,0,1,0,0,0,0,0,"636624,065984","5359702,48026","10,845004381","48,375688996",0,1,#66c2a5,bicycle
211837,9,7,72,202,2019,7,14,3,3,5,3,0,0,1,0,0,0,0,"636315,699","5357528,851","10,840137897","48,356210492",0,2,#fc8d62,car
211839,9,7,61,0,2019,7,11,3,3,6,2,0,0,1,1,0,0,0,"641974,848727","5360695,60157","10,917556824","48,383437484",0,2,#fc8d62,car
211840,9,7,61,0,2019,7,16,3,3,0,1,0,0,0,0,1,0,0,"641030,03625","5358659,7943","10,904120329","48,365344206",0,4,#e78ac3,marker
211841,9,7,78,116,2019,6,18,1,3,0,1,0,1,0,0,0,0,0,"618113,869883","5319014,98668","10,583825657","48,013506263",0,1,#66c2a5,bicycle
211842,9,7,61,0,2019,7,11,3,3,5,3,0,1,1,0,0,0,0,"639578,267624","5359884,54406","10,88493687","48,376679512",0,1,#66c2a5,bicycle
211844,9,7,78,116,2019,6,18,1,3,2,3,0,1,0,0,0,0,0,"620378,93357","5318447,48178","10,614026922","48,007979664",0,1,#66c2a5,bicycle
211853,9,7,72,148,2019,6,15,1,3,0,5,0,1,1,0,0,0,0,"628449,507697","5354195,96701","10,732987016","48,327888705",0,1,#66c2a5,bicycle
211854,9,7,72,151,2019,6,15,1,2,1,1,0,1,1,0,0,0,0,"628578,017841","5344057,81999","10,731634876","48,236694052",0,1,#66c2a5,bicycle
211858,9,7,71,130,2019,6,16,1,3,0,1,0,1,0,0,0,0,0,"645778,22677","5358522,68553","10,968141928","48,363032747",0,1,#66c2a5,bicycle
211861,9,7,61,0,2019,6,19,1,3,0,1,0,1,0,0,0,0,0,"638934,283721","5359455,07416","10,876103109","48,372959945",0,1,#66c2a5,bicycle
211863,9,7,61,0,2019,6,18,1,3,8,1,0,0,1,0,0,0,0,"635899,062497","5353969,31293","10,833368199","48,3242928",0,2,#fc8d62,car
211865,9,7,61,0,2019,6,21,1,3,1,1,1,0,1,0,1,0,0,"639509,258502","5358218,17734","10,883452654","48,36171124",0,2,#fc8d62,car
211871,9,7,61,0,2019,6,14,1,3,0,1,0,1,0,0,0,0,0,"640816,677108","5356942,49462","10,900666629","48,349950451",0,1,#66c2a5,bicycle
211873,9,7,71,156,2019,6,21,1,3,4,6,2,0,1,0,0,0,0,"651688,351004","5378451,23231","11,055102598","48,540812019",0,2,#fc8d62,car
211906,9,2,61,0,2019,7,10,3,3,0,5,0,1,1,0,0,0,0,"731964,654538","5381389,92756","12,142927558","48,542678691",0,1,#66c2a5,bicycle
211907,9,2,61,0,2019,7,7,3,3,0,1,0,1,0,0,0,0,0,"733530,103394","5380710,64324","12,163723869","48,535996317",1,1,#66c2a5,bicycle
211909,9,2,61,0,2019,7,16,3,3,0,1,0,0,0,0,1,0,0,"731380,249718","5383161,14979","12,136005727","48,55880505",0,4,#e78ac3,marker
211912,9,1,90,148,2019,7,15,3,3,6,7,0,0,1,1,0,0,0,"640613,015754","5296473,41701","10,878018038","47,806247355",0,2,#fc8d62,car
211913,9,1,90,148,2019,7,5,3,3,5,3,1,0,1,0,0,0,0,"641077,347918","5296777,68374","10,884315165","47,808881905",1,2,#fc8d62,car
211915,9,1,90,132,2019,7,14,3,3,7,7,0,1,0,0,0,0,0,"671364,398","5295250,224","11,28794024","47,787799239",0,1,#66c2a5,bicycle
211923,9,1,87,179,2019,7,21,3,2,8,3,1,0,1,0,1,0,0,"720685,772957","5317957,51846","11,957243717","47,976829388",0,2,#fc8d62,car
211925,9,1,87,126,2019,7,16,3,3,0,1,0,0,0,0,1,0,0,"738956,341682","5323480,68371","12,204767272","48,019884708",0,4,#e78ac3,marker
211927,9,1,87,150,2019,7,10,3,3,5,3,0,1,1,0,0,0,0,"729701,922887","5304969,56378","12,070966341","47,856968757",0,1,#66c2a5,bicycle
211931,9,1,79,117,2019,7,7,3,3,8,7,0,0,0,0,1,0,0,"661987,136488","5350218,34295","11,183629542","48,284424914",0,4,#e78ac3,marker
211932,9,1,88,144,2019,7,21,3,2,9,1,1,0,0,0,1,0,0,"666979,33","5326197,225","11,24143564","48,067178241",0,4,#e78ac3,marker
211934,9,1,79,121,2019,7,7,3,3,1,5,0,1,1,0,0,0,0,"666446,902194","5338096,13327","11,238940131","48,174290174",1,1,#66c2a5,bicycle
211936,9,1,74,131,2019,7,14,3,3,9,1,0,0,1,0,0,0,0,"670038,612607","5361141,33364","11,296484627","48,380505198",0,2,#fc8d62,car
211938,9,1,78,145,2019,7,19,3,2,6,5,0,1,0,1,0,0,0,"697272,717024","5354865,61329","11,660974915","48,316179901",0,1,#66c2a5,bicycle
211940,9,1,78,143,2019,7,18,3,3,0,1,0,1,0,0,0,0,0,"717519,042","5372151,686","11,942666994","48,464852064",0,1,#66c2a5,bicycle
211941,9,1,78,143,2019,7,6,3,3,0,1,0,1,0,0,0,0,0,"716774,788","5373323,791","11,933219649","48,475639877",1,1,#66c2a5,bicycle
211942,9,1,78,124,2019,7,16,3,3,5,2,0,1,1,0,0,0,0,"703695,001614","5362597,22513","11,75124218","48,38362239",0,1,#66c2a5,bicycle
211944,9,1,78,138,2019,7,6,3,3,4,6,0,1,1,0,0,0,0,"710619,954552","5368582,04393","11,847660569","48,435125019",1,1,#66c2a5,bicycle
211945,9,1,62,0,2019,7,13,2,3,2,6,0,0,1,0,0,0,0,"692160,250912","5330414,35567","11,581014787","48,097993923",1,2,#fc8d62,car
211947,9,1,62,0,2019,7,11,2,3,5,2,0,1,1,0,0,0,0,"684594,414224","5330227,59481","11,47941359","48,098551896",0,1,#66c2a5,bicycle
211948,9,2,61,0,2019,6,18,1,3,5,3,0,0,1,0,0,0,0,"728534,208","5380882,807","12,09624099","48,539381891",0,2,#fc8d62,car
211949,9,1,62,0,2019,7,13,2,3,6,7,0,1,0,1,0,0,0,"690174,354784","5336312,54293","11,55700033","48,151602769",0,1,#66c2a5,bicycle
211950,9,1,62,0,2019,7,14,2,3,0,7,0,0,0,1,1,0,0,"695941,686501","5334793,27945","11,633762453","48,136197988",0,3,#8da0cb,toilet
211951,9,1,84,135,2019,7,18,2,3,5,3,0,1,1,0,0,0,0,"689830,14327","5348202,04978","11,557695355","48,258567394",1,1,#66c2a5,bicycle
211952,9,2,61,0,2019,6,17,1,3,0,7,0,1,0,0,0,0,0,"732146,955017","5379326,69139","12,14424478","48,524077672",0,1,#66c2a5,bicycle
211953,9,1,62,0,2019,7,13,5,3,0,3,0,1,0,0,0,0,0,"690287,291159","5342199,14266","11,561152861","48,204477264",0,1,#66c2a5,bicycle
211954,9,1,88,127,2019,7,9,5,2,0,7,0,1,0,0,0,0,0,"678858,967328","5330135,31337","11,402409555","48,099358125",0,1,#66c2a5,bicycle
211955,9,1,62,0,2019,7,9,5,3,5,2,0,1,1,0,0,0,0,"692938,829","5333675,429","11,59293638","48,127068515",0,1,#66c2a5,bicycle
211956,9,1,62,0,2019,7,17,5,3,1,4,0,1,1,1,0,0,0,"689881,31464","5334909,18847","11,552438433","48,139076944",0,1,#66c2a5,bicycle
211957,9,1,62,0,2019,7,7,5,3,5,2,0,0,1,0,1,0,0,"694718,322644","5343014,13723","11,621101842","48,210458461",0,2,#fc8d62,car
211958,9,1,62,0,2019,7,18,5,3,5,3,0,1,1,0,0,0,0,"693574,172824","5335176,16696","11,60214763","48,140363806",0,1,#66c2a5,bicycle
211959,9,1,62,0,2019,7,19,5,3,2,6,0,0,1,0,0,0,0,"689044,3141","5335556,83403","11,541486254","48,145147265",0,2,#fc8d62,car
211960,9,1,62,0,2019,7,9,5,3,5,7,0,0,1,0,0,0,0,"691499,021923","5333922,51803","11,573717933","48,129724078",0,2,#fc8d62,car
211961,9,1,84,118,2019,7,16,5,3,5,3,0,1,1,0,0,0,0,"703476,890984","5336118,66651","11,73556311","48,145744334",0,1,#66c2a5,bicycle
211962,9,1,62,0,2019,7,19,5,3,0,6,0,0,1,0,1,0,0,"689222,752393","5337363,21997","11,544685868","48,161330131",0,2,#fc8d62,car
211963,9,1,62,0,2019,7,8,5,3,3,2,0,1,1,0,0,0,0,"685887,149816","5329118,41416","11,496277272","48,088206234",0,1,#66c2a5,bicycle
211964,9,1,62,0,2019,7,8,5,3,5,3,0,1,1,0,0,0,0,"692802,348388","5334998,75013","11,591702989","48,139003564",0,1,#66c2a5,bicycle
211965,9,1,62,0,2019,7,10,5,3,5,2,0,1,1,0,0,0,0,"693366,690927","5331003,75456","11,597468996","48,102926364",0,1,#66c2a5,bicycle
211966,9,1,62,0,2019,7,8,5,3,3,6,0,1,0,0,0,0,0,"693866,159233","5333110,37811","11,6051286","48,121708289",0,1,#66c2a5,bicycle
211967,9,1,62,0,2019,7,18,5,3,1,5,0,1,1,0,0,0,0,"691122,32292","5334778,95154","11,56904464","48,137534855",0,1,#66c2a5,bicycle
211968,9,1,62,0,2019,7,11,5,3,4,2,0,0,1,0,1,0,0,"688207,264699","5339952,82093","11,532189831","48,184907182",0,2,#fc8d62,car
211969,9,1,62,0,2019,7,17,5,3,2,6,0,1,0,0,0,0,0,"692306,967877","5337497,0772","11,586179724","48,161607879",0,1,#66c2a5,bicycle
211970,9,1,62,0,2019,7,18,5,3,4,2,0,0,1,0,1,0,0,"690841,616209","5339291,12982","11,567299236","48,178174124",0,2,#fc8d62,car
211971,9,1,62,0,2019,7,17,5,2,0,1,0,0,0,0,1,0,0,"690628,867254","5337406,56091","11,563595293","48,161299663",0,4,#e78ac3,marker
211972,9,1,62,0,2019,7,9,5,3,4,2,0,0,1,0,0,0,0,"698561,294158","5335292,54327","11,669167448","48,139873037",0,2,#fc8d62,car
211973,9,1,62,0,2019,7,16,5,2,3,6,0,0,1,0,1,0,0,"689474,430855","5337208,53987","11,5479981","48,159864913",0,2,#fc8d62,car
211974,9,1,62,0,2019,7,13,5,2,6,4,0,0,1,1,0,0,0,"687064,14826","5336295,52343","11,515216536","48,152372147",0,2,#fc8d62,car
211975,9,1,62,0,2019,7,5,5,2,3,2,1,1,1,0,0,0,0,"693356,398356","5340361,03223","11,601580295","48,187029788",0,1,#66c2a5,bicycle
211976,9,1,62,0,2019,7,16,5,3,7,7,0,1,0,0,0,0,0,"683500,272992","5335923,1436","11,467183572","48,150063209",0,1,#66c2a5,bicycle
211977,9,1,62,0,2019,7,13,5,3,0,1,0,1,0,0,0,0,0,"683011,793142","5335740,20434","11,460543538","48,148559569",0,1,#66c2a5,bicycle
211978,9,1,62,0,2019,7,17,5,3,2,6,0,0,1,0,0,0,0,"683385,830519","5335565,81548","11,465492418","48,146884331",0,2,#fc8d62,car
211979,9,1,62,0,2019,7,15,5,3,8,7,0,0,1,0,0,0,0,"681890,44289","5334598,69485","11,444993943","48,138620455",0,2,#fc8d62,car
211980,9,1,62,0,2019,7,14,5,3,6,4,0,0,1,1,0,0,0,"689244,405969","5343298,50794","11,547621058","48,214670035",0,2,#fc8d62,car
211981,9,1,84,131,2019,7,19,5,3,5,1,0,1,1,0,0,0,0,"704536,649232","5337987,83537","11,750691951","48,162201924",0,1,#66c2a5,bicycle
211982,9,1,62,0,2019,7,11,5,3,0,1,0,1,0,0,0,0,0,"695766,724565","5332730,52519","11,630465769","48,117712847",0,1,#66c2a5,bicycle
211983,9,1,62,0,2019,7,16,5,3,5,2,0,0,1,1,0,0,0,"693436,851108","5340340,487","11,60265226","48,186820644",0,2,#fc8d62,car
211984,9,1,62,0,2019,7,18,5,3,1,3,0,1,1,0,0,0,0,"692437,242315","5338146,73645","11,588223765","48,167407432",0,1,#66c2a5,bicycle
211985,9,1,62,0,2019,7,18,5,3,0,1,0,1,0,0,0,0,0,"692253,656078","5334443,06024","11,584084304","48,134175142",0,1,#66c2a5,bicycle
211987,9,7,78,203,2019,7,15,5,3,1,5,0,1,1,0,0,0,0,"621938,17568","5324620,84239","10,636682111","48,063203953",0,1,#66c2a5,bicycle
211992,9,7,62,0,2019,7,9,5,3,0,1,0,1,0,0,0,0,0,"621948,792769","5305224,92422","10,631319066","47,888763543",0,1,#66c2a5,bicycle
211998,9,7,72,223,2019,7,12,5,3,0,6,0,0,0,0,1,0,1,"617549,24166","5362241,9807","10,588235249","48,402369122",0,4,#e78ac3,marker
211999,9,7,61,0,2019,7,18,5,3,3,2,0,0,1,0,1,0,0,"636876,919851","5360138,06129","10,848558974","48,379550901",0,2,#fc8d62,car
212000,9,7,61,0,2019,7,7,5,3,0,1,0,1,0,0,0,0,0,"639263,072093","5361071,69274","10,881076104","48,387423681",0,1,#66c2a5,bicycle
212001,9,7,61,0,2019,7,7,5,3,2,6,0,0,1,0,1,0,0,"642189,440194","5362185,68687","10,920957866","48,396787273",0,2,#fc8d62,car
212002,9,7,61,0,2019,7,15,5,3,0,1,0,1,0,0,0,0,0,"641483,027749","5355806,3272","10,909273751","48,339585518",0,1,#66c2a5,bicycle
212003,9,7,61,0,2019,7,19,5,3,5,2,0,1,1,0,0,0,0,"639730,286068","5356594,98191","10,88589607","48,347066992",0,1,#66c2a5,bicycle
212004,9,7,61,0,2019,7,9,5,3,3,2,0,1,1,0,0,0,0,"639840,699355","5359993,93361","10,888515274","48,377605004",0,1,#66c2a5,bicycle
212005,9,7,61,0,2019,7,16,5,2,5,3,0,0,1,0,1,0,0,"639456,047562","5359788,03758","10,883255259","48,375838776",0,2,#fc8d62,car
212006,9,7,61,0,2019,7,13,5,3,1,5,0,1,1,0,0,0,0,"640634,476799","5358798,43238","10,898829082","48,366679045",0,1,#66c2a5,bicycle
212007,9,7,61,0,2019,7,9,5,3,6,4,0,1,0,1,0,0,0,"639827,84478","5358830,5394","10,887954878","48,367146948",0,1,#66c2a5,bicycle
212008,9,7,61,0,2019,7,15,5,3,0,7,0,1,0,0,0,0,0,"640805,930571","5358547,18481","10,901058598","48,36438169",0,1,#66c2a5,bicycle
212053,9,2,74,113,2019,7,7,5,3,0,1,0,1,0,0,0,0,0,"730001,837284","5383122,36574","12,117330924","48,558963692",0,1,#66c2a5,bicycle
212054,9,2,61,0,2019,7,7,5,2,6,4,0,0,1,1,0,0,0,"732516,430679","5380318,66136","12,149794276","48,532851584",0,2,#fc8d62,car
212057,9,1,73,126,2019,7,12,5,3,5,3,0,1,1,0,0,0,0,"686195,051334","5303253,00329","11,489202531","47,855620152",0,1,#66c2a5,bicycle
212058,9,1,73,126,2019,7,10,5,3,0,7,0,1,0,0,0,0,0,"685348,365987","5304200,12689","11,478300319","47,864378589",0,1,#66c2a5,bicycle
212061,9,1,63,0,2019,7,12,5,3,5,7,0,1,1,0,0,0,0,"734050,969","5303390,653","12,128167531","47,841214807",0,1,#66c2a5,bicycle
212064,9,1,87,117,2019,7,7,5,3,5,2,0,1,1,0,0,0,0,"724578,148176","5305819,03929","12,003004336","47,866412224",0,1,#66c2a5,bicycle
212065,9,1,87,117,2019,7,17,5,3,6,4,0,0,1,1,0,0,0,"724369,518193","5305631,86884","12,000121407","47,864803381",0,2,#fc8d62,car
212066,9,1,87,117,2019,7,17,5,3,0,1,0,1,0,0,0,0,0,"725516,252504","5304856,89067","12,01502874","47,857438786",0,1,#66c2a5,bicycle
212067,9,1,87,117,2019,7,17,5,2,5,3,0,0,1,0,0,0,0,"722212,474314","5306049,79377","11,971533965","47,869308204",0,2,#fc8d62,car
212071,9,1,86,146,2019,7,19,5,3,0,7,0,1,0,0,0,0,0,"683365,185342","5368992,30173","11,479731269","48,447338692",0,1,#66c2a5,bicycle
212074,9,1,79,126,2019,7,9,5,3,5,6,0,1,1,0,0,0,0,"677301,4575","5339904,55897","11,385576147","48,187610802",0,1,#66c2a5,bicycle
212075,9,1,81,121,2019,7,19,5,3,0,1,0,1,0,0,0,0,0,"636678,122","5311639,904","10,830290295","47,943484123",0,1,#66c2a5,bicycle
212076,9,1,88,145,2019,7,17,5,3,3,1,0,1,0,0,0,0,0,"663680,348635","5325910,9015","11,197076464","48,065459134",0,1,#66c2a5,bicycle
212077,9,1,79,123,2019,7,21,5,3,3,6,0,1,1,0,0,0,0,"675855,279638","5333883,17689","11,363645963","48,133885038",0,1,#66c2a5,bicycle
212078,9,1,81,144,2019,7,17,5,3,0,1,0,1,0,0,0,0,0,"654994,764145","5321324,73153","11,078911216","48,026393661",0,1,#66c2a5,bicycle
212079,9,1,74,126,2019,7,14,5,3,9,1,0,0,0,0,1,0,0,"682246,12508","5344284,96554","11,453925125","48,225585215",0,4,#e78ac3,marker
212080,9,1,74,135,2019,7,10,5,3,5,3,0,1,1,0,0,0,0,"663500,621473","5352711,45725","11,204981448","48,306449069",0,1,#66c2a5,bicycle
212081,9,1,78,143,2019,7,10,5,2,4,6,0,1,0,0,0,0,0,"717327,194355","5373267,59809","11,940654922","48,474944371",0,1,#66c2a5,bicycle
212082,9,1,77,117,2019,7,15,5,3,6,7,0,0,1,1,0,0,0,"715787,613288","5354415,37942","11,910168203","48,306088859",0,2,#fc8d62,car
212083,9,1,77,117,2019,7,17,5,3,2,6,0,1,0,0,0,0,1,"717704,099041","5352722,97464","11,935106803","48,290226225",0,1,#66c2a5,bicycle
212084,9,1,77,130,2019,7,13,5,2,0,1,0,0,0,0,1,0,0,"711318,065","5350522,459","11,84802166","48,272617343",0,4,#e78ac3,marker
212085,9,1,62,0,2019,7,23,4,3,0,7,2,0,0,0,1,0,0,"692320,558357","5337429,67612","11,586331826","48,160997984",0,4,#e78ac3,marker
212086,9,1,62,0,2019,7,13,4,3,3,6,0,0,1,0,1,0,0,"689525,227135","5336061,02791","11,548169424","48,149535898",0,2,#fc8d62,car
212087,9,1,62,0,2019,7,15,4,3,5,3,0,0,1,0,0,0,0,"698833,732726","5333389,17802","11,671937405","48,122682073",0,2,#fc8d62,car
212088,9,1,62,0,2019,7,18,4,3,1,5,0,1,1,0,0,0,0,"692462,087888","5333506,5811","11,586459911","48,125695254",0,1,#66c2a5,bicycle
212089,9,1,62,0,2019,7,18,4,3,5,3,0,1,1,0,0,0,0,"690047,586725","5333634,0383","11,55410239","48,127566223",0,1,#66c2a5,bicycle
212090,9,1,62,0,2019,7,18,4,3,5,3,0,1,1,0,0,0,0,"693898,633124","5341369,06825","11,609328365","48,195924288",0,1,#66c2a5,bicycle
212091,9,1,62,0,2019,7,16,4,3,1,1,0,1,1,0,0,0,0,"690210,096716","5329562,24628","11,554468648","48,090920188",0,1,#66c2a5,bicycle
212092,9,1,62,0,2019,7,16,4,3,6,7,0,0,1,1,0,0,0,"689818,273872","5341686,70082","11,554617518","48,200011884",0,2,#fc8d62,car
212093,9,1,62,0,2019,7,23,4,3,1,1,2,1,1,0,0,0,0,"689090,252215","5332800,61416","11,540879948","48,120360386",0,1,#66c2a5,bicycle
212094,9,1,62,0,2019,7,5,4,2,0,7,1,0,0,0,0,0,1,"691435,295","5335380,181","11,573517431","48,14284456",0,6,#ffd92f,circle
212095,9,1,62,0,2019,7,14,4,3,6,4,0,1,0,1,0,0,0,"689735,932088","5334579,00018","11,550339086","48,136152562",0,1,#66c2a5,bicycle
212096,9,1,62,0,2019,7,18,4,3,0,3,0,1,1,0,0,0,0,"692023,720892","5334960,1212","11,581230084","48,138891817",0,1,#66c2a5,bicycle
212097,9,1,62,0,2019,7,19,4,3,2,7,0,0,1,0,0,1,0,"687362,840224","5330304,66541","11,516595126","48,098436645",0,2,#fc8d62,car
212098,9,1,62,0,2019,7,17,4,3,3,2,0,1,1,0,0,0,0,"691027,495436","5335094,56581","11,567912866","48,140400045",0,1,#66c2a5,bicycle
212099,9,1,62,0,2019,7,14,4,3,5,3,0,1,0,0,0,0,1,"682771,590385","5335882,52604","11,457378271","48,149907915",0,1,#66c2a5,bicycle
212100,9,1,62,0,2019,7,16,4,3,0,7,0,1,0,0,0,0,0,"689671,475166","5336034,96879","11,5501221","48,149258085",0,1,#66c2a5,bicycle
212101,9,1,84,129,2019,7,16,4,3,0,7,0,1,0,0,0,0,0,"701270,021048","5324810,34649","11,700597111","48,044818342",0,1,#66c2a5,bicycle
212102,9,1,62,0,2019,7,8,4,3,5,3,0,1,1,0,0,0,0,"691934,122","5331791,658","11,578600207","48,110441132",0,1,#66c2a5,bicycle
212103,9,1,62,0,2019,7,19,4,3,1,7,0,1,1,0,0,0,0,"687901,978883","5332357,93065","11,524733694","48,116733208",0,1,#66c2a5,bicycle
212104,9,1,62,0,2019,7,15,4,3,5,2,0,1,1,0,0,0,0,"690209,348482","5335437,80699","11,557079516","48,143730193",0,1,#66c2a5,bicycle
212105,9,1,62,0,2019,7,21,4,3,0,7,2,1,1,0,0,0,0,"690612,436074","5335456,63782","11,562501238","48,143778806",0,1,#66c2a5,bicycle
212106,9,1,62,0,2019,7,18,4,3,4,6,0,1,0,0,0,0,0,"693027,13742","5335441,91082","11,594922319","48,142918423",0,1,#66c2a5,bicycle
212107,9,1,62,0,2019,7,17,4,3,5,3,0,1,1,0,0,0,0,"690841,126285","5337087,32837","11,5663036","48,15836676",0,1,#66c2a5,bicycle
212108,9,1,62,0,2019,7,21,4,3,5,3,1,1,1,0,0,0,0,"691289,941401","5335236,71312","11,571500998","48,141598805",0,1,#66c2a5,bicycle
212112,9,2,74,185,2019,7,21,6,3,0,7,2,1,0,0,0,0,0,"728945,543097","5370914,31465","12,096342499","48,449682649",0,1,#66c2a5,bicycle
212120,9,7,72,130,2019,7,11,4,1,5,3,0,1,1,0,0,0,0,"632770,239812","5358090,95295","10,792479471","48,362020504",0,1,#66c2a5,bicycle
212121,9,7,72,171,2019,7,19,4,3,0,7,0,1,0,0,0,0,0,"637886,09986","5370595,76011","10,865620408","48,473364173",0,1,#66c2a5,bicycle
212123,9,7,71,146,2019,7,6,4,3,4,2,0,0,1,0,1,0,0,"646534,360548","5348292,22753","10,974789582","48,270872274",0,2,#fc8d62,car
212124,9,7,72,163,2019,7,10,4,3,1,7,0,0,1,0,1,0,0,"640136,039872","5349852,87066","10,889129055","48,286353472",0,2,#fc8d62,car
212126,9,7,72,163,2019,7,17,4,3,5,3,0,0,1,0,0,0,0,"640559,773426","5350174,17854","10,894944947","48,289148657",0,2,#fc8d62,car
212127,9,1,83,119,2019,7,18,6,2,0,7,0,1,0,0,0,0,0,"736697,820124","5338775,0802","12,183001011","48,158117603",0,1,#66c2a5,bicycle
212128,9,7,72,163,2019,7,7,4,3,5,3,0,1,1,0,0,0,0,"640519,929032","5349558,35777","10,894203249","48,283620159",0,1,#66c2a5,bicycle
212130,9,7,61,0,2019,7,9,4,3,3,6,0,0,1,0,0,0,0,"639167,071939","5359006,68915","10,879096417","48,368876881",0,2,#fc8d62,car
212131,9,7,61,0,2019,7,13,4,2,0,7,0,1,0,0,0,0,0,"643842,03065","5358308,12749","10,941943834","48,361547704",0,1,#66c2a5,bicycle
212132,9,7,61,0,2019,7,7,4,3,5,3,0,1,1,0,0,0,0,"640804,349","5356117,395","10,900224412","48,342534162",0,1,#66c2a5,bicycle
212133,9,7,61,0,2019,7,15,4,3,2,1,0,0,1,0,0,0,1,"640940,864961","5357918,59574","10,902668759","48,358699523",0,2,#fc8d62,car
212134,9,7,61,0,2019,7,8,4,3,3,2,0,1,0,0,0,1,0,"640229,742269","5359976,46435","10,893760397","48,377361582",0,1,#66c2a5,bicycle
212136,9,7,71,113,2019,7,23,4,3,0,1,2,0,1,0,0,0,0,"654930,633814","5366743,57536","11,094658181","48,434763356",1,2,#fc8d62,car
212153,9,1,87,182,2019,7,22,6,3,0,7,2,1,0,0,0,0,0,"738660,412696","5328423,54253","12,203559567","48,064397258",0,1,#66c2a5,bicycle
212155,9,1,63,0,2019,7,7,6,3,5,3,0,1,1,0,0,0,0,"731364,924952","5304101,44602","12,092701995","47,848572826",0,1,#66c2a5,bicycle
212157,9,1,63,0,2019,7,9,6,3,4,2,0,0,1,0,0,0,0,"733864,466091","5304754,59649","12,126415739","47,853536357",0,2,#fc8d62,car
212166,9,1,87,117,2019,7,13,6,3,5,3,0,1,1,0,0,0,0,"724447,349132","5305974,10679","12,001338315","47,867851219",0,1,#66c2a5,bicycle
212186,9,1,88,139,2019,7,14,6,3,0,7,0,0,1,0,0,0,0,"674644,800421","5318734,67306","11,341202919","47,998040244",0,2,#fc8d62,car
212188,9,1,79,113,2019,7,20,6,3,4,1,0,0,1,0,1,0,1,"667802,809323","5335305,42337","11,256063405","48,148845262",0,2,#fc8d62,car
212190,9,1,73,120,2019,7,15,4,2,8,1,0,1,0,0,0,0,0,"684852,348964","5313813,65069","11,475794811","47,95093686",0,1,#66c2a5,bicycle
212191,9,1,90,148,2019,7,19,4,3,2,6,0,0,1,0,0,0,0,"642238,852616","5297497,02815","10,900056186","47,815094984",0,2,#fc8d62,car
212192,9,1,74,111,2019,7,13,6,3,5,3,0,0,1,0,0,0,0,"666793,987393","5361786,5198","11,252955462","48,387171272",0,2,#fc8d62,car
212195,9,1,73,126,2019,7,14,4,3,5,3,0,0,1,0,0,0,1,"682561,961517","5306731,65429","11,442148194","47,887932875",0,2,#fc8d62,car
212197,9,1,78,120,2019,7,13,6,3,0,1,0,1,0,0,0,0,0,"693723,755392","5353492,27216","11,612525305","48,304934344",0,1,#66c2a5,bicycle