OBJECTID,ULAND,UREGBEZ,UKREIS,UGEMEINDE,UJAHR,UMONAT,USTUNDE,UWOCHENTAG,UKATEGORIE,UART,UTYP1,ULICHTVERH,IstRad,IstPKW,IstFuss,IstKrad,IstGkfz,IstSonstig,LINREFX,LINREFY,XGCSWGS84,YGCSWGS84,STRZUSTAND,Teilnehmer,color,symbol
212199,9,1,77,117,2019,7,7,6,3,0,6,0,0,0,0,1,0,0,"714951,065947","5355091,05762","11,899245504","48,312444713",0,4,#e78ac3,marker
212201,9,1,62,0,2019,7,7,5,3,2,6,0,0,1,0,1,0,0,"696450,533227","5332674,80709","11,639618162","48,117001502",0,2,#fc8d62,car
212203,9,1,62,0,2019,7,9,5,3,0,3,0,0,1,0,1,0,0,"694790,148487","5337623,38585","11,619595854","48,161987201",0,2,#fc8d62,car
212204,9,1,63,0,2019,7,8,4,3,0,7,0,1,0,1,0,0,0,"734051,49","5304960,792","12,129023669","47,855320743",0,1,#66c2a5,bicycle
212206,9,1,87,117,2019,7,12,4,3,0,1,0,0,0,0,1,0,0,"725954,917512","5304227,27673","12,020556172","47,851627692",0,4,#e78ac3,marker
212207,9,1,62,0,2019,7,20,5,3,0,1,0,1,0,0,0,0,0,"691108,991","5338469,043","11,570522756","48,170704979",0,1,#66c2a5,bicycle
212210,9,1,62,0,2019,7,18,5,3,1,7,0,1,1,0,0,0,0,"688579,285011","5331503,02149","11,533447078","48,108848901",0,1,#66c2a5,bicycle
212211,9,1,85,158,2019,7,18,4,3,0,1,0,1,0,0,0,0,0,"667477,130352","5380020,20736","11,269476277","48,550900303",0,1,#66c2a5,bicycle
212212,9,1,62,0,2019,7,20,5,3,1,5,0,1,1,0,0,0,0,"689975,645697","5332809,5258","11,552769081","48,120176936",0,1,#66c2a5,bicycle
212213,9,1,88,113,2019,7,16,4,3,3,6,0,1,0,0,1,0,0,"675604,503758","5315567,24916","11,352762018","47,969303486",0,1,#66c2a5,bicycle
212214,9,1,79,126,2019,7,14,4,3,1,5,0,1,1,0,0,0,0,"677261,038321","5339282,68309","11,384773321","48,182031982",0,1,#66c2a5,bicycle
212215,9,1,81,130,2019,7,18,4,3,0,7,0,1,0,0,0,0,0,"638859,245666","5324553,73482","10,863661858","48,05914177",0,1,#66c2a5,bicycle
212220,9,1,79,142,2019,7,10,2,2,0,5,0,1,1,0,0,0,0,"673567,064765","5341542,01716","11,3360434","48,203361943",0,1,#66c2a5,bicycle
212221,9,1,79,145,2019,7,16,2,3,8,7,0,1,0,0,0,0,0,"675277,281122","5338354,86937","11,357725856","48,174241984",0,1,#66c2a5,bicycle
212222,9,1,79,123,2019,7,8,2,3,3,2,0,1,1,0,0,0,0,"675933,696","5333618,764","11,364589825","48,131486476",1,1,#66c2a5,bicycle
212223,9,1,79,123,2019,7,7,2,3,5,3,0,1,0,0,0,0,0,"676960,751801","5333544,61267","11,378350598","48,130535183",1,1,#66c2a5,bicycle
212224,9,1,88,127,2019,7,18,2,3,2,6,0,0,1,0,0,0,0,"676750,733289","5329861,88842","11,374004168","48,097488535",0,2,#fc8d62,car
212225,9,1,74,118,2019,7,19,2,3,0,1,0,1,0,0,0,0,0,"670825,085939","5355796,24517","11,304928019","48,332243982",0,1,#66c2a5,bicycle
212226,9,1,74,113,2019,7,12,2,3,5,3,0,0,1,0,0,0,0,"673876,848047","5348251,2221","11,342962469","48,263588216",0,2,#fc8d62,car
212227,9,1,74,135,2019,7,8,2,3,0,1,0,0,0,0,1,0,0,"663525,667506","5352578,17802","11,205267317","48,30524441",0,4,#e78ac3,marker
212228,9,1,62,0,2019,7,15,1,3,0,1,0,1,0,0,0,0,0,"688819,880043","5334951,32099","11,53820357","48,139771491",0,1,#66c2a5,bicycle
212229,9,1,62,0,2019,7,1,1,3,5,3,2,0,1,0,0,0,0,"692318,204","5334234,593","11,584856876","48,132281976",0,2,#fc8d62,car
212230,9,1,62,0,2019,7,16,1,2,5,3,0,0,1,0,0,0,0,"691909,176383","5331955,85347","11,578339291","48,11192442",0,2,#fc8d62,car
212231,9,1,84,139,2019,7,19,1,2,6,3,0,1,0,1,0,0,0,"687922,956855","5325393,15707","11,521951157","48,054125429",0,1,#66c2a5,bicycle
212232,9,1,84,145,2019,7,11,1,3,0,1,0,0,1,0,0,0,0,"693690,519632","5324755,00088","11,59898251","48,046665499",1,2,#fc8d62,car
212233,9,1,62,0,2019,7,17,1,3,1,5,0,1,1,0,0,0,0,"690186,760534","5334740,68795","11,556464848","48,137471241",0,1,#66c2a5,bicycle
212234,9,1,84,136,2019,7,16,1,3,5,3,0,1,1,0,0,0,0,"698743,205086","5325808,109","11,667194467","48,054577184",0,1,#66c2a5,bicycle
212235,9,1,62,0,2019,7,19,1,3,3,6,0,0,1,0,0,0,1,"690454,100421","5333450,25001","11,559477864","48,125792841",0,2,#fc8d62,car
212242,9,7,61,0,2019,7,23,1,3,0,1,2,1,0,0,0,0,0,"644028,191991","5358433,87978","10,944498658","48,362635954",1,1,#66c2a5,bicycle
212243,9,7,61,0,2019,7,18,1,3,0,1,0,1,0,0,0,0,0,"641121,072169","5358188,32806","10,905190586","48,361084607",0,1,#66c2a5,bicycle
212244,9,7,71,122,2019,7,19,1,3,5,3,0,1,0,0,0,1,0,"654162,741311","5363088,44396","11,082939963","48,402090086",0,1,#66c2a5,bicycle
212264,9,1,90,111,2019,7,19,1,3,0,7,0,1,0,0,0,0,0,"640061,375706","5297866,57432","10,871104586","47,818895846",1,1,#66c2a5,bicycle
212267,9,1,81,130,2019,7,18,1,3,5,3,0,1,1,0,0,0,0,"638699,281334","5324917,63038","10,861634132","48,062448836",0,1,#66c2a5,bicycle
212268,9,1,81,130,2019,7,18,1,3,2,6,0,0,1,0,0,0,0,"639224,855259","5324337,80201","10,868495803","48,057120358",0,2,#fc8d62,car
212269,9,1,79,136,2019,7,2,1,2,0,1,2,1,0,0,0,0,0,"659908,44015","5341474,97242","11,152326755","48,206346702",1,1,#66c2a5,bicycle
212270,9,1,74,115,2019,7,18,1,3,5,3,0,1,1,0,0,0,0,"681322,167069","5348390,05302","11,443253651","48,262749045",0,1,#66c2a5,bicycle
212271,9,1,75,127,2019,7,15,1,3,5,3,0,1,1,0,0,0,0,"713072,801","5341443,822","11,867075845","48,190453147",1,1,#66c2a5,bicycle
212272,9,1,77,139,2019,7,3,1,3,0,1,2,1,0,0,0,0,0,"732061,046","5359067,153","12,131867273","48,34211792",1,1,#66c2a5,bicycle
212273,9,1,62,0,2019,7,16,7,2,0,7,0,1,0,0,0,0,0,"692273,318302","5336381,99294","11,585223801","48,151595935",0,1,#66c2a5,bicycle
212274,9,1,62,0,2019,7,10,7,3,3,5,0,1,1,0,0,0,0,"687505,351065","5334463,51464","11,520336121","48,135775689",0,1,#66c2a5,bicycle
212275,9,1,62,0,2019,7,19,7,3,6,4,0,1,0,1,0,0,0,"692802,28859","5337661,86413","11,592908512","48,162938933",0,1,#66c2a5,bicycle
212276,9,1,62,0,2019,7,18,7,3,6,4,0,0,1,1,0,0,0,"683878,593847","5338327,86329","11,473304681","48,171568886",0,2,#fc8d62,car
212277,9,1,62,0,2019,7,16,7,3,2,6,0,0,1,0,0,0,0,"692334,15267","5335493,82088","11,585639619","48,143594845",0,2,#fc8d62,car
212278,9,1,62,0,2019,7,16,7,3,5,2,0,1,1,0,0,0,0,"688966,874813","5341728,89287","11,54318972","48,200645055",0,1,#66c2a5,bicycle
212279,9,1,62,0,2019,7,16,7,3,0,3,0,1,0,0,0,0,1,"689891,14716","5343047,18296","11,556206043","48,212217974",0,1,#66c2a5,bicycle
212280,9,1,62,0,2019,7,13,7,3,2,6,0,0,1,0,0,0,0,"686053,529882","5340259,41212","11,503376068","48,188297315",0,2,#fc8d62,car
212281,9,1,62,0,2019,7,16,7,3,0,7,0,0,1,0,0,0,1,"690753,637945","5342634,93437","11,567618972","48,208254134",0,2,#fc8d62,car
212282,9,1,62,0,2019,7,12,7,3,2,6,0,0,1,0,0,0,0,"694951,051669","5337877,26703","11,621873738","48,164219643",0,2,#fc8d62,car
212283,9,1,62,0,2019,7,14,7,3,5,2,0,1,0,0,0,0,0,"689881,415444","5335303,29706","11,552615508","48,142619172",0,1,#66c2a5,bicycle
212284,9,1,62,0,2019,7,10,7,3,5,3,0,1,1,0,0,0,0,"692083,718","5337283,7","11,58308424","48,159757575",0,1,#66c2a5,bicycle
212290,9,7,77,121,2019,7,11,7,3,5,3,0,1,1,0,0,0,0,"627799,214019","5322498,7674","10,714680743","48,042972714",0,1,#66c2a5,bicycle
212293,9,7,72,151,2019,7,14,7,3,0,1,0,1,0,0,0,0,0,"631669,640724","5343419,94028","10,773052848","48,230323447",0,1,#66c2a5,bicycle
212294,9,7,72,217,2019,7,0,7,2,9,1,2,0,0,0,1,0,0,"635562,095562","5381286,33149","10,837668326","48,569996326",0,4,#e78ac3,marker
212295,9,7,71,146,2019,7,0,7,3,0,1,2,1,0,0,0,0,0,"646998,657732","5347738,30785","10,980850309","48,265784175",0,1,#66c2a5,bicycle
212296,9,7,72,163,2019,7,17,7,3,2,1,0,1,0,0,0,0,0,"640755,765507","5350469,48716","10,89768411","48,291760453",0,1,#66c2a5,bicycle
212297,9,7,72,202,2019,7,8,7,3,4,2,0,0,1,0,1,0,0,"637207,736749","5358017,99612","10,852332572","48,360415637",0,2,#fc8d62,car
212298,9,7,61,0,2019,7,17,7,3,0,2,0,1,0,0,0,0,0,"640533,698052","5362648,01078","10,898756642","48,401315516",0,1,#66c2a5,bicycle
212338,9,2,61,0,2019,7,19,7,3,6,4,0,0,1,1,0,0,0,"734612,678602","5381891,06313","12,179031058","48,546195693",0,2,#fc8d62,car
212339,9,1,73,147,2019,7,18,7,2,0,1,0,1,0,0,0,0,0,"681286,385062","5309679,15387","11,426339082","47,914790261",0,1,#66c2a5,bicycle
212340,9,1,90,138,2019,7,9,7,3,0,1,0,0,0,0,1,0,0,"662794,165379","5308276,81081","11,178505192","47,907143488",0,4,#e78ac3,marker
212341,9,1,90,139,2019,7,9,7,2,0,1,0,1,0,0,0,0,0,"655119,918199","5296213,74951","11,071553623","47,800580151",0,1,#66c2a5,bicycle
212353,9,1,79,126,2019,7,14,7,3,9,1,0,0,1,0,0,0,0,"677232,927816","5339824,56427","11,384621538","48,186910847",0,2,#fc8d62,car
212354,9,1,79,142,2019,7,16,7,3,0,1,0,1,0,0,0,0,0,"674558,362689","5343861,63572","11,3503283","48,223941848",0,1,#66c2a5,bicycle
212355,9,1,79,113,2019,7,17,7,2,0,7,0,0,0,0,0,0,1,"671201,623561","5334439,37735","11,301373435","48,140154055",0,6,#ffd92f,circle
212356,9,1,79,123,2019,7,13,7,3,0,7,0,1,0,0,0,0,0,"675246,058986","5334802,41419","11,355842936","48,142316441",0,1,#66c2a5,bicycle
212357,9,1,79,121,2019,7,17,7,3,0,7,0,0,0,1,0,0,1,"666205,411378","5338593,71464","11,235888902","48,178826661",0,3,#8da0cb,toilet
212358,9,1,74,115,2019,7,5,7,3,8,1,0,0,1,1,0,0,0,"680572,847539","5347276,26798","11,432691006","48,252951618",0,2,#fc8d62,car
212359,9,1,75,139,2019,7,22,7,2,0,7,2,1,0,0,0,0,0,"711019,559","5330017,741","11,83382211","48,088464604",0,1,#66c2a5,bicycle
212360,9,1,78,155,2019,7,14,7,2,0,1,0,0,0,0,1,0,0,"718098,115026","5376127,54914","11,952564396","48,500372662",0,4,#e78ac3,marker
212361,9,1,78,124,2019,7,10,7,3,0,1,0,1,0,0,0,0,0,"704064,686554","5363917,49937","11,756870648","48,395367116",0,1,#66c2a5,bicycle
212362,9,1,75,122,2019,7,20,7,3,1,1,1,1,1,0,0,0,0,"720908,273699","5325115,49467","11,963907253","48,04106802",0,1,#66c2a5,bicycle
212363,9,1,75,131,2019,7,5,7,1,8,1,1,0,1,0,0,0,0,"711451,354443","5323205,26891","11,836246375","48,027104329",0,2,#fc8d62,car
212364,9,1,84,141,2019,7,12,6,2,0,1,0,1,0,0,0,0,0,"698890,523493","5316490,95054","11,664848319","47,970794179",0,1,#66c2a5,bicycle
212365,9,1,62,0,2019,7,20,6,2,5,3,0,1,1,0,0,0,0,"692035,349595","5335627,18101","11,581687047","48,144883721",0,1,#66c2a5,bicycle
212366,9,1,62,0,2019,7,19,6,3,1,6,0,0,1,0,1,0,0,"690344,10341","5340221,82627","11,561030311","48,186688354",0,2,#fc8d62,car
212367,9,1,62,0,2019,7,18,6,3,2,6,0,0,1,0,1,0,0,"685557,360117","5340771,44607","11,496930334","48,19304478",0,2,#fc8d62,car
212368,9,1,62,0,2019,7,20,6,3,6,4,0,0,1,1,0,0,0,"697926,30483","5332948,0151","11,659552193","48,118999946",0,2,#fc8d62,car
212369,9,1,62,0,2019,7,15,6,3,2,6,0,0,1,0,0,0,0,"682440,019303","5336004,66334","11,452976866","48,15110096",0,2,#fc8d62,car
212370,9,1,62,0,2019,7,16,6,2,1,5,0,1,1,0,0,0,0,"690435,413797","5337418,26417","11,561001649","48,161462822",0,1,#66c2a5,bicycle
212371,9,1,62,0,2019,7,0,6,2,0,7,2,1,0,0,0,0,0,"686788,115839","5336545,13295","11,511618334","48,154696836",0,1,#66c2a5,bicycle
212372,9,1,62,0,2019,7,8,6,3,4,6,0,1,0,0,0,0,0,"693276,577119","5336144,37392","11,598590932","48,149156221",0,1,#66c2a5,bicycle
212373,9,1,62,0,2019,7,8,6,3,0,1,0,0,0,0,0,0,1,"689390,946992","5333627,04504","11,545283565","48,127699066",0,6,#ffd92f,circle
212374,9,1,62,0,2019,7,22,6,3,5,3,2,0,1,0,0,0,1,"699368,884968","5332559,2272","11,678732603","48,115055832",0,2,#fc8d62,car
212375,9,1,62,0,2019,7,7,6,3,5,2,0,1,1,0,0,0,0,"689909,295832","5343162,36655","11,556501664","48,213247801",0,1,#66c2a5,bicycle
212376,9,1,62,0,2019,7,19,6,3,1,6,0,0,1,0,1,0,0,"692352,391514","5333544,75846","11,585004509","48,126071539",0,2,#fc8d62,car
212377,9,1,62,0,2019,7,2,6,3,1,1,2,1,1,0,0,0,0,"687397,197279","5332445,19622","11,517996378","48,117666322",0,1,#66c2a5,bicycle
212378,9,1,62,0,2019,7,9,6,3,5,2,0,1,1,0,0,0,0,"689686,914369","5332186,82034","11,548616273","48,114666083",0,1,#66c2a5,bicycle
212379,9,1,62,0,2019,7,15,6,3,5,2,0,1,1,0,0,0,0,"690685,824913","5338154,70864","11,564695894","48,168006865",0,1,#66c2a5,bicycle
212380,9,1,62,0,2019,7,22,6,3,0,7,2,0,1,0,0,0,1,"692252,057469","5337234,49895","11,585323395","48,159264493",0,2,#fc8d62,car
212381,9,1,62,0,2019,7,16,6,3,6,4,0,1,0,1,0,0,0,"692450,991776","5341928,22738","11,590121417","48,201390174",0,1,#66c2a5,bicycle
212382,9,1,62,0,2019,7,11,6,3,1,7,0,0,1,0,1,0,0,"701704,354941","5335168,60193","11,711310776","48,137770671",0,2,#fc8d62,car
212384,9,1,62,0,2019,7,11,6,3,0,7,0,0,1,0,0,0,1,"688246,436249","5332374,31454","11,529364535","48,116778739",0,2,#fc8d62,car
212386,9,1,84,120,2019,7,16,6,1,4,6,0,1,0,0,0,0,0,"680855,046401","5332291,21019","11,430109744","48,118173879",0,1,#66c2a5,bicycle
212388,9,1,62,0,2019,7,17,6,3,8,7,0,1,0,0,0,0,1,"690543,442464","5335223,28182","11,561470263","48,141702078",0,1,#66c2a5,bicycle
212389,9,1,62,0,2019,7,22,6,3,5,2,2,1,1,0,0,0,0,"689260,603855","5337034,35111","11,545048071","48,158362976",0,1,#66c2a5,bicycle
212390,9,1,62,0,2019,7,16,6,1,3,6,0,0,0,0,1,1,0,"692480,470091","5330610,9332","11,585399943","48,099664091",0,4,#e78ac3,marker
212391,9,1,62,0,2019,7,16,6,3,2,1,0,0,1,0,1,0,0,"689217,388264","5337381,11836","11,544621766","48,161492599",0,2,#fc8d62,car
212392,9,1,62,0,2019,7,18,6,3,5,3,0,1,0,0,1,0,0,"680624,752405","5338473,87193","11,429641314","48,173814373",0,1,#66c2a5,bicycle
212394,9,1,62,0,2019,7,7,6,3,5,3,0,1,1,0,0,0,0,"682355,111051","5342005,49286","11,454411152","48,205064672",0,1,#66c2a5,bicycle
212396,9,1,62,0,2019,7,17,6,3,0,1,0,1,0,0,0,0,0,"690408,733379","5341909,53901","11,562655779","48,201837937",0,1,#66c2a5,bicycle
212397,9,1,62,0,2019,7,18,6,3,4,2,0,1,1,0,0,0,0,"695098,942562","5331448,83469","11,620916469","48,106398485",0,1,#66c2a5,bicycle
212398,9,1,62,0,2019,7,14,6,3,5,2,0,1,1,0,0,0,0,"693150,025","5334676,415","11,596225417","48,136001067",0,1,#66c2a5,bicycle
212400,9,1,62,0,2019,7,15,6,3,5,3,0,1,1,0,0,0,0,"697003,238265","5335118,95227","11,648166226","48,138797197",0,1,#66c2a5,bicycle
212402,9,1,62,0,2019,7,18,6,3,5,2,0,1,1,0,0,0,0,"692920,704699","5337842,92747","11,594581466","48,164530355",0,1,#66c2a5,bicycle
212403,9,1,62,0,2019,7,12,6,3,1,7,0,0,0,0,1,0,1,"692318,360953","5337459,17655","11,586315644","48,161263791",0,4,#e78ac3,marker
212405,9,1,62,0,2019,7,17,6,3,0,7,0,1,0,0,0,0,0,"691146,059214","5335679,46277","11,569767569","48,145621436",0,1,#66c2a5,bicycle
212406,9,1,62,0,2019,7,7,6,3,2,2,0,1,1,0,0,0,0,"692674,442424","5334808,82917","11,589899551","48,13733534",0,1,#66c2a5,bicycle
212416,9,7,72,209,2019,7,17,6,3,4,2,0,1,1,0,0,0,0,"635176,558027","5335706,8389","10,817796451","48,160226838",0,1,#66c2a5,bicycle
212417,9,7,72,147,2019,7,13,6,3,5,3,0,0,1,0,1,0,0,"638060,892115","5364997,94306","10,866138351","48,42299193",0,2,#fc8d62,car
212419,9,7,61,0,2019,7,21,6,3,0,1,2,1,0,0,0,0,0,"639013,597051","5358522,4529","10,876865238","48,364556559",0,1,#66c2a5,bicycle
212420,9,7,61,0,2019,7,12,6,3,4,2,0,1,1,0,0,0,0,"638357,747524","5359362,89483","10,868291816","48,372257752",0,1,#66c2a5,bicycle
212422,9,7,61,0,2019,7,0,6,3,0,1,2,1,0,0,0,0,0,"637057,714697","5360163,89273","10,851007756","48,379743925",0,1,#66c2a5,bicycle
212423,9,7,61,0,2019,7,20,6,3,6,7,1,0,1,1,0,0,0,"639279,565288","5360538,74267","10,881122095","48,382627898",0,2,#fc8d62,car
212425,9,7,61,0,2019,7,13,6,2,1,5,0,1,1,0,0,0,0,"640831,475267","5361636,0704","10,902438223","48,392150107",0,1,#66c2a5,bicycle
212426,9,7,61,0,2019,7,17,6,3,1,7,0,1,1,0,0,0,0,"638417,44","5355479,451","10,867820201","48,337325358",0,1,#66c2a5,bicycle
212428,9,7,61,0,2019,7,19,6,3,0,1,0,1,1,0,0,0,0,"640507,999666","5359403,98024","10,897324704","48,372152097",0,1,#66c2a5,bicycle
212429,9,7,61,0,2019,7,22,6,3,0,1,2,1,0,0,0,0,0,"640835,01177","5358278,7489","10,901361139","48,361961519",0,1,#66c2a5,bicycle
212444,9,2,74,126,2019,7,16,2,3,2,6,0,0,0,0,1,0,0,"733546,079622","5383927,43621","12,165743722","48,564885483",0,4,#e78ac3,marker
212446,9,1,90,148,2019,7,18,2,2,5,3,0,0,1,0,0,0,0,"640247,823746","5296521,69692","10,87315887","47,806761196",1,2,#fc8d62,car
212459,9,1,83,135,2019,7,16,2,3,0,7,0,1,0,0,0,0,0,"740495,103777","5344847,79463","12,237418221","48,21124147",0,1,#66c2a5,bicycle
212468,9,1,87,117,2019,7,11,2,3,0,1,0,1,0,0,0,0,0,"724432,606547","5305925,14313","12,001116034","47,867416429",0,1,#66c2a5,bicycle
212479,9,2,61,0,2019,7,12,5,3,3,2,0,1,1,0,0,0,0,"732713,514566","5382361,83462","12,153600936","48,551131761",0,1,#66c2a5,bicycle
212483,9,1,63,0,2019,7,13,5,3,5,3,0,0,1,0,0,0,0,"733692,579821","5304482,53977","12,123974467","47,851154706",0,2,#fc8d62,car
212488,9,1,79,126,2019,7,13,5,3,0,1,0,1,0,0,0,0,0,"676681,426863","5339185,27775","11,376942017","48,181317839",0,1,#66c2a5,bicycle
212489,9,1,81,144,2019,7,11,5,2,0,1,0,1,0,0,0,0,0,"655776,260681","5320070,87925","11,088930364","48,014929961",0,1,#66c2a5,bicycle
212490,9,1,62,0,2019,7,14,4,3,5,3,0,1,1,0,0,0,0,"690666,974229","5338432,97928","11,564567397","48,170513588",0,1,#66c2a5,bicycle
212491,9,1,62,0,2019,7,19,4,3,5,3,0,1,1,0,0,0,0,"690820,63633","5337751,98253","11,5663265","48,164346754",0,1,#66c2a5,bicycle
212492,9,1,62,0,2019,7,16,4,3,6,4,0,0,1,1,0,0,0,"690829,320228","5336700,53612","11,565971536","48,15489385",0,2,#fc8d62,car
212493,9,1,84,131,2019,7,12,4,3,0,7,0,1,0,0,0,0,0,"705489,190784","5338177,28213","11,76357821","48,163597253",0,1,#66c2a5,bicycle
212494,9,1,62,0,2019,7,7,4,3,1,7,0,1,1,0,0,0,0,"689199,912559","5336006,55121","11,543775827","48,149143103",0,1,#66c2a5,bicycle
212495,9,1,62,0,2019,7,7,4,3,5,3,0,1,1,0,0,0,0,"686201,01595","5329852,73804","11,500808229","48,094715074",0,1,#66c2a5,bicycle
212496,9,1,62,0,2019,7,7,4,3,5,6,0,0,1,0,1,0,0,"679511,28675","5334361,97758","11,412942875","48,13716825",0,2,#fc8d62,car
212497,9,1,62,0,2019,7,15,4,2,3,6,0,1,0,0,0,0,0,"686779,147957","5336994,0469","11,511694929","48,158734437",0,1,#66c2a5,bicycle
212498,9,1,84,146,2019,7,20,4,3,0,6,0,0,1,0,1,0,0,"695933,412409","5328753,45766","11,630877402","48,081917577",0,2,#fc8d62,car
212499,9,1,62,0,2019,7,21,4,3,5,3,2,0,1,0,0,0,0,"697939,865475","5331487,87468","11,659056608","48,105872999",0,2,#fc8d62,car
212500,9,1,62,0,2019,7,9,4,3,3,6,0,1,0,0,0,0,0,"693382,583675","5334650,16361","11,599336102","48,135694502",0,1,#66c2a5,bicycle
212501,9,1,62,0,2019,7,18,4,3,5,2,0,0,1,0,0,0,0,"689643,591","5335664,302","11,54958246","48,145934833",0,2,#fc8d62,car
212502,9,1,62,0,2019,7,10,4,3,3,5,0,1,1,0,0,0,0,"691578,406931","5336807,4578","11,576081668","48,155629634",0,1,#66c2a5,bicycle
212503,9,1,62,0,2019,7,21,4,3,0,1,1,1,0,0,0,0,0,"691951,043435","5334978,64906","11,580262514","48,139080269",0,1,#66c2a5,bicycle
212509,9,7,61,0,2019,7,18,4,3,4,2,0,1,1,0,0,0,0,"641017,815625","5358705,17519","10,903970641","48,365754984",0,1,#66c2a5,bicycle
212510,9,7,72,147,2019,7,6,4,3,8,6,0,1,0,0,0,0,1,"630886,28829","5365774,81447","10,769452829","48,431509301",0,1,#66c2a5,bicycle
212511,9,7,72,177,2019,7,9,4,3,5,3,0,1,1,0,0,0,0,"636528,47809","5378978,71539","10,850004403","48,549037367",0,1,#66c2a5,bicycle
212512,9,7,71,142,2019,7,6,4,3,4,1,0,0,1,0,0,1,0,"645393,40106","5351706,11196","10,960597628","48,301831061",0,2,#fc8d62,car
212513,9,7,72,163,2019,7,7,4,3,4,6,0,1,0,0,0,0,0,"638651,988023","5347833,59155","10,868471704","48,268523018",0,1,#66c2a5,bicycle
212514,9,7,61,0,2019,7,14,4,3,3,5,0,1,1,0,0,0,0,"639302,041716","5358647,88541","10,880798978","48,36562083",0,1,#66c2a5,bicycle
212515,9,7,72,202,2019,7,17,4,3,0,1,0,1,0,0,0,0,0,"637263,614256","5358662,59285","10,853296851","48,366199643",0,1,#66c2a5,bicycle
212516,9,7,61,0,2019,7,7,4,2,0,7,0,1,0,0,0,0,0,"643898,882646","5357651,05838","10,942486204","48,355626746",0,1,#66c2a5,bicycle
212517,9,7,61,0,2019,7,22,4,3,4,2,2,0,1,0,1,0,0,"641051,79426","5358510,11156","10,904363734","48,363993451",0,2,#fc8d62,car
212518,9,7,61,0,2019,7,16,4,3,0,7,0,1,0,0,0,0,1,"640307,554819","5358013,11774","10,894155608","48,359690492",0,1,#66c2a5,bicycle
212560,9,2,61,0,2019,7,18,4,3,4,6,0,1,0,0,0,0,0,"732058,612081","5383291,5793","12,145258184","48,559726025",0,1,#66c2a5,bicycle
212563,9,1,90,157,2019,7,19,4,3,0,6,0,1,0,0,0,0,1,"659841,40959","5300302,01","11,136070253","47,836183713",0,1,#66c2a5,bicycle
212571,9,1,87,130,2019,7,16,4,3,6,4,0,1,0,1,0,0,0,"712310,708122","5309617,22535","11,841048902","47,904715239",0,1,#66c2a5,bicycle
212574,9,1,86,143,2019,7,14,4,3,5,3,0,0,1,0,0,0,0,"687561,199349","5384271,4209","11,543286896","48,583424017",0,2,#fc8d62,car
212576,9,1,79,134,2019,7,6,4,3,5,3,0,0,1,0,0,0,0,"668035,362464","5343283,07978","11,262342996","48,22050208",0,2,#fc8d62,car
212577,9,1,79,118,2019,7,1,4,3,0,7,2,0,0,0,1,0,0,"673145,985","5337606,358","11,328776809","48,168097514",0,4,#e78ac3,marker
212578,9,1,78,145,2019,7,16,4,3,4,1,0,1,1,0,0,0,0,"699236,307201","5355371,29818","11,687670153","48,320108826",0,1,#66c2a5,bicycle
212579,9,1,78,124,2019,7,19,4,2,0,1,0,1,0,0,0,0,0,"704431,291","5363385,204","11,761558368","48,390465127",0,1,#66c2a5,bicycle
212584,9,7,61,0,2019,7,16,2,3,6,1,0,1,0,1,0,0,0,"640703,864","5356812,148","10,899101245","48,348803558",0,1,#66c2a5,bicycle
212585,9,1,75,124,2019,7,8,4,3,5,3,0,1,1,0,0,0,0,"715394,171836","5328026,6441","11,891489274","48,069110391",0,1,#66c2a5,bicycle
212586,9,1,62,0,2019,7,19,3,3,0,7,0,0,0,0,0,0,1,"692720,156698","5335396,60057","11,590779357","48,142604245",0,6,#ffd92f,circle
212587,9,1,62,0,2019,7,18,3,3,5,3,0,0,1,0,0,0,0,"686251,488106","5333288,56684","11,502985592","48,125583011",0,2,#fc8d62,car
212588,9,1,62,0,2019,7,19,3,3,5,3,0,1,0,0,0,0,0,"691455,75","5334592,074","11,57343785","48,135754993",0,1,#66c2a5,bicycle
212589,9,1,62,0,2019,7,18,3,3,0,1,0,1,0,0,0,0,0,"693492,649294","5335370,06647","11,601141009","48,142131309",0,1,#66c2a5,bicycle
212590,9,1,62,0,2019,7,14,3,3,5,3,0,1,1,0,0,0,0,"686212,544561","5333664,61112","11,502627066","48,128974438",0,1,#66c2a5,bicycle
212591,9,7,61,0,2019,7,16,2,3,2,6,0,1,1,0,0,0,0,"643691,412087","5357187,19313","10,939528875","48,351503162",0,1,#66c2a5,bicycle
212592,9,7,61,0,2019,7,10,2,3,5,3,0,0,1,0,0,0,0,"641831,071815","5361588,53739","10,915917512","48,391498697",0,2,#fc8d62,car
212597,9,1,62,0,2019,7,7,3,3,5,2,0,1,1,0,0,0,0,"694163,70963","5334942,47996","11,609957511","48,138083895",0,1,#66c2a5,bicycle
212598,9,1,62,0,2019,7,9,3,3,3,2,0,0,1,0,1,0,0,"696528,92","5332834,262","11,640743742","48,118410407",0,2,#fc8d62,car
212599,9,1,62,0,2019,7,14,3,3,0,7,0,0,1,0,1,0,0,"686266,457947","5331173,69903","11,502262799","48,106569329",0,2,#fc8d62,car
212600,9,1,62,0,2019,7,18,3,3,3,6,0,1,0,0,0,0,0,"691046,204104","5333198,4948","11,567313927","48,123352666",0,1,#66c2a5,bicycle