OBJECTID,ULAND,UREGBEZ,UKREIS,UGEMEINDE,UJAHR,UMONAT,USTUNDE,UWOCHENTAG,UKATEGORIE,UART,UTYP1,ULICHTVERH,IstRad,IstPKW,IstFuss,IstKrad,IstGkfz,IstSonstig,LINREFX,LINREFY,XGCSWGS84,YGCSWGS84,STRZUSTAND,Teilnehmer,color,symbol
212601,9,1,62,0,2019,7,8,3,3,0,1,0,1,0,0,0,0,0,"690648,100684","5340796,9359","11,565374403","48,191766201",0,1,#66c2a5,bicycle
212602,9,1,62,0,2019,7,18,3,3,5,3,0,0,1,0,1,0,0,"692423,804564","5334381,82725","11,5863412","48,133573371",0,2,#fc8d62,car
212603,9,1,62,0,2019,7,18,3,3,4,2,0,1,1,0,0,0,0,"694912,107835","5334962,77974","11,620015915","48,13803755",0,1,#66c2a5,bicycle
212604,9,1,62,0,2019,7,22,3,2,0,1,2,1,0,0,0,0,0,"691079,860192","5335138,07696","11,568635575","48,140775397",0,1,#66c2a5,bicycle
212605,9,1,62,0,2019,7,13,3,3,2,6,0,0,0,0,1,0,0,"691457,783595","5337528,25304","11,574785758","48,162144355",0,4,#e78ac3,marker
212606,9,1,62,0,2019,7,15,3,3,5,2,0,0,1,0,1,0,0,"691436,64189","5335449,24782","11,57356657","48,143464919",0,2,#fc8d62,car
212607,9,1,62,0,2019,7,7,3,2,0,3,0,0,0,0,1,0,1,"692596,921579","5334715,82162","11,588816578","48,136522876",0,4,#e78ac3,marker
212608,9,1,62,0,2019,7,20,3,3,4,2,2,0,1,0,1,0,0,"693617,435392","5341855,49351","11,605770141","48,200381858",0,2,#fc8d62,car
212609,9,1,62,0,2019,7,8,3,3,3,7,0,1,1,0,0,0,0,"692278,838269","5338230,63604","11,586133466","48,168209433",0,1,#66c2a5,bicycle
212610,9,1,62,0,2019,7,8,3,2,4,2,0,0,1,0,1,0,0,"692806,835617","5337921,99116","11,593087516","48,165275499",0,2,#fc8d62,car
212611,9,1,62,0,2019,7,21,3,3,5,3,1,0,1,0,0,0,0,"692621,857971","5334815,49824","11,589196484","48,137411199",0,2,#fc8d62,car
212612,9,1,62,0,2019,7,17,3,2,0,7,0,1,1,0,0,0,0,"682682,302886","5335202,48385","11,45588712","48,143820883",0,1,#66c2a5,bicycle
212613,9,1,62,0,2019,7,9,3,3,2,6,0,1,1,0,0,0,0,"691204,835617","5334050,49132","11,569825665","48,13096273",0,1,#66c2a5,bicycle
212614,9,1,62,0,2019,7,8,3,3,6,4,0,1,0,1,0,0,0,"692426,07392","5341923,88136","11,589784443","48,201358666",0,1,#66c2a5,bicycle
212615,9,1,62,0,2019,7,17,3,3,1,5,0,1,1,0,0,0,0,"684621,553368","5335347,88887","11,481995217","48,144568063",0,1,#66c2a5,bicycle
212616,9,1,62,0,2019,7,18,3,3,5,3,0,1,0,0,0,0,0,"687947,050385","5338571,20101","11,528081366","48,17256603",0,1,#66c2a5,bicycle
212617,9,1,62,0,2019,7,12,3,3,3,2,0,1,0,0,0,0,0,"690038,199634","5335927,05504","11,554999433","48,148178701",0,1,#66c2a5,bicycle
212618,9,1,62,0,2019,7,7,3,3,2,6,0,1,0,0,0,0,0,"689359,925587","5337090,19776","11,546407171","48,158835359",0,1,#66c2a5,bicycle
212619,9,1,62,0,2019,7,14,3,3,2,6,0,0,1,0,1,0,0,"688459,742942","5336376,78242","11,533998359","48,152690519",0,2,#fc8d62,car
212620,9,1,62,0,2019,7,16,3,3,1,5,0,1,1,1,0,0,0,"690324,262562","5335947,02687","11,558850405","48,148272683",0,1,#66c2a5,bicycle
212621,9,1,84,136,2019,7,8,3,3,5,2,0,1,1,0,0,0,0,"698454,593297","5325598,27196","11,663228229","48,05278111",0,1,#66c2a5,bicycle
212622,9,1,62,0,2019,7,10,3,3,5,3,0,0,1,0,0,0,0,"697580,493172","5332639,88352","11,654767897","48,116338057",0,2,#fc8d62,car
212623,9,1,62,0,2019,7,13,3,3,5,2,0,1,1,0,0,0,0,"691457,831129","5334590,26711","11,573464982","48,135738127",0,1,#66c2a5,bicycle
212624,9,1,62,0,2019,7,9,3,3,3,6,0,1,1,0,0,0,0,"690142,760736","5334916,55309","11,555952529","48,139065067",0,1,#66c2a5,bicycle
212625,9,1,62,0,2019,7,8,3,3,5,2,0,1,0,0,0,0,0,"694345,588783","5334212,88186","11,612066864","48,131471028",0,1,#66c2a5,bicycle
212626,9,1,62,0,2019,7,11,3,3,0,7,0,0,0,0,0,0,1,"692310,717535","5337403,7332","11,586187899","48,160767792",0,6,#ffd92f,circle
212627,9,1,62,0,2019,7,18,3,3,1,7,0,0,1,0,1,0,0,"690548,10277","5335858,45421","11,561817103","48,147409585",0,2,#fc8d62,car
212629,9,1,62,0,2019,7,9,3,3,6,7,0,1,1,1,0,0,0,"690762,007166","5336531,16151","11,564991433","48,153391719",0,1,#66c2a5,bicycle
212630,9,1,62,0,2019,7,13,3,3,0,3,0,1,1,0,0,0,0,"691949,011259","5334979,16713","11,580235459","48,139085539",0,1,#66c2a5,bicycle
212638,9,7,72,147,2019,7,9,3,3,4,2,0,0,1,0,0,1,0,"638206,503748","5363716,53707","10,867683227","48,411437926",0,2,#fc8d62,car
212639,9,7,71,142,2019,7,9,3,3,0,7,0,1,0,0,0,0,0,"646908,925127","5352543,76419","10,981313103","48,309012552",0,1,#66c2a5,bicycle
212640,9,7,61,0,2019,7,14,3,2,4,6,0,0,1,0,1,0,0,"639471,986156","5361627,20896","10,884080843","48,392372558",0,2,#fc8d62,car
212641,9,7,61,0,2019,7,19,3,3,5,3,0,1,1,0,0,0,0,"640808,648982","5356909,72254","10,900547371","48,349657565",0,1,#66c2a5,bicycle
212642,9,7,61,0,2019,7,8,3,3,0,1,0,1,0,0,0,0,0,"642050,451929","5357229,84427","10,917406761","48,352257893",0,1,#66c2a5,bicycle
212643,9,7,61,0,2019,7,14,3,3,0,1,0,1,0,0,0,0,0,"639588,552919","5358831,29432","10,884726031","48,367206702",0,1,#66c2a5,bicycle
212644,9,7,61,0,2019,7,13,3,3,0,6,0,1,1,0,0,0,0,"641313,298129","5359239,61993","10,908137418","48,370494424",0,1,#66c2a5,bicycle
212668,9,2,61,0,2019,7,15,3,3,5,3,0,1,0,0,0,0,0,"732563,187111","5380503,87849","12,150529992","48,534498019",0,1,#66c2a5,bicycle
212669,9,2,61,0,2019,7,7,3,3,3,6,0,1,0,0,0,0,0,"732120,730866","5381118,39562","12,144887691","48,540181868",0,1,#66c2a5,bicycle
212670,9,1,73,120,2019,7,7,3,3,0,1,0,1,0,0,0,0,0,"682960,372403","5310222,80394","11,448953412","47,919201789",0,1,#66c2a5,bicycle
212675,9,1,87,126,2019,7,13,3,3,4,6,0,1,1,0,0,0,0,"740885,453374","5323672,32336","12,230704828","48,020881969",0,1,#66c2a5,bicycle
212676,9,1,63,0,2019,7,13,3,3,5,2,0,1,1,0,0,0,0,"730875,851316","5304041,96383","12,086142529","47,848214241",0,1,#66c2a5,bicycle
212677,9,1,63,0,2019,7,11,3,3,2,6,0,0,1,0,1,0,0,"730879,847699","5304041,92973","12,086195851","47,848212499",0,2,#fc8d62,car
212678,9,1,85,113,2019,7,11,3,3,5,2,0,1,1,0,0,0,0,"669791,241194","5378001,19062","11,299985711","48,53212902",0,1,#66c2a5,bicycle
212682,9,1,79,134,2019,7,19,3,3,5,3,0,0,1,0,0,0,0,"668161,876104","5342794,5203","11,263851185","48,216076503",0,2,#fc8d62,car
212683,9,1,81,130,2019,7,18,3,3,0,1,0,1,0,0,0,0,0,"640845,116409","5323585,44006","10,889980981","48,04999937",0,1,#66c2a5,bicycle
212684,9,1,88,124,2019,7,16,3,3,4,1,0,1,1,0,0,0,0,"661468,102992","5319164,63171","11,164860255","48,0053693",0,1,#66c2a5,bicycle
212685,9,1,79,121,2019,7,16,3,3,6,4,0,0,0,1,0,0,1,"666017,977067","5338046,748","11,233155763","48,173958395",0,3,#8da0cb,toilet
212686,9,1,78,120,2019,7,15,3,3,0,1,0,0,0,0,0,0,1,"693942,862793","5353196,8981","11,615341239","48,302212591",0,6,#ffd92f,circle
212687,9,1,62,0,2019,7,10,2,3,5,3,0,1,1,0,0,0,0,"681014,821233","5335182,67165","11,433483","48,144119424",0,1,#66c2a5,bicycle
212688,9,1,62,0,2019,7,18,2,2,0,1,0,1,0,0,0,0,0,"691145,417113","5337379,04722","11,570522299","48,160897297",0,1,#66c2a5,bicycle
212689,9,1,62,0,2019,7,8,2,3,5,2,0,1,0,0,0,0,1,"691109,024361","5340337,8208","11,571363572","48,187501241",0,1,#66c2a5,bicycle
212690,9,1,84,120,2019,7,7,2,3,0,1,0,1,0,0,0,0,0,"680501,810996","5332632,52512","11,425512315","48,121342163",1,1,#66c2a5,bicycle
212691,9,1,62,0,2019,7,12,2,3,5,3,0,0,1,0,1,0,0,"686755,237946","5339506,84315","11,512477424","48,181327134",0,2,#fc8d62,car
212692,9,1,62,0,2019,7,9,2,3,0,6,0,0,1,0,1,0,0,"692053,610788","5334951,93362","11,581627756","48,138809207",1,2,#fc8d62,car
212694,9,1,84,119,2019,7,16,2,3,0,7,0,0,0,0,1,0,0,"694117,403767","5347462,23668","11,61505907","48,25061959",0,4,#e78ac3,marker
212697,9,1,84,149,2019,7,9,2,3,0,7,0,1,0,0,0,0,0,"691105,8677","5349863,70856","11,575616741","48,273118386",0,1,#66c2a5,bicycle
212698,9,1,62,0,2019,7,19,2,3,4,6,0,1,0,0,0,0,0,"691117,175869","5341432,4042","11,571965736","48,197336697",0,1,#66c2a5,bicycle
212699,9,1,62,0,2019,7,8,2,3,0,6,0,0,0,0,1,1,0,"693352,074717","5340351,42727","11,601517811","48,186944779",1,4,#e78ac3,marker
212700,9,1,62,0,2019,7,16,2,3,2,6,0,0,1,0,0,0,0,"687888,621175","5338008,71022","11,527047663","48,16752755",0,2,#fc8d62,car
212701,9,1,62,0,2019,7,15,2,3,2,6,0,0,1,0,0,0,0,"690456,633354","5340253,6941","11,562557088","48,186941051",0,2,#fc8d62,car
212702,9,1,62,0,2019,7,7,2,3,4,3,0,1,1,0,0,0,0,"688925,601038","5330010,99019","11,537434383","48,095335619",1,1,#66c2a5,bicycle
212704,9,1,84,123,2019,7,17,2,3,2,2,0,0,1,0,0,0,0,"703790,41424","5332703,11392","11,738139714","48,114949468",0,2,#fc8d62,car
212705,9,1,62,0,2019,7,14,2,3,0,7,0,0,1,0,0,0,0,"698075,549011","5333179,94966","11,661663107","48,121038001",1,2,#fc8d62,car
212706,9,1,62,0,2019,7,22,2,3,0,2,2,1,1,0,0,0,0,"691753,292534","5332721,68696","11,576591506","48,118854603",0,1,#66c2a5,bicycle
212707,9,1,62,0,2019,7,8,2,3,0,7,1,1,0,0,0,0,0,"688190,517511","5332572,46953","11,528701399","48,11857633",1,1,#66c2a5,bicycle
212708,9,1,62,0,2019,7,18,2,3,5,3,0,0,1,0,1,0,0,"690114,539382","5335469,05394","11,555820217","48,144039379",0,2,#fc8d62,car
212709,9,1,62,0,2019,7,16,2,3,2,6,0,0,1,0,0,0,0,"692548,449428","5337982,11788","11,589643349","48,165894212",0,2,#fc8d62,car
212710,9,1,62,0,2019,7,12,2,3,1,5,0,1,1,0,0,0,0,"690853,175971","5335289,69276","11,56565944","48,142206144",0,1,#66c2a5,bicycle
212711,9,1,62,0,2019,7,8,2,2,0,1,0,1,0,0,0,0,0,"690287,278648","5335216,17143","11,558027045","48,141714833",1,1,#66c2a5,bicycle
212718,9,7,72,184,2019,7,12,2,3,9,7,0,1,0,0,0,0,0,"636378,599974","5361947,06156","10,842419912","48,395925204",0,1,#66c2a5,bicycle
212719,9,7,72,184,2019,7,11,2,2,5,3,0,1,0,0,0,1,0,"635874,473764","5361128,90145","10,835348328","48,388677184",0,1,#66c2a5,bicycle
212742,9,1,73,147,2019,7,16,2,3,5,3,0,0,1,0,0,0,1,"681720,011674","5308890,49009","11,431804984","47,907578068",0,2,#fc8d62,car
212743,9,1,90,157,2019,7,15,2,3,5,3,0,0,1,0,1,0,0,"660992,728017","5300941,49499","11,151682768","47,841646158",0,2,#fc8d62,car
212744,9,1,90,139,2019,7,15,2,3,2,6,0,0,1,0,0,0,0,"655421,001509","5296373,28092","11,075628888","47,801941978",0,2,#fc8d62,car
212750,9,1,63,0,2019,7,18,2,3,0,7,0,0,0,0,0,0,1,"733322,699424","5305276,65467","12,119465833","47,858423445",0,6,#ffd92f,circle
212754,9,1,86,143,2019,7,15,2,3,5,3,0,1,1,0,0,0,0,"684388,920016","5377884,05625","11,497485549","48,526957669",0,1,#66c2a5,bicycle
212757,9,1,88,139,2019,7,9,2,2,0,1,0,1,0,0,0,0,0,"674336,550539","5319500,32598","11,337385317","48,005007343",0,1,#66c2a5,bicycle
212758,9,1,74,115,2019,7,19,2,3,5,3,0,1,1,0,0,0,0,"682274,220259","5347667,14122","11,455758605","48,255977964",1,1,#66c2a5,bicycle
212759,9,1,74,115,2019,7,13,2,2,9,1,0,0,0,0,1,0,0,"679784,325694","5347776,18521","11,422290235","48,257669414",0,4,#e78ac3,marker
212760,9,1,75,127,2019,7,21,2,3,0,7,1,1,0,0,0,0,0,"713554,553045","5341185,38525","11,873419851","48,187969173",0,1,#66c2a5,bicycle
212761,9,1,62,0,2019,7,12,1,3,0,6,0,1,0,1,0,0,0,"688723,378","5344014,94","11,540932941","48,22126447",0,1,#66c2a5,bicycle
212762,9,1,62,0,2019,7,13,1,3,0,1,0,1,0,0,0,0,0,"695560,878","5336852,07853","11,629595027","48,154818528",0,1,#66c2a5,bicycle
212763,9,1,62,0,2019,7,1,1,2,2,2,2,0,1,0,0,0,0,"689740,939545","5333363,09823","11,549864889","48,12522247",0,2,#fc8d62,car
212764,9,1,84,147,2019,7,19,1,3,6,6,0,0,1,1,0,0,0,"697213,062125","5339788,98982","11,653148411","48,180703171",0,2,#fc8d62,car
212765,9,1,62,0,2019,7,16,1,3,5,3,0,0,1,0,0,0,0,"689521,342467","5330982,93769","11,545859103","48,103894733",1,2,#fc8d62,car
212768,9,7,77,140,2019,7,17,1,2,0,1,0,1,0,0,0,0,0,"624716,963982","5318021,68951","10,672041726","48,003318595",0,1,#66c2a5,bicycle
212772,9,7,62,0,2019,7,11,1,3,1,6,0,0,1,0,0,0,0,"622265,208953","5305441,03951","10,635611225","47,890647016",0,2,#fc8d62,car
212776,9,7,71,160,2019,7,14,1,2,9,1,0,0,0,1,0,0,1,"651925,091284","5350657,09916","11,048241327","48,290864645",0,3,#8da0cb,toilet
212777,9,7,71,130,2019,7,14,1,3,0,1,0,1,0,0,0,0,0,"647376,728252","5360452,57654","10,990386128","48,380013577",0,1,#66c2a5,bicycle
212778,9,7,61,0,2019,7,17,1,3,5,7,0,1,1,0,0,0,0,"642635,98144","5361226,67158","10,92666134","48,388063455",0,1,#66c2a5,bicycle
212779,9,7,61,0,2019,7,16,1,3,5,1,0,0,1,0,0,0,0,"639377,991534","5358680,9819","10,881834814","48,36590166",0,2,#fc8d62,car
212802,9,1,79,142,2019,7,0,1,2,0,1,2,0,0,0,1,0,0,"673234,365153","5343961,73242","11,332557734","48,225204575",0,4,#e78ac3,marker
212803,9,1,88,120,2019,7,15,1,3,5,3,0,1,0,0,0,0,0,"678516,228665","5328228,38787","11,397012911","48,082312585",0,1,#66c2a5,bicycle
212804,9,1,75,118,2019,7,15,1,2,0,7,0,1,0,0,0,0,0,"715943,651008","5338514,95034","11,904166477","48,163166833",1,1,#66c2a5,bicycle
212805,9,1,78,130,2019,7,20,1,3,0,1,0,1,0,0,0,0,0,"702981,098942","5356382,63836","11,738614316","48,328006153",0,1,#66c2a5,bicycle
212806,9,1,78,133,2019,7,15,1,3,4,2,0,0,1,0,0,0,0,"685665,636503","5367250,41077","11,510038542","48,431008548",0,2,#fc8d62,car
212807,9,1,77,119,2019,7,18,1,3,1,7,0,1,1,0,0,0,0,"720957,086488","5340942,99669","11,972759582","48,183259984",0,1,#66c2a5,bicycle
212808,9,1,62,0,2019,7,18,7,3,0,1,0,0,0,0,0,0,1,"690971,640476","5334580,58887","11,566932362","48,135797223",0,6,#ffd92f,circle
212809,9,1,62,0,2019,7,12,7,3,5,2,0,1,1,0,0,0,0,"692250,927141","5338465,97106","11,585864863","48,170333006",0,1,#66c2a5,bicycle
212810,9,1,62,0,2019,7,19,7,3,4,2,0,1,1,0,0,0,0,"698440,681306","5333514,79661","11,666719977","48,123933661",1,1,#66c2a5,bicycle
212811,9,1,62,0,2019,7,14,7,3,5,2,0,1,1,0,0,0,0,"691420,507","5337032,494","11,574061909","48,157699773",1,1,#66c2a5,bicycle
212812,9,1,62,0,2019,7,12,7,3,8,1,0,0,1,0,0,0,0,"700454,687254","5334635,95321","11,694281426","48,133378619",1,2,#fc8d62,car
212813,9,1,62,0,2019,7,16,7,3,0,3,0,1,1,0,0,0,0,"694203,148503","5334326,38378","11,610206216","48,132534618",1,1,#66c2a5,bicycle
212814,9,1,62,0,2019,7,20,7,3,5,3,1,0,1,0,0,0,0,"693933,331455","5331200,02039","11,605161652","48,10451812",1,2,#fc8d62,car
212815,9,1,62,0,2019,7,16,7,3,5,3,0,1,1,0,0,0,0,"680173,957581","5335540,75842","11,422340849","48,147576929",1,1,#66c2a5,bicycle
212816,9,1,62,0,2019,7,18,7,3,2,6,0,0,1,0,0,0,0,"695455,415674","5330327,5076","11,625186515","48,096211209",1,2,#fc8d62,car
212817,9,1,62,0,2019,7,13,7,3,1,1,0,0,1,0,1,0,0,"691878,55457","5333866,11961","11,578788046","48,129102883",1,2,#fc8d62,car
212823,9,7,61,0,2019,7,14,7,3,2,1,0,0,1,0,0,0,0,"638759,481195","5356825,4195","10,872876671","48,349353064",0,2,#fc8d62,car
212824,9,7,61,0,2019,7,8,7,3,4,2,0,0,1,0,1,0,0,"641050,455107","5359213,1088","10,904581427","48,370314844",0,2,#fc8d62,car
212825,9,7,61,0,2019,7,20,7,3,6,2,0,0,1,1,0,0,0,"639471,576","5359699,16248","10,883435356","48,375036203",0,2,#fc8d62,car
212844,9,1,90,157,2019,7,11,7,3,5,7,0,1,1,0,0,0,0,"661159,918367","5303115,87499","11,154725718","47,861154235",0,1,#66c2a5,bicycle
212846,9,1,88,127,2019,7,10,7,3,2,6,0,0,1,0,0,0,0,"676750,733289","5329861,88842","11,374004168","48,097488535",0,2,#fc8d62,car
212847,9,1,75,139,2019,7,8,7,3,5,3,0,0,1,0,0,0,0,"710281,780654","5329384,48648","11,82361511","48,083017899",1,2,#fc8d62,car
212848,9,1,62,0,2019,7,18,6,3,0,3,0,0,1,0,0,0,0,"679530,814997","5335633,85403","11,413741383","48,148595602",0,2,#fc8d62,car
212849,9,1,62,0,2019,7,21,6,3,6,4,0,0,1,1,0,0,0,"690892,478735","5333103,90801","11,565207928","48,122548633",0,2,#fc8d62,car
212850,9,1,62,0,2019,7,13,6,2,3,6,0,1,0,0,0,0,0,"689996,314604","5335937,00917","11,554441326","48,148280681",1,1,#66c2a5,bicycle
212851,9,1,62,0,2019,7,23,6,3,1,5,2,1,1,0,0,0,0,"686688,764194","5335014,82154","11,509612635","48,140971093",0,1,#66c2a5,bicycle
212852,9,1,62,0,2019,7,14,6,3,5,3,0,0,1,0,0,0,0,"690664,967408","5336920,95593","11,56386264","48,156924261",1,2,#fc8d62,car
212853,9,1,62,0,2019,7,9,6,3,5,2,0,0,1,0,1,0,0,"686429,451","5329815,186","11,503856836","48,094310756",0,2,#fc8d62,car
212854,9,1,84,135,2019,7,7,6,3,5,3,0,1,1,0,0,0,0,"689916,913","5347717,102","11,558645614","48,25418278",0,1,#66c2a5,bicycle
212855,9,1,84,138,2019,7,8,6,3,5,7,0,0,1,0,0,0,0,"679849,11065","5330763,4392","11,415961517","48,104725657",0,2,#fc8d62,car
212856,9,1,62,0,2019,7,17,6,3,3,2,0,1,1,0,0,0,0,"697721,093055","5332728,07052","11,656695834","48,117086985",0,1,#66c2a5,bicycle
212857,9,1,62,0,2019,7,13,6,3,5,3,0,1,1,0,0,0,0,"680455,788982","5336634,93667","11,426590349","48,157332467",1,1,#66c2a5,bicycle
212858,9,1,62,0,2019,7,18,6,3,4,2,0,0,1,0,1,0,0,"683368,844","5335483,879","11,465228974","48,146152731",0,2,#fc8d62,car
212859,9,1,62,0,2019,7,10,6,2,5,2,0,0,1,0,0,0,1,"697904,122275","5333768,053","11,659635151","48,12637676",0,2,#fc8d62,car
212860,9,1,62,0,2019,7,16,6,3,5,2,0,1,1,0,0,0,0,"690229,477374","5335660,70911","11,557449428","48,145727616",0,1,#66c2a5,bicycle
212861,9,1,62,0,2019,7,7,6,3,5,3,0,1,1,0,0,0,0,"685210,023447","5339227,50389","11,491587898","48,179268633",0,1,#66c2a5,bicycle
212862,9,1,62,0,2019,7,20,6,3,1,5,0,1,1,0,0,0,0,"686379,461868","5328396,69676","11,502567097","48,081575351",0,1,#66c2a5,bicycle
212863,9,1,62,0,2019,7,11,6,3,0,6,0,0,1,0,1,0,0,"690143,091976","5335227,76031","11,556095923","48,141862099",0,2,#fc8d62,car
212864,9,1,62,0,2019,7,22,6,3,0,1,2,1,0,0,0,0,0,"689591,787818","5335377,97514","11,548759233","48,143376754",1,1,#66c2a5,bicycle
212865,9,1,62,0,2019,7,10,6,3,0,7,0,1,0,0,0,0,1,"690046,598833","5334922,58462","11,554663918","48,139148006",0,1,#66c2a5,bicycle
212870,9,7,72,147,2019,7,5,6,2,0,1,0,1,0,0,0,0,0,"637395,801246","5363929,32895","10,856803316","48,413528577",0,1,#66c2a5,bicycle
212871,9,7,72,125,2019,7,22,6,1,9,1,2,0,1,0,0,0,0,"633662,432","5348063,145","10,801340268","48,271659883",1,2,#fc8d62,car
212872,9,7,72,125,2019,7,8,6,3,2,6,0,0,1,0,0,0,0,"635939,060141","5347688,04119","10,831885151","48,267802298",0,2,#fc8d62,car
212873,9,7,61,0,2019,7,12,6,3,0,1,0,1,0,0,0,0,0,"638646,112785","5358364,74535","10,871854497","48,363219304",1,1,#66c2a5,bicycle
212874,9,7,61,0,2019,7,11,6,3,0,4,0,1,0,1,0,0,0,"638646,008734","5358364,96723","10,871853167","48,363221322",1,1,#66c2a5,bicycle
212875,9,7,61,0,2019,7,13,6,3,2,7,0,0,1,0,0,0,0,"642071,424913","5359970,92243","10,918615484","48,376899761",0,2,#fc8d62,car
212876,9,7,61,0,2019,7,16,6,3,2,6,0,0,1,0,0,0,0,"639511,083306","5360069,73449","10,884091553","48,378359551",0,2,#fc8d62,car
212877,9,7,61,0,2019,7,8,6,3,3,2,0,1,1,0,0,0,0,"640827,672296","5359140,58405","10,901550663","48,369712478",0,1,#66c2a5,bicycle
212878,9,7,61,0,2019,7,17,6,3,3,6,0,0,1,0,1,0,0,"640791,015404","5359214,34047","10,901080674","48,370383848",0,2,#fc8d62,car
212896,9,2,74,126,2019,7,10,6,2,5,3,0,1,1,0,0,0,0,"733321,738669","5382398,36379","12,161850647","48,551233966",0,1,#66c2a5,bicycle
212900,9,1,73,126,2019,7,10,6,2,0,3,0,0,1,0,0,0,1,"684659,590259","5306161,68147","11,469937814","47,88220939",0,2,#fc8d62,car
212901,9,1,73,145,2019,7,13,6,2,0,7,0,1,0,0,0,0,0,"690125,490481","5295306,25648","11,538208625","47,78303907",1,1,#66c2a5,bicycle
212905,9,1,87,128,2019,7,15,6,3,9,1,0,0,1,0,0,0,0,"743313,449322","5312554,80518","12,25692224","47,920097354",0,2,#fc8d62,car
212906,9,1,87,177,2019,7,19,6,3,3,6,0,1,1,0,0,0,0,"736156,988899","5305064,21505","12,15718446","47,85547973",0,1,#66c2a5,bicycle
212908,9,1,87,117,2019,7,11,6,3,0,5,0,1,1,0,0,0,0,"726735,585333","5305012,3582","12,031388523","47,858406613",0,1,#66c2a5,bicycle
212909,9,1,87,150,2019,7,19,6,3,0,1,0,0,0,0,1,0,0,"729102,945873","5304341,95757","12,062637881","47,851543798",0,4,#e78ac3,marker
212912,9,1,81,130,2019,7,20,6,3,0,1,0,1,0,0,0,0,0,"639936,000842","5323629,88015","10,87780303","48,050598969",0,1,#66c2a5,bicycle
212913,9,1,81,130,2019,7,14,6,3,8,1,0,0,1,0,0,0,0,"638367,08253","5323838,94684","10,856828824","48,05282106",0,2,#fc8d62,car
212914,9,1,79,123,2019,7,10,6,2,3,2,0,1,0,0,0,1,0,"676076,993991","5333141,58249","11,366316903","48,12715732",0,1,#66c2a5,bicycle
212915,9,1,88,127,2019,7,13,6,3,2,6,0,0,1,0,0,0,0,"676534,239317","5329700,04969","11,371032012","48,096093728",1,2,#fc8d62,car
212916,9,1,74,115,2019,7,7,6,3,1,5,0,1,0,0,0,0,1,"682372,492223","5348617,57006","11,457491026","48,264492615",0,1,#66c2a5,bicycle
212917,9,1,78,124,2019,7,14,6,3,0,3,0,1,1,0,0,0,0,"703355,571","5364832,025","11,747745014","48,403814274",0,1,#66c2a5,bicycle
212919,9,1,77,117,2019,7,7,6,3,0,1,0,1,0,0,0,0,0,"715179,308409","5352892,64476","11,901199374","48,292614017",0,1,#66c2a5,bicycle
212920,9,1,62,0,2019,7,16,5,3,4,6,0,0,1,0,1,0,0,"691001,457106","5335876,18279","11,56791382","48,147432969",1,2,#fc8d62,car
212921,9,1,62,0,2019,7,16,5,3,5,2,0,1,1,0,0,0,0,"687371,952341","5332534,68932","11,517696836","48,118478142",1,1,#66c2a5,bicycle
212922,9,1,62,0,2019,7,18,5,3,0,7,0,1,0,0,0,0,0,"688864,15566","5336246,7612","11,539372793","48,151401914",1,1,#66c2a5,bicycle
212923,9,1,62,0,2019,7,18,5,3,0,7,0,1,0,0,0,0,0,"688571,24102","5335638,30537","11,535168874","48,146019941",1,1,#66c2a5,bicycle
212924,9,1,62,0,2019,7,18,5,3,6,7,0,0,1,1,0,0,0,"691659,759308","5334869,08214","11,576301791","48,138183298",0,2,#fc8d62,car
212926,9,1,62,0,2019,7,18,5,3,2,6,0,1,1,0,0,0,0,"692376,465154","5333934,942","11,585503822","48,129571163",1,1,#66c2a5,bicycle
212927,9,1,62,0,2019,7,15,5,3,5,3,0,0,1,0,0,0,0,"694520,616641","5335088,47926","11,614816572","48,139287077",0,2,#fc8d62,car
212928,9,1,62,0,2019,7,16,5,3,5,3,0,1,1,0,0,0,0,"692452,914171","5330671,86392","11,585057676","48,100220052",1,1,#66c2a5,bicycle
212929,9,1,62,0,2019,7,21,5,3,4,7,2,0,1,0,0,0,0,"688562,133387","5332391,61866","11,53360974","48,116840872",1,2,#fc8d62,car
212930,9,1,62,0,2019,7,7,5,3,3,6,0,1,1,0,0,0,0,"690710,642809","5338704,03217","11,565275738","48,172936681",0,1,#66c2a5,bicycle
212931,9,1,62,0,2019,7,17,5,3,5,2,0,1,1,0,0,0,0,"689487,649852","5334209,84702","11,54684102","48,132908562",1,1,#66c2a5,bicycle
212932,9,1,62,0,2019,7,7,5,3,6,4,0,0,0,1,1,0,0,"690964,134915","5337402,47739","11,568097477","48,161162356",0,3,#8da0cb,toilet
212934,9,1,62,0,2019,7,19,5,2,3,2,0,1,0,0,0,0,1,"687905,87384","5330196,44011","11,523834006","48,097303984",1,1,#66c2a5,bicycle
212935,9,1,62,0,2019,7,16,5,3,4,2,0,0,1,0,0,0,0,"688884,731","5342681,915","11,542509502","48,209235257",1,2,#fc8d62,car
212936,9,1,62,0,2019,7,13,5,3,5,3,0,1,1,0,0,0,0,"686715,829799","5338503,57014","11,511507042","48,172321044",0,1,#66c2a5,bicycle
212937,9,1,62,0,2019,7,10,5,3,6,4,0,0,1,1,0,0,0,"692241,086019","5337174,29155","11,585148807","48,15872668",0,2,#fc8d62,car