OBJECTID,ULAND,UREGBEZ,UKREIS,UGEMEINDE,UJAHR,UMONAT,USTUNDE,UWOCHENTAG,UKATEGORIE,UART,UTYP1,ULICHTVERH,IstRad,IstPKW,IstFuss,IstKrad,IstGkfz,IstSonstig,LINREFX,LINREFY,XGCSWGS84,YGCSWGS84,STRZUSTAND,Teilnehmer,color,symbol
212938,9,1,62,0,2019,7,21,5,3,3,3,1,0,1,0,0,0,1,"689077,702238","5334932,2427","11,54165733","48,139523454",1,2,#fc8d62,car
212940,9,1,62,0,2019,7,14,5,3,3,6,0,1,0,0,0,0,0,"685102,614801","5333753,19929","11,487763133","48,130094445",1,1,#66c2a5,bicycle
212941,9,1,62,0,2019,7,17,5,3,5,2,0,1,1,0,0,0,0,"687221,03288","5327799,27005","11,513594091","48,075958884",1,1,#66c2a5,bicycle
212942,9,1,62,0,2019,7,7,5,3,3,6,0,1,0,0,0,0,0,"696857,770251","5333876,25784","11,645638784","48,127673658",0,1,#66c2a5,bicycle
212944,9,1,62,0,2019,7,14,5,2,5,2,0,0,1,0,0,0,0,"691773,695552","5332184,09189","11,57662361","48,114016611",0,2,#fc8d62,car
212945,9,1,62,0,2019,7,8,5,3,5,3,0,1,0,0,0,0,0,"693172,664164","5334137,49025","11,59628504","48,131150486",0,1,#66c2a5,bicycle
212946,9,1,62,0,2019,7,18,5,3,5,2,0,1,1,0,0,0,0,"690359,692258","5333881,78829","11,558403199","48,129699747",0,1,#66c2a5,bicycle
212948,9,1,62,0,2019,7,19,5,3,5,3,0,1,1,0,0,0,0,"688170,152219","5332534,0012","11,528411052","48,118236586",1,1,#66c2a5,bicycle
212949,9,1,62,0,2019,7,17,5,3,5,3,0,0,1,0,0,0,0,"691890,973869","5338335,85295","11,580969703","48,169272302",1,2,#fc8d62,car
212965,9,7,71,130,2019,7,22,5,3,0,7,2,0,0,0,1,0,1,"646242,226","5357391,908","10,974009507","48,352758295",1,4,#e78ac3,marker
212966,9,7,61,0,2019,7,17,5,3,3,2,0,1,1,0,0,0,0,"639148,942861","5359224,06722","10,878923697","48,37083549",1,1,#66c2a5,bicycle
212967,9,7,61,0,2019,7,15,5,3,5,1,0,1,1,0,0,0,0,"639233,637131","5358615,71323","10,879865275","48,365346638",1,1,#66c2a5,bicycle
212968,9,7,61,0,2019,7,8,5,3,0,7,0,1,1,0,0,0,0,"639284,857115","5358508,97819","10,880521092","48,364375602",0,1,#66c2a5,bicycle
212983,9,1,62,0,2019,7,20,4,3,0,7,0,1,0,0,0,0,0,"689912,071394","5333922,96428","11,552411797","48,130203547",0,1,#66c2a5,bicycle
212984,9,1,62,0,2019,7,14,4,3,1,5,0,1,1,0,0,0,0,"692134,750246","5336793,71952","11,583548522","48,15533832",0,1,#66c2a5,bicycle
212988,9,7,78,116,2019,7,18,4,3,5,2,0,1,1,0,0,0,0,"618981,129","5319716,353","10,595645016","48,019653225",0,1,#66c2a5,bicycle
212991,9,7,62,0,2019,7,0,4,2,0,1,2,1,0,0,0,0,0,"621778,554025","5305571,61103","10,629140534","47,891913872",0,1,#66c2a5,bicycle
212994,9,7,73,122,2019,7,18,4,3,5,3,0,0,1,0,1,0,0,"628670,411826","5384798,45207","10,745379105","48,603030456",0,2,#fc8d62,car
212995,9,7,72,163,2019,7,17,4,3,5,2,0,1,1,0,0,0,0,"640454,072409","5349335,79835","10,893242026","48,281633559",0,1,#66c2a5,bicycle
212996,9,7,72,163,2019,7,11,4,3,5,3,0,1,1,0,0,0,0,"638955,567602","5347509,54759","10,872453994","48,265542698",0,1,#66c2a5,bicycle
212997,9,7,61,0,2019,7,14,4,3,5,1,0,1,1,0,0,0,0,"641267,151752","5358149,92118","10,907148687","48,360706596",0,1,#66c2a5,bicycle
212998,9,7,61,0,2019,7,16,4,3,2,1,0,0,1,0,0,0,0,"636183,288736","5356277,11917","10,837946491","48,34498349",0,2,#fc8d62,car
212999,9,7,61,0,2019,7,16,4,3,3,2,0,1,1,0,0,0,0,"639470,48426","5355979,43357","10,882187706","48,341589534",0,1,#66c2a5,bicycle
213000,9,7,61,0,2019,7,20,4,3,2,2,0,1,0,0,0,0,1,"640236,338179","5358598,02082","10,893389702","48,364965587",0,1,#66c2a5,bicycle
213001,9,7,61,0,2019,7,10,4,3,6,4,0,0,1,1,0,0,0,"640328,844006","5359347,14024","10,894887914","48,371680873",0,2,#fc8d62,car
213002,9,7,61,0,2019,7,8,4,3,4,2,0,0,1,0,0,0,0,"639461,637456","5360077,29292","10,883426671","48,378438446",0,2,#fc8d62,car
213016,9,1,62,0,2019,7,11,4,3,5,7,0,1,1,0,0,0,0,"690537,195869","5332617,69547","11,5602213","48,118284975",0,1,#66c2a5,bicycle
213028,9,1,62,0,2019,7,5,4,3,5,6,0,1,1,0,0,0,0,"690856,326713","5334812,16647","11,565487753","48,137913222",0,1,#66c2a5,bicycle
213045,9,2,61,0,2019,7,9,4,3,1,7,0,1,1,0,0,0,0,"734074,099799","5381929,32002","12,171766407","48,546740493",0,1,#66c2a5,bicycle
213046,9,1,73,147,2019,7,17,4,3,5,3,0,1,1,0,0,0,0,"681291,633514","5308652,74972","11,425977757","47,905562171",0,1,#66c2a5,bicycle
213052,9,1,82,123,2019,7,18,4,3,8,1,0,0,0,0,1,0,0,"718141,972064","5302104,58002","11,91518556","47,83525266",0,4,#e78ac3,marker
213053,9,1,87,177,2019,7,11,4,3,8,1,0,0,1,0,0,0,0,"738487,676666","5305007,74065","12,188262674","47,854111847",0,2,#fc8d62,car
213054,9,1,63,0,2019,7,18,4,3,5,3,0,1,0,0,0,0,0,"734067,753285","5302030,30781","12,127656265","47,828987325",0,1,#66c2a5,bicycle
213055,9,1,62,0,2019,7,17,4,3,2,6,0,0,1,0,0,0,0,"690181,282604","5334076,17436","11,556094638","48,131500223",0,2,#fc8d62,car
213056,9,1,87,150,2019,7,13,4,3,5,3,0,1,1,0,0,0,0,"729312,610821","5304287,64005","12,06540774","47,850981021",0,1,#66c2a5,bicycle
213059,9,1,79,117,2019,7,16,4,3,0,1,0,0,0,0,1,0,0,"662496,277","5350203,487","11,190481975","48,284160872",1,4,#e78ac3,marker
213060,9,1,81,114,2019,7,14,4,3,0,1,0,1,0,0,0,0,0,"656704,831679","5313874,19692","11,099112316","47,95898759",0,1,#66c2a5,bicycle
213061,9,1,78,124,2019,7,15,4,3,0,1,0,1,0,0,0,0,0,"703374,697812","5364635,16402","11,747907784","48,402039073",0,1,#66c2a5,bicycle
213062,9,1,77,117,2019,7,14,4,3,2,6,0,1,0,0,0,0,0,"715158,759854","5351394,226","11,900159704","48,279157415",0,1,#66c2a5,bicycle
213063,9,1,75,122,2019,7,11,4,3,1,5,0,0,1,0,0,1,0,"720652,738693","5325818,22328","11,960845663","48,047470451",0,2,#fc8d62,car
213064,9,1,62,0,2019,7,17,3,3,5,3,0,1,1,0,0,0,0,"689713,251","5333557,7","11,549579795","48,126979816",0,1,#66c2a5,bicycle
213065,9,1,62,0,2019,7,16,3,3,5,3,0,1,1,0,0,0,0,"685878,567994","5333952,56557","11,498268588","48,131660307",0,1,#66c2a5,bicycle
213066,9,1,62,0,2019,7,14,3,3,0,7,0,1,0,0,0,0,0,"691579,223129","5335010,07555","11,575283773","48,13947478",0,1,#66c2a5,bicycle
213067,9,1,84,146,2019,7,9,3,3,5,5,0,0,1,0,0,0,0,"698837,571","5328106,815","11,669528273","48,07520698",0,2,#fc8d62,car
213068,9,1,62,0,2019,7,14,3,3,0,1,0,0,0,0,1,0,0,"691032,592669","5339200,19935","11,569824798","48,177299472",0,4,#e78ac3,marker
213069,9,1,84,144,2019,7,17,3,3,0,7,0,1,0,0,0,0,1,"686479,231233","5320669,91531","11,500539218","48,012093822",0,1,#66c2a5,bicycle
213070,9,1,62,0,2019,7,11,3,3,6,4,0,1,0,1,0,0,0,"689042,206306","5333399,42048","11,540500548","48,125756808",0,1,#66c2a5,bicycle
213071,9,1,62,0,2019,7,19,3,3,3,6,0,0,1,0,1,0,0,"682561,905271","5337723,05547","11,455351494","48,166512045",0,2,#fc8d62,car
213072,9,1,62,0,2019,7,10,3,3,2,6,0,1,0,0,0,0,0,"689789,473158","5336480,99046","11,551905829","48,15323174",0,1,#66c2a5,bicycle
213073,9,1,62,0,2019,7,8,3,3,0,7,0,1,1,0,0,0,0,"693075,756486","5339576,74725","11,597451934","48,180066274",0,1,#66c2a5,bicycle
213074,9,1,62,0,2019,7,20,3,2,0,3,0,0,1,0,1,0,0,"692729,583885","5335022,63524","11,590736714","48,13924028",0,2,#fc8d62,car
213075,9,1,62,0,2019,7,15,3,3,5,3,0,0,1,0,0,0,0,"693986,915971","5336090,00294","11,608106369","48,148451328",0,2,#fc8d62,car
213076,9,1,84,136,2019,7,16,3,3,5,3,0,0,1,0,1,0,0,"697644,860508","5327340,83849","11,653179031","48,068693577",0,2,#fc8d62,car
213077,9,1,62,0,2019,7,19,3,3,3,6,0,0,1,0,0,0,0,"694909,989715","5334972,51863","11,61999193","48,138125727",0,2,#fc8d62,car
213078,9,1,62,0,2019,7,23,3,2,5,2,2,0,0,0,1,1,0,"690064,646136","5331930,7929","11,553572126","48,112252275",0,4,#e78ac3,marker
213079,9,1,84,120,2019,7,17,3,3,0,1,0,1,0,0,0,0,0,"680880,024591","5332806,48305","11,430663675","48,122798517",0,1,#66c2a5,bicycle
213080,9,1,84,120,2019,7,8,3,3,9,1,0,1,0,0,0,0,0,"681013,564009","5332449,58261","11,432304958","48,119552429",0,1,#66c2a5,bicycle
213081,9,1,62,0,2019,7,19,3,3,5,3,0,1,1,0,0,0,0,"689984,568234","5337235,95409","11,554863458","48,159959095",0,1,#66c2a5,bicycle
213082,9,1,62,0,2019,7,9,3,3,3,6,0,1,0,0,0,0,0,"689394,041134","5336095,05543","11,546422574","48,149880813",0,1,#66c2a5,bicycle
213083,9,1,62,0,2019,7,14,3,3,1,3,0,0,1,0,0,1,0,"686774,545","5336671,94","11,511491696","48,1558406",0,2,#fc8d62,car
213084,9,1,62,0,2019,7,16,3,3,2,6,0,0,1,0,1,0,1,"690279,35647","5336153,31164","11,558339493","48,150140199",0,2,#fc8d62,car
213085,9,1,62,0,2019,7,8,3,3,5,7,0,1,1,0,0,0,0,"692621,270642","5334813,36854","11,589187634","48,137392236",0,1,#66c2a5,bicycle
213086,9,1,62,0,2019,7,19,3,3,1,5,0,1,1,0,0,0,0,"683753,509558","5335352,42999","11,470338742","48,144860196",0,1,#66c2a5,bicycle
213087,9,1,84,122,2019,7,7,3,3,2,7,0,0,1,0,1,0,0,"689906,462198","5326874,81494","11,549200739","48,066855708",0,2,#fc8d62,car
213088,9,1,62,0,2019,7,8,3,3,0,1,0,1,0,0,0,0,0,"686223,143708","5329838,09459","11,501098739","48,094576986",0,1,#66c2a5,bicycle
213089,9,1,84,123,2019,7,18,3,3,5,3,0,0,1,0,0,0,1,"703173,861054","5332235,51834","11,729642699","48,110944273",0,2,#fc8d62,car
213090,9,1,62,0,2019,7,15,3,3,1,7,0,1,1,0,0,0,0,"695677,067694","5329748,39225","11,627894904","48,090938353",0,1,#66c2a5,bicycle
213091,9,1,62,0,2019,7,18,3,3,1,3,0,1,1,0,0,0,0,"691099,679548","5330748,69047","11,566934196","48,101317858",0,1,#66c2a5,bicycle
213092,9,1,62,0,2019,7,19,3,3,5,3,0,1,1,0,0,0,0,"690660,988906","5334043,57812","11,562520772","48,131063733",0,1,#66c2a5,bicycle
213093,9,1,62,0,2019,7,13,3,3,3,2,0,1,1,0,0,0,0,"689565,934","5333542,085","11,547595069","48,126883353",0,1,#66c2a5,bicycle
213094,9,1,62,0,2019,7,10,3,3,1,5,0,1,1,0,0,0,0,"688760,492724","5334467,98756","11,537191876","48,135444843",0,1,#66c2a5,bicycle
213103,9,7,77,112,2019,7,17,3,3,0,7,0,1,0,1,0,0,0,"621319,959916","5297458,9896","10,620732128","47,819037398",0,1,#66c2a5,bicycle
213107,9,7,77,121,2019,7,7,3,3,5,3,0,1,1,0,0,0,0,"628750,084133","5321169,15827","10,727032804","48,030824418",0,1,#66c2a5,bicycle
213108,9,1,62,0,2019,7,20,4,3,2,2,1,0,1,0,1,0,1,"688179,58957","5332365,84487","11,528463522","48,116722369",0,2,#fc8d62,car
213109,9,7,72,200,2019,7,17,3,3,5,3,0,0,1,0,1,0,0,"630329,846","5339199,201","10,753723225","48,192644641",0,2,#fc8d62,car
213110,9,7,72,125,2019,7,6,3,2,5,3,0,1,1,0,0,0,0,"636074,557694","5348199,97972","10,833874872","48,272376629",0,1,#66c2a5,bicycle
213111,9,7,61,0,2019,7,15,3,3,1,5,0,1,1,0,0,0,0,"641198,775273","5360418,78975","10,906987979","48,381122689",0,1,#66c2a5,bicycle
213112,9,7,61,0,2019,7,18,3,3,2,1,0,0,1,0,0,0,0,"640606,928","5354182,567","10,896915972","48,325180694",0,2,#fc8d62,car
213113,9,7,61,0,2019,7,16,3,3,5,3,0,1,1,0,0,0,0,"639823,889468","5357789,78306","10,88755559","48,357789626",0,1,#66c2a5,bicycle
213114,9,7,61,0,2019,7,13,3,3,5,1,0,1,1,0,0,0,0,"640357,683","5355514,393","10,893998928","48,337211527",0,1,#66c2a5,bicycle
213117,9,1,62,0,2019,7,20,4,2,6,4,0,0,1,1,0,0,0,"682536,683007","5339517,28958","11,455783078","48,182647014",0,2,#fc8d62,car
213120,9,1,62,0,2019,7,17,4,3,0,7,0,1,0,0,0,0,0,"682664,634748","5340543,16257","11,457943998","48,191831408",0,1,#66c2a5,bicycle
213152,9,2,61,0,2019,7,7,3,3,5,3,0,1,1,0,0,0,0,"731599,905093","5381865,38211","12,138257539","48,547084343",0,1,#66c2a5,bicycle
213153,9,2,74,113,2019,7,13,3,3,1,1,0,1,1,0,0,0,0,"728353,203144","5381997,86088","12,094403571","48,549464531",0,1,#66c2a5,bicycle
213158,9,1,63,0,2019,7,11,3,2,0,1,0,0,0,0,1,0,0,"734422,283972","5305310,22589","12,134162508","47,858324906",0,4,#e78ac3,marker
213159,9,1,62,0,2019,7,9,4,3,5,3,0,1,1,0,0,0,0,"682277,927125","5341581,99793","11,453191399","48,201280207",0,1,#66c2a5,bicycle
213160,9,1,63,0,2019,7,13,3,3,0,1,0,1,1,0,0,0,0,"733786,742948","5303910,58707","12,124922305","47,845982029",0,1,#66c2a5,bicycle
213161,9,1,63,0,2019,7,10,3,3,2,6,0,1,1,0,0,0,0,"733876,264208","5305334,85139","12,126886941","47,858745076",0,1,#66c2a5,bicycle
213162,9,1,87,122,2019,7,13,3,3,4,6,0,1,0,0,0,0,0,"719405,879186","5306756,63487","11,934412888","47,87662429",0,1,#66c2a5,bicycle
213163,9,1,87,137,2019,7,8,3,3,0,3,0,1,1,0,0,0,0,"730291,56946","5308747,72833","12,080851127","47,890702186",0,1,#66c2a5,bicycle
213166,9,1,79,142,2019,7,17,3,2,5,3,0,0,1,0,1,0,0,"673462,605649","5343605,44885","11,335482503","48,221939448",0,2,#fc8d62,car
213167,9,1,79,142,2019,7,15,3,2,3,6,0,1,0,0,0,0,1,"671282,905862","5341077,97981","11,305139583","48,199810813",0,1,#66c2a5,bicycle
213168,9,1,81,128,2019,7,15,3,3,0,7,0,1,0,1,0,0,0,"639428,881998","5327456,62505","10,872249845","48,085121101",0,1,#66c2a5,bicycle
213169,9,1,81,130,2019,7,16,3,3,0,1,0,1,0,0,0,0,0,"642855,446095","5322405,95099","10,916548148","48,038946501",0,1,#66c2a5,bicycle
213170,9,1,62,0,2019,7,19,4,3,1,6,0,0,1,0,0,0,0,"690325,171725","5340232,74063","11,560780744","48,186792124",0,2,#fc8d62,car
213171,9,1,81,145,2019,7,18,3,3,5,3,0,0,1,0,0,0,1,"644475,723815","5335415,60396","10,942676562","48,155563",0,2,#fc8d62,car
213172,9,1,79,123,2019,7,18,3,3,6,4,0,0,1,1,0,0,0,"675942,852836","5333627,60552","11,364716438","48,131563424",0,2,#fc8d62,car
213173,9,1,79,123,2019,7,17,3,3,0,7,0,1,0,0,0,0,0,"675704,132661","5333044,53649","11,361270388","48,126387968",0,1,#66c2a5,bicycle
213174,9,1,62,0,2019,7,14,2,3,4,7,0,1,0,0,0,0,0,"691355,535584","5333431,15906","11,571570891","48,125350938",0,1,#66c2a5,bicycle
213175,9,1,62,0,2019,7,10,2,3,1,5,0,1,0,1,0,0,1,"692288,432375","5337528,67552","11,585945002","48,161897483",0,1,#66c2a5,bicycle
213176,9,1,62,0,2019,7,14,2,3,3,2,0,1,1,0,0,0,0,"690290,061418","5336164,07798","11,558488087","48,150233764",0,1,#66c2a5,bicycle
213177,9,1,62,0,2019,7,18,2,3,5,3,0,0,1,0,1,0,0,"687065,326","5329297,823","11,512161861","48,089474172",0,2,#fc8d62,car
213178,9,1,62,0,2019,7,2,2,3,5,3,2,0,1,0,0,0,0,"690348,56525","5334741,59602","11,558637962","48,137431024",0,2,#fc8d62,car
213179,9,1,84,138,2019,7,18,2,3,5,3,0,1,1,0,0,0,0,"682491,844","5331943,715","11,451933531","48,114583347",0,1,#66c2a5,bicycle
213180,9,1,62,0,2019,7,9,2,2,6,4,0,1,0,1,0,0,0,"689822,269377","5334904,49","11,551643452","48,13905233",0,1,#66c2a5,bicycle
213181,9,1,62,0,2019,7,14,2,3,0,7,0,0,0,0,0,0,1,"692311,934442","5337671,30947","11,586325216","48,163172334",0,6,#ffd92f,circle
213182,9,1,62,0,2019,7,15,4,3,5,2,0,1,1,0,0,0,0,"690262,455","5336162,125","11,558116424","48,150224469",0,1,#66c2a5,bicycle
213183,9,1,62,0,2019,7,15,2,3,1,7,0,1,0,0,0,0,0,"686308,753285","5336528,51796","11,505171783","48,154688107",0,1,#66c2a5,bicycle
213184,9,1,84,131,2019,7,7,2,3,5,3,0,1,1,0,0,0,0,"704754,161968","5337822,53513","11,753534086","48,160646441",0,1,#66c2a5,bicycle
213185,9,1,88,127,2019,7,20,2,3,5,3,1,0,1,0,1,0,0,"678020,408845","5330317,1968","11,39123221","48,101227945",0,2,#fc8d62,car
213186,9,1,62,0,2019,7,14,2,3,2,6,0,0,1,0,0,0,0,"689686,433378","5343196,11562","11,553519744","48,213617781",0,2,#fc8d62,car
213187,9,1,62,0,2019,7,18,2,3,2,6,0,0,1,0,1,0,0,"687536,503098","5341174,25183","11,523713666","48,196083948",0,2,#fc8d62,car
213188,9,1,62,0,2019,7,18,2,3,1,5,0,1,1,0,0,0,0,"688765,946124","5336590,65857","11,538206195","48,154522055",0,1,#66c2a5,bicycle
213189,9,1,62,0,2019,7,13,2,3,5,3,0,1,1,0,0,0,0,"686486,146954","5335567,24899","11,507133551","48,145995916",0,1,#66c2a5,bicycle
213190,9,1,62,0,2019,7,19,2,3,4,6,0,1,0,0,0,0,0,"688483,052148","5333736,46303","11,533142876","48,128952003",0,1,#66c2a5,bicycle
213191,9,1,62,0,2019,7,10,2,3,0,7,0,1,0,0,0,0,0,"683078,989042","5335525,8906","11,461353935","48,146613843",0,1,#66c2a5,bicycle
213192,9,1,84,130,2019,7,19,2,3,5,3,0,1,1,0,0,0,0,"699389,954","5344753,325","11,684733496","48,224638238",0,1,#66c2a5,bicycle
213193,9,1,62,0,2019,7,16,2,3,5,3,0,1,1,0,0,0,0,"698885,352595","5337198,93853","11,674409351","48,156904884",0,1,#66c2a5,bicycle
213194,9,1,62,0,2019,7,10,2,3,0,1,0,1,0,0,0,0,1,"691625,198554","5337043,10685","11,576816322","48,157733511",0,1,#66c2a5,bicycle
213195,9,1,62,0,2019,7,14,2,3,5,3,0,0,1,0,0,0,0,"690877,916071","5334269,60262","11,565534543","48,133030214",0,2,#fc8d62,car
213201,9,7,78,116,2019,7,21,2,3,0,1,1,1,0,0,0,0,0,"619065,054446","5318340,99871","10,596388143","48,007268109",0,1,#66c2a5,bicycle
213204,9,7,62,0,2019,7,7,2,3,5,6,0,1,1,0,0,0,0,"621687,826986","5305559,42915","10,62792387","47,891821522",0,1,#66c2a5,bicycle
213206,9,7,72,163,2019,7,9,2,3,5,2,0,1,1,0,0,0,0,"640192,794424","5349776,29095","10,889868299","48,285652312",0,1,#66c2a5,bicycle
213207,9,7,61,0,2019,7,9,2,2,5,3,0,0,0,0,0,1,1,"636965,301181","5360750,51561","10,849951557","48,385038843",0,5,#a6d854,bus
213208,9,7,61,0,2019,7,20,2,3,3,6,0,0,1,0,1,0,0,"639222,957207","5360182,57419","10,880239979","48,37943782",0,2,#fc8d62,car
213209,9,7,61,0,2019,7,13,2,3,5,3,0,1,0,0,0,0,0,"641806,023468","5360294,52506","10,915142607","48,379869156",0,1,#66c2a5,bicycle
213210,9,7,61,0,2019,7,17,2,3,2,6,0,0,1,0,0,0,0,"642709,503456","5360168,55801","10,92729451","48,378532809",0,2,#fc8d62,car
213211,9,7,61,0,2019,7,15,2,3,5,3,0,1,1,0,0,0,0,"644149,190479","5358108,81469","10,946019883","48,359685539",0,1,#66c2a5,bicycle
213212,9,7,61,0,2019,7,16,2,3,6,1,0,1,0,1,0,0,0,"638805,107326","5358429,3966","10,874021215","48,363765695",0,1,#66c2a5,bicycle
213213,9,1,62,0,2019,7,13,4,3,5,2,0,1,0,0,0,0,1,"691658,754582","5332791,09316","11,575353728","48,119506881",0,1,#66c2a5,bicycle
213214,9,7,61,0,2019,7,7,2,3,5,1,0,1,1,0,0,0,0,"639080,165088","5355071,84255","10,876623555","48,333514684",0,1,#66c2a5,bicycle
213215,9,7,61,0,2019,7,11,2,3,1,1,0,0,1,0,1,0,0,"639519,884981","5355554,12771","10,882713131","48,337754365",0,2,#fc8d62,car
213222,9,1,62,0,2019,7,17,4,3,4,2,0,1,1,0,0,0,0,"696163,148485","5335912,80569","11,637251657","48,146191422",0,1,#66c2a5,bicycle
213225,9,1,62,0,2019,7,7,4,3,6,4,0,1,0,1,0,0,0,"694088,668054","5336369,02205","11,609600152","48,150928005",0,1,#66c2a5,bicycle
213269,9,2,74,113,2019,7,10,7,2,8,1,0,0,0,0,1,0,0,"726369,45308","5382887,62751","12,068045887","48,558176619",0,4,#e78ac3,marker
213271,9,1,63,0,2019,7,9,7,3,0,7,0,1,0,0,0,0,0,"733673,01626","5303520,76329","12,123194064","47,842521175",0,1,#66c2a5,bicycle
213273,9,1,63,0,2019,7,21,7,3,0,1,2,1,0,0,0,0,0,"733714,946083","5303610,71308","12,123802186","47,84331405",0,1,#66c2a5,bicycle
213275,9,1,87,122,2019,7,10,7,3,4,6,0,0,1,0,0,0,0,"716799,73724","5306050,73444","11,899249692","47,871166239",0,2,#fc8d62,car
213279,9,1,88,139,2019,7,8,7,3,0,7,0,0,1,0,0,0,0,"674828,132764","5318823,63783","11,343694697","47,998789907",0,2,#fc8d62,car
213280,9,1,79,123,2019,7,18,7,3,2,6,0,1,1,0,0,0,0,"676038,619969","5333238,42381","11,36584165","48,12803847",0,1,#66c2a5,bicycle
213281,9,1,78,124,2019,7,20,7,3,9,1,0,1,0,0,0,0,0,"703519,394","5364224,233","11,74966134","48,398299684",0,1,#66c2a5,bicycle
213282,9,1,62,0,2019,7,7,6,2,0,7,0,0,0,0,1,0,0,"688058,753385","5332778,7277","11,527023658","48,120469155",1,4,#e78ac3,marker
213283,9,1,84,147,2019,7,14,6,2,3,6,0,0,1,0,1,0,0,"696275,736447","5341032,50426","11,64112684","48,19216927",0,2,#fc8d62,car
213285,9,1,84,131,2019,7,13,6,3,3,6,0,1,0,0,0,0,0,"703982,98899","5337642,88092","11,743089569","48,159279814",0,1,#66c2a5,bicycle
213286,9,1,84,134,2019,7,16,6,3,4,5,0,1,1,0,0,0,1,"692295,014482","5322603,63725","11,579311095","48,027750934",0,1,#66c2a5,bicycle
213287,9,1,84,147,2019,7,19,6,3,8,1,0,0,0,0,1,0,0,"697442,066465","5339680,2339","11,656175291","48,17965464",0,4,#e78ac3,marker
213288,9,1,62,0,2019,7,17,6,3,3,6,0,0,1,0,0,0,0,"694593,558848","5336059,4751","11,616239772","48,147991671",0,2,#fc8d62,car
213289,9,1,62,0,2019,7,21,6,3,5,3,2,0,1,0,0,0,0,"688945,291768","5336437,78882","11,540547403","48,153094791",0,2,#fc8d62,car
213290,9,1,62,0,2019,7,0,6,2,1,7,2,1,1,0,0,0,0,"686725,301364","5329107,8506","11,507517036","48,087866318",0,1,#66c2a5,bicycle
213291,9,1,62,0,2019,7,10,6,2,3,7,0,1,1,0,0,0,0,"691043,939231","5334351,47805","11,567800403","48,133716291",0,1,#66c2a5,bicycle
213292,9,1,62,0,2019,7,14,6,2,3,6,0,1,0,0,0,0,0,"690713,705781","5337222,95888","11,564652715","48,159624023",0,1,#66c2a5,bicycle
213293,9,1,62,0,2019,7,7,6,3,2,6,0,0,1,0,1,0,0,"679212,201424","5334477,21059","11,408974824","48,138288382",0,2,#fc8d62,car
213294,9,1,62,0,2019,7,22,6,2,1,6,2,1,0,0,0,0,1,"688525,226425","5336451,0381","11,534910839","48,153338532",0,1,#66c2a5,bicycle
213295,9,1,62,0,2019,7,20,6,3,5,3,0,1,1,0,0,0,0,"689296,586418","5337498,27661","11,54573788","48,162522049",0,1,#66c2a5,bicycle
213296,9,1,62,0,2019,7,14,6,3,6,4,0,1,0,1,0,0,0,"691242,366374","5339885,66344","11,572952264","48,183397206",0,1,#66c2a5,bicycle
213297,9,1,62,0,2019,7,7,6,3,5,3,0,1,1,0,0,0,0,"686263,522","5333257,245","11,503133465","48,125297957",0,1,#66c2a5,bicycle
213298,9,1,84,134,2019,7,13,6,3,5,3,0,1,1,0,0,0,0,"692134,07","5322818,88","11,577251079","48,02973397",0,1,#66c2a5,bicycle
213299,9,1,84,127,2019,7,17,6,3,5,2,0,0,1,0,1,0,0,"702538,375322","5321731,9215","11,716140584","48,016751389",0,2,#fc8d62,car
213300,9,1,62,0,2019,7,14,6,3,1,7,0,0,1,0,0,0,0,"701101,505339","5332268,40841","11,701848351","48,11189751",0,2,#fc8d62,car
213301,9,1,62,0,2019,7,18,6,3,0,7,0,1,0,1,0,0,0,"694777,669036","5334964,39644","11,61821148","48,138093244",0,1,#66c2a5,bicycle
213302,9,1,62,0,2019,7,14,6,3,2,6,0,1,0,0,0,0,0,"690088,157393","5333086,24086","11,554402765","48,122630485",0,1,#66c2a5,bicycle
213303,9,1,62,0,2019,7,17,6,2,2,6,0,1,1,0,0,0,0,"692944,364398","5336031,94538","11,594078149","48,148246599",0,1,#66c2a5,bicycle
213304,9,1,62,0,2019,7,7,6,3,0,1,0,1,0,0,0,0,0,"691461,731997","5335053,14933","11,573725428","48,139897285",1,1,#66c2a5,bicycle
213305,9,1,62,0,2019,7,18,6,3,0,5,0,1,1,0,0,0,0,"691194,058409","5334756,72603","11,569997918","48,137313546",0,1,#66c2a5,bicycle
213308,9,7,78,116,2019,7,11,6,3,6,4,0,0,1,1,0,0,0,"618807,608653","5317818,46645","10,592793043","48,002616519",0,2,#fc8d62,car
213312,9,7,72,184,2019,7,13,6,3,0,7,0,1,0,0,0,0,0,"635053,193983","5359629,64587","10,823778789","48,37537224",0,1,#66c2a5,bicycle
213313,9,7,71,130,2019,7,22,6,2,0,7,2,1,0,0,0,0,0,"647323,467","5360161,402","10,989565206","48,377408019",0,1,#66c2a5,bicycle
213314,9,7,61,0,2019,7,16,6,3,2,6,0,0,1,0,0,0,0,"638483,430989","5359328,24318","10,869976611","48,371918604",0,2,#fc8d62,car
213315,9,7,61,0,2019,7,21,6,3,6,7,2,0,1,1,0,0,0,"638692,045737","5360416,96859","10,873151234","48,381662373",0,2,#fc8d62,car
213316,9,7,61,0,2019,7,17,6,3,0,1,0,1,0,0,0,0,0,"636428,14752","5354577,88712","10,840699062","48,329651147",0,1,#66c2a5,bicycle
213317,9,7,61,0,2019,7,23,6,3,1,5,2,1,1,0,0,0,0,"640445,676625","5358384,14056","10,896143051","48,362995903",0,1,#66c2a5,bicycle