OBJECTID,ULAND,UREGBEZ,UKREIS,UGEMEINDE,UJAHR,UMONAT,USTUNDE,UWOCHENTAG,UKATEGORIE,UART,UTYP1,ULICHTVERH,IstRad,IstPKW,IstFuss,IstKrad,IstGkfz,IstSonstig,LINREFX,LINREFY,XGCSWGS84,YGCSWGS84,STRZUSTAND,Teilnehmer,color,symbol
213350,9,2,74,113,2019,7,13,6,3,2,6,0,0,1,0,1,0,0,"728398,508039","5381641,01094","12,0948209","48,546242389",0,2,#fc8d62,car
213351,9,2,61,0,2019,7,22,6,3,0,1,2,1,0,0,0,0,0,"728643,461232","5380913,49697","12,097735766","48,53961779",0,1,#66c2a5,bicycle
213361,9,1,63,0,2019,7,6,6,3,5,3,0,1,1,0,0,0,0,"734997,850123","5304266,24276","12,141278662","47,84873569",0,1,#66c2a5,bicycle
213362,9,1,63,0,2019,7,12,6,3,5,3,0,0,1,0,1,0,0,"734143,622021","5305378,9123","12,13047981","47,859043566",0,2,#fc8d62,car
213363,9,1,87,150,2019,7,17,6,3,2,6,0,1,1,0,0,0,0,"729426,377487","5304181,62335","12,066870087","47,849987919",0,1,#66c2a5,bicycle
213366,9,1,86,143,2019,7,11,6,3,1,3,0,1,1,0,0,0,0,"684970,157596","5378053,09255","11,505425376","48,52830593",0,1,#66c2a5,bicycle
213367,9,1,88,113,2019,7,10,6,2,0,1,0,1,0,0,0,0,0,"675607,628647","5315526,22603","11,35278709","47,968933846",0,1,#66c2a5,bicycle
213368,9,1,88,137,2019,7,12,6,3,5,7,0,1,1,0,0,0,0,"671694,683824","5315048,71747","11,300215066","47,965702645",0,1,#66c2a5,bicycle
213369,9,1,88,139,2019,7,13,6,3,4,7,0,0,1,0,0,0,0,"674636,94","5319085,021","11,341240213","48,001191902",0,2,#fc8d62,car
213370,9,1,79,123,2019,7,16,6,3,0,1,0,1,0,0,0,0,0,"675763,34001","5333089,07433","11,362083737","48,126771989",0,1,#66c2a5,bicycle
213371,9,1,79,145,2019,7,10,6,3,0,7,0,1,0,0,0,0,0,"673917,418086","5337451,71162","11,339080219","48,166496732",0,1,#66c2a5,bicycle
213372,9,1,79,121,2019,7,12,6,3,6,4,0,1,0,1,0,0,0,"666768,483413","5338829,66862","11,24355025","48,180800351",0,1,#66c2a5,bicycle
213373,9,1,79,136,2019,7,11,6,2,5,3,0,1,1,0,0,0,0,"660822,818","5341820,134","11,164755788","48,209218852",0,1,#66c2a5,bicycle
213374,9,7,72,125,2019,7,21,7,2,0,1,2,1,0,0,0,0,0,"635333,34675","5348089,23374","10,823855404","48,271539613",0,1,#66c2a5,bicycle
213375,9,1,79,121,2019,7,16,6,3,1,7,0,1,1,0,0,0,0,"665055,986818","5339778,74963","11,220898704","48,189779908",0,1,#66c2a5,bicycle
213376,9,1,79,121,2019,7,14,6,3,1,6,0,0,1,0,0,0,0,"667497,288498","5337912,1496","11,252985479","48,17236019",0,2,#fc8d62,car
213377,9,7,61,0,2019,7,12,7,3,0,6,0,0,1,0,0,0,0,"639222,148214","5358912,74654","10,879808567","48,368020025",0,2,#fc8d62,car
213378,9,1,77,117,2019,7,14,6,3,4,2,0,0,1,0,0,0,0,"714485,06","5355423,849","11,893137569","48,315593104",0,2,#fc8d62,car
213379,9,1,75,115,2019,7,15,6,3,0,1,0,1,0,0,0,0,0,"722090,351","5333091,913","11,983889648","48,112325073",0,1,#66c2a5,bicycle
213380,9,1,62,0,2019,7,16,5,3,3,6,0,0,1,0,1,0,0,"688242,746","5339935,839","11,532659197","48,184744035",0,2,#fc8d62,car
213381,9,1,62,0,2019,7,20,5,3,5,3,1,1,1,0,0,0,0,"690920,238096","5339428,8107","11,568417647","48,179387963",0,1,#66c2a5,bicycle
213382,9,1,62,0,2019,7,18,5,3,2,6,0,0,1,0,0,0,0,"684052,240243","5335111,30428","11,474246696","48,142606468",0,2,#fc8d62,car
213383,9,1,62,0,2019,7,8,5,3,0,7,0,1,0,0,0,0,0,"690535,226917","5336617,89405","11,561984136","48,154239246",0,1,#66c2a5,bicycle
213384,9,1,62,0,2019,7,17,5,3,0,3,0,0,0,0,1,0,0,"691880,801125","5337419,41393","11,58041956","48,16103861",0,4,#e78ac3,marker
213385,9,1,62,0,2019,7,14,5,3,1,7,0,0,1,0,1,0,0,"690464,652219","5342689,30969","11,563757565","48,208829625",0,2,#fc8d62,car
213386,9,1,62,0,2019,7,15,5,3,0,1,0,1,0,0,0,0,0,"695353,952507","5331194,6568","11,624222125","48,104035895",0,1,#66c2a5,bicycle
213387,9,1,84,136,2019,7,10,5,3,5,3,0,0,1,0,1,0,0,"699510,554265","5326721,07512","11,677906678","48,062542831",0,2,#fc8d62,car
213388,9,1,62,0,2019,7,17,5,3,0,7,0,1,1,0,0,0,0,"690520,132614","5334564,10083","11,56086237","48,135784359",0,1,#66c2a5,bicycle
213389,9,1,62,0,2019,7,18,5,3,3,6,0,0,1,0,0,0,0,"691875,719384","5335865,49647","11,579650669","48,147073824",0,2,#fc8d62,car
213390,9,1,62,0,2019,7,8,5,3,3,2,0,1,1,0,0,0,0,"692265,832867","5338531,12171","11,586094601","48,170914055",0,1,#66c2a5,bicycle
213391,9,1,62,0,2019,7,12,5,2,3,6,0,0,1,0,1,0,0,"687362,596076","5338819,97723","11,520337406","48,174974643",0,2,#fc8d62,car
213392,9,1,62,0,2019,7,17,5,2,4,2,0,1,0,0,0,0,0,"691439,977724","5340002,12888","11,575660595","48,184384461",0,1,#66c2a5,bicycle
213393,9,1,84,132,2019,7,16,5,3,1,3,0,0,1,0,1,0,0,"683704,763658","5329517,1174","11,467169874","48,092422743",0,2,#fc8d62,car
213394,9,1,62,0,2019,7,12,5,3,0,1,0,1,0,0,0,0,0,"683204,16786","5339300,95444","11,464661299","48,18051035",0,1,#66c2a5,bicycle
213395,9,1,62,0,2019,7,7,5,3,5,2,0,1,0,0,0,1,0,"699171,792859","5333749,41742","11,67664346","48,125813943",0,1,#66c2a5,bicycle
213396,9,1,62,0,2019,7,15,5,3,1,6,0,1,1,0,0,0,0,"694806,505783","5336782,38176","11,61943053","48,154423645",0,1,#66c2a5,bicycle
213397,9,1,62,0,2019,7,19,5,3,0,1,0,1,0,0,0,0,0,"691555,97633","5332846,1888","11,573998877","48,120033002",0,1,#66c2a5,bicycle
213398,9,1,62,0,2019,7,7,5,3,4,7,0,1,0,1,0,0,0,"687601,609","5332036,124","11,520560279","48,113929275",0,1,#66c2a5,bicycle
213399,9,1,62,0,2019,7,18,5,3,6,4,0,1,0,1,0,0,0,"691248,98655","5334437,27058","11,57059206","48,134425804",0,1,#66c2a5,bicycle
213410,9,7,73,182,2019,7,9,5,2,0,7,0,1,0,0,0,0,0,"623545,845677","5380498,10765","10,674618997","48,56539234",0,1,#66c2a5,bicycle
213411,9,7,71,130,2019,7,16,5,2,8,1,0,0,0,0,0,0,1,"645641,448864","5363482,80782","10,968015736","48,407662127",0,6,#ffd92f,circle
213412,9,7,72,130,2019,7,19,5,3,0,7,0,1,0,0,0,0,0,"632186,951","5359240,719","10,784970071","48,37248188",0,1,#66c2a5,bicycle
213413,9,7,61,0,2019,7,18,5,3,6,4,0,1,0,1,0,0,0,"638628,339943","5358351,6586","10,871610368","48,363105533",0,1,#66c2a5,bicycle
213414,9,7,61,0,2019,7,14,5,3,5,3,0,1,0,0,0,0,1,"638935,839723","5360787,7243","10,876564624","48,384942474",0,1,#66c2a5,bicycle
213415,9,7,61,0,2019,7,23,5,3,0,1,2,1,0,0,0,0,0,"641871,889852","5356900,71423","10,914886995","48,349338626",0,1,#66c2a5,bicycle
213416,9,7,61,0,2019,7,8,7,3,6,4,0,0,1,1,0,1,0,"641780,146217","5360157,68624","10,914747169","48,378644577",0,2,#fc8d62,car
213417,9,7,61,0,2019,7,23,5,3,0,1,2,1,0,0,0,0,0,"640813,37326","5359573,05232","10,901502527","48,373604269",0,1,#66c2a5,bicycle
213418,9,7,61,0,2019,7,18,5,3,0,1,0,1,0,0,0,0,0,"639119,759544","5359111,89478","10,878492745","48,369833296",0,1,#66c2a5,bicycle
213419,9,7,61,0,2019,7,7,5,3,1,5,0,1,1,0,0,0,0,"639565,54387","5359937,51625","10,884782726","48,377158638",0,1,#66c2a5,bicycle
213420,9,7,71,144,2019,7,12,5,3,5,3,0,1,1,0,0,0,0,"658825,393","5374221,909","11,150116677","48,501024215",0,1,#66c2a5,bicycle
213421,9,7,71,156,2019,7,13,5,1,0,7,0,1,0,0,0,0,0,"653915,385872","5383050,28372","11,086955175","48,581616644",0,1,#66c2a5,bicycle
213456,9,1,90,157,2019,7,18,5,2,4,2,0,0,1,0,1,0,0,"660440,000114","5300938,60813","11,144299795","47,841758376",0,2,#fc8d62,car
213457,9,1,90,139,2019,7,18,5,3,5,3,0,1,1,0,0,0,0,"654596,576975","5296064,98438","11,064516325","47,799368388",0,1,#66c2a5,bicycle
213461,9,1,63,0,2019,7,16,5,3,3,2,0,1,1,0,0,0,0,"732726,097896","5304870,14534","12,111282885","47,854987632",0,1,#66c2a5,bicycle
213462,9,1,63,0,2019,7,18,5,2,4,3,0,1,1,0,0,0,0,"732776,472144","5305777,85524","12,112443839","47,863124367",0,1,#66c2a5,bicycle
213464,9,1,87,165,2019,7,0,5,3,9,1,2,1,0,0,0,0,0,"733311,137874","5299127,78305","12,115999616","47,803185449",1,1,#66c2a5,bicycle
213466,9,1,87,117,2019,7,13,5,3,5,3,0,1,1,0,0,0,0,"724508,020097","5305194,64614","12,001743726","47,860826537",0,1,#66c2a5,bicycle
213474,9,1,88,120,2019,7,7,5,3,0,7,0,1,0,0,0,0,0,"676830,769432","5327123,12559","11,373944398","48,07284672",0,1,#66c2a5,bicycle
213475,9,1,88,120,2019,7,20,5,3,5,3,1,0,1,0,0,0,0,"676677,286348","5327240,44486","11,371934222","48,073943882",0,2,#fc8d62,car
213476,9,1,79,121,2019,7,22,5,3,5,3,2,0,1,0,0,0,0,"666503,132129","5337771,64573","11,239568806","48,17135829",0,2,#fc8d62,car
213477,9,1,79,137,2019,7,18,5,3,0,1,0,1,0,0,0,0,0,"655339,001007","5346681,83626","11,092775196","48,254295368",0,1,#66c2a5,bicycle
213478,9,1,74,115,2019,7,8,5,3,4,6,0,1,1,0,0,0,0,"680850,836544","5346955,48893","11,436295529","48,249988984",0,1,#66c2a5,bicycle
213479,9,1,78,130,2019,7,15,5,3,4,1,0,1,1,0,0,0,0,"703786,973542","5355510,75198","11,749052778","48,319911843",0,1,#66c2a5,bicycle
213480,9,1,78,124,2019,7,8,5,3,4,3,0,1,0,0,0,0,0,"703072,619386","5364798,08372","11,743909911","48,403600468",0,1,#66c2a5,bicycle
213481,9,1,77,117,2019,7,20,5,3,5,3,0,1,1,0,0,0,0,"714468,871466","5353987,53237","11,892189545","48,302692968",0,1,#66c2a5,bicycle
213483,9,1,62,0,2019,7,16,4,3,1,5,0,0,1,0,0,0,0,"688039,277548","5339008,83903","11,529514255","48,1764723",0,2,#fc8d62,car
213484,9,1,62,0,2019,7,12,4,3,6,4,0,1,0,1,0,0,0,"692733,27003","5335393,07742","11,590953861","48,142568608",0,1,#66c2a5,bicycle
213486,9,1,62,0,2019,7,11,4,2,9,7,0,0,0,0,1,0,0,"688489,329","5333285,689","11,533027786","48,124898505",0,4,#e78ac3,marker
213487,9,1,62,0,2019,7,22,4,3,0,7,2,1,0,0,0,0,0,"685974,719368","5334400,7306","11,499755257","48,135660509",0,1,#66c2a5,bicycle
213488,9,1,62,0,2019,7,16,4,3,5,2,0,1,1,0,0,0,0,"689985,964976","5335291,8216","11,554014422","48,14248482",0,1,#66c2a5,bicycle
213489,9,1,62,0,2019,7,17,4,3,3,2,0,1,1,0,0,0,0,"690156,704712","5334740,68155","11,556061255","48,137480165",0,1,#66c2a5,bicycle
213490,9,1,62,0,2019,7,10,4,3,5,3,0,0,1,0,0,0,0,"687763,758553","5331245,29668","11,522388586","48,106773311",0,2,#fc8d62,car
213491,9,1,62,0,2019,7,20,4,3,0,7,0,0,0,0,1,0,0,"687837,893","5339667,455","11,527099067","48,182451593",0,4,#e78ac3,marker
213492,9,1,62,0,2019,7,20,4,2,0,6,0,1,0,0,0,0,0,"691905,222455","5333885,55386","11,57915483","48,129269516",0,1,#66c2a5,bicycle
213493,9,1,62,0,2019,7,17,4,3,0,1,0,0,0,0,1,0,0,"682951,497329","5335695,31295","11,459714358","48,148173401",0,4,#e78ac3,marker
213494,9,1,62,0,2019,7,9,4,3,6,7,0,0,1,1,0,0,0,"699795,673369","5335459,91761","11,685820304","48,140990865",0,2,#fc8d62,car
213495,9,1,62,0,2019,7,10,4,3,2,6,0,0,1,0,0,0,0,"692468,643781","5340424,21019","11,589677011","48,187867201",0,2,#fc8d62,car
213496,9,1,62,0,2019,7,13,4,3,5,7,0,1,0,0,0,0,0,"691097,016066","5337835,57266","11,570077182","48,165015037",0,1,#66c2a5,bicycle
213498,9,7,78,116,2019,7,17,3,3,5,3,0,1,1,0,0,0,0,"618326,006525","5318215,00017","10,586448399","48,006272163",0,1,#66c2a5,bicycle
213503,9,7,77,121,2019,7,12,3,3,5,3,0,1,1,0,0,0,0,"626898,293","5321858,885","10,702408984","48,037397888",0,1,#66c2a5,bicycle
213506,9,7,73,116,2019,7,15,3,3,0,1,0,1,0,0,0,0,0,"621188,422428","5379371,73513","10,642350773","48,555723541",0,1,#66c2a5,bicycle
213508,9,7,71,130,2019,7,9,3,3,0,7,0,1,1,0,0,0,0,"645074,608412","5356860,89754","10,958075362","48,348253091",0,1,#66c2a5,bicycle
213509,9,7,71,130,2019,7,7,3,3,5,7,0,1,1,0,0,0,0,"644842,844833","5357745,93362","10,955253681","48,356263986",0,1,#66c2a5,bicycle
213510,9,7,61,0,2019,7,6,3,3,5,3,0,0,1,0,0,0,0,"640338,721819","5362592,57384","10,89610528","48,400860481",0,2,#fc8d62,car
213511,9,7,61,0,2019,7,14,3,3,5,3,0,0,1,0,0,0,0,"641711,919","5360760,158","10,914029447","48,384077067",0,2,#fc8d62,car
213512,9,7,61,0,2019,7,8,3,3,5,2,0,1,1,0,0,0,0,"638913,894849","5356158,06198","10,874739506","48,343318361",0,1,#66c2a5,bicycle
213513,9,7,61,0,2019,7,16,3,3,0,1,0,1,0,0,0,0,0,"640959,017","5351178,873","10,900659618","48,298093848",0,1,#66c2a5,bicycle
213514,9,7,72,163,2019,7,17,3,3,0,1,0,1,0,0,0,0,0,"640632,824999","5350598,29641","10,896070452","48,292946012",0,1,#66c2a5,bicycle
213515,9,7,61,0,2019,7,16,3,3,8,1,0,1,0,0,0,0,0,"640832,655407","5357212,40862","10,900972474","48,352373868",0,1,#66c2a5,bicycle
213520,9,1,62,0,2019,7,13,3,3,5,3,0,1,1,0,0,0,0,"689586,946103","5330698,17654","11,546612954","48,101315745",0,1,#66c2a5,bicycle
213523,9,1,62,0,2019,7,9,3,3,0,1,0,1,0,0,0,0,0,"690862,517267","5337196,67065","11,566640005","48,159343097",0,1,#66c2a5,bicycle
213532,9,1,84,127,2019,7,18,3,3,6,4,0,0,1,1,0,0,0,"702291,192879","5322021,30534","11,712966136","48,019430391",0,2,#fc8d62,car
213544,9,1,84,147,2019,7,18,3,3,4,2,0,1,0,0,1,0,0,"696096,291685","5340669,50319","11,638547253","48,188962284",0,1,#66c2a5,bicycle
213551,9,2,61,0,2019,7,15,3,3,3,6,0,1,0,0,0,0,1,"732264,829913","5381548,60295","12,147076749","48,543992998",0,1,#66c2a5,bicycle
213554,9,1,73,126,2019,7,16,3,3,2,6,0,0,1,0,0,0,0,"684896,014284","5304842,51874","11,472532528","47,870283404",0,2,#fc8d62,car
213559,9,1,63,0,2019,7,10,3,3,5,3,0,1,1,0,0,0,0,"733786,205144","5303909,30359","12,124914435","47,845970694",0,1,#66c2a5,bicycle
213562,9,1,88,139,2019,7,17,3,3,7,1,0,1,0,0,0,0,0,"672999,110227","5318316,95821","11,318992036","47,994732433",0,1,#66c2a5,bicycle
213563,9,1,79,142,2019,7,19,3,3,6,4,0,0,1,1,0,0,0,"673385,056622","5342273,12817","11,333894604","48,209983918",0,2,#fc8d62,car
213564,9,1,79,134,2019,7,11,3,2,2,6,0,1,0,0,0,0,0,"667914,618085","5343252,1228","11,260706409","48,220255749",0,1,#66c2a5,bicycle
213565,9,1,81,130,2019,7,17,3,3,5,3,0,1,1,0,0,0,0,"641067,858551","5324057,95196","10,893124023","48,054199091",0,1,#66c2a5,bicycle
213566,9,1,88,121,2019,7,19,3,3,6,7,0,0,1,1,0,0,0,"670743,004534","5329975,45582","11,293425782","48,100147637",0,2,#fc8d62,car
213567,9,1,79,121,2019,7,19,3,3,5,3,0,0,1,0,1,0,0,"666975,068072","5338671,12986","11,246264938","48,179320832",0,2,#fc8d62,car
213568,9,1,79,121,2019,7,13,3,3,0,1,0,1,0,0,0,0,0,"665023,171437","5335935,06022","11,218965393","48,155233067",0,1,#66c2a5,bicycle
213569,9,1,78,143,2019,7,16,3,2,0,1,0,1,0,0,0,0,0,"717063,878","5372712,493","11,936808781","48,470047897",0,1,#66c2a5,bicycle
213570,9,1,77,117,2019,7,19,3,3,0,7,0,1,0,0,0,0,0,"715687,108794","5355409,1553","11,909322542","48,315052295",0,1,#66c2a5,bicycle
213571,9,1,62,0,2019,7,15,3,3,2,6,0,0,1,0,1,0,0,"697910,859074","5334479,09043","11,660055811","48,132764956",0,2,#fc8d62,car
213572,9,1,62,0,2019,7,19,2,3,2,6,0,0,1,0,0,0,0,"689069,086113","5332679,55087","11,540542134","48,119278537",0,2,#fc8d62,car
213573,9,1,62,0,2019,7,14,2,3,3,3,0,1,1,0,0,0,0,"687713,685279","5336397,15474","11,523986094","48,15309426",0,1,#66c2a5,bicycle
213574,9,1,62,0,2019,7,8,2,3,6,4,0,0,1,1,0,0,0,"690534,252054","5335081,02219","11,561283197","48,140426206",0,2,#fc8d62,car
213575,9,1,62,0,2019,7,13,2,3,5,3,0,0,1,0,0,0,0,"689726,646","5333346,717","11,549665709","48,125079494",0,2,#fc8d62,car
213576,9,1,62,0,2019,7,12,2,3,4,6,0,0,1,0,0,0,0,"696938,544019","5329947,4719","11,644909383","48,092339063",0,2,#fc8d62,car
213577,9,1,62,0,2019,7,16,2,2,5,3,0,1,0,0,0,0,0,"680106,507981","5336614,42765","11,42188924","48,157247137",0,1,#66c2a5,bicycle
213578,9,1,62,0,2019,7,6,2,3,0,1,0,0,0,0,1,0,0,"691633,777725","5342008,52186","11,579170701","48,202359013",0,4,#e78ac3,marker
213579,9,1,84,119,2019,7,18,2,3,4,2,0,0,1,0,0,0,0,"696636,145","5349045,98","11,649688851","48,264076586",0,2,#fc8d62,car
213580,9,1,62,0,2019,7,23,2,3,1,1,2,1,1,0,0,0,0,"690434,115343","5338695,26101","11,561556059","48,172940761",0,1,#66c2a5,bicycle
213581,9,1,62,0,2019,7,9,2,2,3,2,0,1,0,0,0,1,0,"694295,34899","5334993,01178","11,611748158","48,138497876",0,1,#66c2a5,bicycle
213582,9,1,62,0,2019,7,1,2,1,6,4,2,0,1,1,0,0,0,"692323,487993","5337543,94149","11,586422843","48,162024087",0,2,#fc8d62,car
213583,9,1,62,0,2019,7,12,3,3,5,3,0,1,1,0,0,0,0,"701506,00847","5334663,50491","11,708408776","48,133294246",0,1,#66c2a5,bicycle
213584,9,1,62,0,2019,7,19,2,3,5,3,0,1,1,0,0,0,0,"699167,758","5333757,401","11,676593028","48,125886955",0,1,#66c2a5,bicycle
213585,9,1,62,0,2019,7,14,2,3,2,7,0,0,1,1,0,0,0,"684290,967928","5331856,19442","11,476045184","48,113278579",0,2,#fc8d62,car
213586,9,1,62,0,2019,7,23,2,3,1,7,2,0,1,0,0,0,0,"687812,724782","5331162,83228","11,52300943","48,106017662",0,2,#fc8d62,car
213587,9,1,62,0,2019,7,8,2,3,0,7,0,1,0,0,0,0,1,"690219,831165","5335234,95543","11,557129678","48,141903831",0,1,#66c2a5,bicycle
213588,9,1,62,0,2019,7,16,2,2,6,7,0,0,1,1,0,0,0,"694162,771443","5333038,93822","11,609077588","48,120975831",0,2,#fc8d62,car
213589,9,1,62,0,2019,7,12,2,3,1,7,0,1,1,0,0,0,0,"688812,014073","5335639,34512","11,538403017","48,145957871",0,1,#66c2a5,bicycle
213590,9,1,84,135,2019,7,19,2,3,0,3,0,0,1,0,1,0,0,"689838,926726","5347392,64938","11,557450518","48,251290024",0,2,#fc8d62,car
213591,9,1,62,0,2019,7,20,2,2,3,6,0,1,0,0,0,0,0,"692329,487315","5337784,33285","11,586612135","48,164182851",0,1,#66c2a5,bicycle
213592,9,1,62,0,2019,7,19,2,3,4,6,2,1,0,0,0,0,0,"694301,959699","5343030,9423","11,615510948","48,210737085",0,1,#66c2a5,bicycle
213593,9,1,62,0,2019,7,11,2,3,4,6,0,1,0,0,0,0,0,"687279,305498","5339057,80815","11,519322924","48,177136865",0,1,#66c2a5,bicycle
213594,9,1,62,0,2019,7,15,2,3,3,2,0,1,1,0,0,0,0,"690278,62539","5342203,57006","11,561038331","48,204519654",0,1,#66c2a5,bicycle
213595,9,1,62,0,2019,7,16,2,3,0,3,0,1,0,0,0,0,1,"689976,394408","5343893,0915","11,557731311","48,219795383",0,1,#66c2a5,bicycle
213596,9,1,62,0,2019,7,18,2,3,0,7,0,0,1,1,0,0,0,"685634,962542","5328104,11036","11,492453208","48,079162625",0,2,#fc8d62,car
213597,9,1,62,0,2019,7,16,2,3,5,6,0,0,1,0,0,0,0,"693565,266956","5335169,50894","11,602025013","48,140306675",0,2,#fc8d62,car
213598,9,1,62,0,2019,7,10,2,3,5,2,0,1,1,0,0,0,0,"691535,5742","5332846,52636","11,573725166","48,120042174",0,1,#66c2a5,bicycle
213599,9,1,62,0,2019,7,0,2,3,6,4,2,0,1,1,0,0,0,"688969,25729","5332409,01262","11,539082192","48,116876531",0,2,#fc8d62,car
213600,9,1,62,0,2019,7,5,2,2,0,7,1,1,0,0,0,0,0,"688792,419143","5333287,53052","11,537097563","48,124825248",0,1,#66c2a5,bicycle
213601,9,1,62,0,2019,7,14,2,3,5,7,0,0,1,0,0,0,0,"690875,124889","5336487,17093","11,566491105","48,152962398",0,2,#fc8d62,car
213611,9,7,72,147,2019,7,16,2,3,0,7,0,1,0,0,0,0,0,"639396,445","5365378,459","10,884307126","48,426119284",0,1,#66c2a5,bicycle
213612,9,7,61,0,2019,7,8,2,2,0,1,0,1,0,0,0,0,0,"638173,892","5360768,176","10,866272491","48,384934062",0,1,#66c2a5,bicycle
213613,9,7,61,0,2019,7,17,2,3,4,2,0,1,1,0,0,0,0,"640311,999949","5359151,82157","10,894595421","48,369928376",0,1,#66c2a5,bicycle
213614,9,7,71,140,2019,7,17,2,3,5,3,0,1,0,0,0,0,0,"654434,005741","5372838,69181","11,090198102","48,489683326",0,1,#66c2a5,bicycle
213625,9,1,62,0,2019,7,8,3,3,5,2,0,1,0,0,0,0,0,"696178,103049","5332751,5943","11,635996986","48,117775607",0,1,#66c2a5,bicycle
213634,9,1,62,0,2019,7,17,3,3,5,3,0,1,0,0,0,0,0,"697650,533518","5329312,72047","11,654167108","48,086413919",0,1,#66c2a5,bicycle
213637,9,1,62,0,2019,7,10,3,3,2,5,0,0,1,0,1,0,0,"692022,800721","5330320,48481","11,579128328","48,097191654",0,2,#fc8d62,car
213662,9,1,79,118,2019,7,16,2,3,1,7,0,0,1,0,0,0,0,"673244,761539","5337775,8357","11,330173246","48,169594115",0,2,#fc8d62,car
213663,9,1,79,145,2019,7,9,2,3,5,3,0,0,1,0,0,0,0,"676542,719623","5338931,69767","11,374972265","48,179076923",0,2,#fc8d62,car
213664,9,1,88,120,2019,7,18,2,3,6,4,0,0,1,1,0,0,0,"677111,549716","5326945,00599","11,377636695","48,071167634",0,2,#fc8d62,car
213665,9,1,81,114,2019,7,20,2,3,0,1,0,1,0,0,0,0,0,"650162,101668","5312912,75182","11,011191787","47,951910507",0,1,#66c2a5,bicycle
213666,9,1,74,115,2019,7,19,2,3,0,2,0,0,1,0,1,0,0,"682284,342001","5347981,14248","11,456030107","48,258797455",0,2,#fc8d62,car
213667,9,1,74,115,2019,7,10,2,3,1,5,0,1,1,0,0,0,0,"682167,800635","5347779,41617","11,454374525","48,25701775",0,1,#66c2a5,bicycle
213668,9,1,78,124,2019,7,8,2,3,3,3,0,0,1,0,0,0,0,"704467,153986","5358816,37776","11,759821156","48,349397352",0,2,#fc8d62,car
213669,9,1,78,140,2019,7,10,2,3,5,6,0,0,1,0,0,0,0,"706978,195099","5365792,14749","11,797107303","48,411262967",0,2,#fc8d62,car
213670,9,1,77,131,2019,7,17,2,3,3,6,0,0,1,0,1,0,0,"708514,842773","5348518,02602","11,809300986","48,255534658",0,2,#fc8d62,car
213671,9,1,77,116,2019,7,17,2,3,8,1,0,0,1,0,0,0,0,"714152,745612","5361800,21767","11,891902979","48,372998573",0,2,#fc8d62,car
213672,9,1,62,0,2019,7,17,1,3,5,7,0,1,1,0,0,0,0,"691787,312546","5337851,14132","11,579358305","48,164947097",0,1,#66c2a5,bicycle
213673,9,1,62,0,2019,7,16,1,3,0,6,0,1,0,0,0,0,0,"692652,521246","5338023,54029","11,591060322","48,166234975",1,1,#66c2a5,bicycle
213674,9,1,62,0,2019,7,14,1,3,5,3,0,0,1,0,0,0,0,"696682,022368","5337717,59191","11,645053902","48,162251462",0,2,#fc8d62,car
213675,9,1,62,0,2019,7,18,1,3,2,6,0,0,1,0,1,0,0,"690467,868305","5333445,11435","11,559660401","48,125742563",0,2,#fc8d62,car
213676,9,1,62,0,2019,7,6,3,3,1,7,0,1,1,0,0,0,0,"693648,89044","5333361,42391","11,602326159","48,124030731",0,1,#66c2a5,bicycle
213677,9,1,84,149,2019,7,12,1,3,5,3,0,1,1,0,0,0,0,"690640,945158","5350388,11844","11,569593817","48,277971737",0,1,#66c2a5,bicycle
213678,9,1,62,0,2019,7,14,1,2,0,7,0,1,1,0,0,0,0,"680029,995137","5336693,13077","11,420894629","48,157976257",0,1,#66c2a5,bicycle
213679,9,1,62,0,2019,7,14,1,3,0,1,0,1,0,0,0,0,0,"701819,290119","5334730,25968","11,712646273","48,133794902",0,1,#66c2a5,bicycle
213680,9,1,62,0,2019,7,14,1,3,8,7,0,0,0,0,1,0,0,"688712,105","5333419,527","11,536077796","48,126035466",1,4,#e78ac3,marker
213681,9,1,62,0,2019,7,14,1,3,5,3,0,0,1,0,0,0,0,"691694,751054","5333720,14604","11,576254713","48,127846269",0,2,#fc8d62,car
213682,9,1,62,0,2019,7,12,1,3,0,1,0,0,0,0,1,0,0,"692188,696602","5336987,02047","11,584360456","48,157059366",0,4,#e78ac3,marker
213687,9,1,62,0,2019,7,17,3,3,5,2,0,1,1,0,0,0,0,"687120,437536","5332473,99853","11,514294001","48,118006592",0,1,#66c2a5,bicycle
213689,9,7,77,177,2019,7,10,1,2,5,3,0,0,1,0,0,0,0,"632222,721959","5317361,48604","10,772417203","47,995873049",0,2,#fc8d62,car
213691,9,7,71,130,2019,7,3,1,3,0,1,2,1,0,0,0,0,0,"646488,732362","5361489,15372","10,978762203","48,389540465",1,1,#66c2a5,bicycle
213692,9,7,71,130,2019,7,21,1,3,0,1,0,1,0,0,0,0,0,"648597,74638","5355503,62643","11,00511845","48,335230651",0,1,#66c2a5,bicycle
213693,9,7,61,0,2019,7,3,1,3,1,5,2,1,1,0,0,0,0,"639876,856463","5360092,57919","10,889036118","48,37848398",0,1,#66c2a5,bicycle
213694,9,7,61,0,2019,7,5,1,3,0,1,0,1,0,0,0,0,0,"640753,429586","5360057,2945","10,900855663","48,377971773",1,1,#66c2a5,bicycle