OBJECTID,ULAND,UREGBEZ,UKREIS,UGEMEINDE,UJAHR,UMONAT,USTUNDE,UWOCHENTAG,UKATEGORIE,UART,UTYP1,ULICHTVERH,IstRad,IstPKW,IstFuss,IstKrad,IstGkfz,IstSonstig,LINREFX,LINREFY,XGCSWGS84,YGCSWGS84,STRZUSTAND,Teilnehmer,color,symbol
213698,9,1,62,0,2019,7,18,3,3,1,7,0,0,1,0,0,0,1,"690808,164833","5335148,30156","11,564991627","48,140948828",0,2,#fc8d62,car
213700,9,1,62,0,2019,7,7,3,3,5,3,0,1,1,0,0,0,0,"687458,173922","5331025,01227","11,518190744","48,104883321",0,1,#66c2a5,bicycle
213718,9,2,61,0,2019,7,5,1,3,4,6,0,1,1,0,0,0,0,"733553,034615","5380137,33798","12,163712853","48,530838002",0,1,#66c2a5,bicycle
213727,9,1,81,129,2019,7,13,1,3,0,1,0,1,0,0,0,0,0,"642572,782353","5304149,26335","10,906706146","47,874840966",0,1,#66c2a5,bicycle
213730,9,1,79,121,2019,7,0,1,3,0,1,2,1,0,0,0,0,0,"667620,136758","5339268,351","11,255171497","48,184519958",0,1,#66c2a5,bicycle
213731,9,1,79,119,2019,7,23,1,3,0,1,2,1,0,0,0,0,0,"668911,165593","5339189,14268","11,27249546","48,183465936",0,1,#66c2a5,bicycle
213732,9,1,62,0,2019,7,15,7,3,2,1,0,0,1,0,0,0,0,"693277,089101","5331418,59328","11,596454569","48,106682028",0,2,#fc8d62,car
213733,9,1,62,0,2019,7,11,7,3,5,3,0,1,0,0,1,0,0,"688565,4771","5336864,43494","11,535634688","48,157042261",0,1,#66c2a5,bicycle
213734,9,1,62,0,2019,7,12,3,3,0,6,0,0,1,0,1,0,0,"689492,933878","5334918,36977","11,547227151","48,139275243",0,2,#fc8d62,car
213735,9,1,62,0,2019,7,22,7,3,4,7,2,1,1,0,0,0,0,"690492,913439","5338173,59282","11,562112416","48,168234433",0,1,#66c2a5,bicycle
213736,9,1,62,0,2019,7,20,7,3,3,6,0,1,0,0,0,0,0,"692312,521204","5337950,53831","11,586459354","48,165681796",0,1,#66c2a5,bicycle
213737,9,1,62,0,2019,7,9,7,3,5,3,0,1,1,0,0,0,0,"690747,924724","5334307,44383","11,563806125","48,133409301",0,1,#66c2a5,bicycle
213738,9,1,62,0,2019,7,17,7,3,1,5,0,0,1,0,0,0,1,"697586,52895","5331776,32541","11,654448874","48,108575092",0,2,#fc8d62,car
213739,9,1,62,0,2019,7,10,7,3,2,7,0,0,1,0,0,0,0,"691237,843737","5339939,31299","11,572915629","48,18388076",0,2,#fc8d62,car
213740,9,1,84,120,2019,7,13,7,3,5,3,0,0,1,0,1,0,0,"681323,827539","5332723,28477","11,436586519","48,121924419",0,2,#fc8d62,car
213741,9,1,84,149,2019,7,17,7,3,5,3,0,0,1,0,0,0,0,"691528,823653","5350132,75345","11,581432982","48,275408696",0,2,#fc8d62,car
213742,9,1,62,0,2019,7,14,7,3,4,2,0,1,1,0,0,0,0,"686692,217","5329047,165","11,507046663","48,087330541",0,1,#66c2a5,bicycle
213743,9,1,62,0,2019,7,20,3,3,2,6,0,1,1,1,0,0,0,"691305,264382","5338644,01135","11,57323871","48,172218523",0,1,#66c2a5,bicycle
213744,9,1,62,0,2019,7,2,7,2,4,7,2,1,1,0,0,0,0,"686377,308595","5334385,37116","11,505154529","48,135404675",0,1,#66c2a5,bicycle
213745,9,1,62,0,2019,7,16,7,3,6,4,0,0,0,1,1,0,0,"691847,148893","5333570,43652","11,578233301","48,126454789",0,3,#8da0cb,toilet
213746,9,1,62,0,2019,7,9,3,3,3,6,0,1,0,0,0,0,0,"692204,432193","5337043,31808","11,58459726","48,1575606",0,1,#66c2a5,bicycle
213747,9,1,62,0,2019,7,13,7,3,3,3,0,0,0,0,0,0,1,"691014,747837","5331591,82455","11,566171979","48,108921405",0,6,#ffd92f,circle
213748,9,1,62,0,2019,7,1,7,3,6,4,2,0,1,1,0,0,0,"688562,031506","5339338,46735","11,536685474","48,17928013",0,2,#fc8d62,car
213749,9,1,62,0,2019,7,17,7,3,3,3,0,1,0,0,0,0,1,"686388,000269","5329315,36256","11,5030825","48,089830244",0,1,#66c2a5,bicycle
213750,9,1,62,0,2019,7,18,7,3,5,2,0,0,1,0,1,0,0,"696930,747751","5330683,00447","11,645144078","48,098952026",0,2,#fc8d62,car
213751,9,1,62,0,2019,7,17,7,3,1,7,0,1,1,0,0,0,0,"689655,992075","5333163,5641","11,548635699","48,123454353",0,1,#66c2a5,bicycle
213752,9,1,62,0,2019,7,13,7,2,5,7,0,1,0,0,0,0,0,"687205,970917","5332483,36343","11,515446257","48,118065627",0,1,#66c2a5,bicycle
213753,9,1,62,0,2019,7,0,7,2,0,7,2,1,0,0,0,0,0,"691868,235622","5337258,0926","11,580177999","48,159592478",0,1,#66c2a5,bicycle
213754,9,1,62,0,2019,7,21,7,3,1,5,2,1,1,0,0,0,0,"692129,436966","5334932,48951","11,582637184","48,138611557",0,1,#66c2a5,bicycle
213757,9,1,84,148,2019,7,10,3,2,6,7,0,1,0,1,0,0,0,"693488,035475","5327129,15383","11,597342196","48,068065422",0,1,#66c2a5,bicycle
213758,9,1,62,0,2019,7,12,5,3,4,2,0,1,1,0,0,0,0,"692179,457429","5334914,97293","11,583300955","48,138439017",0,1,#66c2a5,bicycle
213760,9,1,62,0,2019,7,17,5,2,4,6,0,0,1,0,1,0,0,"689699,237","5331907,393","11,548657385","48,112150893",0,2,#fc8d62,car
213761,9,1,62,0,2019,7,11,5,3,6,4,0,0,1,1,0,0,0,"687457,629449","5336059,92594","11,520398113","48,150138691",0,2,#fc8d62,car
213762,9,1,62,0,2019,7,14,5,3,3,2,0,1,1,0,0,0,0,"691228,728581","5340347,62565","11,572976916","48,187553341",0,1,#66c2a5,bicycle
213763,9,1,62,0,2019,7,8,5,3,0,1,0,1,0,0,0,0,0,"682821,167963","5336276,18492","11,458213307","48,153432133",0,1,#66c2a5,bicycle
213764,9,1,62,0,2019,7,9,5,3,5,2,0,0,1,0,1,0,0,"686451,944875","5336284,28736","11,506988271","48,152450919",0,2,#fc8d62,car
213765,9,1,62,0,2019,7,9,5,3,6,7,0,1,0,1,0,0,0,"686240,178684","5332844,16631","11,502639593","48,12159187",0,1,#66c2a5,bicycle
213766,9,1,62,0,2019,7,18,5,3,0,1,0,1,0,0,0,0,0,"692520,192811","5330630,21514","11,585941633","48,099825394",0,1,#66c2a5,bicycle
213767,9,1,62,0,2019,7,17,5,3,4,2,0,1,1,0,0,0,0,"693318,221171","5335247,34624","11,598742948","48,141081358",0,1,#66c2a5,bicycle
213768,9,1,62,0,2019,7,16,5,3,0,7,0,1,0,0,0,0,0,"693988,137609","5333722,80684","11,607044676","48,127175444",0,1,#66c2a5,bicycle
213769,9,1,86,143,2019,7,8,6,3,5,1,0,1,1,0,0,0,0,"684907,95802","5378105,57212","11,504606994","48,528795928",0,1,#66c2a5,bicycle
213770,9,1,62,0,2019,7,17,5,3,5,2,0,1,1,0,0,0,0,"692302,897443","5337689,51267","11,586212039","48,163338673",0,1,#66c2a5,bicycle
213771,9,1,62,0,2019,7,20,5,3,2,6,1,1,0,0,0,0,0,"689953,533069","5331425,18818","11,551855685","48,107741008",0,1,#66c2a5,bicycle
213772,9,1,62,0,2019,7,19,5,3,0,1,1,1,0,0,0,0,0,"691902,737424","5333901,64693","11,579128714","48,129414907",0,1,#66c2a5,bicycle
213773,9,1,62,0,2019,7,6,5,3,4,7,0,0,1,0,1,0,0,"693428,304","5336638,132","11,600853102","48,153547837",0,2,#fc8d62,car
213774,9,1,62,0,2019,7,16,5,3,5,3,0,0,1,0,0,0,0,"692324,025707","5334247,04724","11,584940661","48,132392153",0,2,#fc8d62,car
213775,9,1,62,0,2019,7,9,5,3,5,3,0,1,1,0,0,0,0,"690793,465443","5334753,51549","11,564617379","48,137404921",0,1,#66c2a5,bicycle
213776,9,1,62,0,2019,7,17,5,3,6,3,0,1,0,1,0,0,0,"691455,75","5334592,074","11,57343785","48,135754993",0,1,#66c2a5,bicycle
213782,9,1,88,121,2019,7,20,6,3,5,3,0,0,1,0,0,0,0,"668707,195","5331827,331","11,266835425","48,117338245",0,2,#fc8d62,car
213788,9,7,72,147,2019,7,19,5,3,0,7,0,1,0,0,0,0,0,"638940,944454","5366343,98388","10,878473368","48,434901604",0,1,#66c2a5,bicycle
213789,9,7,71,130,2019,7,19,5,3,5,3,0,1,1,0,0,0,0,"644417,124873","5363341,86613","10,951433282","48,406676585",0,1,#66c2a5,bicycle
213790,9,7,61,0,2019,7,23,5,3,0,7,2,1,0,0,0,0,0,"641792,929404","5360250,36975","10,914950973","48,379475074",0,1,#66c2a5,bicycle
213791,9,7,61,0,2019,7,15,5,2,4,2,0,0,1,0,1,0,0,"640851,531739","5362089,31479","10,902861017","48,39622102",0,2,#fc8d62,car
213792,9,7,61,0,2019,7,7,5,3,0,7,0,1,0,1,0,0,0,"644078,36174","5355683,56985","10,944234293","48,337895237",0,1,#66c2a5,bicycle
213793,9,1,62,0,2019,7,14,5,3,5,2,0,1,1,0,0,0,0,"689928,212097","5336608,95606","11,553826499","48,154340478",0,1,#66c2a5,bicycle
213794,9,7,61,0,2019,7,13,5,3,0,7,0,1,0,0,0,0,0,"643657,258984","5358435,27648","10,939494223","48,36273303",0,1,#66c2a5,bicycle
213795,9,7,61,0,2019,7,15,5,2,3,2,0,1,0,0,0,0,0,"640805,112021","5356148,07401","10,900244961","48,342809848",0,1,#66c2a5,bicycle
213796,9,7,61,0,2019,7,9,5,3,5,3,0,1,1,0,0,0,0,"640233,664741","5359027,19074","10,893496722","48,368825145",0,1,#66c2a5,bicycle
213797,9,7,61,0,2019,7,20,5,3,0,1,0,1,0,0,0,0,0,"640560,439292","5358088,38885","10,897592756","48,360311056",0,1,#66c2a5,bicycle
213798,9,7,61,0,2019,7,15,5,3,6,7,0,1,0,1,0,0,0,"640379,122988","5358060,58923","10,895137069","48,360101432",0,1,#66c2a5,bicycle
213799,9,1,90,148,2019,7,17,6,3,5,3,0,1,1,0,0,0,0,"640947,581591","5296724,72796","10,882565679","47,808434125",0,1,#66c2a5,bicycle
213800,9,7,61,0,2019,7,14,5,3,3,6,0,1,0,0,1,0,0,"640232,850372","5358956,15951","10,893462047","48,368186635",0,1,#66c2a5,bicycle
213801,9,7,61,0,2019,7,13,5,3,0,7,0,1,0,0,0,0,0,"640000,772128","5360284,02713","10,890772421","48,380177936",0,1,#66c2a5,bicycle
213825,9,1,63,0,2019,7,21,6,3,0,1,0,1,0,0,0,0,0,"734370,994191","5301050,97266","12,131172276","47,820078567",0,1,#66c2a5,bicycle
213834,9,1,74,111,2019,7,20,6,3,0,1,1,0,0,0,1,0,0,"666959,094278","5361946,23808","11,255247304","48,388563396",1,4,#e78ac3,marker
213838,9,1,79,142,2019,7,8,6,3,6,7,0,1,0,1,0,0,0,"673201,766808","5342192,49219","11,331396585","48,209309092",0,1,#66c2a5,bicycle
213847,9,1,62,0,2019,7,10,5,2,3,7,0,0,1,0,0,0,1,"690274,099163","5336163,43152","11,558273404","48,150232729",0,2,#fc8d62,car
213852,9,1,63,0,2019,7,6,5,3,0,3,0,0,1,0,1,0,0,"733581,103452","5305331,81273","12,122945114","47,858825122",0,2,#fc8d62,car
213855,9,1,87,137,2019,7,6,5,3,5,3,0,0,1,0,1,0,0,"730212,258975","5310032,89911","12,080477159","47,902277037",0,2,#fc8d62,car
213858,9,1,88,139,2019,7,12,5,3,0,1,0,1,0,0,0,0,0,"674841,811593","5319019,48529","11,343957706","48,000546767",0,1,#66c2a5,bicycle
213859,9,1,81,130,2019,7,12,5,3,5,3,0,1,0,0,0,0,1,"640621,195922","5323004,45192","10,886787018","48,044824369",0,1,#66c2a5,bicycle
213860,9,1,79,123,2019,7,8,5,3,5,3,0,1,1,0,0,0,0,"675158,138","5333180,238","11,353995027","48,12775831",0,1,#66c2a5,bicycle
213861,9,1,74,135,2019,7,13,5,2,5,3,0,0,1,0,0,0,0,"662611,422849","5352636,21443","11,192969809","48,306001837",0,2,#fc8d62,car
213862,9,1,74,141,2019,7,14,5,3,3,6,0,1,1,0,0,0,0,"683437,00442","5357705,31045","11,475771367","48,34586873",0,1,#66c2a5,bicycle
213863,9,1,75,132,2019,7,22,5,3,0,1,2,1,0,0,0,0,0,"707612,471347","5331340,10768","11,788767331","48,101466607",0,1,#66c2a5,bicycle
213864,9,1,78,145,2019,7,15,5,3,0,1,0,1,0,0,0,0,0,"697622,575259","5354066,08672","11,665314284","48,308885367",0,1,#66c2a5,bicycle
213866,9,1,75,131,2019,7,11,5,3,3,6,0,1,1,0,1,0,0,"711071,762277","5323193,15404","11,831155295","48,02712099",0,1,#66c2a5,bicycle
213867,9,1,77,139,2019,7,7,5,3,0,7,0,1,0,1,0,0,0,"732897,384405","5359304,39207","12,14326793","48,34394138",0,1,#66c2a5,bicycle
213868,9,1,62,0,2019,7,23,4,3,0,7,2,1,0,0,0,0,0,"697410,885818","5332459,51009","11,652408025","48,114769576",0,1,#66c2a5,bicycle
213869,9,1,62,0,2019,7,15,4,3,3,6,0,0,1,0,1,0,0,"690383,271675","5343029,46914","11,562815922","48,211911339",0,2,#fc8d62,car
213870,9,1,62,0,2019,7,14,4,3,0,7,0,0,0,0,1,0,0,"689407,340782","5334916,50038","11,546076927","48,139283924",0,4,#e78ac3,marker
213871,9,1,62,0,2019,7,20,4,3,0,7,0,1,0,0,0,0,0,"691624,022715","5334318,56643","11,57557428","48,133246096",0,1,#66c2a5,bicycle
213872,9,1,62,0,2019,7,16,4,3,0,7,0,0,0,0,0,0,1,"689870,312448","5335318,06799","11,552472988","48,142755247",0,6,#ffd92f,circle
213873,9,1,62,0,2019,7,7,4,3,5,2,0,0,1,0,0,0,0,"689338,625299","5335461,81419","11,545396633","48,144205696",0,2,#fc8d62,car
213874,9,1,62,0,2019,7,16,4,3,6,4,0,0,1,1,0,0,0,"691513,49387","5336847,12194","11,575227573","48,156005681",0,2,#fc8d62,car
213875,9,1,62,0,2019,7,18,4,3,2,2,0,0,1,0,0,0,0,"688968,689461","5334297,14458","11,539911684","48,133847498",0,2,#fc8d62,car
213876,9,1,62,0,2019,7,14,4,3,4,2,0,0,1,0,1,0,0,"682053,840772","5338496,36692","11,448855925","48,173608809",0,2,#fc8d62,car
213877,9,1,62,0,2019,7,10,4,2,6,4,0,0,0,1,0,1,0,"698554,329312","5333420,04719","11,668201372","48,123046694",0,3,#8da0cb,toilet
213878,9,1,62,0,2019,7,13,4,3,0,7,0,0,0,0,1,0,0,"690795,521482","5336482,74458","11,565419893","48,152946499",0,4,#e78ac3,marker
213879,9,1,85,158,2019,7,10,6,3,0,3,0,1,1,0,0,0,0,"667700,864588","5379708,50648","11,272380084","48,548038567",0,1,#66c2a5,bicycle
213880,9,1,62,0,2019,7,20,4,3,2,6,0,1,0,0,0,0,0,"689470,860206","5336075,20363","11,547445519","48,149679506",0,1,#66c2a5,bicycle
213881,9,1,62,0,2019,7,20,4,3,2,2,1,1,0,0,0,0,0,"684608,510035","5335028,98606","11,481681777","48,141705386",0,1,#66c2a5,bicycle
213882,9,1,62,0,2019,7,23,4,3,6,4,2,1,0,1,0,0,0,"689662,116576","5339771,77066","11,551662901","48,182847249",0,1,#66c2a5,bicycle
213883,9,1,62,0,2019,7,7,4,3,5,3,0,1,1,0,0,0,0,"688812,014073","5335639,34512","11,538403017","48,145957871",0,1,#66c2a5,bicycle
213884,9,1,62,0,2019,7,9,4,3,4,2,0,1,1,0,0,0,0,"684359,071826","5330751,00463","11,476481707","48,103324758",0,1,#66c2a5,bicycle
213885,9,1,62,0,2019,7,10,4,3,2,6,0,0,1,0,1,1,0,"687555,184186","5330369,86068","11,519204686","48,098966057",0,2,#fc8d62,car
213886,9,1,62,0,2019,7,8,4,3,5,2,0,0,1,0,1,0,0,"688306,224619","5330592,66195","11,529380641","48,100747149",0,2,#fc8d62,car
213887,9,1,62,0,2019,7,8,4,3,5,3,0,0,1,0,0,0,0,"698109,714032","5331272,03497","11,661235536","48,103880387",0,2,#fc8d62,car
213888,9,1,62,0,2019,7,9,4,3,0,5,0,1,1,0,0,0,0,"689554,563222","5335024,19498","11,548101844","48,14020805",0,1,#66c2a5,bicycle
213889,9,1,62,0,2019,7,20,4,3,5,3,0,0,1,0,1,0,0,"692562,691","5335301,766","11,588621869","48,141799571",0,2,#fc8d62,car
213890,9,1,62,0,2019,7,18,4,3,4,6,0,1,0,0,0,0,0,"692955,773625","5335159,89158","11,593836189","48,140405356",0,1,#66c2a5,bicycle
213891,9,1,62,0,2019,7,8,4,3,0,7,0,1,0,0,0,0,0,"691517,363268","5336818,32042","11,575266586","48,155745652",0,1,#66c2a5,bicycle
213892,9,1,81,130,2019,7,17,6,3,4,2,0,1,1,0,0,0,0,"639054,836623","5324484,07959","10,866262842","48,058472809",0,1,#66c2a5,bicycle
213893,9,1,62,0,2019,7,22,4,2,0,1,2,1,0,0,0,0,0,"692031,685999","5334957,9678","11,581336069","48,138870059",0,1,#66c2a5,bicycle
213900,9,7,62,0,2019,7,10,4,2,5,3,0,1,1,0,0,0,0,"621263,712229","5304033,69526","10,621823954","47,878179725",0,1,#66c2a5,bicycle
213901,9,1,62,0,2019,7,17,5,3,5,2,0,1,1,0,0,0,0,"691540,894","5337033,23","11,575679407","48,157670138",0,1,#66c2a5,bicycle
213903,9,7,62,0,2019,7,11,4,2,6,4,0,0,1,1,0,0,0,"621159,439","5304615,64","10,620593212","47,883433289",0,2,#fc8d62,car
213904,9,1,62,0,2019,7,16,5,2,5,2,0,1,1,0,0,0,0,"688545,250103","5337399,59108","11,535600145","48,161858305",0,1,#66c2a5,bicycle
213906,9,7,72,167,2019,7,11,4,3,0,1,0,0,0,0,1,0,0,"625487,879931","5355731,28134","10,693505627","48,342290326",0,4,#e78ac3,marker
213907,9,7,72,147,2019,7,16,4,3,5,3,0,1,1,0,0,0,0,"638801,920988","5364295,68979","10,875916673","48,416514642",0,1,#66c2a5,bicycle
213908,9,7,72,163,2019,7,11,4,3,0,1,0,0,0,0,0,0,1,"640241,976872","5348519,41899","10,890113818","48,27433982",0,6,#ffd92f,circle
213909,9,7,61,0,2019,7,17,4,3,3,6,0,1,1,0,0,0,0,"639278,727711","5359497,07504","10,880765629","48,373261679",0,1,#66c2a5,bicycle
213910,9,1,90,139,2019,7,7,6,3,0,1,0,1,0,0,0,0,0,"655363,047918","5296138,78615","11,074771459","47,799847485",0,1,#66c2a5,bicycle
213911,9,7,72,202,2019,7,20,4,3,0,1,0,1,0,0,0,0,0,"637439,732917","5358601,13233","10,855653379","48,365608673",0,1,#66c2a5,bicycle
213912,9,7,61,0,2019,7,6,4,3,2,6,0,0,1,0,0,0,0,"639292,795399","5361639,45056","10,881665633","48,392522235",0,2,#fc8d62,car
213913,9,7,61,0,2019,7,16,4,3,4,1,0,1,1,0,0,0,0,"641263,05501","5358160,88823","10,907097094","48,360806125",0,1,#66c2a5,bicycle
213914,9,7,61,0,2019,7,11,4,3,0,1,0,0,0,0,1,0,1,"641133,203986","5358183,82216","10,905352764","48,36104138",1,4,#e78ac3,marker
213915,9,7,61,0,2019,7,13,4,3,4,1,0,1,1,0,0,0,0,"639401,366248","5356693,24346","10,881491768","48,348023217",0,1,#66c2a5,bicycle
213938,9,1,63,0,2019,7,20,6,2,7,1,2,1,0,0,0,0,0,"733685,53243","5305742,31509","12,124560985","47,862475117",0,1,#66c2a5,bicycle
213947,9,1,74,150,2019,7,13,6,3,0,1,0,1,0,0,0,0,0,"680946,947149","5359333,01637","11,442895784","48,361217422",0,1,#66c2a5,bicycle
213958,9,1,62,0,2019,7,14,5,2,1,5,0,0,1,0,1,0,0,"695996,524292","5333652,66651","11,633974096","48,125929887",0,2,#fc8d62,car
213972,9,1,73,147,2019,7,17,4,3,5,3,0,1,1,0,0,0,0,"682067,650784","5308829,70632","11,436427137","47,906933095",0,1,#66c2a5,bicycle
213973,9,1,90,139,2019,7,16,4,3,4,2,0,1,1,0,0,0,0,"654129,085836","5296404,5751","11,058398184","47,802533964",0,1,#66c2a5,bicycle
213974,9,1,90,157,2019,7,7,4,3,5,3,0,1,1,0,0,0,0,"660613,16865","5300387,12173","11,14640791","47,836756658",0,1,#66c2a5,bicycle
213978,9,1,83,147,2019,7,12,4,3,0,1,0,1,0,0,0,0,0,"742789,206899","5335649,18484","12,262997036","48,12774366",0,1,#66c2a5,bicycle
213983,9,1,63,0,2019,7,20,4,3,0,7,0,1,0,0,0,0,0,"733403,434169","5304462,16385","12,12010414","47,851076697",0,1,#66c2a5,bicycle
213984,9,1,63,0,2019,7,18,4,3,2,6,0,0,1,0,1,0,0,"731408,339057","5304139,03409","12,093301546","47,848894903",0,2,#fc8d62,car
213985,9,1,63,0,2019,7,16,4,3,1,7,0,0,1,0,0,0,0,"733748,595552","5304528,1446","12,124746764","47,851544055",0,2,#fc8d62,car
213987,9,1,82,123,2019,7,17,4,3,5,3,0,1,1,0,0,0,0,"716480,845","5300152,783","11,892040814","47,818275122",0,1,#66c2a5,bicycle
213989,9,1,87,179,2019,7,18,4,3,0,1,0,1,0,0,0,0,0,"725276,25","5313574,705","12,01637484","47,935851529",0,1,#66c2a5,bicycle
213990,9,1,87,117,2019,7,15,6,3,5,3,0,0,1,0,1,0,0,"724984,005122","5306347,14254","12,008698492","47,871015223",0,2,#fc8d62,car
213991,9,1,87,117,2019,7,10,4,3,0,1,0,1,0,0,0,0,0,"723621,472746","5307399,26701","11,991047681","47,880944451",0,1,#66c2a5,bicycle
213993,9,1,88,139,2019,7,11,4,3,0,1,0,0,0,0,1,0,0,"675000,304","5319509,297","11,346280416","48,004906633",0,4,#e78ac3,marker
213994,9,1,79,134,2019,7,16,4,3,5,3,0,1,1,0,0,0,0,"667702,994886","5342648,06983","11,257620649","48,214881373",0,1,#66c2a5,bicycle
213995,9,1,81,130,2019,7,7,4,3,5,3,0,1,1,0,0,0,0,"638892,743289","5322587,07994","10,86347285","48,041449645",0,1,#66c2a5,bicycle
213996,9,1,79,123,2019,7,17,4,3,0,1,0,0,0,0,1,0,0,"675609,313171","5334359,56962","11,360539276","48,138235408",0,4,#e78ac3,marker
213997,9,1,78,155,2019,7,20,4,2,0,1,1,1,0,0,0,0,0,"711285,343562","5374573,14818","11,859669986","48,488733756",0,1,#66c2a5,bicycle
213998,9,1,78,137,2019,7,18,4,3,0,1,0,1,1,0,0,0,0,"690372,023832","5362752,22316","11,571558366","48,389176396",0,1,#66c2a5,bicycle
213999,9,1,75,132,2019,7,15,6,3,4,6,0,1,1,0,0,0,0,"707415,81991","5330889,40852","11,785910034","48,097480495",0,1,#66c2a5,bicycle
214000,9,1,77,118,2019,7,20,4,2,0,1,1,1,0,0,0,0,0,"707692,927354","5345795,15769","11,796905827","48,23133666",0,1,#66c2a5,bicycle
214001,9,1,75,115,2019,7,10,4,3,0,6,0,1,0,1,0,0,0,"720807,202112","5328868,84515","11,964490175","48,07482701",0,1,#66c2a5,bicycle
214002,9,1,62,0,2019,7,17,3,3,4,2,0,1,1,0,0,0,0,"696951,893851","5334180,54211","11,647042974","48,13037926",0,1,#66c2a5,bicycle
214003,9,1,62,0,2019,7,17,3,3,5,3,0,1,1,0,0,0,0,"696990,628928","5334168,9771","11,647557652","48,130263334",0,1,#66c2a5,bicycle
214004,9,1,81,130,2019,7,17,6,3,5,3,0,1,1,0,0,0,0,"638952,527883","5323662,2394","10,864623569","48,05110484",0,1,#66c2a5,bicycle
214005,9,1,62,0,2019,7,17,3,3,6,4,0,0,1,1,0,0,0,"697752,845109","5331773,31885","11,656679343","48,108496462",0,2,#fc8d62,car
214006,9,1,62,0,2019,7,14,3,3,5,3,0,0,1,0,1,0,0,"691893,989814","5340919,55666","11,58217697","48,192493099",0,2,#fc8d62,car
214007,9,1,62,0,2019,7,16,3,2,0,1,0,0,0,0,1,0,0,"694125,431381","5341769,3226","11,612560153","48,199452293",0,4,#e78ac3,marker
214008,9,1,62,0,2019,7,3,3,3,1,7,0,1,1,0,0,0,0,"691652,065224","5333981,39532","11,575799137","48,130207199",0,1,#66c2a5,bicycle
214009,9,1,62,0,2019,7,18,3,2,5,3,0,1,1,0,0,0,0,"700768,949","5332904,797","11,697685095","48,11772166",0,1,#66c2a5,bicycle
214010,9,1,62,0,2019,7,18,3,3,2,6,0,0,0,0,1,0,1,"689412,696328","5340133,21688","11,548471859","48,18617033",0,4,#e78ac3,marker
214011,9,1,62,0,2019,7,10,3,3,0,7,0,1,0,0,0,0,0,"692260,804648","5337535,77601","11,585577059","48,161969655",0,1,#66c2a5,bicycle
214012,9,1,62,0,2019,7,19,3,3,3,6,0,1,0,0,0,0,0,"699383,095675","5332581,01984","11,678933511","48,115247237",0,1,#66c2a5,bicycle
214013,9,1,62,0,2019,7,23,5,3,5,3,2,0,1,0,0,0,0,"697238,866579","5331834,81748","11,649810479","48,109208525",0,2,#fc8d62,car
214014,9,1,84,120,2019,7,9,3,3,1,5,0,1,1,0,0,0,0,"681668,831794","5333935,34053","11,441734922","48,132721009",0,1,#66c2a5,bicycle
214015,9,1,62,0,2019,7,21,3,3,3,2,1,1,1,0,0,0,0,"682848,809507","5335846,7311","11,45840012","48,149563973",0,1,#66c2a5,bicycle
214016,9,1,62,0,2019,7,11,3,3,5,3,0,1,1,0,0,0,0,"683077,555555","5335668,82323","11,46139615","48,147899026",0,1,#66c2a5,bicycle
214017,9,1,62,0,2019,7,16,3,3,1,5,0,1,1,0,0,0,0,"687838,266755","5339700,87713","11,527118865","48,182751886",0,1,#66c2a5,bicycle
214018,9,1,62,0,2019,7,19,3,3,5,3,0,1,0,0,1,0,0,"686952,864033","5339280,40403","11,515033873","48,17923373",0,1,#66c2a5,bicycle
214019,9,1,62,0,2019,7,19,3,3,4,3,0,1,1,0,0,0,0,"690707,202","5338150,807","11,564981364","48,167965385",0,1,#66c2a5,bicycle
214020,9,1,62,0,2019,7,12,3,3,3,2,0,0,0,0,0,1,1,"690024,23317","5340183,18546","11,556713706","48,186436816",0,5,#a6d854,bus
214021,9,1,62,0,2019,7,9,3,3,5,2,0,0,1,0,1,0,0,"688880,300026","5336689,14481","11,539785982","48,155373307",0,2,#fc8d62,car
214023,9,1,62,0,2019,7,19,3,3,2,2,0,1,0,0,0,0,0,"689263,734885","5336143,89091","11,544694101","48,150358535",0,1,#66c2a5,bicycle
214024,9,1,62,0,2019,7,17,3,3,5,2,0,1,1,0,0,0,0,"689439,142165","5337145,57643","11,547495998","48,15930951",0,1,#66c2a5,bicycle
214025,9,1,62,0,2019,7,7,3,3,0,7,0,1,0,0,0,0,0,"686200,495726","5335641,72421","11,503329613","48,146748998",0,1,#66c2a5,bicycle
214026,9,1,62,0,2019,7,18,3,3,4,2,0,1,1,0,0,0,0,"684381,435923","5332126,47617","11,477376345","48,115681846",0,1,#66c2a5,bicycle
214027,9,1,84,144,2019,7,8,3,2,5,2,0,1,0,0,0,0,1,"687386,659876","5319643,12027","11,512246496","48,002599059",0,1,#66c2a5,bicycle
214029,9,7,61,0,2019,7,16,2,3,5,3,0,0,1,0,0,0,0,"639644,723186","5360246,06807","10,885953923","48,379915528",0,2,#fc8d62,car
214030,9,1,74,115,2019,7,15,3,3,4,2,0,0,1,0,1,0,0,"681225,295554","5346231,3111","11,441025266","48,24337267",0,2,#fc8d62,car
214040,9,1,74,115,2019,7,12,3,3,0,1,0,1,0,0,0,0,0,"681250,031654","5348881,11309","11,44249299","48,267183622",0,1,#66c2a5,bicycle
214053,9,1,62,0,2019,7,20,2,3,3,6,0,1,1,0,0,0,0,"691529,634606","5334281,48358","11,574290289","48,132941211",0,1,#66c2a5,bicycle