OBJECTID,ULAND,UREGBEZ,UKREIS,UGEMEINDE,UJAHR,UMONAT,USTUNDE,UWOCHENTAG,UKATEGORIE,UART,UTYP1,ULICHTVERH,IstRad,IstPKW,IstFuss,IstKrad,IstGkfz,IstSonstig,LINREFX,LINREFY,XGCSWGS84,YGCSWGS84,STRZUSTAND,Teilnehmer,color,symbol
214054,9,2,61,0,2019,7,14,2,3,5,3,0,1,1,0,0,0,0,"730109,125692","5382630,07633","12,118510737","48,554502114",0,1,#66c2a5,bicycle
214060,9,1,74,115,2019,7,15,3,3,6,4,0,0,1,1,0,0,0,"681352,864017","5347469,31776","11,443272264","48,254464148",0,2,#fc8d62,car
214061,9,1,82,125,2019,7,18,2,3,5,3,0,0,1,0,1,0,0,"712088,495","5296890,252","11,831841549","47,790419052",0,2,#fc8d62,car
214062,9,1,87,165,2019,7,16,2,2,0,6,0,1,0,0,1,0,0,"731208,182126","5295930,69938","12,086253137","47,775219982",0,1,#66c2a5,bicycle
214065,9,1,62,0,2019,7,21,2,3,0,7,2,0,0,0,0,0,1,"690981,541477","5333202,75187","11,56644779","48,123410329",0,6,#ffd92f,circle
214067,9,1,88,120,2019,7,15,2,3,1,5,0,1,1,0,0,0,0,"677534,412728","5326801,29309","11,383248658","48,069758194",0,1,#66c2a5,bicycle
214068,9,1,78,157,2019,7,10,2,2,0,1,0,1,0,0,0,0,0,"704982,909075","5371555,07683","11,772995008","48,463700451",0,1,#66c2a5,bicycle
214069,9,1,62,0,2019,7,4,1,3,0,6,2,0,1,0,0,0,0,"690836,385108","5334658,64132","11,565151194","48,136539328",0,2,#fc8d62,car
214070,9,1,62,0,2019,7,4,1,3,5,3,2,0,1,0,0,0,0,"690526,167474","5335800,47619","11,561496553","48,146895051",0,2,#fc8d62,car
214071,9,1,62,0,2019,7,10,2,3,6,7,0,0,0,1,0,0,1,"691556,421874","5335018,06435","11,574981184","48,139553447",0,3,#8da0cb,toilet
214072,9,1,62,0,2019,7,3,1,3,0,1,2,1,0,0,0,0,0,"691519,064212","5337030,83711","11,575385089","48,157655206",0,1,#66c2a5,bicycle
214073,9,1,62,0,2019,7,4,1,3,0,7,2,0,0,0,0,0,1,"689814,047502","5334903,72167","11,551532703","48,139047877",0,6,#ffd92f,circle
214074,9,1,62,0,2019,7,3,1,3,5,7,2,0,1,0,0,0,0,"692347,97121","5335523,76489","11,585838719","48,143859798",0,2,#fc8d62,car
214075,9,1,62,0,2019,7,7,1,3,8,1,0,0,1,0,0,0,0,"693260,03969","5331458,06197","11,596243652","48,107041936",0,2,#fc8d62,car
214076,9,1,62,0,2019,7,6,1,3,8,1,0,0,1,0,0,0,0,"693262,141387","5331451,36637","11,596268823","48,10698112",0,2,#fc8d62,car
214077,9,1,62,0,2019,7,15,1,3,0,1,0,0,0,0,1,0,0,"686628,227494","5338255,01536","11,510220774","48,170112695",1,4,#e78ac3,marker
214078,9,1,62,0,2019,7,20,1,3,2,6,1,0,1,0,0,0,0,"690866,725123","5339170,34488","11,56758242","48,177080984",1,2,#fc8d62,car
214079,9,1,62,0,2019,7,14,1,3,4,2,0,1,1,0,0,0,0,"688527,57","5336697,897","11,535051683","48,155556637",0,1,#66c2a5,bicycle
214080,9,1,62,0,2019,7,19,1,3,2,6,0,0,1,0,0,0,0,"686221,499126","5333528,79377","11,502687943","48,127751039",1,2,#fc8d62,car
214081,9,1,62,0,2019,7,10,1,3,5,2,0,1,0,0,0,0,1,"691829,938962","5335667,52274","11,578946624","48,145308276",0,1,#66c2a5,bicycle
214083,9,7,77,121,2019,7,20,1,3,0,1,1,1,0,0,0,0,0,"627224,238","5322331,583","10,706920165","48,041584056",1,1,#66c2a5,bicycle
214084,9,1,62,0,2019,7,23,2,3,0,1,2,1,0,0,0,0,0,"691262,426817","5339056,11396","11,572848523","48,175935324",0,1,#66c2a5,bicycle
214086,9,7,71,146,2019,7,10,1,3,5,3,0,1,1,0,0,0,0,"648067,788832","5347179,63917","10,995052563","48,260512003",0,1,#66c2a5,bicycle
214087,9,7,71,130,2019,7,10,1,3,1,5,0,0,1,0,0,0,1,"647346,663895","5357607,18077","10,988983508","48,354437134",0,2,#fc8d62,car
214088,9,7,61,0,2019,7,3,1,3,0,1,2,1,0,0,0,0,0,"641368,293724","5358180,18601","10,908523515","48,360956087",0,1,#66c2a5,bicycle
214089,9,7,61,0,2019,7,10,1,3,0,1,0,1,0,0,0,0,0,"640619,302806","5357236,63034","10,898102357","48,352639205",0,1,#66c2a5,bicycle
214090,9,7,61,0,2019,7,18,1,3,0,1,0,0,0,0,1,0,0,"640022,535103","5359233,9471","10,890716417","48,370731111",1,4,#e78ac3,marker
214097,9,1,62,0,2019,7,8,2,3,3,2,0,1,1,0,0,0,0,"690134,482271","5334740,29225","11,555762679","48,137483307",1,1,#66c2a5,bicycle
214106,9,1,62,0,2019,7,11,2,3,1,5,0,0,1,0,0,0,1,"689768,527911","5343330,97698","11,554684079","48,214805359",1,2,#fc8d62,car
214110,9,1,62,0,2019,7,14,2,3,5,3,0,1,1,0,0,0,0,"692403,722063","5334484,65614","11,586117999","48,134503648",0,1,#66c2a5,bicycle
214120,9,1,62,0,2019,7,11,2,3,3,2,0,1,1,0,0,0,0,"694222,173299","5334498,77611","11,610540234","48,134078211",0,1,#66c2a5,bicycle
214121,9,2,74,185,2019,7,20,1,2,0,1,0,1,0,0,0,0,0,"732591,438764","5371169,07428","12,145715664","48,450634713",0,1,#66c2a5,bicycle
214122,9,2,61,0,2019,7,18,1,3,8,7,0,1,0,0,0,0,0,"732684,215743","5378823,24061","12,151229278","48,519356443",0,1,#66c2a5,bicycle
214126,9,1,84,149,2019,7,20,2,3,5,3,0,1,1,0,0,0,0,"690391,666223","5350603,4028","11,566334337","48,279981649",0,1,#66c2a5,bicycle
214130,9,1,88,132,2019,7,10,1,3,0,1,0,1,0,0,0,0,0,"665742,725","5324464,688","11,224177815","48,051924721",0,1,#66c2a5,bicycle
214131,9,1,74,136,2019,7,20,1,3,8,1,1,0,1,0,0,0,0,"683048,332033","5364827,41143","11,473631907","48,409996404",1,2,#fc8d62,car
214132,9,1,78,123,2019,7,11,1,3,1,5,0,1,1,0,0,0,0,"689985,707408","5358233,67141","11,564304373","48,348682026",0,1,#66c2a5,bicycle
214133,9,1,62,0,2019,7,10,7,3,0,7,0,1,0,0,0,0,1,"683621,686436","5335445,70177","11,468608476","48,14573664",0,1,#66c2a5,bicycle
214134,9,1,62,0,2019,7,11,7,3,5,3,0,1,1,0,0,0,0,"685109,054134","5331789,20991","11,486996813","48,112439238",0,1,#66c2a5,bicycle
214135,9,1,62,0,2019,7,11,7,3,5,2,0,1,1,0,0,0,0,"681461,990003","5335788,59041","11,439747165","48,149438512",0,1,#66c2a5,bicycle
214136,9,1,62,0,2019,7,21,7,3,0,7,1,0,0,0,0,0,1,"689776,794814","5338163,06524","11,552485923","48,168354009",0,6,#ffd92f,circle
214137,9,1,62,0,2019,7,13,7,3,2,6,0,0,1,0,1,0,0,"690332,022137","5338837,28274","11,560247799","48,174247823",0,2,#fc8d62,car
214138,9,1,62,0,2019,7,16,2,3,5,3,0,1,1,0,0,0,0,"694020,897298","5341705,28396","11,611125571","48,198908693",0,1,#66c2a5,bicycle
214139,9,1,84,131,2019,7,10,7,3,2,6,0,0,1,0,1,0,0,"704612,066913","5339573,30491","11,752467887","48,176425529",0,2,#fc8d62,car
214140,9,1,62,0,2019,7,16,7,3,6,4,0,0,0,1,1,0,0,"693370,773752","5333012,98913","11,59843466","48,120983625",1,3,#8da0cb,toilet
214141,9,1,62,0,2019,7,13,7,3,1,7,0,1,1,0,0,0,0,"692581,103329","5335227,66477","11,588835614","48,141127994",0,1,#66c2a5,bicycle
214142,9,1,62,0,2019,7,16,7,3,5,3,0,0,1,0,0,0,1,"690526,167474","5335800,47619","11,561496553","48,146895051",0,2,#fc8d62,car
214152,9,1,62,0,2019,7,11,2,3,5,2,0,1,1,0,0,0,0,"686204,102498","5334843,03278","11,50302879","48,139569012",1,1,#66c2a5,bicycle
214157,9,7,72,147,2019,7,2,7,3,0,1,2,1,0,0,0,0,0,"639252,919976","5365939,72686","10,88255456","48,431197755",1,1,#66c2a5,bicycle
214158,9,7,72,163,2019,7,2,7,3,5,3,2,1,1,0,0,0,0,"640632,346014","5349975,18852","10,895856521","48,287343257",1,1,#66c2a5,bicycle
214159,9,7,72,215,2019,7,0,7,3,0,1,2,1,0,0,0,0,1,"635095,930287","5344915,30254","10,819644062","48,243049562",0,1,#66c2a5,bicycle
214160,9,7,72,163,2019,7,16,7,3,8,1,0,1,0,0,0,0,0,"640236,374844","5350490,64336","10,890692625","48,292065993",0,1,#66c2a5,bicycle
214161,9,7,72,125,2019,7,1,7,2,8,1,2,1,0,0,0,0,0,"638508,561824","5347866,48155","10,866550735","48,268850146",0,1,#66c2a5,bicycle
214162,9,7,72,163,2019,7,12,7,3,5,3,0,1,1,0,0,0,0,"639951,236","5347395,718","10,885825635","48,264299955",0,1,#66c2a5,bicycle
214163,9,7,61,0,2019,7,1,7,3,0,1,2,1,0,0,0,0,0,"640256,841567","5358575,17872","10,893658753","48,364755643",1,1,#66c2a5,bicycle
214164,9,7,61,0,2019,7,18,7,3,8,1,0,0,0,0,1,0,0,"639010,333591","5362787,84981","10,878232277","48,40291065",0,4,#e78ac3,marker
214165,9,1,62,0,2019,7,8,2,3,5,3,0,0,1,0,0,0,0,"694301,124946","5335355,91494","11,611991281","48,141757743",1,2,#fc8d62,car
214166,9,7,61,0,2019,7,20,7,3,0,1,1,1,0,0,0,0,0,"639674,484627","5360679,60173","10,886499728","48,383807147",0,1,#66c2a5,bicycle
214167,9,7,61,0,2019,7,9,7,3,0,1,0,1,0,0,0,0,0,"640633,355932","5359111,77108","10,898918736","48,36949673",0,1,#66c2a5,bicycle
214168,9,7,71,165,2019,7,18,7,3,4,6,0,0,1,0,1,0,0,"659915,008505","5360637,0963","11,159670993","48,378619244",0,2,#fc8d62,car
214172,9,1,81,130,2019,7,16,3,3,0,1,0,0,0,0,1,0,0,"637260,169844","5325433,56933","10,842494283","48,067399649",0,4,#e78ac3,marker
214175,9,1,62,0,2019,7,9,2,3,5,3,0,0,1,0,0,1,0,"695048,998484","5334904,34795","11,621827249","48,137470448",1,2,#fc8d62,car
214178,9,1,62,0,2019,7,15,2,3,5,3,0,1,1,0,0,0,0,"694397,028335","5334782,42681","11,613017365","48,136574168",0,1,#66c2a5,bicycle
214184,9,1,62,0,2019,7,16,2,3,3,6,0,1,1,0,0,0,0,"691463,324563","5334327,79765","11,573420782","48,133377428",0,1,#66c2a5,bicycle
214202,9,2,74,194,2019,7,12,7,3,4,6,0,0,1,0,1,0,0,"720219,976","5378868,742","11,982695773","48,524260049",0,2,#fc8d62,car
214203,9,1,73,147,2019,7,18,7,3,0,1,0,1,0,0,0,0,0,"680973,78147","5309136,28232","11,42193121","47,909998531",1,1,#66c2a5,bicycle
214208,9,1,82,120,2019,7,14,7,3,2,2,0,1,1,0,0,0,0,"702261,476946","5304765,54343","11,704461102","47,864358573",0,1,#66c2a5,bicycle
214209,9,1,87,137,2019,7,12,7,3,0,1,0,1,0,0,0,0,0,"728857,214983","5306634,16574","12,060570922","47,87222581",0,1,#66c2a5,bicycle
214210,9,1,74,121,2019,7,12,7,3,4,6,0,1,0,0,0,0,0,"690103,442841","5353227,37599","11,563634354","48,303651773",0,1,#66c2a5,bicycle
214211,9,1,74,115,2019,7,13,7,3,8,6,0,1,0,1,0,0,0,"683547,912698","5348416,55774","11,473227459","48,262346385",0,1,#66c2a5,bicycle
214213,9,1,78,124,2019,7,16,7,3,5,3,0,1,1,0,0,0,0,"704687,744","5363956,41","11,765296803","48,395514865",0,1,#66c2a5,bicycle
214214,9,1,77,117,2019,7,16,7,3,0,1,0,0,0,0,1,0,0,"714165,001","5354468,866","11,888341372","48,307120801",0,4,#e78ac3,marker
214215,9,1,62,0,2019,7,17,6,3,6,4,0,0,1,1,0,0,0,"690355,040602","5335360,5524","11,559001566","48,142992257",0,2,#fc8d62,car
214216,9,1,62,0,2019,7,0,6,3,4,6,2,0,1,0,1,0,0,"691531,54491","5333663,05222","11,574037964","48,127382242",0,2,#fc8d62,car
214217,9,1,62,0,2019,7,22,6,3,1,5,2,1,1,0,0,0,0,"691948,962651","5336128,92108","11,580753123","48,149419341",0,1,#66c2a5,bicycle
214218,9,1,62,0,2019,7,22,6,2,5,3,2,1,1,0,0,0,0,"689051,27623","5332377,15349","11,540168991","48,116565833",1,1,#66c2a5,bicycle
214219,9,1,62,0,2019,7,0,6,3,0,1,2,1,0,0,0,0,0,"691034,035202","5334153,17588","11,567578508","48,131936937",0,1,#66c2a5,bicycle
214220,9,1,62,0,2019,7,19,6,3,0,1,0,0,0,0,0,0,1,"692675,059432","5337949,32472","11,591329503","48,165561116",0,6,#ffd92f,circle
214222,9,1,62,0,2019,7,21,6,3,5,3,2,0,1,0,0,0,0,"693340,579503","5330972,96879","11,597104671","48,102657592",0,2,#fc8d62,car
214223,9,1,62,0,2019,7,11,6,3,6,4,0,1,0,1,0,0,0,"692650,458768","5335093,16736","11,589706118","48,139898167",0,1,#66c2a5,bicycle
214224,9,1,62,0,2019,7,18,6,2,0,1,0,0,1,0,1,0,0,"684350,942945","5336940,56809","11,479050617","48,158962364",0,2,#fc8d62,car
214225,9,1,62,0,2019,7,17,6,3,0,2,0,1,1,0,0,0,0,"688948,104962","5333369,88494","11,539224134","48,125519274",0,1,#66c2a5,bicycle
214226,9,1,62,0,2019,7,12,6,3,6,4,0,1,0,1,0,0,0,"691211,588","5340260,163","11,572707162","48,186772403",0,1,#66c2a5,bicycle
214227,9,1,62,0,2019,7,8,6,3,5,2,0,1,1,0,0,0,0,"691205,397858","5341865,15256","11,573346658","48,201199591",0,1,#66c2a5,bicycle
214228,9,1,62,0,2019,7,19,6,2,0,1,0,0,0,0,1,0,0,"688882,851378","5340146,55589","11,541356226","48,186447979",0,4,#e78ac3,marker
214229,9,1,62,0,2019,7,13,6,3,5,2,0,1,1,0,0,0,0,"690413,659506","5342672,05586","11,563064145","48,208689849",0,1,#66c2a5,bicycle
214230,9,1,62,0,2019,7,8,6,3,5,2,0,1,1,0,0,0,0,"690711,169224","5338142,32949","11,565030865","48,167888",0,1,#66c2a5,bicycle
214231,9,1,62,0,2019,7,13,6,3,5,3,0,0,1,0,0,0,0,"690328,74921","5343198,49182","11,562158574","48,213446841",0,2,#fc8d62,car
214233,9,1,62,0,2019,7,19,6,3,5,7,0,1,0,0,0,0,0,"688053,716772","5337775,90651","11,529162962","48,165386257",0,1,#66c2a5,bicycle
214234,9,1,62,0,2019,7,22,6,3,4,2,2,1,1,0,0,0,0,"690354,498965","5336687,87069","11,559587841","48,154922312",0,1,#66c2a5,bicycle
214235,9,1,62,0,2019,7,13,6,3,1,6,0,0,1,0,0,0,0,"687702,038743","5334582,66422","11,523029726","48,136788651",0,2,#fc8d62,car
214236,9,1,84,146,2019,7,20,6,3,5,5,0,1,1,0,0,0,0,"698844,624259","5328106,11644","11,669622536","48,075198502",0,1,#66c2a5,bicycle
214237,9,1,62,0,2019,7,15,6,3,5,3,0,1,1,0,0,0,0,"691973,235","5333672,938","11,579972161","48,127338048",0,1,#66c2a5,bicycle
214239,9,1,62,0,2019,7,9,6,3,1,5,0,1,1,0,0,0,0,"690139,723296","5334968,51587","11,555934939","48,139533016",0,1,#66c2a5,bicycle
214240,9,1,62,0,2019,7,14,6,2,5,2,0,1,1,0,0,0,0,"688930,587069","5333968,32117","11,539254262","48,130903302",0,1,#66c2a5,bicycle
214241,9,1,62,0,2019,7,9,6,3,0,7,0,1,0,0,0,0,1,"693239,284437","5336167,33555","11,598100493","48,149373923",0,1,#66c2a5,bicycle
214242,9,1,74,115,2019,7,19,3,3,5,3,0,0,1,0,0,0,0,"680941,605476","5347186,60354","11,437615946","48,252040485",0,2,#fc8d62,car
214243,9,1,62,0,2019,7,13,6,3,6,4,0,1,0,1,0,0,0,"691743,446899","5335214,32632","11,577580978","48,141261091",0,1,#66c2a5,bicycle
214252,9,7,72,200,2019,7,21,2,3,5,3,1,1,1,0,0,0,0,"630473,071188","5338643,0254","10,755478649","48,187613733",0,1,#66c2a5,bicycle
214253,9,7,72,171,2019,7,7,6,3,5,3,0,1,0,0,0,0,0,"637181,319566","5371825,68634","10,856493475","48,484577449",0,1,#66c2a5,bicycle
214254,9,7,71,142,2019,7,7,6,3,5,3,0,1,1,0,0,0,0,"646858,39591","5351791,90123","10,980370405","48,302264042",0,1,#66c2a5,bicycle
214255,9,7,72,163,2019,7,10,6,3,0,1,0,1,0,0,0,0,0,"639484,694141","5348584,06222","10,87993458","48,275088347",0,1,#66c2a5,bicycle
214256,9,7,72,125,2019,7,15,6,2,5,2,0,0,1,0,1,0,0,"638157,360111","5347964,40358","10,861852511","48,269807368",0,2,#fc8d62,car
214257,9,7,61,0,2019,7,19,6,3,3,6,0,1,0,0,0,0,0,"638978,215","5359176,858","10,876604048","48,370448615",0,1,#66c2a5,bicycle
214258,9,7,61,0,2019,7,15,6,3,5,3,0,1,1,0,0,0,0,"637608,47545","5359757,63117","10,858308891","48,375970994",0,1,#66c2a5,bicycle
214259,9,7,61,0,2019,7,7,6,3,5,3,0,1,1,0,0,0,0,"637904,246525","5362041,41962","10,863050498","48,396441836",0,1,#66c2a5,bicycle
214265,9,7,72,170,2019,7,18,2,3,5,3,0,0,1,0,0,0,0,"631015,356721","5334199,37319","10,761402108","48,147541835",0,2,#fc8d62,car
214274,9,7,72,202,2019,7,14,2,3,5,3,0,0,1,0,0,0,0,"637538,604048","5358581,71722","10,856981218","48,365412559",0,2,#fc8d62,car
214279,9,7,61,0,2019,7,19,2,3,5,3,0,0,1,0,0,0,1,"644085,105","5356490,466","10,944601275","48,345148876",0,2,#fc8d62,car
214286,9,1,81,132,2019,7,19,3,3,1,1,0,1,1,0,0,0,0,"643362,115044","5326063,06872","10,924567208","48,071717816",0,1,#66c2a5,bicycle
214289,9,7,61,0,2019,7,18,2,3,3,1,0,0,0,0,0,1,1,"639729,850033","5356699,44941","10,885924859","48,348006435",0,5,#a6d854,bus
214298,9,7,61,0,2019,7,6,2,3,0,3,0,1,1,0,0,0,0,"641258,399602","5352210,80419","10,905039479","48,307305929",1,1,#66c2a5,bicycle
214305,9,1,62,0,2019,8,22,6,3,3,6,2,0,1,0,1,0,0,"692185,532531","5336975,5377","11,584312767","48,156957117",0,2,#fc8d62,car
214315,9,1,62,0,2019,8,12,6,3,5,3,0,1,1,0,0,0,0,"694330,560307","5332665,30893","11,611159546","48,117566596",0,1,#66c2a5,bicycle
214319,9,2,61,0,2019,8,19,6,3,0,1,0,1,0,0,0,0,0,"732929,502121","5381648,11132","12,156124155","48,544640466",0,1,#66c2a5,bicycle
214321,9,1,83,119,2019,8,17,6,3,0,4,0,0,1,1,0,0,0,"735663,801554","5339305,1027","12,169411705","48,163262866",0,2,#fc8d62,car
214322,9,1,63,0,2019,8,11,6,3,5,3,0,0,1,0,0,0,0,"734253,783","5305083,697","12,131790496","47,856351221",0,2,#fc8d62,car
214327,9,1,88,141,2019,8,12,6,3,0,1,0,1,0,0,0,0,0,"667270,528262","5305685,99761","11,237356916","47,882699156",0,1,#66c2a5,bicycle
214328,9,1,62,0,2019,8,22,6,3,5,3,2,0,1,0,1,0,0,"699496,570273","5334826,22088","11,681507278","48,135389614",1,2,#fc8d62,car
214329,9,1,79,142,2019,8,17,6,3,0,1,0,0,0,0,1,0,0,"672919,598","5343127,996","11,327983067","48,21779566",0,4,#e78ac3,marker
214330,9,1,79,149,2019,8,11,6,3,5,3,0,0,1,0,0,0,0,"655093,824477","5330097,88436","11,083421317","48,105250239",0,2,#fc8d62,car
214331,9,1,79,121,2019,8,21,6,3,5,3,2,0,1,0,0,0,0,"665768,498563","5337876,09507","11,229736045","48,172489334",0,2,#fc8d62,car
214332,9,1,62,0,2019,8,19,5,3,4,6,0,1,0,0,0,0,0,"692210,279","5335699,535","11,584068949","48,145481198",0,1,#66c2a5,bicycle
214333,9,1,62,0,2019,8,8,5,3,0,1,0,1,0,0,0,0,0,"690175,895997","5334936,86444","11,556406552","48,139237723",0,1,#66c2a5,bicycle
214334,9,1,62,0,2019,8,15,5,3,2,6,0,0,1,0,0,0,0,"687446,157189","5338929,57373","11,521508643","48,175935076",0,2,#fc8d62,car
214335,9,1,62,0,2019,8,13,6,3,5,1,0,0,1,0,1,0,0,"687193,755288","5330807,72718","11,514546948","48,103008036",0,2,#fc8d62,car
214336,9,1,62,0,2019,8,19,5,3,0,1,0,1,0,0,0,0,0,"692074,410733","5334946,59012","11,58190465","48,138754903",0,1,#66c2a5,bicycle
214337,9,1,62,0,2019,8,20,5,3,2,6,2,0,0,0,1,0,0,"689531,744485","5340133,13559","11,550071922","48,186134093",0,4,#e78ac3,marker
214338,9,1,62,0,2019,8,10,5,3,2,6,0,1,0,0,0,0,0,"690716,542048","5333557,83313","11,563049252","48,126681228",0,1,#66c2a5,bicycle
214339,9,1,62,0,2019,8,11,5,3,1,1,0,0,1,0,1,0,0,"693485,770148","5329511,92425","11,598390729","48,089481983",0,2,#fc8d62,car
214340,9,1,62,0,2019,8,17,6,3,3,5,0,0,1,0,0,0,0,"690857,203397","5339233,82258","11,56748297","48,177654373",0,2,#fc8d62,car
214341,9,1,62,0,2019,8,12,5,3,4,2,0,1,1,0,0,0,0,"689921,751","5339542,691","11,55504996","48,180710736",0,1,#66c2a5,bicycle
214342,9,1,62,0,2019,8,17,5,3,1,5,0,1,1,0,0,0,0,"691286,790615","5335789,32847","11,571706948","48,146566597",0,1,#66c2a5,bicycle
214343,9,1,62,0,2019,8,13,5,2,1,3,0,1,1,0,0,0,0,"688490,7992","5334235,02012","11,533467437","48,133430828",0,1,#66c2a5,bicycle
214344,9,1,62,0,2019,8,17,5,3,0,7,0,1,0,0,0,0,1,"687174,260507","5341504,85498","11,518989551","48,199162336",0,1,#66c2a5,bicycle
214345,9,1,84,149,2019,8,16,5,3,0,2,0,1,0,0,1,0,0,"690916,863","5350612,733","11,573410395","48,279907371",0,1,#66c2a5,bicycle
214346,9,1,62,0,2019,8,17,6,2,8,1,0,0,0,0,1,0,0,"689588,071794","5330706,82849","11,546631903","48,101393175",0,4,#e78ac3,marker
214347,9,1,62,0,2019,8,18,5,3,0,1,0,1,0,0,0,0,0,"692995,981565","5331853,22597","11,592878849","48,110673641",0,1,#66c2a5,bicycle
214348,9,1,62,0,2019,8,6,5,3,5,2,0,1,1,0,0,0,0,"690331,329355","5332494,70075","11,55740306","48,117241061",0,1,#66c2a5,bicycle
214349,9,1,62,0,2019,8,22,5,3,1,1,2,1,1,0,0,0,0,"691410,349826","5333563,95931","11,572366393","48,126528057",0,1,#66c2a5,bicycle
214350,9,1,62,0,2019,8,17,5,3,5,2,0,1,1,0,0,0,0,"692239,958946","5338555,11999","11,5857578","48,171137572",0,1,#66c2a5,bicycle
214355,9,7,72,184,2019,8,8,5,2,0,1,0,1,0,0,0,0,0,"634610,126903","5362816,75585","10,818820012","48,404125529",0,1,#66c2a5,bicycle
214356,9,7,61,0,2019,8,18,5,3,5,2,0,1,1,0,0,0,0,"638039,260109","5359387,3753","10,864001579","48,372547622",0,1,#66c2a5,bicycle
214357,9,7,61,0,2019,8,12,5,2,0,7,0,0,1,0,0,0,0,"639864,620235","5360004,87868","10,888841779","48,377698116",0,2,#fc8d62,car
214358,9,7,61,0,2019,8,9,5,3,4,2,0,1,1,0,0,0,0,"640312,163627","5359151,00996","10,894597359","48,369921042",0,1,#66c2a5,bicycle
214359,9,1,62,0,2019,8,22,6,3,1,6,2,0,1,0,0,0,0,"690430,166338","5340237,16577","11,56219394","48,186800431",0,2,#fc8d62,car
214360,9,7,71,156,2019,8,9,5,3,4,2,0,0,1,0,1,0,0,"653907,835919","5383051,65178","11,086853382","48,581630798",0,2,#fc8d62,car
214361,9,7,71,113,2019,8,11,5,3,0,2,0,0,1,0,0,0,1,"657126,86054","5370633,94765","11,125790115","48,46919474",0,2,#fc8d62,car
214373,9,1,84,120,2019,8,7,6,3,5,3,0,1,1,0,0,0,0,"681299,257713","5333134,74368","11,436431672","48,125629958",0,1,#66c2a5,bicycle
214382,9,1,62,0,2019,8,16,6,3,5,2,0,0,1,0,0,0,1,"690710,009164","5338142,69129","11,565015441","48,167891599",0,2,#fc8d62,car
214385,9,2,61,0,2019,8,14,5,2,5,3,0,0,1,0,1,0,0,"732984,95","5379702,667","12,155786882","48,527144577",0,2,#fc8d62,car
214386,9,1,62,0,2019,8,14,6,3,0,7,0,0,0,0,0,0,1,"684354,451069","5331870,33262","11,476903398","48,113387289",0,6,#ffd92f,circle
214387,9,2,61,0,2019,8,16,5,2,0,1,0,1,0,0,0,0,0,"732951,808672","5381141,71458","12,156142818","48,54008339",0,1,#66c2a5,bicycle
214388,9,2,74,126,2019,8,17,5,2,6,4,0,0,1,1,0,0,0,"733487,112375","5383556,36004","12,164737517","48,561574228",0,2,#fc8d62,car
214390,9,1,73,130,2019,8,17,5,3,9,1,0,1,0,0,0,0,0,"681958,835032","5313864,98042","11,437099209","47,952226836",0,1,#66c2a5,bicycle
214393,9,1,62,0,2019,8,10,6,3,8,7,0,0,1,0,0,0,0,"693555,705914","5334986,83914","11,601813609","48,138667806",0,2,#fc8d62,car
214394,9,1,62,0,2019,7,13,4,3,1,2,0,0,1,0,0,0,0,"691574,853","5336830,476","11,576044293","48,155837589",1,2,#fc8d62,car
214395,9,1,62,0,2019,7,16,4,3,3,6,0,0,1,0,0,1,0,"691012,41183","5333204,59882","11,566863028","48,123417668",0,2,#fc8d62,car
214396,9,1,62,0,2019,8,17,6,3,3,6,0,1,0,0,1,0,0,"691845,52513","5339578,32473","11,5809198","48,180453078",0,1,#66c2a5,bicycle
214397,9,1,62,0,2019,7,18,4,3,2,6,0,0,1,0,0,0,0,"694267,475544","5332809,4837","11,610378494","48,118881637",0,2,#fc8d62,car
214398,9,1,62,0,2019,7,15,4,3,5,2,0,1,1,0,0,0,0,"695057,87963","5336139,26563","11,622512181","48,148566584",0,1,#66c2a5,bicycle
214399,9,1,62,0,2019,7,21,4,2,1,5,2,0,1,0,0,0,1,"696325,592695","5335639,47442","11,639307151","48,143684774",0,2,#fc8d62,car
214400,9,1,62,0,2019,7,18,4,3,2,7,0,0,1,0,1,0,0,"688473,513757","5336369,73805","11,534180211","48,152623123",0,2,#fc8d62,car
214401,9,1,62,0,2019,7,14,4,3,5,3,0,0,1,0,0,0,0,"687865,339112","5336890,30311","11,526240886","48,157481992",1,2,#fc8d62,car
214402,9,1,62,0,2019,8,13,6,3,2,6,0,0,1,0,1,0,0,"684420,08978","5337513,57012","11,480227983","48,164092739",0,2,#fc8d62,car
214403,9,1,62,0,2019,7,16,4,3,5,2,0,1,1,0,0,0,0,"686095,057188","5340089,81703","11,50385997","48,18676078",0,1,#66c2a5,bicycle
214404,9,1,62,0,2019,7,7,4,3,3,6,0,1,1,0,0,0,0,"686739,088347","5338879,47967","11,511984713","48,175692982",0,1,#66c2a5,bicycle
214405,9,1,62,0,2019,7,15,4,3,5,3,0,1,1,0,0,0,0,"690309,54187","5335872,81473","11,558619519","48,147610071",0,1,#66c2a5,bicycle
214406,9,1,62,0,2019,7,17,4,3,5,5,0,0,1,0,0,0,0,"686732,086323","5339501,48713","11,512163915","48,181285798",0,2,#fc8d62,car
214407,9,1,62,0,2019,7,19,4,3,5,2,0,1,1,0,0,0,0,"686197,818155","5335686,51667","11,503313241","48,147152393",0,1,#66c2a5,bicycle
214408,9,1,84,134,2019,7,10,4,3,5,5,0,0,1,0,1,0,0,"693545,018378","5322356,85071","11,595948543","48,025155339",1,2,#fc8d62,car