OBJECTID,ULAND,UREGBEZ,UKREIS,UGEMEINDE,UJAHR,UMONAT,USTUNDE,UWOCHENTAG,UKATEGORIE,UART,UTYP1,ULICHTVERH,IstRad,IstPKW,IstFuss,IstKrad,IstGkfz,IstSonstig,LINREFX,LINREFY,XGCSWGS84,YGCSWGS84,STRZUSTAND,Teilnehmer,color,symbol
214409,9,1,62,0,2019,7,14,4,2,5,3,0,1,1,0,0,0,0,"699317,626538","5330709,34706","11,677180506","48,098446664",1,1,#66c2a5,bicycle
214410,9,1,62,0,2019,7,19,4,3,1,1,0,1,1,0,0,0,0,"694117,157567","5330494,55011","11,607307521","48,098121581",0,1,#66c2a5,bicycle
214411,9,1,62,0,2019,7,18,4,3,2,7,0,0,1,0,1,0,0,"692450,936949","5335468,78413","11,58719663","48,143334505",0,2,#fc8d62,car
214412,9,1,62,0,2019,7,21,4,3,3,5,2,1,1,0,0,0,0,"693083,029363","5333780,87411","11,594920025","48,127972508",0,1,#66c2a5,bicycle
214413,9,1,62,0,2019,7,17,4,3,2,6,0,0,1,0,0,0,0,"693693,233415","5332922,33061","11,602721917","48,120070803",0,2,#fc8d62,car
214414,9,1,62,0,2019,8,11,6,3,6,4,0,0,1,1,0,0,0,"682915,709","5335461,552","11,459133217","48,146082496",0,2,#fc8d62,car
214415,9,1,62,0,2019,7,7,4,3,5,3,0,0,1,0,0,0,0,"692912,500252","5333616,75872","11,592556363","48,126549179",1,2,#fc8d62,car
214416,9,1,62,0,2019,7,11,4,3,0,3,0,0,1,0,0,0,1,"690628,219","5334970,249","11,562495468","48,139402436",1,2,#fc8d62,car
214417,9,1,62,0,2019,7,8,4,3,0,1,0,1,0,0,0,0,0,"691959,433707","5337738,37052","11,581619839","48,16388159",0,1,#66c2a5,bicycle
214418,9,1,62,0,2019,7,18,4,3,4,2,0,1,1,0,0,0,0,"692165,653356","5335261,56938","11,583271983","48,14155833",0,1,#66c2a5,bicycle
214420,9,7,78,116,2019,7,6,4,3,5,3,0,0,1,0,0,0,0,"619623,310995","5317833,33697","10,603728474","48,002598136",0,2,#fc8d62,car
214428,9,1,84,122,2019,8,9,6,3,1,5,0,1,1,0,0,0,0,"688181,848","5323852,499","11,524744691","48,040201147",0,1,#66c2a5,bicycle
214429,9,7,61,0,2019,7,18,4,3,5,3,0,1,1,0,0,0,0,"637504,689143","5361580,52853","10,857504628","48,39238484",0,1,#66c2a5,bicycle
214430,9,7,61,0,2019,7,13,4,3,3,6,0,0,1,0,0,0,0,"639252,492055","5360398,11658","10,880710048","48,381369402",0,2,#fc8d62,car
214431,9,7,61,0,2019,7,19,4,3,0,7,0,1,0,0,0,0,0,"639915,806927","5363382,67982","10,890657934","48,408058835",0,1,#66c2a5,bicycle
214432,9,7,61,0,2019,7,7,4,3,2,3,0,1,0,0,0,0,1,"640928,098945","5357929,5097","10,902500175","48,358800508",0,1,#66c2a5,bicycle
214433,9,7,61,0,2019,7,17,4,3,2,6,0,1,0,0,0,0,0,"640814,840191","5358707,71918","10,901232563","48,365823172",0,1,#66c2a5,bicycle
214434,9,7,61,0,2019,7,21,4,3,0,7,2,1,0,0,0,0,0,"639946,128187","5359152,79116","10,889658273","48,370018328",0,1,#66c2a5,bicycle
214438,9,1,62,0,2019,8,2,6,3,0,7,2,1,0,0,0,0,0,"692509,970701","5337470,17663","11,58889468","48,161304673",0,1,#66c2a5,bicycle
214442,9,1,62,0,2019,8,9,6,3,5,3,0,1,1,0,0,0,0,"689692,315646","5334649,25254","11,549784702","48,136796997",0,1,#66c2a5,bicycle
214449,9,1,62,0,2019,8,18,6,3,0,5,0,1,1,0,0,0,0,"691816,135046","5335543,15646","11,578705213","48,144194655",0,1,#66c2a5,bicycle
214461,9,7,72,167,2019,8,16,6,3,5,3,0,0,1,0,0,0,0,"625722,102872","5354861,99106","10,696405662","48,334426483",0,2,#fc8d62,car
214474,9,7,72,147,2019,8,12,6,3,4,2,0,0,1,0,1,0,0,"639172,56139","5366483,66232","10,881649453","48,436106395",0,2,#fc8d62,car
214480,9,1,90,139,2019,7,16,4,3,0,1,0,1,0,0,0,0,0,"654519,735365","5295377,30853","11,063245944","47,793203482",0,1,#66c2a5,bicycle
214481,9,1,63,0,2019,7,17,4,3,2,6,0,0,1,0,0,0,0,"733387,060899","5304448,82354","12,119878405","47,850962791",0,2,#fc8d62,car
214482,9,1,88,139,2019,7,11,4,3,6,2,0,0,1,1,0,0,0,"674609,972405","5319172,76008","11,340914693","48,001988013",1,2,#fc8d62,car
214483,9,1,79,134,2019,7,19,4,3,5,3,0,0,1,0,0,0,0,"672493,623179","5344172,30404","11,322678047","48,227299341",0,2,#fc8d62,car
214484,9,7,71,146,2019,8,5,6,3,0,1,1,0,0,0,1,0,0,"646258,031597","5349329,4334","10,971426775","48,280262105",0,4,#e78ac3,marker
214485,9,1,81,130,2019,7,0,4,3,0,1,2,1,0,0,0,0,0,"639705,695393","5324211,6011","10,874904226","48,055880424",1,1,#66c2a5,bicycle
214486,9,1,81,144,2019,7,11,4,3,0,1,0,1,0,0,0,0,0,"655552,475289","5321290,43099","11,086374094","48,025949689",1,1,#66c2a5,bicycle
214487,9,1,78,120,2019,7,13,4,3,5,3,0,0,1,0,0,0,0,"695327,956229","5353638,99526","11,634203522","48,305759726",1,2,#fc8d62,car
214488,9,1,78,124,2019,7,8,4,3,4,2,0,1,1,0,0,0,0,"703979,767421","5365011,59935","11,756256288","48,40522632",1,1,#66c2a5,bicycle
214490,9,1,62,0,2019,7,18,3,3,5,3,0,0,1,0,0,0,0,"692160,843151","5332350,72568","11,58189484","48,115397599",0,2,#fc8d62,car
214491,9,1,62,0,2019,7,12,3,3,0,4,0,0,0,1,0,0,1,"691720,679827","5335684,6413","11,577487004","48,145495071",0,3,#8da0cb,toilet
214492,9,1,62,0,2019,7,11,3,3,1,3,0,1,1,0,0,0,0,"693395,346104","5333022,90921","11,598769001","48,121065321",0,1,#66c2a5,bicycle
214493,9,1,84,147,2019,7,17,3,3,6,5,0,0,0,1,0,0,1,"695576,683089","5339521,85257","11,63103511","48,178808082",0,3,#8da0cb,toilet
214494,9,1,62,0,2019,7,17,3,3,1,6,0,0,1,0,1,0,0,"690202,815","5335433,657","11,55698992","48,143694847",0,2,#fc8d62,car
214495,9,1,62,0,2019,7,16,3,3,5,2,0,1,1,0,0,0,0,"690686,78277","5338154,52794","11,564708682","48,168004954",0,1,#66c2a5,bicycle
214496,9,1,62,0,2019,7,19,3,3,5,3,0,1,1,0,0,0,0,"688535,285517","5336454,55878","11,535047516","48,153367195",0,1,#66c2a5,bicycle
214497,9,1,62,0,2019,7,9,3,3,5,2,0,1,1,0,0,0,0,"683077,515592","5335542,52205","11,461341296","48,146763761",0,1,#66c2a5,bicycle
214499,9,1,62,0,2019,7,10,3,3,5,2,0,1,0,0,1,0,0,"686505,23199","5332328,99101","11,505972415","48,116883692",0,1,#66c2a5,bicycle
214500,9,1,84,129,2019,7,8,3,3,8,7,0,0,0,0,1,1,0,"702374,434743","5324412,86051","11,715210822","48,040897011",0,4,#e78ac3,marker
214501,9,1,62,0,2019,7,15,3,3,3,1,0,1,1,0,0,0,0,"693300,991523","5330959,07606","11,596567167","48,102544739",0,1,#66c2a5,bicycle
214502,9,1,62,0,2019,7,16,3,3,1,7,0,1,1,0,0,0,0,"691830,396253","5331474,14765","11,57706536","48,107618627",0,1,#66c2a5,bicycle
214503,9,1,62,0,2019,7,8,3,3,5,3,0,0,1,0,0,0,0,"693445,788579","5332081,03282","11,599018828","48,112584663",0,2,#fc8d62,car
214504,9,1,62,0,2019,7,8,3,3,3,7,0,1,0,0,0,0,0,"686309,42347","5332268,77898","11,503317737","48,116399799",0,1,#66c2a5,bicycle
214505,9,1,62,0,2019,7,22,3,3,5,3,2,0,1,0,1,0,0,"691277,351912","5333451,16273","11,570530277","48,125554225",0,2,#fc8d62,car
214521,9,7,72,209,2019,7,10,3,3,5,3,0,1,1,0,0,0,0,"635437,749269","5336033,54959","10,821411036","48,163109157",0,1,#66c2a5,bicycle
214522,9,7,72,184,2019,7,16,3,3,1,5,0,1,1,0,0,0,0,"635054,115451","5361441,14379","10,824373447","48,391661067",0,1,#66c2a5,bicycle
214523,9,7,71,145,2019,7,22,3,3,0,1,2,1,0,0,0,0,0,"646649,536585","5345584,30656","10,975402197","48,246497549",1,1,#66c2a5,bicycle
214524,9,7,61,0,2019,7,9,3,3,5,3,0,0,1,0,0,0,0,"638493,076877","5357843,19696","10,86961783","48,358563225",0,2,#fc8d62,car
214525,9,7,61,0,2019,7,15,3,2,0,1,0,1,0,0,0,0,0,"637290,209947","5359786,65857","10,854022755","48,376301332",0,1,#66c2a5,bicycle
214526,9,7,61,0,2019,7,21,3,3,0,1,1,1,0,0,0,0,0,"639814,343139","5356364,90118","10,886953525","48,344979561",0,1,#66c2a5,bicycle
214527,9,7,71,113,2019,7,14,3,3,5,3,0,1,1,0,0,0,0,"658206,690317","5367999,29826","11,139392803","48,445238068",0,1,#66c2a5,bicycle
214528,9,7,71,114,2019,7,15,3,3,0,7,0,0,1,0,0,0,0,"644461,533472","5375532,43927","10,956241832","48,516274568",0,2,#fc8d62,car
214553,9,1,79,117,2019,8,20,7,2,0,1,2,1,0,0,0,0,0,"661305,781043","5347648,42287","11,173471042","48,261494611",0,1,#66c2a5,bicycle
214570,9,2,61,0,2019,7,7,3,2,5,3,0,0,1,0,1,0,0,"731627,160969","5382389,66359","12,138917841","48,551783802",0,2,#fc8d62,car
214571,9,1,73,147,2019,7,18,3,3,5,3,0,1,1,0,0,0,0,"681687,009836","5309986,67899","11,431825666","47,917441292",0,1,#66c2a5,bicycle
214579,9,1,63,0,2019,7,7,3,3,4,2,0,1,1,0,0,0,0,"733515,861128","5305912,94081","12,122387973","47,864069704",0,1,#66c2a5,bicycle
214580,9,1,87,130,2019,7,13,3,3,0,1,0,0,0,0,1,0,0,"715945,013476","5305594,69621","11,88760673","47,867356212",0,4,#e78ac3,marker
214581,9,1,88,126,2019,8,15,4,3,5,3,0,1,1,0,0,0,0,"660197,238585","5327296,30664","11,150876534","48,07879917",1,1,#66c2a5,bicycle
214582,9,7,72,202,2019,8,8,4,2,6,4,0,0,0,1,1,0,0,"637348,906704","5358630,19927","10,854437241","48,36588981",1,3,#8da0cb,toilet
214583,9,1,74,126,2019,8,14,4,3,5,3,0,0,1,0,1,0,0,"683667,725512","5344759,38698","11,473253965","48,229439538",1,2,#fc8d62,car
214584,9,1,77,133,2019,8,5,4,3,5,3,2,0,1,0,0,0,0,"706506,356528","5359082,0374","11,787442147","48,351121235",0,2,#fc8d62,car
214585,9,1,75,115,2019,8,16,4,3,8,1,0,0,1,0,0,0,0,"718447,463804","5327885,48552","11,932349842","48,066803827",1,2,#fc8d62,car
214586,9,1,62,0,2019,8,13,3,3,4,1,0,0,0,0,1,0,1,"690012,583769","5331939,00783","11,552877033","48,112341645",0,4,#e78ac3,marker
214587,9,1,62,0,2019,8,20,3,3,6,4,0,0,1,1,0,0,0,"692544,025389","5337510,18444","11,589370275","48,161653941",0,2,#fc8d62,car
214588,9,1,62,0,2019,8,13,3,3,4,2,0,0,1,0,0,0,0,"694788,9474","5337628,5419","11,61958208","48,162033909",0,2,#fc8d62,car
214589,9,1,62,0,2019,8,17,3,3,5,2,0,1,1,0,0,0,0,"694809,35164","5340411,90611","11,621131735","48,187043121",0,1,#66c2a5,bicycle
214590,9,1,62,0,2019,8,23,3,3,5,6,2,1,1,0,0,0,0,"691175,318064","5333038,50597","11,568975427","48,12187594",0,1,#66c2a5,bicycle
214591,9,1,84,146,2019,8,17,3,3,3,6,0,1,1,0,0,0,0,"698129,18518","5328244,74218","11,6600923","48,076667046",0,1,#66c2a5,bicycle
214592,9,7,61,0,2019,8,13,4,3,3,1,0,1,1,0,0,0,0,"642075,071231","5352282,88909","10,916071168","48,30777118",1,1,#66c2a5,bicycle
214593,9,1,62,0,2019,8,19,3,3,5,2,0,1,1,0,0,0,0,"688165,770328","5339881,23694","11,531600416","48,184276069",0,1,#66c2a5,bicycle
214594,9,1,84,147,2019,8,23,3,3,0,6,2,1,0,0,0,0,0,"697251,064416","5339870,0208","11,653696707","48,18141962",0,1,#66c2a5,bicycle
214595,9,1,62,0,2019,8,13,3,3,2,6,0,0,1,0,0,0,0,"690644,737593","5337361,62803","11,56378836","48,160891052",0,2,#fc8d62,car
214596,9,1,62,0,2019,8,20,3,3,9,1,0,0,0,0,1,0,0,"693123,767302","5335338,94161","11,596173262","48,141963641",0,4,#e78ac3,marker
214597,9,1,62,0,2019,8,14,3,2,3,2,0,0,1,0,0,0,1,"695510,470678","5338004,27725","11,629447474","48,165189357",0,2,#fc8d62,car
214598,9,1,62,0,2019,8,18,3,3,5,2,0,0,1,1,0,0,0,"694449,046929","5333452,27093","11,61310883","48,124603351",0,2,#fc8d62,car
214599,9,1,62,0,2019,8,18,3,3,1,5,0,1,1,0,0,0,0,"694512,172965","5333897,50453","11,614159433","48,128585655",0,1,#66c2a5,bicycle
214600,9,1,62,0,2019,8,7,3,3,5,2,0,1,1,0,0,0,0,"692824,418309","5335368,59966","11,592166802","48,142320991",0,1,#66c2a5,bicycle
214601,9,1,62,0,2019,8,14,3,3,5,2,0,0,1,0,0,0,0,"690910,221366","5335104,46122","11,56634247","48,140524182",0,2,#fc8d62,car
214605,9,7,61,0,2019,8,6,4,3,0,1,0,0,0,0,1,0,0,"640227,664678","5359978,43474","10,893733013","48,377379761",1,4,#e78ac3,marker
214607,9,7,73,182,2019,8,13,3,3,4,3,0,0,0,0,1,0,1,"624008,672979","5380087,53652","10,680767276","48,561608915",0,4,#e78ac3,marker
214609,9,7,61,0,2019,8,18,3,3,5,2,0,1,1,0,0,0,0,"640480,083629","5360195,65036","10,897212512","48,37927674",0,1,#66c2a5,bicycle
214610,9,7,61,0,2019,8,19,3,2,0,3,0,1,1,0,0,0,0,"641599,746932","5361058,74896","10,912615904","48,386787055",0,1,#66c2a5,bicycle
214611,9,7,61,0,2019,8,14,3,3,5,1,0,1,1,0,0,0,0,"640923,640098","5351183,34536","10,90018437","48,298141942",0,1,#66c2a5,bicycle
214641,9,1,63,0,2019,8,7,3,3,0,1,0,0,0,0,1,0,0,"732652,827","5304758,515","12,110244796","47,854011255",1,4,#e78ac3,marker
214642,9,1,87,169,2019,8,12,3,3,1,1,0,1,1,0,0,0,0,"737472,124768","5298460,71579","12,171119643","47,795671655",0,1,#66c2a5,bicycle
214646,9,1,88,120,2019,8,15,3,3,0,7,0,1,0,0,0,0,0,"677891,254354","5326709,83855","11,387996591","48,068836664",0,1,#66c2a5,bicycle
214647,9,1,79,121,2019,8,16,3,2,6,4,0,0,1,1,0,0,0,"667649,02933","5338957,67566","11,255437314","48,181719388",0,2,#fc8d62,car
214649,9,1,81,144,2019,8,12,3,2,4,7,0,1,0,0,0,0,0,"656046,768639","5321445,88306","11,093055926","48,02722682",0,1,#66c2a5,bicycle
214650,9,1,81,144,2019,8,14,3,3,0,1,0,1,0,0,0,0,0,"655494,43914","5321275,54885","11,085590808","48,025830011",0,1,#66c2a5,bicycle
214652,9,1,78,124,2019,8,13,3,2,0,2,0,0,1,1,0,0,0,"703028,963354","5364180,088","11,743021912","48,398061073",0,2,#fc8d62,car
214653,9,1,78,124,2019,8,15,3,3,0,1,0,1,0,0,0,0,0,"700524,381839","5363957,91954","11,709117284","48,39686595",0,1,#66c2a5,bicycle
214654,9,1,62,0,2019,8,16,2,3,2,6,0,0,1,0,0,0,0,"686194,686735","5335867,65545","11,503350411","48,148781449",0,2,#fc8d62,car
214655,9,1,84,145,2019,8,15,2,3,3,2,0,1,1,0,0,0,0,"693663,391","5325580,308","11,598992342","48,054091459",0,1,#66c2a5,bicycle
214656,9,1,62,0,2019,8,18,2,3,5,2,0,1,1,0,0,0,0,"690287,079562","5336164,07039","11,558448033","48,150234588",0,1,#66c2a5,bicycle
214657,9,1,62,0,2019,8,18,2,3,1,5,0,1,1,0,0,0,0,"691577,33","5335333,712","11,575403941","48,142384151",0,1,#66c2a5,bicycle
214658,9,1,62,0,2019,8,8,2,3,5,2,0,1,1,0,0,0,0,"693938,805581","5333024,95217","11,606064897","48,120918385",0,1,#66c2a5,bicycle
214659,9,1,62,0,2019,8,18,2,2,1,3,0,1,1,0,0,0,0,"692467,737236","5335474,8199","11,587424973","48,143383672",0,1,#66c2a5,bicycle
214661,9,1,84,134,2019,8,17,2,3,5,3,0,1,1,0,0,0,0,"692127,648","5322821,132","11,577166036","48,029756143",0,1,#66c2a5,bicycle
214662,9,1,62,0,2019,8,14,2,3,0,7,0,0,0,0,1,0,0,"691511,454318","5336017,40213","11,574826822","48,148548897",0,4,#e78ac3,marker
214663,9,1,62,0,2019,8,18,2,3,6,1,0,0,0,1,0,0,1,"691735,261562","5335117,98373","11,577427684","48,140397644",0,3,#8da0cb,toilet
214665,9,1,62,0,2019,8,8,2,3,4,6,0,1,0,0,0,0,0,"690672,766519","5338983,52827","11,564892154","48,175460124",0,1,#66c2a5,bicycle
214666,9,1,62,0,2019,8,21,2,3,6,7,2,0,0,1,0,0,1,"691607,269391","5334748,56429","11,575542744","48,137115906",0,3,#8da0cb,toilet
214667,9,1,62,0,2019,8,15,2,2,6,4,0,0,1,1,0,0,0,"691846,874375","5335001,6735","11,578874085","48,139318624",0,2,#fc8d62,car
214668,9,1,62,0,2019,8,9,2,3,6,7,0,0,1,1,0,0,0,"691827,428411","5340514,10826","11,581099119","48,188869138",0,2,#fc8d62,car
214669,9,1,62,0,2019,8,11,2,3,3,6,0,0,1,0,1,0,0,"690517,834107","5334953,88378","11,561005851","48,139288406",0,2,#fc8d62,car
214670,9,1,62,0,2019,8,7,2,3,5,2,0,1,1,0,0,0,0,"694030,8609","5341805,30193","11,611305231","48,199804562",0,1,#66c2a5,bicycle
214672,9,1,62,0,2019,8,19,2,3,2,6,0,0,1,0,0,0,0,"686402,174295","5333354,20527","11,505037325","48,126128891",0,2,#fc8d62,car
214673,9,1,62,0,2019,8,20,2,3,5,3,2,0,1,0,0,0,0,"680071,543159","5335661,21504","11,421016173","48,148688703",0,2,#fc8d62,car
214675,9,1,84,123,2019,8,17,2,3,5,3,0,1,1,0,0,0,0,"702116,409589","5332569,80894","11,715610823","48,114284925",0,1,#66c2a5,bicycle
214676,9,1,62,0,2019,8,16,2,3,3,6,0,1,0,0,0,0,0,"697839,430839","5333793,05741","11,658778339","48,126621589",0,1,#66c2a5,bicycle
214677,9,1,62,0,2019,8,16,2,3,1,7,0,1,1,0,0,0,0,"693502,047","5335485,86","11,601319826","48,143169166",0,1,#66c2a5,bicycle
214678,9,1,62,0,2019,8,16,2,3,5,2,0,1,0,0,0,0,0,"689639,082391","5332794,7742","11,548244644","48,120144675",0,1,#66c2a5,bicycle
214679,9,1,62,0,2019,8,7,2,3,5,3,0,0,1,0,0,0,0,"688421,961","5332644,496","11,53183997","48,119155276",0,2,#fc8d62,car
214688,9,7,72,125,2019,8,16,2,3,5,3,0,1,0,0,0,0,0,"635730,384028","5348938,60018","10,829476091","48,279092285",0,1,#66c2a5,bicycle
214689,9,7,61,0,2019,8,15,2,3,5,3,0,0,1,0,0,0,0,"639110,173769","5360055,2908","10,878675537","48,378318197",0,2,#fc8d62,car
214690,9,7,61,0,2019,8,8,2,3,5,3,0,0,1,0,0,0,0,"641782,412438","5361521,37277","10,91523791","48,390905725",0,2,#fc8d62,car
214691,9,7,71,162,2019,8,17,2,3,4,6,0,1,0,0,0,0,1,"665052,54314","5367358,87273","11,231643792","48,437723197",0,1,#66c2a5,bicycle
214719,9,2,74,185,2019,8,11,2,3,5,3,0,0,1,0,0,0,0,"730475,831","5369403,989","12,116176068","48,435556768",0,2,#fc8d62,car
214720,9,1,90,157,2019,8,15,2,3,0,7,0,1,0,0,0,0,0,"661239,862737","5301404,06655","11,155155677","47,845743233",0,1,#66c2a5,bicycle
214723,9,1,63,0,2019,8,16,2,3,5,3,0,1,1,0,0,0,0,"731168,416974","5303812,47285","12,089924829","47,846047286",0,1,#66c2a5,bicycle
214724,9,1,81,144,2019,8,14,2,3,0,1,0,1,0,0,0,0,0,"655952,127038","5320813,51038","11,09155724","48,021564179",0,1,#66c2a5,bicycle
214725,9,1,78,130,2019,8,14,2,3,8,1,0,0,0,0,1,0,0,"703963,053774","5353344,40923","11,750378106","48,300387628",0,4,#e78ac3,marker
214726,9,1,62,0,2019,8,16,1,3,6,4,0,0,1,1,0,0,0,"692463,641785","5335465,76251","11,58736588","48,143303505",0,2,#fc8d62,car
214727,9,1,62,0,2019,8,9,1,2,5,2,0,1,1,0,0,0,0,"693041,152601","5341971,58622","11,598075413","48,201600716",0,1,#66c2a5,bicycle
214729,9,1,62,0,2019,8,0,1,3,1,7,2,1,1,0,0,0,0,"687705,355909","5342062,03479","11,526376226","48,204013559",0,1,#66c2a5,bicycle
214730,9,1,62,0,2019,8,18,1,3,5,3,0,1,0,0,0,0,1,"690970,129768","5334280,5323","11,56677757","48,133100787",0,1,#66c2a5,bicycle
214732,9,1,62,0,2019,8,15,1,3,0,7,0,0,0,0,1,0,0,"691606,306","5342492,998","11,579020085","48,20672165",0,4,#e78ac3,marker
214733,9,1,88,127,2019,8,17,1,3,1,5,0,1,1,0,0,0,0,"679998,894273","5330121,62386","11,417701038","48,098914072",0,1,#66c2a5,bicycle
214734,9,2,61,0,2019,8,0,4,3,0,1,2,1,0,0,0,0,0,"731827,102568","5381709,71121","12,141244696","48,545602075",0,1,#66c2a5,bicycle
214735,9,1,62,0,2019,8,10,1,3,0,7,0,1,1,0,0,0,0,"689481,87818","5336072,37466","11,547592245","48,149650797",0,1,#66c2a5,bicycle
214736,9,1,62,0,2019,8,13,1,3,1,1,0,1,1,0,0,0,0,"685342,503615","5327784,14879","11,488391535","48,076371704",0,1,#66c2a5,bicycle
214737,9,1,62,0,2019,8,12,1,3,0,7,0,1,1,0,0,0,0,"686603,042292","5332474,09714","11,507348837","48,118159307",0,1,#66c2a5,bicycle
214744,9,7,72,166,2019,8,3,1,3,9,1,2,1,0,0,0,0,0,"634168,066454","5380678,66494","10,81858497","48,564832317",0,1,#66c2a5,bicycle
214745,9,7,61,0,2019,8,9,1,3,5,3,0,0,1,0,0,0,0,"638078,498502","5360374,54272","10,864855405","48,381415473",0,2,#fc8d62,car
214746,9,7,61,0,2019,8,13,1,3,3,6,0,0,1,0,1,0,0,"637498,649275","5360776,79889","10,857160011","48,385159146",0,2,#fc8d62,car
214748,9,7,61,0,2019,8,20,1,2,0,1,0,1,0,0,0,0,0,"638586,785519","5359308,90954","10,871365087","48,371722072",0,1,#66c2a5,bicycle
214749,9,7,61,0,2019,8,13,1,3,8,1,0,1,0,0,0,0,0,"635031,576347","5353871,84869","10,821640187","48,323602292",0,1,#66c2a5,bicycle
214750,9,7,61,0,2019,8,13,1,3,0,1,0,1,0,0,0,0,0,"640866,562995","5355040,85926","10,900703555","48,332840407",0,1,#66c2a5,bicycle
214751,9,7,71,113,2019,8,19,1,2,8,1,0,1,0,0,0,0,0,"655018,346865","5366861,26937","11,095886774","48,435799895",0,1,#66c2a5,bicycle
214778,9,1,83,139,2019,8,12,4,3,8,6,0,0,1,0,1,0,0,"735050,323558","5334329,54954","12,158428367","48,1187932",0,2,#fc8d62,car
214779,9,1,73,118,2019,8,13,1,3,4,1,0,1,1,0,0,0,0,"690061,15709","5302155,56741","11,54035359","47,844624018",0,1,#66c2a5,bicycle
214787,9,1,87,117,2019,8,22,1,3,4,2,2,0,1,0,0,0,0,"723563,815519","5304485,55224","11,988770686","47,854784409",0,2,#fc8d62,car
214788,9,1,87,179,2019,8,14,1,3,0,1,0,1,0,0,0,0,0,"723746,655559","5309807,37243","11,993967734","47,902537829",0,1,#66c2a5,bicycle
214790,9,1,85,158,2019,8,14,1,2,1,7,0,0,1,1,0,0,0,"669227,242532","5382187,67908","11,294053604","48,569914141",0,2,#fc8d62,car
214791,9,1,88,121,2019,8,16,1,3,0,7,0,1,0,0,0,0,0,"670260,048963","5331843,03372","11,28768946","48,1170661",0,1,#66c2a5,bicycle
214792,9,1,79,145,2019,8,11,1,3,0,7,0,1,0,0,0,0,0,"674574,823432","5335625,09109","11,347164697","48,14989635",0,1,#66c2a5,bicycle
214793,9,1,88,127,2019,8,12,1,3,2,2,0,0,1,0,1,0,0,"674571,766094","5328291,13439","11,344121053","48,083968917",0,2,#fc8d62,car
214794,9,1,79,147,2019,8,23,1,3,0,1,2,0,0,0,1,0,0,"664360,191","5333599,913","11,209156095","48,134411186",1,4,#e78ac3,marker
214795,9,1,87,174,2019,8,12,4,3,8,7,0,1,0,0,0,0,0,"744008,487375","5309545,84726","12,264508329","47,892804697",0,1,#66c2a5,bicycle
214796,9,1,74,143,2019,8,20,1,2,0,1,0,1,0,0,0,0,0,"676602,631","5352261,761","11,381335252","48,298884876",0,1,#66c2a5,bicycle
214797,9,1,74,115,2019,8,17,1,3,0,1,0,0,0,0,0,0,1,"679408,85432","5350615,55225","11,41844077","48,283298167",0,6,#ffd92f,circle
214798,9,1,75,118,2019,8,11,1,3,5,2,0,1,1,0,0,0,0,"716627,736286","5339328,33107","11,913768522","48,170242591",0,1,#66c2a5,bicycle
214799,9,1,63,0,2019,8,17,4,3,0,1,0,0,0,0,1,0,0,"733677,09175","5303529,73555","12,123253295","47,842600302",1,4,#e78ac3,marker
214800,9,1,78,145,2019,8,13,1,3,7,1,0,1,0,0,0,0,0,"698003,024159","5355969,95118","11,671333298","48,32587624",0,1,#66c2a5,bicycle
214801,9,1,78,143,2019,8,12,1,2,0,1,0,1,0,0,0,0,0,"715970,934402","5371375,44247","11,92135156","48,458411016",0,1,#66c2a5,bicycle
214802,9,1,62,0,2019,8,19,7,3,5,3,0,0,1,0,0,0,0,"688318,508946","5340269,8415","11,533825557","48,187723625",0,2,#fc8d62,car
214803,9,1,62,0,2019,8,17,7,2,0,1,0,1,0,0,0,0,0,"686015,155951","5334849,22907","11,500494113","48,139679971",0,1,#66c2a5,bicycle
214804,9,1,62,0,2019,8,1,7,2,0,7,2,1,0,0,0,0,0,"684827,397217","5334499,02689","11,484391409","48,1368783",1,1,#66c2a5,bicycle
214805,9,1,62,0,2019,8,13,7,3,5,3,0,0,1,0,0,0,1,"698642,344209","5333344,67223","11,669347675","48,122341829",0,2,#fc8d62,car
214806,9,1,62,0,2019,8,19,7,3,2,6,1,0,1,0,0,0,0,"689366,332096","5336102,21971","11,546053592","48,149953456",0,2,#fc8d62,car
214807,9,1,62,0,2019,8,20,7,3,8,1,0,0,1,0,0,0,0,"692478,847659","5340813,76288","11,589990693","48,191365287",0,2,#fc8d62,car
214808,9,1,62,0,2019,8,10,7,2,0,1,0,1,0,0,0,0,0,"689950,230646","5339230,79695","11,5552933","48,177898935",0,1,#66c2a5,bicycle
214809,9,1,87,177,2019,8,8,4,3,0,1,0,1,0,0,0,0,0,"737318,317788","5305905,86996","12,173147532","47,862613081",0,1,#66c2a5,bicycle
214810,9,1,62,0,2019,8,19,7,2,0,1,0,1,0,0,0,0,0,"691790,518067","5335550,28732","11,578364401","48,144266469",0,1,#66c2a5,bicycle
214811,9,1,62,0,2019,8,12,7,3,4,2,0,0,1,0,0,0,0,"690066,743918","5331934,98317","11,553602148","48,112289311",0,2,#fc8d62,car
214816,9,7,78,203,2019,8,19,7,3,5,3,0,0,1,0,0,0,0,"622358,858993","5324908,88496","10,642408648","48,065713875",0,2,#fc8d62,car
214818,9,7,62,0,2019,8,14,7,3,6,4,0,0,1,1,0,0,0,"621031,90034","5304439,28298","10,618838566","47,881871234",0,2,#fc8d62,car