OBJECTID,ULAND,UREGBEZ,UKREIS,UGEMEINDE,UJAHR,UMONAT,USTUNDE,UWOCHENTAG,UKATEGORIE,UART,UTYP1,ULICHTVERH,IstRad,IstPKW,IstFuss,IstKrad,IstGkfz,IstSonstig,LINREFX,LINREFY,XGCSWGS84,YGCSWGS84,STRZUSTAND,Teilnehmer,color,symbol
214821,9,7,72,125,2019,8,20,7,2,0,1,0,1,0,0,0,0,0,"632138,707191","5347660,97545","10,780690026","48,268363176",0,1,#66c2a5,bicycle
214822,9,7,72,200,2019,8,17,7,3,5,3,0,0,1,0,0,0,0,"630553,712842","5336910,35304","10,756030751","48,172015808",0,2,#fc8d62,car
214823,9,1,82,133,2019,8,14,4,3,5,3,0,1,1,0,0,0,0,"707465,030635","5305786,35978","11,774445073","47,871873299",1,1,#66c2a5,bicycle
214824,9,7,72,147,2019,8,11,7,3,5,3,0,1,0,0,0,0,0,"639437,598795","5365283,88221","10,884831658","48,425259774",1,1,#66c2a5,bicycle
214825,9,7,71,113,2019,8,17,7,3,0,1,0,1,0,0,0,0,0,"658675,255456","5368106,62154","11,145765147","48,446084988",0,1,#66c2a5,bicycle
214832,9,1,87,150,2019,8,15,4,3,5,2,0,0,1,0,1,0,0,"729401,486996","5303797,64348","12,066334307","47,846546924",0,2,#fc8d62,car
214834,9,1,87,137,2019,8,15,4,3,5,3,0,1,1,0,0,0,0,"730849,526191","5308478,37169","12,088160289","47,888081808",1,1,#66c2a5,bicycle
214838,9,1,87,150,2019,8,12,4,3,0,1,0,1,0,0,0,0,0,"729398,94885","5303798,03144","12,066300636","47,846551316",0,1,#66c2a5,bicycle
214854,9,1,63,0,2019,8,14,7,3,0,7,0,1,0,0,0,0,0,"734036,649168","5305071,89459","12,128885678","47,856324291",0,1,#66c2a5,bicycle
214855,9,1,87,163,2019,8,16,7,3,4,1,0,0,1,0,0,0,0,"738731,147","5310254,688","12,194411357","47,901156862",1,2,#fc8d62,car
214856,9,1,63,0,2019,8,18,7,3,5,3,2,0,1,0,1,0,0,"733413,389438","5304633,84618","12,120329634","47,852615487",0,2,#fc8d62,car
214857,9,1,86,143,2019,8,13,4,3,0,7,0,1,0,0,0,0,0,"685127,195922","5378556,7953","11,507774021","48,532786779",1,1,#66c2a5,bicycle
214861,9,1,62,0,2019,8,16,4,3,6,4,0,0,0,1,1,0,0,"690226,948507","5333674,1516","11,556528301","48,127873189",1,3,#8da0cb,toilet
214862,9,1,88,120,2019,8,15,7,3,0,1,0,0,0,0,1,0,0,"677033,517757","5326993,53979","11,376610189","48,071625584",1,4,#e78ac3,marker
214863,9,1,62,0,2019,8,13,6,3,5,3,0,0,1,0,0,0,0,"684847,29144","5332112,91285","11,483623679","48,115424882",0,2,#fc8d62,car
214867,9,1,77,120,2019,8,14,6,3,4,6,0,0,1,0,1,0,0,"720335,402398","5361268,46401","11,974999174","48,36609322",0,2,#fc8d62,car
214868,9,7,61,0,2019,8,10,7,3,5,2,0,0,1,0,1,0,0,"638804,175599","5362308,68026","10,875289904","48,398647512",1,2,#fc8d62,car
214869,9,1,73,126,2019,8,3,5,3,8,1,2,0,1,0,0,0,0,"684238,510717","5305813,6879","11,464162568","47,879202233",1,2,#fc8d62,car
214870,9,7,72,121,2019,8,17,6,2,0,1,0,1,0,0,0,0,1,"633604,254907","5375827,61962","10,809390809","48,521332928",0,1,#66c2a5,bicycle
214871,9,7,62,0,2019,8,15,5,2,2,6,0,1,0,0,0,0,0,"621801,795027","5304230,73421","10,629073031","47,879849984",0,1,#66c2a5,bicycle
214873,9,1,84,112,2019,8,0,7,3,3,6,2,1,1,0,0,0,0,"700218,96","5336965,738","11,692212164","48,154390643",0,1,#66c2a5,bicycle
214874,9,1,62,0,2019,8,13,5,3,1,6,0,0,1,0,0,0,0,"691974,123201","5335615,2293","11,580859408","48,14479478",0,2,#fc8d62,car
214877,9,1,62,0,2019,8,11,5,3,1,7,0,1,1,0,0,0,0,"691645,497081","5333823,66772","11,575640019","48,12879154",0,1,#66c2a5,bicycle
214884,9,1,62,0,2019,8,19,7,3,2,6,0,1,0,0,0,0,0,"687326,643013","5337480,75855","11,51926427","48,16294806",1,1,#66c2a5,bicycle
214886,9,1,62,0,2019,8,15,5,3,5,3,0,0,1,0,0,0,0,"683534,56124","5339518,06964","11,469195609","48,182366548",0,2,#fc8d62,car
214888,9,7,72,130,2019,8,16,5,3,1,5,0,0,1,0,1,0,0,"631464,536557","5355848,60325","10,774160168","48,342129852",0,2,#fc8d62,car
214894,9,7,71,122,2019,8,18,5,2,8,1,0,0,0,0,1,0,0,"648958,855487","5362729,45035","11,012547203","48,400113443",0,4,#e78ac3,marker
214897,9,1,62,0,2019,8,10,5,3,0,6,0,1,0,0,0,0,0,"694209,820378","5334305,99266","11,610286499","48,132349314",0,1,#66c2a5,bicycle
214899,9,1,88,127,2019,8,12,6,2,0,1,0,1,0,0,0,0,0,"678759,22","5330312,909","11,401145366","48,100982545",0,1,#66c2a5,bicycle
214903,9,1,88,120,2019,8,16,6,3,5,3,0,1,1,0,0,0,0,"676338,236805","5327026,13982","11,367298019","48,07211125",0,1,#66c2a5,bicycle
214904,9,7,61,0,2019,8,15,7,3,0,7,0,0,0,0,1,0,1,"636579,750749","5360899,881","10,844795402","48,386465521",1,4,#e78ac3,marker
214910,9,1,62,0,2019,8,16,6,3,4,2,0,1,1,0,0,0,0,"694790,812965","5336145,972","11,618928489","48,148708695",0,1,#66c2a5,bicycle
214911,9,1,62,0,2019,8,8,6,2,0,7,0,1,0,0,0,0,0,"688948,721124","5333314,25439","11,539207744","48,125019076",0,1,#66c2a5,bicycle
214915,9,1,62,0,2019,8,18,5,3,1,5,0,1,1,0,0,0,0,"693405,023908","5334134,5907","11,599403361","48,131053864",0,1,#66c2a5,bicycle
214918,9,7,61,0,2019,8,9,6,3,3,6,0,0,1,0,1,0,0,"641784,870211","5361496,86141","10,915262817","48,390684777",0,2,#fc8d62,car
214920,9,1,62,0,2019,8,8,6,3,4,2,0,1,1,0,0,0,0,"685889,456023","5335641,51759","11,499151951","48,146838107",0,1,#66c2a5,bicycle
214924,9,1,79,147,2019,8,15,1,2,0,1,0,1,0,0,0,0,0,"663927,965828","5334295,193","11,203618649","48,140773454",0,1,#66c2a5,bicycle
214925,9,1,88,127,2019,8,15,5,3,1,5,0,1,1,0,0,0,0,"680033,735645","5330175,57856","11,418191345","48,099389228",0,1,#66c2a5,bicycle
214931,9,2,74,113,2019,8,20,6,3,5,7,0,1,1,0,0,0,0,"729159,947531","5382518,77465","12,105605656","48,553849779",0,1,#66c2a5,bicycle
214932,9,1,62,0,2019,8,14,7,3,6,4,0,1,0,1,0,0,0,"687479,767672","5336422,37772","11,520855125","48,153389966",1,1,#66c2a5,bicycle
214935,9,1,62,0,2019,8,15,7,3,5,3,0,0,1,0,0,0,0,"682667,887444","5337596,71504","11,456721267","48,16534597",1,2,#fc8d62,car
214936,9,1,62,0,2019,8,13,5,3,0,2,0,1,0,0,1,0,0,"690953,095656","5335090,64606","11,56691202","48,140387147",0,1,#66c2a5,bicycle
214944,9,1,62,0,2019,8,16,5,2,0,1,0,1,0,0,0,0,0,"691167,228178","5334064,36373","11,569326966","48,13109871",0,1,#66c2a5,bicycle
214945,9,1,87,182,2019,8,0,7,3,6,4,2,1,0,1,0,0,0,"741334,452274","5328851,2948","12,239635675","48,067233889",0,1,#66c2a5,bicycle
214946,9,1,62,0,2019,8,13,6,3,6,4,0,1,0,1,0,0,0,"687353,409214","5335026,97565","11,51854371","48,140884977",0,1,#66c2a5,bicycle
214948,9,1,62,0,2019,8,9,5,3,0,7,0,1,0,0,0,0,0,"690015,164118","5336673,62504","11,55502335","48,154895749",0,1,#66c2a5,bicycle
214950,9,2,61,0,2019,8,15,5,3,1,6,0,0,1,0,0,0,0,"732552,814485","5380991,95318","12,150662007","48,538886105",0,2,#fc8d62,car
214952,9,2,61,0,2019,8,14,1,3,0,1,0,1,0,0,0,0,0,"732926,398637","5381128,32675","12,155791612","48,539972563",0,1,#66c2a5,bicycle
214956,9,1,62,0,2019,8,13,6,3,1,7,0,0,1,0,0,0,0,"689052,865","5330959,761","11,539562148","48,103825605",0,2,#fc8d62,car
214957,9,1,62,0,2019,8,11,6,3,1,7,0,1,1,0,0,0,0,"690720,196356","5334090,15371","11,563336553","48,131464615",0,1,#66c2a5,bicycle
214962,9,1,73,126,2019,8,5,1,3,9,1,2,0,1,0,0,0,0,"687359,572208","5303356,72978","11,504800365","47,856214071",1,2,#fc8d62,car
214963,9,1,77,117,2019,8,12,6,2,5,3,0,1,1,0,0,0,0,"714471,980023","5353987,77905","11,892231534","48,302694131",0,1,#66c2a5,bicycle
214964,9,7,72,184,2019,8,8,7,3,6,2,0,0,1,1,0,0,0,"634842,935703","5359409,31388","10,820870252","48,37343597",1,2,#fc8d62,car
214966,9,1,62,0,2019,8,18,6,3,5,3,0,1,1,0,0,0,0,"680611,729117","5337081,68544","11,428874987","48,161303949",0,1,#66c2a5,bicycle
214970,9,1,77,115,2019,8,10,1,2,0,7,0,1,0,0,0,0,1,"734294,039334","5351809,54682","12,157927049","48,276098854",0,1,#66c2a5,bicycle
214971,9,1,62,0,2019,8,8,5,3,5,3,0,0,1,0,1,0,0,"689087,606668","5336462,64973","11,542470053","48,153275948",0,2,#fc8d62,car
214974,9,1,62,0,2019,8,12,5,3,0,7,0,0,0,0,0,0,1,"688904,722251","5336712,34764","11,540124342","48,155574602",0,6,#ffd92f,circle
214977,9,7,61,0,2019,8,17,6,3,0,1,0,1,0,0,0,0,0,"640736,699797","5359980,20048","10,900604046","48,377282303",0,1,#66c2a5,bicycle
214981,9,1,62,0,2019,8,17,7,3,4,2,0,0,1,0,0,0,0,"690335,035838","5335870,14733","11,558960725","48,147578469",0,2,#fc8d62,car
214982,9,1,62,0,2019,8,16,5,3,0,3,0,0,1,0,0,0,0,"683036,669473","5337544,93122","11,461654027","48,164774433",0,2,#fc8d62,car
214993,9,1,62,0,2019,8,22,7,3,0,1,2,1,0,0,0,0,0,"690834,66563","5335011,99088","11,56528642","48,139715729",0,1,#66c2a5,bicycle
214994,9,1,84,131,2019,8,8,5,3,2,6,0,0,1,0,0,0,1,"705097,966269","5337556,67044","11,75802385","48,158146449",0,2,#fc8d62,car
214999,9,1,79,123,2019,8,9,6,3,0,7,0,1,0,0,0,0,0,"675245,504776","5333020,72601","11,35510255","48,12630035",0,1,#66c2a5,bicycle
215000,9,7,71,130,2019,8,0,7,1,0,1,2,1,0,0,0,0,0,"647376,643897","5360624,57443","10,990445303","48,381560056",0,1,#66c2a5,bicycle
215002,9,1,62,0,2019,8,15,6,3,0,7,0,1,0,0,0,0,0,"692862,400064","5339951,56661","11,594754824","48,183499819",0,1,#66c2a5,bicycle
215005,9,1,75,133,2019,8,18,7,2,8,1,0,0,0,0,1,0,0,"706365,420874","5343006,8966","11,777693962","48,206713922",1,4,#e78ac3,marker
215006,9,1,62,0,2019,8,8,6,3,5,3,0,1,1,0,0,0,0,"698248,700119","5333888,64986","11,664316843","48,127353383",0,1,#66c2a5,bicycle
215010,9,1,77,117,2019,8,8,6,3,0,1,0,1,0,0,0,0,0,"716681,613055","5357116,14076","11,923596026","48,330049565",0,1,#66c2a5,bicycle
215011,9,7,61,0,2019,8,23,7,3,5,3,2,1,1,0,0,0,0,"640883,66","5359250,797","10,902343138","48,370690978",0,1,#66c2a5,bicycle
215012,9,1,73,112,2019,8,18,5,3,8,1,0,1,0,0,0,0,0,"693353,394271","5296192,39595","11,581651545","47,7900434",0,1,#66c2a5,bicycle
215013,9,7,61,0,2019,8,20,6,3,5,3,0,1,1,0,0,0,0,"638838,747158","5360911,95327","10,875295005","48,386080888",0,1,#66c2a5,bicycle
215019,9,1,79,118,2019,8,15,1,3,0,7,0,1,0,0,0,0,0,"673269,841786","5338907,14603","11,330971452","48,179757147",0,1,#66c2a5,bicycle
215020,9,1,62,0,2019,8,17,5,3,4,6,0,1,0,0,0,0,0,"692208,238356","5338965,30708","11,585517042","48,174833821",0,1,#66c2a5,bicycle
215026,9,2,61,0,2019,8,19,6,3,5,2,0,1,1,0,0,0,0,"732118,201852","5380581,7692","12,144554622","48,535362407",0,1,#66c2a5,bicycle
215027,9,1,62,0,2019,8,12,7,3,0,1,0,0,0,0,1,0,0,"689895,472537","5337408,96387","11,553743787","48,161540719",1,4,#e78ac3,marker
215028,9,1,62,0,2019,8,8,5,3,4,6,0,1,0,0,0,0,0,"690323,281497","5338836,01319","11,560129778","48,17423903",0,1,#66c2a5,bicycle
215030,9,1,62,0,2019,8,20,7,3,6,7,0,0,1,0,0,0,1,"689592,725656","5335390,63241","11,548777463","48,143490239",0,2,#fc8d62,car
215031,9,1,62,0,2019,8,14,5,3,6,4,0,1,0,1,0,0,0,"691526,500779","5336754,05254","11,5753604","48,155165271",0,1,#66c2a5,bicycle
215039,9,1,62,0,2019,8,18,5,3,6,4,0,1,0,1,0,0,0,"691551,362344","5335019,83704","11,57491404","48,139570903",0,1,#66c2a5,bicycle
215041,9,1,62,0,2019,8,10,6,3,0,2,0,1,1,0,0,0,0,"689028,44533","5335567,08944","11,541277688","48,145244157",0,1,#66c2a5,bicycle
215044,9,1,73,137,2019,8,20,1,3,6,7,2,0,1,1,0,0,0,"674482,959125","5308244,35417","11,334781182","47,903778854",0,2,#fc8d62,car
215048,9,1,87,117,2019,8,19,5,3,5,3,0,1,1,0,0,0,0,"725114,669682","5305543,51107","12,010024884","47,863748846",0,1,#66c2a5,bicycle
215049,9,1,79,126,2019,8,12,5,3,3,6,0,1,0,0,0,0,0,"676360,618302","5340903,70463","11,373343481","48,196854191",0,1,#66c2a5,bicycle
215050,9,1,87,117,2019,8,12,6,3,0,1,0,1,0,0,0,0,0,"725716,402076","5304447,45334","12,017487151","47,85368976",0,1,#66c2a5,bicycle
215053,9,1,62,0,2019,8,15,6,3,2,7,0,1,1,0,0,0,0,"689473,74484","5332590,34781","11,545934377","48,118356489",0,1,#66c2a5,bicycle
215054,9,1,62,0,2019,8,19,6,3,2,2,0,1,0,0,0,0,0,"690626,47939","5333763,43657","11,561932117","48,128556164",0,1,#66c2a5,bicycle
215055,9,1,84,149,2019,8,9,4,2,6,3,0,0,1,1,0,0,0,"690535,488371","5349576,14576","11,567807943","48,270705702",0,2,#fc8d62,car
215059,9,1,62,0,2019,8,17,5,3,0,7,0,1,0,0,0,0,1,"691896,036204","5338093,07914","11,580928164","48,167088775",0,1,#66c2a5,bicycle
215061,9,1,62,0,2019,8,8,4,3,5,3,0,1,1,0,0,0,0,"688403,588209","5332497,19778","11,531528258","48,117836765",0,1,#66c2a5,bicycle
215062,9,1,79,111,2019,8,7,6,2,5,3,0,0,1,0,0,0,1,"657494,448151","5340287,97157","11,119417826","48,196278262",0,2,#fc8d62,car
215063,9,7,61,0,2019,8,13,7,3,5,3,0,1,1,0,0,0,0,"639121,923784","5359229,81522","10,878560965","48,370893132",1,1,#66c2a5,bicycle
215065,9,1,62,0,2019,8,2,6,3,0,7,2,0,0,0,0,0,1,"692291,106674","5338266,07082","11,586314324","48,1685242",0,6,#ffd92f,circle
215067,9,1,84,112,2019,8,18,4,2,5,3,0,1,1,0,0,0,0,"699722,805","5336190,817","11,685184693","48,147582385",1,1,#66c2a5,bicycle
215070,9,1,77,117,2019,8,2,1,2,0,7,2,0,0,0,1,0,0,"715596,738063","5354102,97267","11,907437891","48,303346922",0,4,#e78ac3,marker
215071,9,1,84,136,2019,8,9,4,3,0,7,0,1,0,0,0,0,0,"699889,552283","5327580,64676","11,683389771","48,070149356",0,1,#66c2a5,bicycle
215072,9,1,62,0,2019,8,16,5,3,2,6,0,1,1,0,0,0,0,"693866,649585","5339096,09004","11,607861173","48,175505522",0,1,#66c2a5,bicycle
215074,9,1,84,149,2019,8,9,4,3,4,6,0,0,1,0,0,0,0,"690790,811992","5349725,6263","11,571312737","48,271972332",0,2,#fc8d62,car
215077,9,1,81,130,2019,8,9,5,3,0,6,0,0,0,0,0,0,1,"639490,531152","5323309,2409","10,871724062","48,047813205",0,6,#ffd92f,circle
215080,9,1,79,121,2019,8,15,5,3,0,1,0,1,0,0,0,0,0,"667311,860687","5337826,77172","11,250459708","48,171641488",0,1,#66c2a5,bicycle
215081,9,1,74,147,2019,8,20,5,2,0,1,1,1,0,0,0,0,0,"670688,985229","5366345,75659","11,307377187","48,427113476",0,1,#66c2a5,bicycle
215083,9,7,61,0,2019,8,17,6,3,6,7,0,1,0,1,0,0,0,"640154,769372","5358870,00282","10,892379663","48,367429283",0,1,#66c2a5,bicycle
215084,9,1,84,146,2019,8,14,4,3,2,6,0,0,1,0,0,0,0,"698191,508332","5328227,8134","11,660920268","48,076495536",1,2,#fc8d62,car
215087,9,1,62,0,2019,8,21,4,3,0,1,2,0,0,0,1,0,0,"684277,136547","5337521,684","11,478310817","48,164207123",1,4,#e78ac3,marker
215089,9,1,62,0,2019,8,18,7,3,2,6,0,0,1,0,0,0,0,"688016,397678","5339599,88329","11,529468273","48,181791452",0,2,#fc8d62,car
215090,9,1,78,140,2019,8,17,5,2,2,6,0,0,0,0,1,0,0,"706889,214741","5363265,77447","11,794661564","48,388590595",0,4,#e78ac3,marker
215091,9,1,62,0,2019,8,22,5,3,3,6,2,1,0,0,0,0,0,"691167,625174","5333272,65004","11,568977161","48,123982723",0,1,#66c2a5,bicycle
215101,9,1,62,0,2019,8,16,7,3,1,6,0,0,1,0,1,0,0,"690774,310424","5333317,89346","11,563717403","48,124507348",0,2,#fc8d62,car
215102,9,1,62,0,2019,8,16,5,3,3,2,0,0,1,0,1,0,0,"686379,740647","5336863,83762","11,506272233","48,157681269",0,2,#fc8d62,car
215104,9,2,61,0,2019,8,2,5,3,0,1,2,1,0,0,0,0,0,"732584,550915","5381083,51409","12,151142398","48,53969681",0,1,#66c2a5,bicycle
215107,9,1,62,0,2019,8,8,4,3,5,4,0,1,0,1,0,0,0,"692211,844302","5334332,54673","11,583473044","48,133194496",0,1,#66c2a5,bicycle
215108,9,1,79,142,2019,8,5,6,2,0,7,2,0,0,0,1,0,0,"676935,445021","5344041,03189","11,382380696","48,224895951",1,4,#e78ac3,marker
215109,9,7,72,149,2019,8,17,7,3,5,3,0,1,1,0,0,0,0,"635441,853782","5339318,90489","10,822513338","48,192651356",0,1,#66c2a5,bicycle
215110,9,1,62,0,2019,8,18,6,3,1,5,0,0,1,0,0,0,0,"687837,615139","5329946,07295","11,522807957","48,095073731",0,2,#fc8d62,car
215112,9,1,74,115,2019,8,14,5,3,0,1,0,1,0,0,0,0,0,"681250,278169","5348881,28545","11,442496383","48,267185101",0,1,#66c2a5,bicycle
215116,9,1,82,123,2019,8,15,6,2,8,1,0,0,0,0,1,0,0,"714199,268613","5301485,92875","11,862259035","47,831018547",0,4,#e78ac3,marker
215117,9,1,87,122,2019,8,10,6,3,0,7,0,1,0,0,0,0,0,"716615,510294","5306528,85616","11,897028957","47,875524732",0,1,#66c2a5,bicycle
215118,9,1,79,142,2019,8,19,6,3,1,1,0,1,1,0,0,0,0,"674653,591","5344316,906","11,351796963","48,228008175",0,1,#66c2a5,bicycle
215119,9,1,81,145,2019,8,10,6,3,2,6,0,0,0,0,0,0,1,"643819,149804","5334937,22484","10,933691557","48,151410343",0,6,#ffd92f,circle
215120,9,1,88,124,2019,8,11,6,3,0,1,0,1,0,0,0,0,0,"660959,328677","5321358,16013","11,158867442","48,025219122",0,1,#66c2a5,bicycle
215121,9,1,79,145,2019,8,19,6,3,0,7,0,1,0,0,0,0,0,"674736,54543","5335227,4744","11,349173943","48,146277614",0,1,#66c2a5,bicycle
215122,9,1,79,132,2019,8,11,6,3,5,3,0,1,0,0,0,0,1,"661475,711674","5336998,92994","11,171704665","48,165708456",0,1,#66c2a5,bicycle
215123,9,1,74,111,2019,8,12,6,3,0,1,0,0,0,0,1,0,0,"667905,924341","5360606,95324","11,267491409","48,376272524",0,4,#e78ac3,marker
215124,9,1,62,0,2019,8,20,5,3,5,3,2,0,1,0,0,0,0,"690328,368375","5343200,24677","11,56215424","48,213462729",1,2,#fc8d62,car
215125,9,1,62,0,2019,8,2,5,3,5,3,2,1,1,0,0,0,0,"690999,211456","5333217,2492","11,566691491","48,123535329",0,1,#66c2a5,bicycle
215126,9,1,62,0,2019,8,12,5,3,5,3,0,0,1,0,0,0,0,"690343,539602","5342207,57804","11,561912929","48,204536218",1,2,#fc8d62,car
215142,9,1,90,157,2019,8,10,5,3,8,7,0,0,1,0,0,0,0,"661159,425","5299916,956","11,153527667","47,832392681",0,2,#fc8d62,car
215146,9,1,87,130,2019,8,11,5,3,0,1,0,1,0,0,0,0,0,"712707,356549","5310256,20575","11,846665011","47,910325877",0,1,#66c2a5,bicycle
215147,9,1,78,143,2019,8,19,5,3,5,3,0,1,1,0,0,0,0,"717458,522442","5372167,50311","11,94185761","48,465015094",0,1,#66c2a5,bicycle
215148,9,1,78,143,2019,8,10,5,3,0,1,0,1,0,0,0,0,0,"716774,788","5373323,791","11,933219649","48,475639877",0,1,#66c2a5,bicycle
215149,9,1,62,0,2019,8,16,4,3,0,7,0,0,0,1,0,0,1,"698172,94302","5333701,13589","11,663212677","48,125691734",0,3,#8da0cb,toilet
215150,9,1,62,0,2019,8,21,4,3,5,3,2,0,1,0,0,0,0,"691747,425487","5336151,94174","11,578056674","48,149687031",0,2,#fc8d62,car
215151,9,1,62,0,2019,8,15,4,3,0,7,0,1,1,0,0,0,0,"694906,811097","5332416,11292","11,618780178","48,115150812",0,1,#66c2a5,bicycle
215152,9,1,62,0,2019,8,2,4,3,0,1,2,1,0,0,0,0,0,"696509,475079","5332646,82153","11,640396369","48,116731798",1,1,#66c2a5,bicycle
215153,9,1,62,0,2019,8,17,4,3,5,2,0,0,1,0,0,0,1,"694718,431","5334150,084","11,617043869","48,130792676",0,2,#fc8d62,car
215154,9,1,62,0,2019,8,11,4,3,1,2,0,1,1,0,0,0,0,"690866,811611","5334353,8061","11,56542317","48,13379036",0,1,#66c2a5,bicycle
215155,9,1,62,0,2019,8,15,4,3,3,6,0,0,1,0,0,0,1,"683028,790393","5335768,07292","11,460783825","48,148805179",0,2,#fc8d62,car
215156,9,1,62,0,2019,8,14,4,2,3,6,0,1,0,0,0,0,0,"688783,470877","5337740,8422","11,538951993","48,164854812",0,1,#66c2a5,bicycle
215157,9,1,62,0,2019,8,17,4,3,5,2,0,1,1,0,0,0,0,"689153,514564","5336147,04752","11,543215081","48,150419694",0,1,#66c2a5,bicycle
215158,9,1,62,0,2019,8,21,4,3,2,6,2,0,1,0,0,0,0,"688656,374472","5337907,58411","11,537318377","48,166391233",0,2,#fc8d62,car
215159,9,1,84,147,2019,8,12,4,3,0,1,0,1,0,0,0,0,0,"696317,151844","5341026,85455","11,641680908","48,192105694",0,1,#66c2a5,bicycle
215160,9,1,62,0,2019,8,18,4,3,3,6,0,1,0,0,0,0,0,"692538,380214","5336947,05106","11,589039588","48,156594354",0,1,#66c2a5,bicycle
215161,9,1,62,0,2019,8,18,4,3,3,6,0,0,1,0,0,0,0,"691499,893333","5335683,20501","11,574521221","48,14554866",0,2,#fc8d62,car
215162,9,1,62,0,2019,8,1,4,3,6,7,2,0,1,1,0,0,0,"692485,548993","5334842,63134","11,587378437","48,137696311",1,2,#fc8d62,car
215172,9,7,72,167,2019,8,21,4,3,0,7,2,1,0,0,0,0,0,"625372,431","5355622,89","10,69191604","48,341338516",0,1,#66c2a5,bicycle
215173,9,7,61,0,2019,8,17,4,3,2,6,0,0,1,0,0,0,0,"639240,613971","5360459,53221","10,880570064","48,381924257",0,2,#fc8d62,car
215174,9,7,61,0,2019,8,13,4,3,1,6,0,0,1,0,0,0,0,"643201,471134","5360135,35916","10,933923303","48,378122836",0,2,#fc8d62,car
215175,9,7,61,0,2019,8,10,4,3,3,2,0,1,1,0,0,0,0,"639668,052031","5357508,00035","10,885359523","48,355290398",0,1,#66c2a5,bicycle
215176,9,7,61,0,2019,8,14,4,3,5,3,0,1,0,0,0,0,0,"640364,287972","5358479,59724","10,895076707","48,363872321",0,1,#66c2a5,bicycle
215207,9,1,73,126,2019,8,14,4,2,8,7,0,1,0,0,0,0,0,"684381,896","5304135,037","11,465362253","47,864071602",0,1,#66c2a5,bicycle
215215,9,1,82,125,2019,8,16,4,3,4,2,0,0,1,0,0,0,0,"712570,172979","5297234,61725","11,838433499","47,793354903",0,2,#fc8d62,car
215216,9,1,82,125,2019,8,19,4,3,0,7,0,1,0,0,0,0,0,"711474,449122","5296925,05457","11,823669962","47,790933693",0,1,#66c2a5,bicycle
215217,9,1,87,150,2019,8,14,4,3,3,6,0,1,0,0,1,0,0,"729794,732189","5304733,24603","12,072079759","47,854812392",0,1,#66c2a5,bicycle
215219,9,1,88,141,2019,8,18,4,3,0,7,0,1,0,0,0,0,0,"670598,079","5308781,506","11,283052698","47,909652811",0,1,#66c2a5,bicycle
215220,9,1,79,126,2019,8,13,4,3,0,1,0,1,0,0,0,0,0,"677027,892317","5339069,21212","11,38155058","48,180178071",0,1,#66c2a5,bicycle
215221,9,1,79,113,2019,8,15,4,2,0,7,0,1,0,0,0,0,0,"670962,180465","5335838,80535","11,298719414","48,152798888",0,1,#66c2a5,bicycle
215222,9,1,74,115,2019,8,18,4,3,5,3,0,0,1,0,0,0,0,"680941,605476","5347186,60354","11,437615946","48,252040485",0,2,#fc8d62,car
215223,9,1,74,111,2019,8,13,4,3,0,1,0,1,0,0,0,0,0,"666353,022536","5362465,33391","11,247272752","48,393390016",0,1,#66c2a5,bicycle
215224,9,1,78,120,2019,8,16,4,2,1,1,0,1,0,0,0,1,0,"695731,154231","5353514,28583","11,63957725","48,304514329",0,1,#66c2a5,bicycle
215225,9,1,77,117,2019,8,15,4,3,2,6,0,0,1,0,0,0,0,"716400,937296","5359057,68184","11,920811308","48,34759037",0,2,#fc8d62,car
215226,9,1,75,131,2019,8,8,4,3,5,3,0,1,1,0,0,0,0,"710010,869667","5322573,24712","11,816639401","48,021899974",0,1,#66c2a5,bicycle
215227,9,1,62,0,2019,8,20,3,3,3,7,1,0,1,0,1,0,0,"690630,227052","5333373,90492","11,561808199","48,125053937",1,2,#fc8d62,car
215228,9,1,62,0,2019,8,16,3,2,6,4,0,0,1,1,0,0,0,"693927,469689","5333004,08227","11,605903241","48,120734265",0,2,#fc8d62,car
215229,9,1,62,0,2019,8,17,3,3,1,5,0,1,1,0,0,0,0,"683064,035443","5335231,29696","11,461026419","48,143970147",0,1,#66c2a5,bicycle
215230,9,1,84,135,2019,8,11,3,3,5,3,0,1,1,0,0,0,0,"691707,500365","5345036,11891","11,581530362","48,229547921",0,1,#66c2a5,bicycle
215231,9,1,62,0,2019,8,18,3,3,0,5,0,1,1,0,0,0,0,"694234,62251","5341302,79383","11,613814638","48,195225973",0,1,#66c2a5,bicycle
215232,9,1,62,0,2019,8,17,3,3,5,3,0,1,1,0,0,0,0,"684329,029","5333236,745","11,477152922","48,125676758",0,1,#66c2a5,bicycle
215233,9,1,62,0,2019,8,12,3,3,5,3,0,1,1,0,0,0,0,"686869,097761","5334994,29667","11,512025395","48,140733672",0,1,#66c2a5,bicycle
215234,9,1,62,0,2019,8,14,3,3,1,5,0,1,1,0,0,0,0,"700983,712601","5332313,39472","11,700288796","48,112338982",1,1,#66c2a5,bicycle
215235,9,1,62,0,2019,8,11,3,3,2,6,0,0,1,0,0,0,0,"692327,327211","5337781,23616","11,586581714","48,164155672",0,2,#fc8d62,car
215236,9,1,62,0,2019,8,12,3,3,5,3,0,0,1,0,0,0,1,"692297,563861","5337343,26314","11,585983861","48,16022828",1,2,#fc8d62,car