OBJECTID,ULAND,UREGBEZ,UKREIS,UGEMEINDE,UJAHR,UMONAT,USTUNDE,UWOCHENTAG,UKATEGORIE,UART,UTYP1,ULICHTVERH,IstRad,IstPKW,IstFuss,IstKrad,IstGkfz,IstSonstig,LINREFX,LINREFY,XGCSWGS84,YGCSWGS84,STRZUSTAND,Teilnehmer,color,symbol
215240,9,7,62,0,2019,8,15,3,2,0,1,0,1,0,0,0,0,0,"622254,115215","5305762,2317","10,635553863","47,893537831",0,1,#66c2a5,bicycle
215242,9,7,61,0,2019,8,15,3,3,0,1,0,0,1,0,1,0,0,"639377,229903","5356694,39655","10,881166565","48,348038912",0,2,#fc8d62,car
215243,9,7,61,0,2019,8,15,3,3,4,3,0,0,1,0,0,0,0,"641139,218879","5351851,7896","10,903313031","48,30410437",0,2,#fc8d62,car
215244,9,7,61,0,2019,8,2,3,3,0,1,2,1,0,0,0,0,0,"640592,113758","5358886,7972","10,898286967","48,367483029",0,1,#66c2a5,bicycle
215245,9,7,61,0,2019,8,12,3,3,5,3,0,0,1,0,0,0,0,"639806,049","5359275,438","10,887808663","48,371152179",0,2,#fc8d62,car
215275,9,2,74,113,2019,8,7,3,2,1,7,0,0,0,0,0,1,1,"728734,524352","5382007,16447","12,099568075","48,549409192",0,5,#a6d854,bus
215278,9,1,87,122,2019,8,17,3,3,1,3,0,1,1,0,0,0,0,"721864,904969","5306225,20224","11,966982586","47,871004437",1,1,#66c2a5,bicycle
215279,9,1,86,143,2019,8,18,3,3,0,1,1,1,0,0,0,0,0,"686424,864644","5378636,53623","11,525370467","48,533119354",0,1,#66c2a5,bicycle
215280,9,1,79,142,2019,8,7,3,3,5,7,0,0,1,0,0,0,0,"673629,601037","5341491,57458","11,336863713","48,202891395",0,2,#fc8d62,car
215281,9,1,79,121,2019,8,20,3,3,5,3,1,0,1,0,0,0,0,"667752,65","5338984,833","11,256840957","48,181936179",1,2,#fc8d62,car
215282,9,1,74,115,2019,8,17,3,3,5,3,0,0,1,0,0,0,0,"683630,046278","5348726,31053","11,474467565","48,265106759",0,2,#fc8d62,car
215283,9,1,75,132,2019,8,19,3,3,1,5,0,1,1,0,0,0,0,"706079,85403","5331877,19549","11,768464731","48,106790677",1,1,#66c2a5,bicycle
215284,9,1,78,145,2019,8,7,3,3,0,1,0,0,0,0,0,1,1,"696490,608853","5354662,22851","11,650342221","48,314595556",0,5,#a6d854,bus
215285,9,1,62,0,2019,8,8,2,3,0,1,0,1,0,0,0,0,0,"691843,870509","5332406,95657","11,577665728","48,11599856",1,1,#66c2a5,bicycle
215286,9,1,62,0,2019,8,12,2,3,5,2,0,1,1,0,0,0,0,"692078,950531","5336593,06658","11,582708433","48,153551748",1,1,#66c2a5,bicycle
215287,9,1,62,0,2019,8,0,2,3,0,7,2,0,0,0,1,0,0,"692190,781","5331089,731","11,581728553","48,104054911",1,4,#e78ac3,marker
215288,9,1,62,0,2019,8,13,2,3,6,7,0,0,1,1,0,0,0,"685577,510118","5333599,53797","11,494072502","48,128574988",1,2,#fc8d62,car
215289,9,1,62,0,2019,8,18,2,3,5,3,0,1,1,0,0,0,0,"684405,984543","5331347,38736","11,477369028","48,108671828",1,1,#66c2a5,bicycle
215290,9,1,62,0,2019,8,18,2,3,5,3,0,0,1,0,1,0,0,"685339,611868","5334453,16476","11,49124974","48,136317095",1,2,#fc8d62,car
215291,9,1,62,0,2019,8,16,2,3,1,1,0,1,1,0,0,0,0,"684520,094609","5329607,53391","11,478148314","48,092999935",1,1,#66c2a5,bicycle
215292,9,1,84,136,2019,8,8,2,3,4,2,0,1,1,0,0,0,0,"697803,661891","5325559,44768","11,654484621","48,052634244",1,1,#66c2a5,bicycle
215293,9,1,62,0,2019,8,10,2,3,3,6,0,0,1,0,0,0,0,"700118,816868","5335118,46352","11,689998871","48,137820655",1,2,#fc8d62,car
215294,9,1,62,0,2019,8,9,2,3,5,3,0,1,1,0,0,0,0,"691026,899374","5334101,17053","11,567459384","48,131471658",1,1,#66c2a5,bicycle
215296,9,7,62,0,2019,8,16,2,2,6,4,0,0,1,1,0,0,0,"622205,688009","5307034,03226","10,635266513","47,90498522",0,2,#fc8d62,car
215299,9,7,72,149,2019,8,7,2,3,3,5,0,1,1,0,0,0,0,"637300,447615","5340434,30054","10,847870044","48,202282091",0,1,#66c2a5,bicycle
215300,9,7,72,184,2019,8,15,2,3,6,3,0,0,1,1,0,0,0,"635196,335008","5361610,53221","10,826348126","48,393153734",0,2,#fc8d62,car
215302,9,7,61,0,2019,8,11,2,3,5,3,0,0,1,0,0,0,0,"638516,614909","5358204,84417","10,870054472","48,361809929",1,2,#fc8d62,car
215303,9,7,61,0,2019,8,23,2,3,6,2,2,0,1,1,0,0,0,"640550,327465","5359235,92511","10,89783977","48,370631577",1,2,#fc8d62,car
215332,9,1,87,150,2019,8,16,2,3,3,6,0,0,1,0,1,0,0,"730261,266","5304139,158","12,07799129","47,849307891",1,2,#fc8d62,car
215336,9,1,88,144,2019,8,16,2,3,0,1,0,1,0,0,0,0,0,"668396,388","5326797,514","11,260678604","48,072202359",1,1,#66c2a5,bicycle
215338,9,1,79,123,2019,8,8,2,3,1,5,0,0,1,0,0,1,0,"676933,470388","5333284,86933","11,377876412","48,128207876",1,2,#fc8d62,car
215339,9,1,77,133,2019,8,22,2,3,5,3,2,0,1,0,0,0,0,"704503,555917","5359123,07803","11,760460872","48,352141633",1,2,#fc8d62,car
215341,9,1,77,117,2019,8,16,2,3,9,1,0,0,1,0,0,0,0,"715389,545814","5352136,96412","11,903644892","48,285752597",1,2,#fc8d62,car
215342,9,1,62,0,2019,8,12,1,2,5,2,0,1,1,0,0,0,0,"693855,066626","5333938,34303","11,605356271","48,129153149",0,1,#66c2a5,bicycle
215344,9,1,84,135,2019,8,16,1,3,0,7,0,0,0,0,1,0,0,"689062,533","5346983,638","11,546819279","48,247845935",0,4,#e78ac3,marker
215345,9,1,62,0,2019,8,20,1,3,0,1,2,1,0,0,0,0,0,"692214,737022","5334910,23158","11,583772548","48,138385747",0,1,#66c2a5,bicycle
215346,9,1,62,0,2019,8,19,1,2,5,7,0,1,0,0,0,0,0,"688791,340204","5337160,8044","11,538800281","48,159639044",0,1,#66c2a5,bicycle
215347,9,1,62,0,2019,8,8,1,3,5,2,0,1,0,0,0,0,1,"690134,787063","5335252,89741","11,555995619","48,142090513",0,1,#66c2a5,bicycle
215348,9,1,62,0,2019,8,14,1,3,5,3,0,1,1,0,0,1,0,"690104,444482","5343142,47274","11,559117062","48,213010575",0,1,#66c2a5,bicycle
215349,9,1,62,0,2019,8,0,1,3,1,1,2,1,1,0,0,0,0,"692485,835825","5337441,1748","11,588557332","48,161051319",0,1,#66c2a5,bicycle
215350,9,1,62,0,2019,8,14,1,3,5,3,0,0,1,0,0,0,0,"690439,559016","5335580,54276","11,560234989","48,144944231",0,2,#fc8d62,car
215361,9,7,61,0,2019,8,21,1,3,5,3,2,1,0,0,0,0,1,"641759,889202","5360073,28892","10,914445292","48,377890265",1,1,#66c2a5,bicycle
215362,9,7,61,0,2019,8,10,1,3,0,1,0,1,0,0,0,0,0,"641695,552828","5358532,83212","10,913057852","48,364053573",0,1,#66c2a5,bicycle
215363,9,7,61,0,2019,8,0,1,3,0,1,2,0,0,0,0,0,1,"640342,733032","5358631,04217","10,894836385","48,365238859",0,6,#ffd92f,circle
215375,9,1,73,126,2019,8,8,4,3,0,7,0,1,0,0,0,0,1,"684512,463233","5305563,58001","11,467716302","47,876875343",1,1,#66c2a5,bicycle
215379,9,1,81,128,2019,8,18,4,3,0,1,0,1,0,0,0,0,0,"637565,527899","5326999,0592","10,84709495","48,081411359",0,1,#66c2a5,bicycle
215380,9,1,74,118,2019,8,23,4,3,0,1,2,1,0,0,0,0,0,"668851,361237","5358159,32291","11,279266143","48,354017324",0,1,#66c2a5,bicycle
215381,9,1,78,120,2019,8,17,4,3,2,1,0,0,1,0,0,0,0,"695670,55256","5353863,25104","11,638922679","48,307669278",0,2,#fc8d62,car
215382,9,1,62,0,2019,8,18,3,2,3,2,0,1,0,0,0,0,1,"692334,517824","5337784,36236","11,586679731","48,164181594",1,1,#66c2a5,bicycle
215383,9,1,62,0,2019,8,22,3,3,4,2,2,1,1,0,0,0,0,"692325,948808","5334230,01827","11,584958795","48,132238519",1,1,#66c2a5,bicycle
215384,9,1,62,0,2019,8,16,3,2,0,7,0,1,0,0,0,0,0,"687170,950556","5339415,30459","11,518024219","48,180382042",1,1,#66c2a5,bicycle
215385,9,1,62,0,2019,8,11,3,2,6,7,0,0,0,1,0,0,1,"693671,612143","5333853,5672","11,602854807","48,128447053",1,3,#8da0cb,toilet
215386,9,1,84,135,2019,8,15,3,3,0,7,0,1,0,0,0,0,0,"689748,062749","5348145,67922","11,556565301","48,25808533",1,1,#66c2a5,bicycle
215387,9,1,62,0,2019,8,16,3,3,5,2,0,0,1,0,0,0,0,"688211,53332","5339946,57451","11,532244437","48,184849774",1,2,#fc8d62,car
215388,9,1,62,0,2019,8,16,3,2,0,1,0,0,0,0,1,0,0,"686363,261456","5339087,28116","11,507025291","48,177671085",1,4,#e78ac3,marker
215389,9,1,62,0,2019,8,18,3,3,1,5,0,1,1,0,0,0,0,"688482,966777","5336677,45503","11,534443476","48,155386123",1,1,#66c2a5,bicycle
215390,9,1,62,0,2019,8,17,3,2,0,7,0,1,0,0,0,0,0,"698155,806393","5331445,40061","11,661934515","48,105424143",1,1,#66c2a5,bicycle
215391,9,1,62,0,2019,8,8,3,3,5,2,0,1,1,0,0,0,0,"693275,927789","5331422,95741","11,596440962","48,106721604",0,1,#66c2a5,bicycle
215392,9,7,61,0,2019,8,16,4,3,2,1,0,0,1,0,0,0,0,"641928,068141","5358848,98234","10,916301936","48,366844028",0,2,#fc8d62,car
215393,9,1,62,0,2019,8,19,3,3,5,2,0,1,1,0,0,0,0,"693829,435961","5334079,7733","11,605076502","48,130432083",1,1,#66c2a5,bicycle
215394,9,1,62,0,2019,8,23,3,3,1,7,2,0,1,0,0,0,0,"692896,083074","5333959,02359","11,592490886","48,12963035",1,2,#fc8d62,car
215395,9,1,62,0,2019,8,10,3,3,0,1,0,1,0,0,0,0,0,"691838,845177","5333838,20525","11,578242358","48,128863961",1,1,#66c2a5,bicycle
215396,9,1,62,0,2019,8,19,4,3,1,6,1,0,1,0,0,0,0,"694224,935696","5336430,92142","11,611458598","48,151442736",0,2,#fc8d62,car
215397,9,1,62,0,2019,8,19,3,3,5,2,0,1,1,0,0,0,0,"692302,915428","5338053,89345","11,586377035","48,166613632",1,1,#66c2a5,bicycle
215398,9,1,62,0,2019,8,15,3,3,0,7,0,0,0,0,1,0,0,"691695,958352","5335602,59955","11,57711806","48,144765142",1,4,#e78ac3,marker
215401,9,7,72,216,2019,8,19,3,3,0,3,0,0,1,0,0,0,0,"622746,487606","5368857,51439","10,660364074","48,460870298",1,2,#fc8d62,car
215402,9,7,61,0,2019,8,13,3,3,5,2,0,1,0,0,0,1,0,"638349,788005","5363061,86232","10,869402616","48,405519815",1,1,#66c2a5,bicycle
215403,9,7,61,0,2019,8,19,3,2,1,3,0,1,1,0,0,0,0,"639289,161471","5362115,60519","10,881774503","48,396804482",1,1,#66c2a5,bicycle
215404,9,7,61,0,2019,8,13,3,3,5,3,0,1,1,0,0,0,0,"638690,826683","5362308,17921","10,87375921","48,39866795",0,1,#66c2a5,bicycle
215405,9,7,61,0,2019,8,11,3,3,1,6,0,0,1,0,0,1,0,"638770,580747","5360365,77995","10,874194422","48,381184827",1,2,#fc8d62,car
215426,9,2,61,0,2019,8,15,3,3,5,3,0,0,1,0,0,0,0,"732728,275","5382996,608","12,154155407","48,556828246",0,2,#fc8d62,car
215427,9,1,63,0,2019,8,13,3,3,5,3,0,0,1,0,0,0,0,"732312,057045","5305217,75551","12,105942735","47,858260407",0,2,#fc8d62,car
215428,9,1,63,0,2019,8,19,3,3,0,1,0,1,0,0,0,0,0,"733644,548664","5304769,86022","12,123488537","47,853753462",1,1,#66c2a5,bicycle
215430,9,1,74,113,2019,8,16,3,3,8,1,0,0,1,0,0,0,0,"676011,794509","5349048,64755","11,372036943","48,270166775",1,2,#fc8d62,car
215431,9,1,62,0,2019,8,13,2,3,0,7,0,1,0,0,0,0,0,"693081,876425","5340995,76789","11,598179137","48,192818054",0,1,#66c2a5,bicycle
215432,9,1,62,0,2019,8,17,2,3,0,7,0,0,1,0,1,0,0,"691089,693622","5334328,60423","11,568404483","48,133496967",0,2,#fc8d62,car
215433,9,1,62,0,2019,8,12,2,3,8,7,0,0,1,0,0,0,0,"688025,324222","5338998,90725","11,529322351","48,176387161",0,2,#fc8d62,car
215434,9,1,62,0,2019,8,11,2,3,5,2,0,1,1,0,0,0,0,"686680,053045","5339490,99084","11,511459982","48,181206744",0,1,#66c2a5,bicycle
215435,9,1,62,0,2019,8,13,2,3,5,5,0,1,1,0,0,0,0,"691623,715707","5331217,89399","11,574176615","48,105377643",0,1,#66c2a5,bicycle
215436,9,1,62,0,2019,8,7,2,3,0,1,1,0,0,0,1,0,0,"692119,772491","5332935,72247","11,581607169","48,120667859",1,4,#e78ac3,marker
215437,9,1,62,0,2019,8,19,2,3,0,1,0,1,0,0,0,0,0,"692691,796982","5333446,10439","11,589516317","48,125082216",0,1,#66c2a5,bicycle
215438,9,1,62,0,2019,8,20,2,3,0,5,0,1,1,0,0,0,0,"689439,740735","5331399,24944","11,544948897","48,107660869",0,1,#66c2a5,bicycle
215441,9,7,78,116,2019,8,20,2,2,6,4,2,0,1,1,0,0,0,"618778,744583","5317865,39083","10,592419225","48,003043907",1,2,#fc8d62,car
215442,9,7,72,126,2019,8,8,2,3,4,6,0,0,1,0,0,1,0,"626188,315452","5366517,82801","10,706194512","48,439149755",1,2,#fc8d62,car
215443,9,7,72,202,2019,8,7,2,3,2,7,0,0,1,0,0,0,0,"637423,548432","5358342,34654","10,855350437","48,363285223",1,2,#fc8d62,car
215444,9,7,61,0,2019,8,18,2,3,0,1,0,0,0,0,1,0,0,"640873,030783","5358020,26738","10,901787578","48,359628859",0,4,#e78ac3,marker
215465,9,1,85,131,2019,8,7,2,3,8,1,0,0,1,0,1,0,0,"665303,53","5377554,016","11,239067037","48,529307228",1,2,#fc8d62,car
215468,9,1,88,139,2019,8,10,2,3,1,5,0,0,1,0,0,0,0,"674268,692903","5319873,90748","11,336628081","48,008384225",0,2,#fc8d62,car
215470,9,1,88,141,2019,8,9,2,3,0,1,0,1,0,0,0,0,0,"669939,955987","5308780,94918","11,274252248","47,909822515",1,1,#66c2a5,bicycle
215471,9,1,79,126,2019,8,16,2,3,0,1,0,1,0,0,0,0,0,"676355,606","5340816,386","11,373239818","48,196070662",0,1,#66c2a5,bicycle
215472,9,1,81,133,2019,8,11,2,3,5,3,0,0,1,0,0,0,0,"645945,994453","5313377,15931","10,954915558","47,957061183",0,2,#fc8d62,car
215473,9,1,62,0,2019,8,14,1,3,2,6,0,0,1,0,0,0,0,"693941,988319","5331186,42765","11,605271639","48,104393317",0,2,#fc8d62,car
215474,9,1,84,136,2019,8,18,1,3,2,2,0,0,1,0,1,0,0,"700673,259","5327080,953","11,693663987","48,065412476",0,2,#fc8d62,car
215475,9,1,62,0,2019,8,21,1,3,5,2,2,0,1,0,0,0,0,"692156,56535","5330406,34817","11,580961732","48,097923063",0,2,#fc8d62,car
215476,9,1,62,0,2019,8,21,1,3,0,7,2,1,0,0,0,0,0,"690770,082004","5337371,20509","11,565476533","48,160939535",0,1,#66c2a5,bicycle
215477,9,1,62,0,2019,8,19,1,3,5,2,0,1,1,0,0,0,0,"692277,842145","5337356,98395","11,585725129","48,160357563",0,1,#66c2a5,bicycle
215478,9,1,62,0,2019,8,6,1,3,5,3,1,1,1,0,0,0,0,"689421,656895","5337163,08921","11,547268902","48,159472124",0,1,#66c2a5,bicycle
215479,9,1,62,0,2019,8,12,1,3,0,7,0,1,0,0,0,0,0,"684395,268979","5330764,05451","11,476973109","48,103431583",0,1,#66c2a5,bicycle
215480,9,1,62,0,2019,8,17,1,3,4,2,0,0,1,0,1,0,0,"691658,927565","5332791,49116","11,575356229","48,119510406",0,2,#fc8d62,car
215481,9,1,62,0,2019,8,11,1,3,8,7,0,1,1,0,0,0,0,"691075,887414","5334788,34468","11,568425324","48,137633225",0,1,#66c2a5,bicycle
215482,9,1,62,0,2019,8,11,1,3,5,2,0,1,1,0,0,0,0,"692671,445875","5334805,82992","11,589857958","48,137309291",0,1,#66c2a5,bicycle
215491,9,7,61,0,2019,8,17,1,3,0,1,0,0,0,0,1,0,0,"637524,343631","5362146,63762","10,857955381","48,397470912",0,4,#e78ac3,marker
215492,9,7,61,0,2019,8,1,1,3,7,7,2,1,0,0,0,0,1,"640319,756755","5358694,61368","10,894547555","48,365815582",0,1,#66c2a5,bicycle
215496,9,7,61,0,2019,8,14,4,3,0,1,0,1,0,0,0,0,0,"638023,322215","5358352,6424","10,863446896","48,363246951",0,1,#66c2a5,bicycle
215529,9,1,63,0,2019,8,21,1,3,4,2,2,1,1,0,0,0,0,"733316,576321","5304649,71905","12,119045954","47,852793237",1,1,#66c2a5,bicycle
215532,9,1,88,141,2019,8,17,1,3,0,1,0,1,0,0,0,0,0,"669243,261792","5307596,77495","11,26447154","47,899360649",0,1,#66c2a5,bicycle
215533,9,1,79,134,2019,8,10,1,3,0,1,0,1,0,0,0,0,0,"670950,497489","5342282,08097","11,301154828","48,210724787",0,1,#66c2a5,bicycle
215534,9,1,81,130,2019,8,18,1,3,5,2,0,1,0,0,0,0,1,"639055,054874","5324482,73876","10,866265333","48,058460704",0,1,#66c2a5,bicycle
215535,9,1,88,144,2019,8,11,1,3,8,1,0,1,0,0,0,0,0,"667179,38303","5329004,95287","11,245217527","48,092367733",0,1,#66c2a5,bicycle
215536,9,1,74,131,2019,8,0,1,3,8,1,2,0,1,0,0,0,0,"671895,275267","5360365,27801","11,321221483","48,373025983",0,2,#fc8d62,car
215537,9,1,74,121,2019,8,10,1,3,5,3,0,1,0,0,1,0,0,"689233,618916","5354624,6775","11,552543142","48,316471152",0,1,#66c2a5,bicycle
215538,9,1,77,130,2019,8,22,1,2,8,1,2,1,0,0,0,0,0,"711358,405741","5350515,68901","11,848561268","48,27254305",0,1,#66c2a5,bicycle
215539,9,1,75,115,2019,8,11,1,3,0,1,0,0,0,0,1,0,0,"721325,098889","5328879,68923","11,971439233","48,074744941",0,4,#e78ac3,marker
215540,9,1,84,120,2019,8,9,7,3,4,2,0,1,1,0,0,0,0,"681493,581579","5331553,69918","11,438367687","48,111362828",0,1,#66c2a5,bicycle
215541,9,1,62,0,2019,8,20,7,3,0,7,0,0,0,0,1,0,0,"689456,847509","5337140,17011","11,54773144","48,159255642",0,4,#e78ac3,marker
215542,9,1,62,0,2019,8,12,7,3,0,7,0,0,0,0,1,0,0,"690453,223156","5336519,84825","11,560838757","48,153382578",0,4,#e78ac3,marker
215543,9,1,62,0,2019,8,13,7,3,5,3,0,1,1,0,0,0,0,"697835,709468","5334330,96422","11,658978101","48,131457067",0,1,#66c2a5,bicycle
215544,9,1,62,0,2019,8,23,7,3,5,2,2,0,1,0,0,0,0,"687919,694232","5330739,07804","11,524258359","48,102177295",0,2,#fc8d62,car
215545,9,1,62,0,2019,8,14,7,2,3,2,0,0,1,0,1,0,0,"680641,534292","5338490,54854","11,429873928","48,173959506",0,2,#fc8d62,car
215546,9,1,62,0,2019,8,10,7,3,5,2,0,1,0,0,0,0,0,"693859,991971","5339311,06289","11,60786976","48,177439638",0,1,#66c2a5,bicycle
215547,9,1,62,0,2019,8,14,7,3,0,3,0,0,1,0,0,0,0,"680264,37624","5336908,88883","11,424134888","48,159849279",0,2,#fc8d62,car
215548,9,1,62,0,2019,8,8,4,3,3,7,0,1,1,0,0,0,0,"689091,316782","5332804,12713","11,540895796","48,120391645",0,1,#66c2a5,bicycle
215549,9,1,62,0,2019,8,13,7,3,2,6,0,0,1,0,0,0,0,"685431,957118","5339103,23745","11,494516365","48,178086953",0,2,#fc8d62,car
215550,9,7,78,203,2019,8,16,7,3,0,7,0,1,0,0,0,0,0,"621359,292426","5324057,89498","10,628755716","48,058251507",0,1,#66c2a5,bicycle
215553,9,7,72,125,2019,8,17,7,3,5,3,0,0,1,0,0,0,0,"635901,560056","5347170,17632","10,831213665","48,263153617",0,2,#fc8d62,car
215554,9,7,61,0,2019,8,22,7,3,0,1,2,1,0,0,0,0,0,"640792,332337","5359344,57623","10,901142053","48,371554588",0,1,#66c2a5,bicycle
215562,9,7,71,113,2019,8,16,4,3,5,3,0,1,1,0,0,0,0,"657146,371241","5369052,21372","11,125459837","48,454969665",0,1,#66c2a5,bicycle
215566,9,2,74,126,2019,8,10,7,3,4,1,0,0,1,0,0,0,0,"733164,233019","5382945,76254","12,160026097","48,556209604",0,2,#fc8d62,car
215569,9,1,82,120,2019,8,18,7,3,0,7,0,1,0,0,0,0,0,"701223,733525","5306363,79451","11,691345369","47,879048646",0,1,#66c2a5,bicycle
215570,9,1,82,120,2019,8,15,7,3,0,1,0,1,0,0,0,0,0,"701786,246678","5306731,29497","11,699031978","47,882174995",0,1,#66c2a5,bicycle
215571,9,1,87,172,2019,8,13,7,2,4,1,0,1,1,0,0,0,0,"739068,567113","5296772,17959","12,191474189","47,779912047",0,1,#66c2a5,bicycle
215573,9,1,87,117,2019,8,22,7,3,5,3,2,0,1,0,0,0,0,"724413,32192","5305870,51611","12,000830168","47,86693234",0,2,#fc8d62,car
215575,9,1,79,142,2019,8,9,7,3,4,2,0,1,0,0,1,0,0,"673971,092454","5342763,4699","11,341977361","48,214231405",0,1,#66c2a5,bicycle
215576,9,1,79,132,2019,8,17,7,3,0,1,0,1,0,0,0,0,0,"661476,969339","5336830,66837","11,171657677","48,164195388",0,1,#66c2a5,bicycle
215577,9,1,74,143,2019,8,19,7,2,0,1,0,0,0,0,1,0,0,"674179,992542","5351575,17026","11,348413541","48,293384537",0,4,#e78ac3,marker
215578,9,1,78,132,2019,8,17,7,2,0,1,0,1,0,0,0,0,0,"711156,339375","5380425,5036","11,860887722","48,541361462",0,1,#66c2a5,bicycle
215579,9,1,78,124,2019,8,9,7,3,1,5,0,1,1,0,0,0,0,"702850,911574","5364610,21103","11,740826997","48,401983567",0,1,#66c2a5,bicycle
215580,9,1,84,142,2019,8,15,6,2,0,7,0,1,0,0,0,0,1,"682533,095525","5316859,77987","11,446054898","47,978983792",0,1,#66c2a5,bicycle
215581,9,1,62,0,2019,8,13,6,3,0,7,0,0,0,1,0,0,1,"690389,015737","5335598,63387","11,559564288","48,145121961",0,3,#8da0cb,toilet
215582,9,1,62,0,2019,8,13,6,3,1,7,0,0,1,1,0,0,1,"691517,411568","5337323,18256","11,575494489","48,160283257",0,2,#fc8d62,car
215583,9,1,62,0,2019,8,8,6,3,1,5,0,1,0,0,0,0,1,"691631,136449","5334585,0754","11,575789675","48,135639303",0,1,#66c2a5,bicycle
215584,9,1,62,0,2019,8,20,6,2,1,6,0,1,1,0,0,0,0,"690269,880923","5334929,56248","11,557665361","48,139143997",0,1,#66c2a5,bicycle
215585,9,1,62,0,2019,8,21,6,3,4,7,2,0,1,0,0,0,0,"691091,504","5334218,037","11,568379199","48,132502653",0,2,#fc8d62,car
215586,9,1,62,0,2019,8,9,6,3,6,7,0,0,1,1,0,0,0,"691369,05292","5338196,53156","11,573894427","48,168177448",0,2,#fc8d62,car
215587,9,1,62,0,2019,8,18,6,3,4,7,0,0,1,0,0,0,1,"693382,091813","5341897,8393","11,602625491","48,200834162",0,2,#fc8d62,car
215588,9,1,84,112,2019,8,11,6,3,0,3,0,0,0,0,1,0,1,"701652,496","5338418,502","11,712154274","48,166993509",0,4,#e78ac3,marker
215589,9,1,62,0,2019,8,13,6,3,0,1,0,1,0,0,0,0,0,"691492,061","5331950,746","11,572738832","48,112004057",1,1,#66c2a5,bicycle
215590,9,1,62,0,2019,8,11,6,3,0,1,0,0,0,0,0,0,1,"690090,521929","5334738,63788","11,555171641","48,13748157",0,6,#ffd92f,circle
215594,9,7,61,0,2019,8,14,6,3,3,6,0,0,1,0,0,0,0,"638228,079556","5360635,04517","10,866960186","48,383725104",0,2,#fc8d62,car
215595,9,7,61,0,2019,8,15,6,3,5,1,0,1,1,0,0,0,0,"639730,26797","5356591,85107","10,885894787","48,347038844",0,1,#66c2a5,bicycle
215601,9,7,72,200,2019,8,9,4,3,5,7,0,1,1,0,0,0,0,"630620,9069","5338262,22241","10,757349663","48,184158916",0,1,#66c2a5,bicycle
215619,9,1,90,138,2019,8,9,6,3,0,1,0,0,0,0,1,0,0,"662687,794763","5308090,81744","11,177012651","47,90549824",0,4,#e78ac3,marker
215620,9,1,90,152,2019,8,15,6,3,5,3,0,0,1,0,1,0,0,"667588,787129","5299778,72223","11,239321384","47,82950664",0,2,#fc8d62,car
215623,9,7,72,147,2019,8,10,2,3,0,7,0,1,0,0,0,0,0,"639032,055944","5365035,09922","10,879270355","48,423112439",0,1,#66c2a5,bicycle
215624,9,7,72,217,2019,8,12,2,3,7,1,0,1,0,0,0,0,0,"635930,533759","5381591,81823","10,842759998","48,572663348",0,1,#66c2a5,bicycle
215625,9,7,61,0,2019,8,17,2,3,2,6,0,0,1,0,0,0,0,"639292,795399","5361639,45056","10,881665633","48,392522235",0,2,#fc8d62,car
215626,9,7,61,0,2019,8,15,2,3,5,3,0,1,1,0,0,0,0,"641795,362231","5361578,37671","10,915431981","48,391415366",0,1,#66c2a5,bicycle
215627,9,7,61,0,2019,8,8,2,3,0,1,0,1,0,0,0,0,0,"640902,131507","5358950,87546","10,902491924","48,367990068",0,1,#66c2a5,bicycle
215628,9,7,71,114,2019,8,7,2,2,8,1,0,0,1,0,0,0,0,"644128,62646","5375957,08258","10,951883189","48,5201691",0,2,#fc8d62,car
215630,9,1,62,0,2019,8,14,2,3,5,3,0,1,1,0,0,0,0,"687507,039202","5338874,37321","11,522302448","48,175420963",0,1,#66c2a5,bicycle
215641,9,1,62,0,2019,8,12,2,3,5,2,0,0,1,0,0,0,0,"690679,971","5337767,262","11,564443524","48,164526288",0,2,#fc8d62,car
215653,9,2,74,182,2019,8,10,2,2,0,1,0,0,0,0,1,0,0,"729071,916773","5375660,9112","12,100648305","48,492276638",0,4,#e78ac3,marker
215655,9,1,73,147,2019,8,17,2,3,0,7,0,0,1,0,0,0,0,"681031,026675","5309416,67312","11,422814316","47,912502886",0,2,#fc8d62,car
215661,9,1,87,186,2019,8,17,2,3,0,7,0,0,0,0,1,0,0,"731534,571","5332257,355","12,110134513","48,10146504",0,4,#e78ac3,marker
215662,9,1,63,0,2019,8,9,2,3,5,3,0,1,1,0,0,0,0,"731853,257648","5304574,22165","12,0994731","47,852644431",0,1,#66c2a5,bicycle
215663,9,1,63,0,2019,8,7,2,2,6,2,0,0,0,1,0,1,0,"733382,232755","5304451,06214","12,119815169","47,850984655",0,3,#8da0cb,toilet
215664,9,1,82,120,2019,8,14,2,3,0,1,0,0,0,0,1,0,0,"703095,725587","5306378,68022","11,716361088","47,878593091",0,4,#e78ac3,marker
215665,9,1,87,117,2019,8,16,2,3,0,1,0,1,0,0,0,0,0,"725256,968771","5305417,11104","12,01185901","47,862563276",0,1,#66c2a5,bicycle
215666,9,1,86,143,2019,8,13,2,3,5,3,0,0,0,0,1,0,1,"684131,680465","5380557,83126","11,49518628","48,551064539",0,4,#e78ac3,marker
215669,9,1,79,121,2019,8,4,2,3,0,1,2,1,0,0,0,0,0,"662480,342737","5338594,72914","11,185815842","48,179799279",0,1,#66c2a5,bicycle