OBJECTID,ULAND,UREGBEZ,UKREIS,UGEMEINDE,UJAHR,UMONAT,USTUNDE,UWOCHENTAG,UKATEGORIE,UART,UTYP1,ULICHTVERH,IstRad,IstPKW,IstFuss,IstKrad,IstGkfz,IstSonstig,LINREFX,LINREFY,XGCSWGS84,YGCSWGS84,STRZUSTAND,Teilnehmer,color,symbol
215670,9,1,74,121,2019,8,16,2,3,4,6,0,0,1,0,0,0,0,"690526,0833","5355578,41211","11,570389715","48,32465489",0,2,#fc8d62,car
215671,9,1,78,124,2019,8,17,2,3,5,2,0,0,1,0,0,0,0,"703825,362194","5362300,02538","11,752856681","48,380909597",0,2,#fc8d62,car
215672,9,1,77,117,2019,8,21,2,3,5,3,2,0,1,0,0,0,0,"714762,332094","5355039,29032","11,896676908","48,312043683",1,2,#fc8d62,car
215673,9,1,84,140,2019,8,12,1,3,0,7,0,1,0,0,0,0,0,"701951,900613","5328461,09619","11,711459501","48,077412343",0,1,#66c2a5,bicycle
215674,9,1,62,0,2019,8,13,1,2,0,1,0,1,0,0,0,0,0,"692389,104841","5333952,65256","11,585681513","48,129726522",0,1,#66c2a5,bicycle
215675,9,1,62,0,2019,8,10,1,3,5,3,0,1,1,0,0,0,0,"690427,685849","5342672,69608","11,563253038","48,208691395",0,1,#66c2a5,bicycle
215676,9,1,84,131,2019,8,11,1,2,5,3,0,0,1,0,0,0,0,"704660,424287","5337304,72019","11,752025937","48,15602325",0,2,#fc8d62,car
215678,9,7,72,148,2019,8,19,1,3,0,1,0,1,0,0,0,0,0,"628139,388","5352474,523","10,728281848","48,312471424",0,1,#66c2a5,bicycle
215679,9,7,71,142,2019,8,15,1,3,0,1,0,1,0,0,0,0,0,"647275,875868","5351107,75187","10,985757894","48,296015595",0,1,#66c2a5,bicycle
215680,9,7,61,0,2019,8,13,1,3,0,1,0,1,0,0,0,0,0,"642992,502302","5359464,21943","10,930874588","48,372135688",0,1,#66c2a5,bicycle
215681,9,7,61,0,2019,8,11,1,3,0,1,0,1,0,0,0,0,0,"641317,75547","5354389,56413","10,906569576","48,326883433",0,1,#66c2a5,bicycle
215683,9,1,62,0,2019,8,14,2,3,5,7,0,0,0,0,1,0,0,"690722,99041","5340298,64735","11,566157326","48,187265173",0,4,#e78ac3,marker
215706,9,1,87,170,2019,8,17,1,3,6,4,0,0,1,1,0,0,0,"734344,671431","5320976,71983","12,1416472","47,999097794",0,2,#fc8d62,car
215713,9,1,88,113,2019,8,11,1,3,2,6,0,1,1,0,0,0,0,"674524,813","5312121,903","11,336911018","47,938625949",0,1,#66c2a5,bicycle
215714,9,1,74,118,2019,8,18,1,3,6,7,0,0,1,1,0,0,0,"669014,72425","5358471,40405","11,28159483","48,356779073",0,2,#fc8d62,car
215715,9,1,77,116,2019,8,10,1,3,0,5,0,1,1,0,0,0,0,"714417,524843","5360135,93354","11,894625585","48,357954898",0,1,#66c2a5,bicycle
215716,9,1,62,0,2019,8,18,7,3,0,7,0,1,0,0,0,0,0,"685202,585899","5337632,42165","11,490793072","48,164933559",0,1,#66c2a5,bicycle
215717,9,1,62,0,2019,8,10,7,3,5,3,0,0,1,0,0,0,1,"690646,130512","5335157,84441","11,562819969","48,141083169",0,2,#fc8d62,car
215718,9,1,62,0,2019,8,21,7,3,6,4,2,0,0,1,0,0,1,"692032,928413","5334574,80778","11,581180013","48,135425906",0,3,#8da0cb,toilet
215719,9,1,62,0,2019,8,15,7,3,5,3,0,0,0,0,1,0,1,"691936,672085","5336084,72881","11,580568124","48,149025857",0,4,#e78ac3,marker
215720,9,1,84,136,2019,8,10,7,3,0,7,0,1,0,0,0,0,0,"697429,747877","5326729,28211","11,650012213","48,063263859",0,1,#66c2a5,bicycle
215721,9,1,84,114,2019,8,17,7,3,1,5,0,1,1,0,0,0,0,"699088,724242","5324337,80651","11,671142357","48,041255415",0,1,#66c2a5,bicycle
215722,9,1,62,0,2019,8,17,7,3,5,2,0,1,1,0,0,0,0,"691819,37","5335661,76","11,578802089","48,145259668",0,1,#66c2a5,bicycle
215723,9,1,62,0,2019,8,16,7,3,5,6,0,0,1,0,1,0,0,"687801,622","5342330,987","11,527789611","48,206402459",0,2,#fc8d62,car
215724,9,1,62,0,2019,8,16,7,3,2,6,0,0,1,0,0,0,0,"689068,385177","5332648,78311","11,540519082","48,1190022",0,2,#fc8d62,car
215725,9,1,62,0,2019,8,11,7,3,0,5,0,1,1,0,0,0,0,"691284,559576","5337451,26783","11,572424005","48,161504561",0,1,#66c2a5,bicycle
215731,9,7,61,0,2019,8,19,7,3,8,7,0,1,0,0,0,0,0,"643782,092644","5356478,99915","10,940510286","48,345114816",0,1,#66c2a5,bicycle
215732,9,7,61,0,2019,8,21,7,3,0,7,2,1,0,0,0,0,0,"641896,305643","5361049,51998","10,916616136","48,386637428",0,1,#66c2a5,bicycle
215733,9,7,61,0,2019,8,21,7,3,0,1,1,1,0,0,0,0,0,"639220,149491","5355101,75352","10,878521207","48,333752814",0,1,#66c2a5,bicycle
215734,9,7,61,0,2019,8,3,7,3,5,1,2,0,1,0,0,0,0,"639370,965093","5358678,2162","10,881739082","48,365878343",0,2,#fc8d62,car
215735,9,7,61,0,2019,8,11,7,3,5,1,0,1,1,0,0,0,0,"637845,609209","5355666,57787","10,860169324","48,339132997",0,1,#66c2a5,bicycle
215736,9,7,61,0,2019,8,10,7,3,5,1,0,1,1,0,0,0,0,"640340,019517","5355468,95986","10,893745575","48,336806928",0,1,#66c2a5,bicycle
215749,9,1,62,0,2019,8,15,2,2,6,2,0,1,0,1,0,0,0,"690203,060812","5332818,68622","11,555825873","48,120191379",0,1,#66c2a5,bicycle
215759,9,2,61,0,2019,8,19,7,3,6,6,0,0,1,1,0,0,0,"732333,890247","5379995,43917","12,147145257","48,530015743",0,2,#fc8d62,car
215763,9,1,87,165,2019,8,1,7,3,0,7,2,1,0,0,0,0,0,"733418,981542","5299244,58179","12,117500572","47,804195704",0,1,#66c2a5,bicycle
215768,9,1,86,143,2019,8,20,7,3,5,3,1,1,1,0,0,0,0,"685237,630609","5378532,93644","11,509257898","48,532539758",0,1,#66c2a5,bicycle
215770,9,1,79,119,2019,8,21,7,3,6,3,2,1,0,1,0,0,0,"669462,28508","5339721,09468","11,280116232","48,188101289",0,1,#66c2a5,bicycle
215771,9,1,78,143,2019,8,21,7,3,0,1,2,1,0,0,0,0,0,"717335,899488","5373903,14705","11,94110289","48,480651499",0,1,#66c2a5,bicycle
215772,9,1,78,124,2019,8,13,7,3,1,6,0,0,1,0,0,0,0,"702791,845306","5364716,49933","11,74008121","48,4029577",0,2,#fc8d62,car
215773,9,1,75,112,2019,8,18,7,2,4,2,0,1,0,0,0,0,1,"722091,989839","5318145,01273","11,976158036","47,978027602",0,1,#66c2a5,bicycle
215774,9,1,75,124,2019,8,14,7,2,0,1,0,1,0,0,0,0,0,"716181,673173","5330552,84435","11,903324833","48,091543188",0,1,#66c2a5,bicycle
215775,9,1,62,0,2019,8,3,6,3,0,1,2,0,0,0,0,0,1,"691857,321487","5334522,66566","11,578798618","48,135010225",0,6,#ffd92f,circle
215776,9,1,62,0,2019,8,1,6,3,0,1,2,1,0,0,0,0,0,"692141,573842","5333072,5051","11,581961463","48,121890663",0,1,#66c2a5,bicycle
215777,9,1,62,0,2019,8,18,6,3,5,2,0,1,1,0,0,0,0,"698205,508306","5329610,99561","11,661749727","48,088922313",0,1,#66c2a5,bicycle
215778,9,1,62,0,2019,8,20,6,3,3,6,1,1,1,0,0,0,0,"691588,577523","5336213,82112","11,575951044","48,150291058",0,1,#66c2a5,bicycle
215779,9,1,62,0,2019,8,21,6,2,3,6,2,0,1,0,0,0,0,"691212,961804","5340238,8563","11,572716037","48,186580489",0,2,#fc8d62,car
215780,9,1,62,0,2019,8,9,6,3,1,5,0,0,1,0,0,0,0,"693603,546584","5333833,07484","11,601931707","48,128283579",0,2,#fc8d62,car
215781,9,1,62,0,2019,8,19,6,3,0,1,0,1,0,0,0,0,0,"690064,223453","5335269,00602","11,555055196","48,142256381",0,1,#66c2a5,bicycle
215782,9,1,62,0,2019,8,1,6,3,0,1,2,1,0,0,0,0,0,"690749,393972","5333209,82339","11,56333455","48,123543482",0,1,#66c2a5,bicycle
215783,9,1,62,0,2019,8,17,6,3,5,2,0,1,1,0,0,0,0,"689718,979","5333352,393","11,549565307","48,125132795",0,1,#66c2a5,bicycle
215788,9,7,72,125,2019,8,12,6,3,0,1,0,0,1,0,1,0,0,"634973,501","5347958,883","10,818966777","48,270444266",0,2,#fc8d62,car
215789,9,1,62,0,2019,8,18,2,3,5,3,0,1,1,0,0,0,0,"690840,78215","5339419,97669","11,567345886","48,179332433",1,1,#66c2a5,bicycle
215800,9,1,62,0,2019,8,22,2,3,0,1,2,1,0,0,0,0,0,"692049,394445","5334953,09405","11,581571662","48,13882091",1,1,#66c2a5,bicycle
215808,9,2,61,0,2019,8,20,6,3,2,6,0,0,1,0,0,0,0,"728466,549918","5381047,96592","12,095416281","48,540890181",0,2,#fc8d62,car
215816,9,1,79,145,2019,8,8,6,3,5,3,0,1,1,0,0,0,0,"674676,867251","5335294,05008","11,34839964","48,146892479",0,1,#66c2a5,bicycle
215817,9,1,78,124,2019,8,13,6,3,2,2,0,1,1,0,0,0,0,"702851,489198","5365317,29246","11,741176475","48,408337387",0,1,#66c2a5,bicycle
215818,9,1,62,0,2019,8,15,5,3,6,4,0,0,0,1,0,0,1,"690359,337836","5333885,36339","11,558400038","48,129731986",0,3,#8da0cb,toilet
215819,9,1,62,0,2019,8,20,5,3,0,1,2,1,0,0,0,0,0,"693396,493484","5335134,51478","11,599742787","48,140043478",0,1,#66c2a5,bicycle
215820,9,1,62,0,2019,8,5,5,3,0,7,2,0,0,0,0,0,1,"691733,274","5335366,519","11,577512892","48,142632041",0,6,#ffd92f,circle
215821,9,1,62,0,2019,8,10,5,3,5,3,0,1,1,0,0,0,0,"693069,429688","5332339,41533","11,594084647","48,115021145",0,1,#66c2a5,bicycle
215822,9,1,84,123,2019,8,11,5,2,0,7,0,0,1,0,0,0,0,"702831,777","5332032,179","11,724955511","48,10922592",0,2,#fc8d62,car
215823,9,1,62,0,2019,8,19,5,3,4,6,0,1,0,0,0,0,0,"679795,307988","5336453,19861","11,417640278","48,155885927",0,1,#66c2a5,bicycle
215824,9,1,62,0,2019,8,22,5,3,1,5,2,1,1,0,0,0,0,"688223,73683","5337856,82852","11,531483088","48,166063279",0,1,#66c2a5,bicycle
215825,9,1,62,0,2019,8,21,5,3,1,5,2,0,1,0,0,0,1,"692736,468575","5337335,97247","11,591876613","48,160029867",0,2,#fc8d62,car
215826,9,1,62,0,2019,8,18,5,3,0,1,0,0,0,0,1,0,0,"686720,700178","5336516,32774","11,510700103","48,154457723",0,4,#e78ac3,marker
215827,9,1,62,0,2019,8,10,5,3,6,7,0,0,1,1,0,0,0,"696670,598308","5329442,90814","11,641082438","48,087887043",0,2,#fc8d62,car
215828,9,1,62,0,2019,8,12,5,3,5,7,0,1,1,0,0,0,0,"691464,969935","5333950,76775","11,573273451","48,129988228",0,1,#66c2a5,bicycle
215829,9,1,62,0,2019,8,9,5,3,4,5,0,1,1,0,0,0,0,"683268,403926","5339603,71071","11,465655225","48,183213168",0,1,#66c2a5,bicycle
215830,9,1,62,0,2019,8,11,5,3,4,6,0,1,0,0,0,0,0,"685844,121715","5329872,28102","11,49602812","48,09499491",0,1,#66c2a5,bicycle
215831,9,1,62,0,2019,8,18,5,2,0,1,0,1,0,0,0,0,0,"692127,041835","5332334,64491","11,581433915","48,115263266",0,1,#66c2a5,bicycle
215832,9,1,62,0,2019,8,17,5,3,5,2,0,0,1,0,1,0,0,"692169,985175","5334413,97416","11,582947748","48,133938991",0,2,#fc8d62,car
215835,9,7,72,147,2019,8,18,5,3,0,7,0,1,0,0,0,0,0,"638702,977157","5364779,66798","10,874740247","48,42088822",0,1,#66c2a5,bicycle
215836,9,7,61,0,2019,8,8,5,3,2,2,0,0,1,0,0,0,0,"641788,202034","5361465,91535","10,915297352","48,390405775",0,2,#fc8d62,car
215837,9,7,61,0,2019,8,15,5,3,5,1,0,1,1,0,0,0,0,"639487,629785","5357581,46242","10,882949745","48,355990833",0,1,#66c2a5,bicycle
215838,9,7,61,0,2019,8,19,5,3,1,1,0,1,1,0,0,0,0,"640621,381473","5359082,9985","10,89874752","48,369240685",0,1,#66c2a5,bicycle
215858,9,1,62,0,2019,8,21,2,3,2,6,2,0,1,0,0,0,0,"689060,905376","5337512,6524","11,542577974","48,162721385",1,2,#fc8d62,car
215874,9,1,73,126,2019,8,18,5,3,0,7,0,1,0,0,0,0,0,"685625,274832","5303603,30497","11,481743063","47,858933834",0,1,#66c2a5,bicycle
215876,9,1,82,125,2019,8,15,5,3,0,7,0,1,0,0,0,0,0,"712463,517709","5296464,84432","11,836634387","47,786472548",0,1,#66c2a5,bicycle
215879,9,1,79,134,2019,8,17,5,3,5,3,0,1,1,0,0,0,0,"667389,626885","5342697,44775","11,253424962","48,21540801",0,1,#66c2a5,bicycle
215880,9,1,74,115,2019,8,14,5,3,0,1,0,1,0,0,0,0,0,"681535,951","5347084,653","11,445571587","48,250954138",0,1,#66c2a5,bicycle
215881,9,1,62,0,2019,8,6,4,3,5,2,0,0,1,0,0,0,0,"686756,807221","5336947,03147","11,511374165","48,158318411",1,2,#fc8d62,car
215882,9,1,62,0,2019,8,8,4,3,3,2,0,1,1,0,0,0,0,"692259,283538","5338597,8936","11,586036796","48,171516165",0,1,#66c2a5,bicycle
215883,9,1,62,0,2019,8,18,4,3,3,6,0,1,0,0,0,0,0,"689945,883462","5333541,79384","11,552695866","48,12676748",0,1,#66c2a5,bicycle
215884,9,1,62,0,2019,8,8,4,3,6,2,0,0,1,1,0,0,0,"690305,410548","5335770,38649","11,558518245","48,146690684",0,2,#fc8d62,car
215885,9,1,62,0,2019,8,15,4,3,0,7,0,1,1,0,0,0,0,"691387,734728","5336288,51394","11,57328708","48,15102285",0,1,#66c2a5,bicycle
215886,9,1,62,0,2019,8,15,4,3,3,7,0,0,1,0,0,0,0,"689533,703161","5333571,88696","11,547175613","48,127160813",0,2,#fc8d62,car
215887,9,1,62,0,2019,8,15,6,3,5,3,0,0,1,0,0,0,0,"679771,856111","5335409,20718","11,416884256","48,146508187",0,2,#fc8d62,car
215888,9,1,62,0,2019,8,20,6,3,5,3,2,0,1,0,0,0,0,"686488,639267","5338350,03446","11,508386804","48,171007723",0,2,#fc8d62,car
215889,9,1,62,0,2019,8,15,6,3,4,6,0,1,0,0,0,0,0,"690372,94495","5338544,12925","11,560666425","48,171600727",0,1,#66c2a5,bicycle
215890,9,1,62,0,2019,8,13,6,3,3,6,0,0,1,0,1,0,0,"686211,75403","5334239,83698","11,502867848","48,134145022",0,2,#fc8d62,car
215891,9,1,84,131,2019,8,10,6,3,5,2,0,1,1,0,0,0,0,"704821,114565","5339177,3395","11,755085869","48,172799848",0,1,#66c2a5,bicycle
215892,9,1,62,0,2019,8,18,6,3,0,7,0,0,1,0,1,0,0,"693785,224054","5332081,38159","11,603574555","48,112484613",0,2,#fc8d62,car
215893,9,1,62,0,2019,8,10,6,3,0,7,0,1,1,0,0,0,0,"693479,112167","5335339,04015","11,600945126","48,141856571",0,1,#66c2a5,bicycle
215894,9,1,62,0,2019,8,17,6,3,3,6,0,1,1,0,0,0,0,"692312,951849","5337727,75467","11,586364405","48,163679342",0,1,#66c2a5,bicycle
215895,9,1,62,0,2019,8,9,6,3,0,7,0,1,0,0,0,0,0,"692207,932955","5335696,64674","11,584036138","48,145455948",0,1,#66c2a5,bicycle
215901,9,7,72,200,2019,8,19,6,3,5,3,0,0,1,0,1,0,0,"630340,428944","5338483,5252","10,753645906","48,186206634",0,2,#fc8d62,car
215902,9,7,72,184,2019,8,10,6,3,8,7,0,0,0,1,0,0,1,"634944,231992","5360924,28617","10,822723835","48,387036997",0,3,#8da0cb,toilet
215903,9,7,61,0,2019,8,17,6,3,5,3,0,1,1,0,0,0,0,"638087,398167","5360318,86561","10,864957242","48,380912887",0,1,#66c2a5,bicycle
215904,9,7,61,0,2019,8,19,6,3,5,1,0,1,1,0,0,0,0,"639730,371107","5356609,69358","10,8859021","48,347199257",0,1,#66c2a5,bicycle
215905,9,7,61,0,2019,8,10,6,3,5,3,0,1,1,0,0,0,0,"640872,149671","5358274,19614","10,901860712","48,361912296",0,1,#66c2a5,bicycle
215933,9,2,74,113,2019,8,23,6,3,2,6,2,1,0,0,0,0,0,"729394,585624","5382616,50631","12,108834467","48,554641942",0,1,#66c2a5,bicycle
215934,9,2,61,0,2019,8,17,6,3,4,6,0,1,0,0,0,0,0,"731760,665853","5380616,28855","12,139737781","48,535804608",0,1,#66c2a5,bicycle
215937,9,1,83,114,2019,8,13,6,3,1,7,0,1,1,0,0,0,0,"742854,741461","5356586,43562","12,275866615","48,315780649",0,1,#66c2a5,bicycle
215938,9,1,87,165,2019,8,8,6,3,7,7,0,1,0,0,0,0,1,"733320,010996","5299130,62286","12,116119468","47,803207747",0,1,#66c2a5,bicycle
215939,9,1,87,122,2019,8,7,6,3,5,3,0,1,1,0,0,0,0,"720771,633105","5306596,47118","11,952572132","47,874717123",0,1,#66c2a5,bicycle
215945,9,1,88,117,2019,8,18,6,2,0,1,0,1,0,0,0,0,0,"665170,747976","5319855,41184","11,214730958","48,010633757",0,1,#66c2a5,bicycle
215946,9,1,78,143,2019,8,14,6,3,4,6,0,1,1,0,0,0,0,"716284,158093","5371345,74158","11,925567319","48,458036592",0,1,#66c2a5,bicycle
215947,9,1,62,0,2019,8,10,5,3,3,6,0,0,1,0,1,0,0,"690371,850308","5333576,61708","11,558430107","48,126953231",0,2,#fc8d62,car
215948,9,1,62,0,2019,8,8,5,3,2,6,0,1,0,0,0,1,0,"692838,715487","5339302,77055","11,594142094","48,177675843",0,1,#66c2a5,bicycle
215949,9,1,62,0,2019,8,8,5,3,1,5,0,1,1,0,0,0,0,"688469,913517","5335995,06556","11,533965946","48,149256581",0,1,#66c2a5,bicycle
215950,9,1,84,148,2019,8,17,5,3,3,6,0,0,1,0,1,0,0,"694736,717905","5326898,65885","11,613981247","48,065613834",0,2,#fc8d62,car
215951,9,1,62,0,2019,8,15,5,3,0,5,0,1,1,0,0,0,0,"692915,744404","5334251,59752","11,592887313","48,132253975",0,1,#66c2a5,bicycle
215952,9,1,62,0,2019,8,6,5,3,2,6,0,0,1,0,0,0,0,"689061,683704","5331344,2033","11,539850834","48,107278422",0,2,#fc8d62,car
215953,9,1,62,0,2019,8,12,5,3,5,3,0,1,1,0,0,0,0,"690897,377","5333097,125","11,565270645","48,122486199",0,1,#66c2a5,bicycle
215958,9,7,72,163,2019,8,15,5,3,0,1,0,1,0,0,0,0,0,"640423,808871","5346170,00562","10,891783073","48,253173927",0,1,#66c2a5,bicycle
215959,9,7,61,0,2019,8,12,5,3,1,6,0,0,1,0,0,0,0,"639285,601554","5361421,25338","10,881496151","48,390561857",0,2,#fc8d62,car
215960,9,7,61,0,2019,8,15,5,3,3,2,0,1,1,0,0,0,0,"639282,186476","5361290,04304","10,881406538","48,389382805",0,1,#66c2a5,bicycle
215996,9,1,73,126,2019,8,9,5,2,0,7,0,1,0,0,0,0,0,"684106,093812","5306088,62872","11,462510394","47,881711672",0,1,#66c2a5,bicycle
216001,9,1,87,150,2019,8,18,5,3,5,3,0,0,1,0,0,0,0,"730457,725327","5304093,09113","12,080588981","47,84882361",0,2,#fc8d62,car
216002,9,1,63,0,2019,8,8,5,3,5,3,0,0,1,0,0,0,1,"733195,245778","5305543,88522","12,117908507","47,860870523",0,2,#fc8d62,car
216003,9,1,87,129,2019,8,14,5,3,2,6,0,1,0,0,0,0,0,"723340,280361","5298081,71672","11,982485419","47,7973221",0,1,#66c2a5,bicycle
216007,9,1,86,149,2019,8,13,5,3,5,3,0,0,1,0,0,0,0,"687559,422531","5384272,91666","11,543263502","48,583437992",0,2,#fc8d62,car
216008,9,1,78,124,2019,8,16,5,3,5,3,0,1,1,0,0,0,0,"704688,693854","5362754,98135","11,764724281","48,384718416",0,1,#66c2a5,bicycle
216009,9,1,75,116,2019,8,17,5,1,8,1,0,0,0,0,1,0,0,"708139,474941","5320219,02502","11,790428988","48,001356143",0,4,#e78ac3,marker
216010,9,1,75,122,2019,8,10,5,3,6,4,0,0,1,1,0,0,0,"721078,678855","5325537,56056","11,966408309","48,044801329",0,2,#fc8d62,car
216011,9,1,62,0,2019,8,22,4,3,0,1,2,1,0,0,0,0,0,"691000,490466","5334195,63236","11,567147155","48,132328601",0,1,#66c2a5,bicycle
216012,9,1,62,0,2019,8,16,4,3,3,6,0,1,0,0,0,1,0,"691826,405782","5335668,8357","11,578899766","48,145321142",0,1,#66c2a5,bicycle
216013,9,1,84,138,2019,8,12,4,3,5,3,0,1,1,0,0,0,0,"680951,597748","5331493,50336","11,4310674","48,110975945",0,1,#66c2a5,bicycle
216014,9,1,62,0,2019,8,6,4,3,5,2,0,0,1,0,1,0,0,"698150,591909","5334846,77481","11,663445389","48,135994836",0,2,#fc8d62,car
216015,9,1,62,0,2019,8,14,4,3,3,6,0,0,1,0,0,0,1,"686232,544957","5332705,54894","11,502476562","48,120348154",0,2,#fc8d62,car
216016,9,1,62,0,2019,8,14,4,3,0,7,0,1,0,0,0,1,0,"687507,526898","5338925,34535","11,522331488","48,175878966",0,1,#66c2a5,bicycle
216017,9,1,84,120,2019,8,7,4,3,5,3,0,1,0,0,0,0,1,"680296,978906","5332853,65174","11,422855941","48,123387894",0,1,#66c2a5,bicycle
216018,9,1,62,0,2019,8,19,4,3,0,1,0,0,0,0,1,0,0,"683769,919468","5339541,72567","11,472369192","48,182511149",0,4,#e78ac3,marker
216019,9,1,62,0,2019,8,23,4,3,0,7,2,1,0,0,0,0,1,"687550,168616","5334737,34291","11,521058496","48,13822372",0,1,#66c2a5,bicycle
216020,9,1,62,0,2019,8,15,4,3,0,3,0,1,1,0,0,0,0,"692247,001523","5332320,49404","11,583037625","48,115099879",0,1,#66c2a5,bicycle
216021,9,1,62,0,2019,8,17,4,3,3,2,0,1,1,0,0,0,0,"692679,547","5334186,521","11,589686634","48,13174063",0,1,#66c2a5,bicycle
216022,9,1,62,0,2019,8,7,4,3,3,6,0,1,0,0,0,0,0,"683635,823799","5332017,99525","11,467321128","48,11492219",0,1,#66c2a5,bicycle
216029,9,7,72,185,2019,8,23,4,3,9,1,2,0,1,0,0,0,0,"634793,030296","5383958,23612","10,828114959","48,594187141",0,2,#fc8d62,car
216030,9,7,72,147,2019,8,17,4,3,8,1,0,1,0,0,0,0,0,"639589,75885","5365506,33797","10,886961375","48,427226314",0,1,#66c2a5,bicycle
216031,9,7,61,0,2019,8,19,4,3,0,1,0,1,0,0,0,0,0,"637765,095636","5358587,58166","10,860039447","48,365415901",0,1,#66c2a5,bicycle
216061,9,2,74,126,2019,8,8,4,3,0,6,0,1,1,0,0,0,0,"733717,615761","5383511,39207","12,16783159","48,561084436",0,1,#66c2a5,bicycle
216068,9,1,63,0,2019,8,7,4,3,5,2,0,1,1,0,0,0,0,"734438,459","5304922,507","12,134168296","47,854835764",0,1,#66c2a5,bicycle
216069,9,1,63,0,2019,8,15,4,3,5,3,0,0,1,0,1,0,0,"733808,411065","5303949,62751","12,125232578","47,84632489",0,2,#fc8d62,car
216071,9,1,87,130,2019,8,19,4,2,8,1,1,1,0,0,0,0,0,"714076,017233","5308236,38816","11,863956116","47,891720323",0,1,#66c2a5,bicycle
216072,9,1,87,150,2019,8,18,4,3,5,3,0,1,0,0,0,0,0,"727460,972786","5304695,97887","12,040906268","47,855307701",0,1,#66c2a5,bicycle
216073,9,1,88,139,2019,8,21,4,3,0,1,2,1,0,0,0,0,0,"674417,336801","5318013,06537","11,337863068","47,991615296",1,1,#66c2a5,bicycle
216074,9,1,88,121,2019,8,18,4,3,5,2,0,0,1,0,1,0,0,"670243,571709","5331852,68677","11,287472101","48,117157285",0,2,#fc8d62,car
216075,9,1,74,121,2019,8,18,4,2,0,3,0,1,0,0,0,0,1,"689229,966","5354543,92","11,55245769","48,315746416",0,1,#66c2a5,bicycle
216076,9,1,62,0,2019,8,17,3,3,6,7,0,1,0,1,0,0,0,"692014,408413","5336361,08493","11,581736847","48,151486232",0,1,#66c2a5,bicycle
216077,9,1,62,0,2019,8,14,3,3,2,6,0,0,1,0,0,0,0,"690971,761074","5335910,05406","11,567530183","48,147746317",0,2,#fc8d62,car
216078,9,1,62,0,2019,8,17,3,2,6,4,0,0,0,1,0,0,1,"688699,425","5343205,068","11,540250414","48,213992471",0,3,#8da0cb,toilet
216079,9,1,62,0,2019,8,16,3,2,4,2,0,0,1,1,0,0,0,"688599,224445","5335665,60145","11,535556796","48,146256986",0,2,#fc8d62,car
216080,9,1,62,0,2019,8,21,3,3,0,6,2,1,0,0,0,0,0,"692995,608205","5335309,48294","11,594438894","48,141737762",0,1,#66c2a5,bicycle
216081,9,1,62,0,2019,8,10,3,3,1,7,0,0,1,1,0,0,1,"690096,218499","5333154,11003","11,554541244","48,12323809",0,2,#fc8d62,car
216082,9,1,62,0,2019,8,18,3,2,6,4,0,0,1,1,0,0,0,"689677,952076","5334639,9346","11,54958768","48,136717528",0,2,#fc8d62,car
216083,9,1,62,0,2019,8,14,3,3,4,2,0,0,1,0,1,0,0,"699771,27505","5334844,09363","11,685203865","48,135464068",0,2,#fc8d62,car
216084,9,1,62,0,2019,8,16,3,3,4,6,0,1,0,0,0,0,0,"691764,233","5333646,878","11,577154558","48,127166818",0,1,#66c2a5,bicycle
216085,9,1,62,0,2019,8,18,3,3,5,3,0,0,1,0,1,0,0,"688613,931562","5331791,0632","11,534039421","48,111427621",0,2,#fc8d62,car
216086,9,1,62,0,2019,8,18,3,2,1,5,0,1,1,0,0,0,0,"690226,487446","5333325,64498","11,556366562","48,124740942",0,1,#66c2a5,bicycle
216087,9,1,62,0,2019,8,16,3,3,1,5,0,1,1,0,0,0,0,"690651,814733","5334968,88242","11,56281171","48,139383084",0,1,#66c2a5,bicycle
216093,9,7,62,0,2019,8,11,3,3,5,3,0,0,1,0,1,0,0,"621212,955851","5304648,56155","10,621317984","47,883719274",0,2,#fc8d62,car
216094,9,7,61,0,2019,8,16,3,3,0,1,0,1,0,0,0,0,0,"639283,406664","5359669,88023","10,880886026","48,374814467",0,1,#66c2a5,bicycle
216095,9,7,71,113,2019,8,16,3,3,0,1,0,1,0,0,0,0,0,"658981,818342","5364677,7111","11,148607174","48,415181139",0,1,#66c2a5,bicycle
216132,9,1,63,0,2019,8,16,3,3,6,4,0,0,1,1,0,0,0,"732206,873623","5306110,56966","12,105018027","47,866319622",0,2,#fc8d62,car
216133,9,1,87,117,2019,8,16,3,3,0,1,0,1,0,0,0,0,0,"723935,833921","5304829,24817","11,993915029","47,857743049",0,1,#66c2a5,bicycle
216136,9,1,79,123,2019,8,14,3,3,0,7,0,1,0,0,0,0,0,"676232,923213","5332992,41504","11,368348913","48,12577326",0,1,#66c2a5,bicycle
216137,9,1,74,141,2019,8,17,3,3,3,6,0,1,0,0,0,0,1,"680208,891882","5354465,63042","11,430858751","48,317677815",0,1,#66c2a5,bicycle
216138,9,1,77,133,2019,8,21,3,3,5,3,1,0,1,0,0,0,0,"706452,921465","5359498,8184","11,786926153","48,354883887",0,2,#fc8d62,car
216139,9,1,78,120,2019,8,18,3,3,2,1,1,0,1,0,0,0,0,"695670,55256","5353863,25104","11,638922679","48,307669278",0,2,#fc8d62,car
216140,9,1,75,122,2019,8,15,3,3,6,3,0,0,1,1,0,0,0,"720322,8356","5325124,68961","11,956068057","48,041352899",0,2,#fc8d62,car
216141,9,1,75,124,2019,8,1,3,2,1,1,2,1,0,0,0,0,1,"715015,200098","5328418,28341","11,886605555","48,072757369",0,1,#66c2a5,bicycle