OBJECTID,ULAND,UREGBEZ,UKREIS,UGEMEINDE,UJAHR,UMONAT,USTUNDE,UWOCHENTAG,UKATEGORIE,UART,UTYP1,ULICHTVERH,IstRad,IstPKW,IstFuss,IstKrad,IstGkfz,IstSonstig,LINREFX,LINREFY,XGCSWGS84,YGCSWGS84,STRZUSTAND,Teilnehmer,color,symbol
216142,9,1,62,0,2019,8,16,2,3,1,5,0,1,1,0,0,0,0,"690864,087856","5333853,7811","11,565162612","48,129296976",0,1,#66c2a5,bicycle
216143,9,1,62,0,2019,8,9,2,3,3,6,0,1,1,0,0,0,0,"691650,797594","5333950,95443","11,575768427","48,129933982",0,1,#66c2a5,bicycle
216144,9,1,62,0,2019,8,16,2,3,0,1,0,0,0,0,0,0,1,"690358,228227","5333961,01768","11,558418937","48,130412299",0,6,#ffd92f,circle
216145,9,1,62,0,2019,8,9,2,3,1,7,0,1,1,0,0,0,0,"691802,220747","5341532,92722","11,581220472","48,198033634",0,1,#66c2a5,bicycle
216146,9,1,62,0,2019,8,11,2,3,5,3,0,1,1,0,0,0,0,"687670,348988","5330423,49602","11,520773588","48,09941424",0,1,#66c2a5,bicycle
216147,9,1,62,0,2019,8,19,2,3,0,1,0,1,0,0,0,0,0,"691209,379593","5334048,81517","11,569885921","48,1309463",1,1,#66c2a5,bicycle
216148,9,1,62,0,2019,8,9,2,3,1,5,0,0,1,0,0,0,1,"693191,908","5336489,181","11,597610278","48,152280962",0,2,#fc8d62,car
216149,9,1,62,0,2019,9,17,3,3,2,6,0,0,1,0,0,0,0,"692284,446829","5337529,71303","11,585891929","48,161908013",0,2,#fc8d62,car
216155,9,7,62,0,2019,9,18,3,3,2,6,0,0,1,0,0,0,0,"622265,208953","5305441,03951","10,635611225","47,890647016",0,2,#fc8d62,car
216156,9,7,72,184,2019,9,10,3,3,4,6,0,0,1,0,0,0,1,"633342,329","5359169,067","10,800540874","48,371594504",0,2,#fc8d62,car
216157,9,7,71,145,2019,9,8,3,3,5,3,0,1,0,0,0,0,0,"647405,052604","5346006,29461","10,985719775","48,250116563",0,1,#66c2a5,bicycle
216158,9,7,72,125,2019,9,17,3,3,5,3,0,1,1,0,0,0,0,"635921,696131","5348984,29021","10,832068066","48,279462093",0,1,#66c2a5,bicycle
216159,9,7,61,0,2019,9,14,3,3,1,6,0,1,1,0,0,0,0,"637972,818527","5358567,14413","10,862835779","48,36518676",0,1,#66c2a5,bicycle
216160,9,7,61,0,2019,9,17,3,3,2,6,0,0,1,0,0,0,0,"637445,402106","5360782,81965","10,856443177","48,385224889",0,2,#fc8d62,car
216161,9,7,61,0,2019,9,16,3,3,2,6,0,0,1,0,0,0,0,"637230,430119","5360809,11505","10,85354977","48,385508138",0,2,#fc8d62,car
216188,9,2,61,0,2019,9,16,3,3,5,3,0,0,1,0,0,0,0,"724288,100284","5378238,79823","12,037376515","48,517160857",0,2,#fc8d62,car
216189,9,1,90,157,2019,9,9,3,3,2,6,0,0,1,0,0,0,0,"660389,78441","5301141,42933","11,143704307","47,843594498",0,2,#fc8d62,car
216193,9,1,63,0,2019,9,14,3,3,3,2,0,1,1,0,0,0,0,"733842,735421","5305646,57908","12,126607908","47,861557837",0,1,#66c2a5,bicycle
216194,9,1,63,0,2019,9,18,3,2,0,6,0,1,1,0,0,0,0,"732688,729879","5304484,13233","12,110576468","47,851533165",0,1,#66c2a5,bicycle
216195,9,1,63,0,2019,9,19,3,3,5,3,0,1,1,0,0,0,0,"733256,396387","5306517,55014","12,119250149","47,869595788",0,1,#66c2a5,bicycle
216196,9,1,63,0,2019,9,19,3,3,5,3,0,0,1,0,0,0,0,"732949,342284","5304299,31313","12,113955511","47,849778339",0,2,#fc8d62,car
216197,9,1,87,139,2019,9,16,3,3,5,3,0,1,1,0,0,0,0,"741660,123854","5315793,01234","12,236644706","47,949811071",0,1,#66c2a5,bicycle
216199,9,1,87,117,2019,9,22,3,3,5,3,2,1,1,0,0,0,0,"724846,664","5305246,944","12,006292255","47,861178031",0,1,#66c2a5,bicycle
216205,9,1,74,131,2019,9,14,3,3,3,6,0,1,0,0,0,0,0,"676182,144","5357772,3","11,377973103","48,348535932",0,1,#66c2a5,bicycle
216206,9,1,77,133,2019,9,8,3,3,0,7,0,0,1,0,0,0,0,"706252,481129","5359623,68774","11,7842849","48,356071451",0,2,#fc8d62,car
216207,9,1,75,132,2019,9,18,3,2,4,5,0,1,1,0,0,0,0,"708450,345701","5331085,38628","11,799883829","48,098904062",0,1,#66c2a5,bicycle
216208,9,1,75,132,2019,9,16,3,3,0,7,0,1,0,0,0,0,0,"706654,8852","5332237,21034","11,776354657","48,10983966",0,1,#66c2a5,bicycle
216209,9,1,78,120,2019,9,17,3,3,3,2,0,0,1,0,0,0,0,"695126,846277","5353330,83843","11,631351859","48,303052317",0,2,#fc8d62,car
216210,9,1,62,0,2019,9,13,2,3,6,5,0,0,1,1,0,0,0,"697004,905596","5331048,924","11,646307953","48,102217777",0,2,#fc8d62,car
216211,9,1,62,0,2019,9,5,2,3,5,3,1,0,1,0,0,0,0,"698108,465108","5331272,38125","11,661218939","48,103883888",0,2,#fc8d62,car
216212,9,1,62,0,2019,9,6,2,3,5,2,0,1,1,0,0,0,0,"690335,40007","5335881,15504","11,558970539","48,147677297",0,1,#66c2a5,bicycle
216213,9,1,62,0,2019,9,6,2,3,1,6,0,0,1,0,0,0,0,"693440,500512","5335203,7966","11,600365191","48,140652784",1,2,#fc8d62,car
216214,9,1,62,0,2019,9,16,2,3,6,7,0,0,1,1,0,0,0,"694007,864795","5342106,52906","11,611133756","48,202518873",0,2,#fc8d62,car
216215,9,1,62,0,2019,9,15,2,3,4,3,0,1,1,0,0,0,0,"686776,399343","5329836,61623","11,508521305","48,094401794",0,1,#66c2a5,bicycle
216216,9,1,62,0,2019,9,9,2,3,4,7,0,1,0,0,0,0,1,"689907,876284","5334440,34097","11,552586084","48,134855001",1,1,#66c2a5,bicycle
216217,9,1,62,0,2019,9,13,2,3,5,2,0,0,1,0,0,0,1,"686500,796322","5334863,74857","11,50702218","48,139668321",0,2,#fc8d62,car
216218,9,1,62,0,2019,9,8,2,3,0,7,0,1,0,0,0,0,0,"688265,809047","5332679,43453","11,529759294","48,119515499",1,1,#66c2a5,bicycle
216219,9,1,62,0,2019,9,13,2,3,6,6,0,0,0,1,0,0,1,"690412,472301","5334741,50567","11,559496062","48,137411093",0,3,#8da0cb,toilet
216220,9,1,62,0,2019,9,18,2,3,0,6,0,1,0,0,0,0,1,"690914,434581","5335931,81842","11,566770017","48,14795914",0,1,#66c2a5,bicycle
216223,9,7,62,0,2019,9,17,2,3,3,2,0,1,1,0,0,0,0,"621579,55963","5304900,76771","10,626290574","47,885918219",1,1,#66c2a5,bicycle
216225,9,7,61,0,2019,9,17,2,3,3,6,0,1,1,0,0,0,0,"639100,92882","5360036,79893","10,878544634","48,378153961",0,1,#66c2a5,bicycle
216226,9,7,61,0,2019,9,12,2,3,1,2,0,1,1,0,0,0,0,"641159,728237","5353641,56126","10,904188344","48,320192925",0,1,#66c2a5,bicycle
216227,9,7,61,0,2019,9,17,2,3,3,2,0,0,1,0,0,0,1,"641168,333271","5359192,48279","10,906165277","48,370103027",0,2,#fc8d62,car
216262,9,2,74,146,2019,9,17,2,2,5,3,0,0,0,1,1,0,0,"733793,737621","5373750,449","12,163392594","48,473377179",0,3,#8da0cb,toilet
216263,9,2,61,0,2019,9,10,2,3,2,6,0,0,1,0,0,0,0,"731521,044457","5383444,17136","12,13806841","48,561295416",0,2,#fc8d62,car
216270,9,1,88,141,2019,9,16,2,3,1,7,0,0,1,0,0,0,0,"669932,651302","5308583,28119","11,27407668","47,908047369",0,2,#fc8d62,car
216271,9,1,79,126,2019,9,18,2,3,5,3,0,0,1,0,1,0,0,"676334,34338","5341143,93088","11,373089988","48,199020917",0,2,#fc8d62,car
216272,9,1,79,142,2019,9,6,2,3,4,6,0,0,1,0,0,0,0,"671002,132656","5340944,95889","11,301310494","48,198690687",1,2,#fc8d62,car
216273,9,1,62,0,2019,9,16,1,3,5,3,0,0,1,0,1,0,0,"690211,978804","5343109,44041","11,560548338","48,212681467",0,2,#fc8d62,car
216274,9,1,62,0,2019,9,3,1,3,9,1,2,0,1,0,0,0,0,"690523,070418","5341812,90193","11,564149633","48,200935078",0,2,#fc8d62,car
216275,9,1,62,0,2019,9,16,1,2,5,3,0,0,1,0,0,0,0,"691325,268","5336701,067","11,572633533","48,154749615",0,2,#fc8d62,car
216276,9,1,62,0,2019,9,22,1,3,0,7,2,0,1,0,1,0,0,"691523,872907","5332864,43938","11,573576143","48,120206694",1,2,#fc8d62,car
216277,9,1,62,0,2019,9,1,1,3,1,1,2,1,1,0,0,0,0,"695910,602503","5333677,7161","11,632832182","48,126181467",0,1,#66c2a5,bicycle
216278,9,1,62,0,2019,9,19,1,3,0,7,0,0,1,0,1,0,0,"692952,11402","5331329,60214","11,592053296","48,105980706",0,2,#fc8d62,car
216279,9,1,62,0,2019,9,10,1,3,4,2,0,1,1,0,0,0,0,"693633,836","5333344,025","11,602116165","48,123878934",0,1,#66c2a5,bicycle
216280,9,1,62,0,2019,9,18,1,3,3,6,0,0,1,0,0,0,0,"692673,867289","5332564,90749","11,588877375","48,117167621",0,2,#fc8d62,car
216281,9,1,62,0,2019,9,13,1,3,0,1,0,1,0,0,0,0,0,"691305,965063","5337342,52476","11,572662665","48,160520754",0,1,#66c2a5,bicycle
216285,9,7,72,200,2019,9,19,1,3,5,3,0,1,1,0,0,0,0,"630525,519773","5338837,50151","10,756243756","48,189351814",0,1,#66c2a5,bicycle
216286,9,7,71,146,2019,9,17,1,3,9,1,0,0,1,0,0,0,0,"648107,098185","5347296,0973","10,995622653","48,261549926",0,2,#fc8d62,car
216287,9,7,61,0,2019,9,23,1,3,4,2,2,0,1,0,0,0,0,"639845,769504","5360014,14959","10,888590432","48,377785656",1,2,#fc8d62,car
216303,9,1,62,0,2019,9,14,3,3,6,4,0,0,0,1,0,0,1,"694741,008542","5336688,45126","11,618507804","48,1535995",0,3,#8da0cb,toilet
216306,9,2,61,0,2019,9,17,1,3,0,1,0,1,0,0,0,0,0,"734747,396536","5382453,80075","12,181170709","48,551200064",0,1,#66c2a5,bicycle
216308,9,1,90,158,2019,9,22,1,2,8,1,2,0,1,0,0,0,0,"651602,509597","5301555,93385","11,026480561","47,84945407",1,2,#fc8d62,car
216309,9,1,90,139,2019,9,10,1,3,6,6,0,0,1,1,0,0,0,"655835,942849","5297432,52606","11,081547273","47,811365923",0,2,#fc8d62,car
216310,9,1,90,148,2019,9,20,1,3,0,3,2,0,1,0,0,0,0,"641583,671341","5297901,08256","10,891441084","47,818872966",1,2,#fc8d62,car
216313,9,1,63,0,2019,9,17,1,3,0,7,0,1,0,0,0,0,0,"731299,257169","5303817,77363","12,091673912","47,846047854",1,1,#66c2a5,bicycle
216314,9,1,63,0,2019,9,15,1,3,8,1,0,0,0,0,1,0,0,"733507,61722","5305907,31755","12,122274875","47,864022181",0,4,#e78ac3,marker
216317,9,1,87,122,2019,9,13,1,3,0,7,0,0,0,0,1,0,0,"719418,398759","5308306,64195","11,935367539","47,890547683",0,4,#e78ac3,marker
216319,9,1,79,121,2019,9,15,1,3,0,1,0,0,0,0,1,0,0,"666374,599147","5337362,31914","11,237681153","48,167712083",0,4,#e78ac3,marker
216320,9,1,81,114,2019,9,18,1,2,0,6,0,0,1,0,1,0,0,"657265,754141","5313091,52497","11,106334654","47,951812924",0,2,#fc8d62,car
216321,9,1,74,115,2019,9,14,1,3,5,3,0,1,1,0,0,0,0,"680697,615433","5348569,94668","11,434922785","48,26454448",0,1,#66c2a5,bicycle
216322,9,1,62,0,2019,8,18,7,3,5,3,1,1,1,0,0,0,0,"696825,783","5337159,954","11,646727122","48,157195302",0,1,#66c2a5,bicycle
216323,9,1,62,0,2019,8,11,7,3,5,3,0,1,1,0,0,0,0,"690838,053655","5339419,40006","11,56730896","48,17932807",0,1,#66c2a5,bicycle
216324,9,1,62,0,2019,8,9,7,3,1,5,0,0,1,0,0,0,0,"692726,630498","5330083,45174","11,588464732","48,094848766",0,2,#fc8d62,car
216325,9,1,62,0,2019,8,18,7,3,1,5,0,1,1,0,0,0,0,"691741,415","5335366,146","11,577622051","48,142626235",0,1,#66c2a5,bicycle
216326,9,1,62,0,2019,8,13,7,3,0,2,0,1,1,0,0,0,0,"691224,859344","5331866,11989","11,569114724","48,111323719",0,1,#66c2a5,bicycle
216327,9,1,84,139,2019,8,14,7,3,0,7,0,1,0,0,0,0,0,"688177,918907","5325822,93514","11,525558373","48,057913299",0,1,#66c2a5,bicycle
216328,9,1,62,0,2019,8,19,7,3,3,6,0,0,1,0,0,0,1,"691764,824791","5334454,08076","11,577525781","48,134421671",0,2,#fc8d62,car
216329,9,1,84,147,2019,8,14,7,3,0,7,0,1,1,0,0,0,0,"696459,912822","5340818,25057","11,64350331","48,190186767",0,1,#66c2a5,bicycle
216330,9,1,62,0,2019,8,11,7,3,5,2,0,1,1,0,0,0,0,"686248,381944","5333358,90105","11,502974626","48,126216111",0,1,#66c2a5,bicycle
216331,9,1,62,0,2019,8,11,7,3,5,2,0,1,0,0,0,0,1,"696011,440515","5334976,09662","11,634783153","48,137819567",0,1,#66c2a5,bicycle
216332,9,1,62,0,2019,8,10,7,3,2,6,0,0,1,0,0,0,0,"689839,476055","5331417,14244","11,550321425","48,107702692",0,2,#fc8d62,car
216340,9,7,72,167,2019,8,22,7,3,0,7,2,1,0,0,0,0,0,"625550,70288","5355839,28136","10,694385258","48,343249056",0,1,#66c2a5,bicycle
216341,9,7,72,125,2019,8,13,7,3,5,3,0,1,0,0,0,0,0,"636410,712021","5348336,31438","10,838446792","48,273530247",0,1,#66c2a5,bicycle
216342,9,7,72,163,2019,8,9,7,3,5,3,0,0,1,0,0,0,0,"639887,742","5349756,979","10,885751963","48,28554615",0,2,#fc8d62,car
216343,9,7,61,0,2019,8,18,7,3,0,1,0,1,0,0,0,0,0,"638902,133871","5359130,6727","10,875562052","48,370050076",0,1,#66c2a5,bicycle
216344,9,7,61,0,2019,8,23,7,3,0,1,2,1,0,0,0,0,0,"639251,472657","5358868,87615","10,880189764","48,367619084",0,1,#66c2a5,bicycle
216345,9,7,61,0,2019,8,23,7,3,0,1,2,1,0,0,0,0,0,"639277,662086","5360307,0418","10,881019615","48,380544926",0,1,#66c2a5,bicycle
216346,9,7,61,0,2019,8,3,7,3,0,7,2,1,0,0,0,0,0,"640733,898758","5357921,46353","10,899877321","48,358771476",0,1,#66c2a5,bicycle
216379,9,2,61,0,2019,8,1,7,3,6,4,2,0,1,1,0,0,0,"732655,066126","5380748,42115","12,151909203","48,536660629",0,2,#fc8d62,car
216380,9,2,61,0,2019,8,11,7,3,1,7,0,0,1,0,0,0,1,"733501,985867","5379046,70486","12,162411826","48,521060227",0,2,#fc8d62,car
216381,9,1,90,140,2019,8,21,7,2,5,3,2,0,1,0,0,0,0,"646509,858278","5296231,25799","10,956647555","47,802754618",0,2,#fc8d62,car
216389,9,1,63,0,2019,8,21,7,3,4,6,2,1,1,0,0,0,0,"732857,489302","5305922,06539","12,113603124","47,864390611",1,1,#66c2a5,bicycle
216390,9,1,63,0,2019,8,16,7,3,0,7,0,1,1,0,0,0,0,"734057,881284","5304943,55894","12,129099658","47,855163594",0,1,#66c2a5,bicycle
216391,9,1,82,125,2019,8,15,7,2,5,6,0,0,1,0,1,0,0,"708839,207537","5296065,30166","11,78811318","47,784067014",0,2,#fc8d62,car
216392,9,1,87,169,2019,8,20,7,3,0,7,2,1,0,0,0,0,0,"736134,434646","5303082,5662","12,155802229","47,837685356",0,1,#66c2a5,bicycle
216393,9,1,87,122,2019,8,11,7,3,0,1,0,1,0,0,0,0,0,"721336,663173","5307939,582","11,960806534","47,886590979",0,1,#66c2a5,bicycle
216395,9,1,85,158,2019,8,9,7,3,5,3,0,1,1,0,0,0,0,"667005,069208","5380081,62995","11,263109237","48,551578324",0,1,#66c2a5,bicycle
216397,9,1,81,130,2019,8,16,7,3,2,6,0,0,1,0,0,0,0,"639272,764749","5323951,19045","10,869012562","48,053633373",0,2,#fc8d62,car
216398,9,1,88,126,2019,8,20,7,2,8,6,2,1,1,0,1,0,0,"659288,319594","5327044,30231","11,138587894","48,07676117",0,1,#66c2a5,bicycle
216399,9,1,79,118,2019,8,15,7,3,0,7,0,1,0,0,0,0,0,"672826,056031","5338147,13388","11,324697336","48,173045888",0,1,#66c2a5,bicycle
216400,9,1,74,126,2019,8,17,7,3,5,3,0,0,1,0,1,0,0,"682423,977","5342694,567","11,455633434","48,21123869",0,2,#fc8d62,car
216401,9,1,77,139,2019,8,8,7,3,5,3,0,0,1,0,0,0,0,"731838,816","5360158,315","12,129473394","48,352001629",0,2,#fc8d62,car
216402,9,1,62,0,2019,8,2,6,3,7,1,2,1,0,1,0,0,0,"692066,215349","5336493,94491","11,582492641","48,152664709",0,1,#66c2a5,bicycle
216403,9,1,62,0,2019,8,19,6,3,6,4,0,1,0,1,0,0,0,"694033,461937","5336329,44223","11,608840639","48,15058912",0,1,#66c2a5,bicycle
216404,9,1,62,0,2019,8,19,6,3,5,3,0,1,1,0,0,0,0,"688694,577171","5335654,86024","11,536832669","48,146132167",0,1,#66c2a5,bicycle
216405,9,1,62,0,2019,8,17,6,3,3,3,0,0,1,0,1,0,0,"688647,799785","5336184,26665","11,53643904","48,150904413",1,2,#fc8d62,car
216406,9,1,62,0,2019,8,8,6,3,5,3,0,1,1,0,0,0,0,"687944,584152","5334333,9919","11,526176943","48,134481943",0,1,#66c2a5,bicycle
216407,9,1,62,0,2019,8,13,6,3,6,6,0,1,0,1,0,0,0,"686204,785492","5335325,23372","11,503248811","48,143903012",0,1,#66c2a5,bicycle
216408,9,1,62,0,2019,8,11,6,3,6,4,0,0,0,1,0,0,1,"692139,670964","5334929,76987","11,582773379","48,138584024",0,3,#8da0cb,toilet
216409,9,1,62,0,2019,8,15,6,3,2,6,0,0,1,0,0,0,0,"694046,540349","5334723,57095","11,608284484","48,13615216",0,2,#fc8d62,car
216410,9,1,62,0,2019,8,18,6,3,6,2,0,0,0,1,0,0,1,"690200,550147","5332820,53119","11,555792994","48,120208712",0,3,#8da0cb,toilet
216411,9,1,62,0,2019,8,19,6,3,3,4,0,0,0,1,0,1,0,"686693,11905","5339466,48513","11,511624821","48,180982642",0,3,#8da0cb,toilet
216412,9,1,84,121,2019,9,19,3,2,0,1,0,1,0,0,0,0,0,"705517,366","5331228,534","11,760605015","48,101143143",0,1,#66c2a5,bicycle
216428,9,2,74,134,2019,9,14,7,3,4,6,0,0,1,0,0,0,0,"740483,351356","5373989,42368","12,253895296","48,473001866",0,2,#fc8d62,car
216429,9,2,61,0,2019,9,10,7,2,0,1,0,0,0,0,0,0,1,"731262,725738","5381742,27453","12,133627427","48,546102859",0,6,#ffd92f,circle
216430,9,1,90,157,2019,9,21,7,2,0,7,2,1,0,0,0,0,0,"659993,736956","5301537,94205","11,138561321","47,847258296",1,1,#66c2a5,bicycle
216431,9,1,90,157,2019,9,20,7,2,5,3,2,1,1,0,0,0,0,"660124,089724","5300655,16202","11,139975805","47,839288629",0,1,#66c2a5,bicycle
216432,9,1,90,157,2019,9,13,7,3,2,6,0,0,1,0,0,0,0,"660999,048493","5301623,16691","11,152020792","47,84777354",0,2,#fc8d62,car
216435,9,1,63,0,2019,9,2,7,3,2,6,2,1,1,0,0,0,0,"733307,044479","5304643,84337","12,118915556","47,852743909",1,1,#66c2a5,bicycle
216436,9,1,63,0,2019,9,14,7,3,5,2,0,0,1,0,0,0,0,"733782,090054","5303899,48282","12,12485421","47,84588396",1,2,#fc8d62,car
216437,9,1,87,137,2019,9,11,7,3,8,1,0,1,0,0,0,0,0,"729991,7","5308636,127","12,076786","47,889807023",1,1,#66c2a5,bicycle
216439,9,1,79,142,2019,9,9,7,3,9,7,0,0,1,0,0,0,0,"678280,80606","5342014,29142","11,399627177","48,206301039",1,2,#fc8d62,car
216440,9,1,74,115,2019,9,20,7,3,1,1,2,0,1,0,0,0,0,"681208,677823","5347903,29774","11,441517385","48,258406267",1,2,#fc8d62,car
216441,9,1,75,115,2019,9,14,7,3,2,6,0,0,1,0,0,0,0,"720273,882173","5328941,65916","11,957377406","48,075665658",1,2,#fc8d62,car
216442,9,1,62,0,2019,9,21,6,3,4,2,2,0,1,0,0,0,0,"692231,830175","5330450,25537","11,581991364","48,098294996",1,2,#fc8d62,car
216443,9,1,62,0,2019,9,8,6,3,3,6,0,0,1,0,0,0,1,"691105,414","5335530,697","11,569154932","48,144296555",0,2,#fc8d62,car
216444,9,1,62,0,2019,9,18,6,3,0,6,0,0,1,0,0,0,1,"693134,718659","5331879,78676","11,59475281","48,110870312",0,2,#fc8d62,car
216445,9,1,62,0,2019,9,15,6,3,5,3,0,0,1,0,0,0,0,"689358,106428","5333638,06961","11,54484756","48,127807926",0,2,#fc8d62,car
216446,9,1,62,0,2019,9,19,6,3,2,6,0,0,1,0,1,0,0,"688389,719494","5330493,15359","11,53045711","48,099828062",0,2,#fc8d62,car
216447,9,1,84,119,2019,9,13,6,2,0,7,0,0,0,0,1,0,0,"693207,969455","5346979,76577","11,602600577","48,246561243",0,4,#e78ac3,marker
216448,9,1,62,0,2019,9,8,6,3,0,4,0,1,0,1,0,0,0,"688901,92631","5332688,20963","11,538302113","48,119405976",0,1,#66c2a5,bicycle
216449,9,1,62,0,2019,9,20,6,3,0,7,2,0,0,0,0,0,1,"688793,325547","5332406,9757","11,53671979","48,116910405",1,6,#ffd92f,circle
216459,9,7,72,200,2019,9,15,6,3,5,3,0,0,1,0,0,0,0,"630265,281209","5338985,46911","10,752789293","48,190735869",0,2,#fc8d62,car
216460,9,7,71,130,2019,9,14,6,3,5,3,0,1,1,0,0,0,0,"646657,28985","5357639,30431","10,979694861","48,354886444",0,1,#66c2a5,bicycle
216461,9,7,61,0,2019,9,15,6,3,2,6,0,0,1,0,0,0,0,"639393,314696","5360090,58562","10,8825089","48,378573068",0,2,#fc8d62,car
216462,9,7,61,0,2019,9,23,6,2,4,2,2,0,1,0,0,0,0,"639909,823807","5359343,32989","10,889231738","48,371739646",1,2,#fc8d62,car
216488,9,2,61,0,2019,9,17,6,3,3,6,0,1,1,0,0,0,0,"732772,92954","5380975,2827","12,153630145","48,538654757",0,1,#66c2a5,bicycle
216489,9,2,61,0,2019,9,10,6,2,1,6,0,0,1,0,1,0,0,"732949,358211","5381940,05489","12,156556017","48,547255525",0,2,#fc8d62,car
216490,9,1,73,118,2019,9,16,6,3,0,1,0,1,0,0,0,0,0,"694002,875751","5303278,82338","11,593486932","47,853542697",0,1,#66c2a5,bicycle
216493,9,1,63,0,2019,9,13,6,2,2,6,0,0,1,0,0,0,0,"731057,803779","5304068,30564","12,08858512","47,848385536",0,2,#fc8d62,car
216494,9,1,63,0,2019,9,16,6,3,6,4,0,1,0,1,0,0,0,"733838,089754","5305642,45767","12,12654366","47,861522501",0,1,#66c2a5,bicycle
216495,9,1,87,117,2019,9,6,6,3,5,3,1,1,1,0,0,0,0,"724820,435155","5305153,33315","12,005893397","47,860346114",0,1,#66c2a5,bicycle
216500,9,1,88,124,2019,9,12,6,2,5,3,0,1,0,0,0,0,0,"661979,454","5318630,606","11,171509412","48,00043866",0,1,#66c2a5,bicycle
216501,9,1,79,118,2019,9,11,6,3,5,3,0,0,1,0,0,0,0,"672424,869193","5337973,86818","11,319235256","48,171597281",0,2,#fc8d62,car
216502,9,1,79,121,2019,9,22,6,2,6,6,2,1,0,1,0,0,0,"665403,255896","5339382,24591","11,225413298","48,186124962",1,1,#66c2a5,bicycle
216503,9,1,78,143,2019,9,10,6,3,5,3,0,0,1,0,0,0,0,"717355,339686","5373981,55242","11,941406367","48,481349218",0,2,#fc8d62,car
216505,9,1,62,0,2019,9,12,5,3,2,6,0,0,1,0,0,0,0,"690290,845947","5335215,17794","11,558074507","48,141704836",1,2,#fc8d62,car
216506,9,1,62,0,2019,9,12,5,3,5,3,0,1,1,0,0,0,0,"694344,576008","5334211,22727","11,612052512","48,131456466",1,1,#66c2a5,bicycle
216507,9,1,62,0,2019,9,16,5,3,0,7,0,0,0,0,1,0,0,"694001,002917","5341695,51085","11,610853656","48,198826936",1,4,#e78ac3,marker
216508,9,1,62,0,2019,9,15,5,3,5,3,0,0,1,0,0,0,0,"692990,750631","5331009,00636","11,59242678","48,103087551",1,2,#fc8d62,car
216509,9,1,62,0,2019,9,10,5,3,3,2,0,1,1,0,0,0,0,"694912,742628","5334960,12408","11,620023223","48,138013487",0,1,#66c2a5,bicycle
216510,9,1,62,0,2019,9,7,5,3,0,7,0,1,0,0,0,0,0,"697760,995141","5334189,80888","11,657909525","48,130211681",0,1,#66c2a5,bicycle
216511,9,1,62,0,2019,9,15,5,3,3,5,0,1,1,0,0,0,0,"688544,573738","5331936,61789","11,53317288","48,112756432",1,1,#66c2a5,bicycle
216512,9,1,62,0,2019,9,17,5,2,0,7,0,1,0,0,0,0,0,"692044,507831","5334954,43895","11,581506651","48,138834472",1,1,#66c2a5,bicycle
216513,9,1,62,0,2019,9,18,5,2,0,1,0,0,0,0,1,0,0,"691054,531301","5335446,55323","11,56843384","48,143555561",1,4,#e78ac3,marker
216514,9,1,62,0,2019,9,15,5,3,1,6,0,1,1,0,0,0,0,"693050,913309","5339664,45233","11,597157918","48,180862085",1,1,#66c2a5,bicycle
216515,9,1,62,0,2019,9,10,5,3,6,7,0,0,1,1,0,0,0,"692683,184458","5334157,26511","11,589722241","48,131476583",0,2,#fc8d62,car
216516,9,1,62,0,2019,9,16,5,3,6,4,0,0,1,1,0,0,0,"690597,191","5337239,507","11,563094905","48,159807692",1,2,#fc8d62,car
216517,9,1,62,0,2019,9,21,5,3,6,4,2,0,1,1,0,0,0,"690145,413904","5334921,25461","11,555990256","48,139106531",1,2,#fc8d62,car
216518,9,1,62,0,2019,9,0,5,3,1,5,2,1,1,0,0,0,0,"683950,765221","5339161,87836","11,474635433","48,179044557",0,1,#66c2a5,bicycle
216519,9,1,62,0,2019,9,22,5,3,0,1,2,0,0,0,1,0,0,"686461,752481","5337503,02361","11,507654127","48,163402427",1,4,#e78ac3,marker
216520,9,1,62,0,2019,9,18,5,3,4,2,0,0,1,0,1,0,0,"688372,253268","5336626,71424","11,53293381","48,154962861",1,2,#fc8d62,car
216521,9,1,62,0,2019,9,8,5,3,0,1,0,1,0,0,0,0,0,"688978,8598","5330582,46461","11,538401968","48,100456351",0,1,#66c2a5,bicycle
216522,9,1,62,0,2019,9,17,5,3,0,1,0,1,0,0,0,0,0,"692049,394445","5334953,09405","11,581571662","48,13882091",1,1,#66c2a5,bicycle
216551,9,1,63,0,2019,9,23,5,3,6,4,2,1,0,1,0,0,0,"733873,251218","5305606,28865","12,126993504","47,861184763",1,1,#66c2a5,bicycle
216552,9,1,87,165,2019,9,0,5,2,8,1,2,0,1,0,0,0,0,"729969,427","5299372,265","12,07156558","47,806584186",0,2,#fc8d62,car
216553,9,1,87,150,2019,9,19,5,3,6,7,2,0,1,1,0,0,0,"727953,354201","5303205,60518","12,046694186","47,841742718",1,2,#fc8d62,car
216555,9,1,86,143,2019,9,13,5,3,0,5,0,1,0,0,0,0,1,"685879,604182","5379577,15065","11,518411192","48,541734985",0,1,#66c2a5,bicycle
216558,9,1,79,134,2019,9,11,5,2,0,1,0,1,0,0,0,0,0,"667724,134485","5342924,98854","11,258014519","48,217365244",1,1,#66c2a5,bicycle
216559,9,1,79,138,2019,9,11,5,3,6,3,0,0,1,1,0,0,0,"654331,510498","5335356,90207","11,075092704","48,152719644",0,2,#fc8d62,car