OBJECTID,ULAND,UREGBEZ,UKREIS,UGEMEINDE,UJAHR,UMONAT,USTUNDE,UWOCHENTAG,UKATEGORIE,UART,UTYP1,ULICHTVERH,IstRad,IstPKW,IstFuss,IstKrad,IstGkfz,IstSonstig,LINREFX,LINREFY,XGCSWGS84,YGCSWGS84,STRZUSTAND,Teilnehmer,color,symbol
216560,9,1,74,115,2019,9,19,5,3,2,6,2,0,1,0,0,0,0,"681528,762715","5347823,23175","11,445791627","48,257594972",1,2,#fc8d62,car
216561,9,1,77,117,2019,9,2,5,3,0,1,2,1,0,0,0,0,0,"715171,683108","5352896,22123","11,901098524","48,292648745",0,1,#66c2a5,bicycle
216562,9,1,77,117,2019,9,20,5,3,4,2,2,1,1,0,0,0,0,"714758,497","5355676,954","11,896949856","48,317774509",1,1,#66c2a5,bicycle
216563,9,1,62,0,2019,9,9,4,3,5,3,0,1,1,0,0,0,0,"691480,663893","5331035,07876","11,572174901","48,103777522",0,1,#66c2a5,bicycle
216564,9,1,62,0,2019,9,12,4,3,6,7,0,0,1,1,0,0,0,"686802,472345","5334841,86639","11,511063802","48,139383144",0,2,#fc8d62,car
216565,9,1,84,120,2019,9,14,4,3,5,3,0,0,1,0,0,0,0,"681938,180248","5332357,51736","11,444678173","48,11846135",0,2,#fc8d62,car
216566,9,1,62,0,2019,9,15,4,3,4,2,0,1,1,0,0,0,0,"693186,186801","5336201,19748","11,597402725","48,149694392",0,1,#66c2a5,bicycle
216567,9,1,84,139,2019,9,23,4,3,8,1,2,0,1,0,0,0,0,"686945,320811","5324772,10343","11,50857291","48,04883023",0,2,#fc8d62,car
216568,9,1,62,0,2019,9,10,4,2,3,5,0,0,1,0,1,0,0,"689076,868353","5336177,71015","11,542199228","48,15071808",0,2,#fc8d62,car
216569,9,1,84,135,2019,9,14,4,3,6,3,0,0,1,1,0,0,0,"689835,507249","5347475,77061","11,557441777","48,252038127",0,2,#fc8d62,car
216570,9,1,62,0,2019,9,8,4,3,3,7,0,1,0,1,0,0,1,"691592,762003","5334687,98608","11,575320696","48,136575805",0,1,#66c2a5,bicycle
216571,9,1,62,0,2019,9,7,4,3,5,3,0,0,1,0,1,0,0,"688430,774324","5338650,84966","11,534616657","48,173138694",0,2,#fc8d62,car
216572,9,1,62,0,2019,9,18,4,3,5,3,0,0,1,0,0,0,0,"690094,346282","5343849,91721","11,559298347","48,219372013",0,2,#fc8d62,car
216573,9,1,62,0,2019,9,18,4,3,5,2,0,1,1,0,0,0,0,"688374,626877","5336627,80208","11,532966176","48,154971935",0,1,#66c2a5,bicycle
216574,9,1,62,0,2019,9,15,4,3,0,1,0,1,0,0,0,0,0,"686075,977559","5334853,98915","11,501312974","48,139704973",0,1,#66c2a5,bicycle
216575,9,1,62,0,2019,9,9,4,3,5,3,0,1,1,0,0,0,0,"686491,809115","5334393,94327","11,506695791","48,135448181",0,1,#66c2a5,bicycle
216576,9,1,62,0,2019,9,16,4,3,0,3,0,0,1,0,0,0,0,"685088,12495","5334240,07323","11,487780089","48,13447492",0,2,#fc8d62,car
216577,9,1,62,0,2019,9,17,4,3,5,3,0,0,1,0,1,0,0,"691343,541481","5331917,78114","11,570730735","48,111752406",0,2,#fc8d62,car
216578,9,1,62,0,2019,9,8,4,3,1,6,0,0,1,0,0,0,0,"691345,089541","5329849,03542","11,569823953","48,093158131",0,2,#fc8d62,car
216579,9,1,62,0,2019,9,18,4,3,2,6,0,0,1,0,0,0,0,"691932,565234","5333866,8007","11,579513477","48,129092721",0,2,#fc8d62,car
216580,9,1,62,0,2019,9,9,4,3,5,2,0,1,1,0,0,0,0,"690131,886356","5334928,15052","11,55581168","48,139172554",0,1,#66c2a5,bicycle
216590,9,7,73,182,2019,9,6,4,3,5,3,0,0,1,0,0,0,0,"624141,859664","5380128,98615","10,682583994","48,561955288",0,2,#fc8d62,car
216591,9,7,72,170,2019,9,19,4,3,4,2,0,0,1,0,0,0,0,"630926,271351","5336286,19425","10,760847234","48,166326309",0,2,#fc8d62,car
216592,9,7,72,141,2019,9,15,4,3,2,6,0,0,0,0,1,0,0,"621581,312786","5349236,48742","10,638935767","48,284646571",0,4,#e78ac3,marker
216593,9,7,71,130,2019,9,11,4,3,5,3,0,0,1,0,1,0,0,"646174,537988","5357777,21739","10,973230224","48,356238394",0,2,#fc8d62,car
216594,9,7,61,0,2019,9,20,4,3,0,2,2,1,1,0,0,0,0,"638751,43214","5360333,29123","10,873925224","48,380896907",0,1,#66c2a5,bicycle
216595,9,7,61,0,2019,9,22,4,3,0,1,2,1,0,0,0,0,0,"639452,201233","5357485,59543","10,882439996","48,355136645",0,1,#66c2a5,bicycle
216596,9,7,61,0,2019,9,16,4,3,5,2,0,1,1,0,0,0,0,"641469,215728","5359396,37003","10,910294276","48,371868927",0,1,#66c2a5,bicycle
216597,9,7,61,0,2019,9,17,4,3,4,1,0,1,0,0,0,0,0,"636089,281411","5354471,10628","10,836095018","48,328764027",0,1,#66c2a5,bicycle
216598,9,7,61,0,2019,9,9,4,3,6,1,0,0,1,1,0,0,0,"641399,196002","5359227,06013","10,909292394","48,370362252",0,2,#fc8d62,car
216599,9,7,61,0,2019,9,22,4,3,0,7,2,1,0,0,0,0,0,"640788,266638","5359419,15104","10,901112154","48,372226045",0,1,#66c2a5,bicycle
216600,9,7,71,130,2019,9,8,4,3,3,6,0,1,1,0,0,0,0,"646485,890922","5361505,98345","10,978729714","48,389692444",0,1,#66c2a5,bicycle
216640,9,2,61,0,2019,9,8,4,3,5,3,0,1,1,0,0,0,0,"731837,009356","5381712,41555","12,141380227","48,545622707",0,1,#66c2a5,bicycle
216641,9,1,90,140,2019,9,17,4,3,5,3,0,1,1,0,0,0,0,"644710,344","5295060,962","10,93223878","47,792637907",0,1,#66c2a5,bicycle
216644,9,1,73,126,2019,9,16,4,3,5,3,0,0,1,0,0,0,0,"685647,396454","5303213,21128","11,481871081","47,855420907",0,2,#fc8d62,car
216648,9,1,63,0,2019,9,16,4,3,3,6,0,1,1,0,0,0,0,"734112,129935","5305524,69775","12,130138328","47,860364771",0,1,#66c2a5,bicycle
216649,9,1,63,0,2019,9,0,4,2,1,5,2,0,1,0,1,0,0,"733075,264693","5306332,33042","12,116731783","47,867997503",0,2,#fc8d62,car
216650,9,1,63,0,2019,9,16,4,3,5,2,0,1,1,0,0,0,0,"734683,245952","5304882,5493","12,137414065","47,854387458",1,1,#66c2a5,bicycle
216651,9,1,63,0,2019,9,18,4,3,6,4,1,0,1,1,0,0,0,"733783,410776","5305401,09815","12,125683225","47,859374021",0,2,#fc8d62,car
216653,9,1,82,125,2019,9,17,4,3,1,1,0,1,1,0,0,0,0,"712840,543","5296994,99","11,841921638","47,791112221",0,1,#66c2a5,bicycle
216659,9,1,88,120,2019,9,17,4,3,5,3,0,0,1,0,0,0,0,"676341,674046","5327026,21836","11,367344155","48,072111006",0,2,#fc8d62,car
216660,9,1,81,139,2019,9,15,4,3,0,6,0,1,1,0,0,0,0,"655910,226092","5323585,93364","11,092004873","48,046501629",0,1,#66c2a5,bicycle
216661,9,1,81,115,2019,9,10,4,3,0,7,0,1,0,0,0,0,0,"656839,377053","5325598,92031","11,105201515","48,064372814",0,1,#66c2a5,bicycle
216662,9,1,84,119,2019,9,18,3,3,5,3,0,1,1,0,0,0,0,"694941,511715","5347774,95126","11,626292994","48,253177144",0,1,#66c2a5,bicycle
216663,9,1,84,149,2019,9,16,3,3,5,3,0,0,1,0,1,0,0,"692217,960697","5349748,60461","11,590536707","48,271747351",0,2,#fc8d62,car
216664,9,1,62,0,2019,9,18,3,3,1,5,0,1,1,0,0,0,0,"692232,53244","5337143,49324","11,585019989","48,158452458",0,1,#66c2a5,bicycle
216665,9,1,62,0,2019,9,12,3,3,5,5,0,0,1,0,0,1,0,"688738,129237","5334955,67946","11,537107688","48,139834919",0,2,#fc8d62,car
216666,9,1,62,0,2019,9,16,3,3,1,7,0,0,1,0,1,0,0,"691227,638628","5334397,82077","11,570287713","48,134077647",0,2,#fc8d62,car
216667,9,1,62,0,2019,9,12,3,3,5,2,0,0,1,0,0,0,0,"686086,418864","5337615,75075","11,502660727","48,164525625",0,2,#fc8d62,car
216669,9,1,62,0,2019,9,20,3,3,8,1,2,0,0,0,1,0,0,"682341,335","5338631,372","11,452777325","48,174739905",0,4,#e78ac3,marker
216670,9,1,62,0,2019,9,18,3,3,0,1,0,1,0,0,0,0,0,"691011,915692","5335609,99872","11,567934859","48,14503739",0,1,#66c2a5,bicycle
216671,9,1,62,0,2019,9,17,3,3,0,1,0,1,0,0,0,0,0,"691476,904196","5335047,27054","11,573926524","48,139839882",0,1,#66c2a5,bicycle
216672,9,1,62,0,2019,9,21,3,3,0,7,2,0,1,0,1,0,0,"691546,494071","5336224,13964","11,575390459","48,150396473",0,2,#fc8d62,car
216673,9,1,62,0,2019,9,23,3,3,5,3,2,0,1,0,1,0,0,"688264,65","5343264,912","11,534430035","48,214659472",0,2,#fc8d62,car
216674,9,1,62,0,2019,9,16,3,3,0,6,0,1,0,0,0,0,0,"694240,303447","5334287,25244","11,610687223","48,132171582",0,1,#66c2a5,bicycle
216675,9,1,84,138,2019,9,11,3,3,6,7,0,0,1,1,0,0,0,"679938,505453","5330726,74371","11,417145799","48,104370558",0,2,#fc8d62,car
216676,9,1,62,0,2019,9,20,3,3,0,7,2,0,0,0,0,0,1,"683078,44324","5335530,76689","11,461348701","48,146657831",0,6,#ffd92f,circle
216677,9,1,62,0,2019,9,17,3,3,2,6,0,0,1,0,0,0,0,"688743,203324","5341958,18545","11,540284495","48,202772467",0,2,#fc8d62,car
216678,9,1,62,0,2019,9,13,3,3,6,3,0,0,1,1,0,0,0,"688008,815608","5329969,30332","11,525115231","48,09523205",0,2,#fc8d62,car
216679,9,1,84,129,2019,9,18,3,2,0,7,0,1,0,0,0,0,0,"701100,972654","5326188,85013","11,698979219","48,057260384",0,1,#66c2a5,bicycle
216695,9,2,61,0,2019,9,20,5,3,0,1,2,1,0,0,0,0,0,"731131,698156","5382235,29613","12,132128325","48,55057989",0,1,#66c2a5,bicycle
216696,9,2,61,0,2019,9,16,5,3,1,6,0,1,0,0,0,0,1,"732636,895059","5381576,22044","12,152125531","48,544103246",0,1,#66c2a5,bicycle
216697,9,2,61,0,2019,9,16,5,3,0,1,0,0,0,0,1,0,0,"732464,768955","5381259,16386","12,149620086","48,541319005",0,4,#e78ac3,marker
216699,9,1,83,135,2019,9,7,5,3,4,6,0,0,1,0,0,0,1,"741718,328","5346889,91","12,255021014","48,229119819",1,2,#fc8d62,car
216703,9,1,63,0,2019,9,13,5,3,5,3,0,1,1,0,0,0,0,"733665,181173","5304069,79085","12,123385894","47,847456513",0,1,#66c2a5,bicycle
216704,9,1,63,0,2019,9,7,5,3,3,6,0,1,0,0,0,0,0,"734614,104533","5304872,01759","12,136485454","47,854318083",0,1,#66c2a5,bicycle
216705,9,1,87,129,2019,9,17,5,3,4,6,0,1,0,0,0,0,0,"723422,8042","5298442,3026","11,983771569","47,800533445",0,1,#66c2a5,bicycle
216708,9,1,79,142,2019,9,11,5,3,0,7,0,1,1,0,0,0,0,"674357,2225","5342911,7798","11,347231842","48,215458638",0,1,#66c2a5,bicycle
216709,9,1,62,0,2019,9,18,4,3,5,3,0,1,1,0,0,0,0,"684747,561055","5329763,5741","11,481267794","48,094336621",0,1,#66c2a5,bicycle
216710,9,1,62,0,2019,9,19,4,3,4,2,0,0,1,0,1,0,0,"687454,43811","5336050,34241","11,520351027","48,150053492",0,2,#fc8d62,car
216711,9,1,62,0,2019,9,18,4,3,5,7,0,1,0,0,0,0,0,"686782,59971","5332408,81263","11,509730518","48,117519863",0,1,#66c2a5,bicycle
216712,9,1,62,0,2019,9,17,4,3,3,6,0,0,1,0,0,0,0,"688897,547899","5333362,47971","11,53854212","48,125467718",0,2,#fc8d62,car
216713,9,1,62,0,2019,9,11,4,3,0,7,0,1,0,0,0,0,0,"699864,681667","5333215,62465","11,685694241","48,120799548",0,1,#66c2a5,bicycle
216714,9,1,62,0,2019,9,7,4,3,2,6,0,1,0,0,1,0,0,"682129,35228","5335156,6961","11,448441002","48,143567847",0,1,#66c2a5,bicycle
216715,9,1,62,0,2019,9,15,4,3,5,3,0,1,0,0,0,0,1,"687945,711924","5328332,39485","11,523548214","48,080537623",0,1,#66c2a5,bicycle
216716,9,1,62,0,2019,9,11,4,2,8,1,0,0,0,0,0,0,1,"701397,654644","5335192,11182","11,707204003","48,13807909",0,6,#ffd92f,circle
216717,9,1,62,0,2019,9,18,4,3,5,3,0,1,0,0,0,0,0,"693288,163255","5337346,40455","11,599292509","48,159956164",0,1,#66c2a5,bicycle
216718,9,1,62,0,2019,9,9,4,3,3,6,0,1,1,0,0,0,0,"691321,387683","5336123,86859","11,572321945","48,149562998",0,1,#66c2a5,bicycle
216722,9,7,62,0,2019,9,14,4,3,5,3,0,1,1,0,0,0,0,"622021,723","5304699,11","10,632145636","47,884020661",0,1,#66c2a5,bicycle
216726,9,7,72,131,2019,9,17,4,3,5,3,0,0,1,0,0,0,1,"619669,155","5351394,765","10,61378197","48,304420683",0,2,#fc8d62,car
216727,9,7,72,184,2019,9,13,4,3,2,2,0,0,1,0,1,0,0,"634838,093474","5361274,07946","10,821403226","48,390205046",0,2,#fc8d62,car
216728,9,7,61,0,2019,9,23,4,3,9,7,2,1,0,0,0,0,0,"637020,242654","5361808,76159","10,851038425","48,394542526",0,1,#66c2a5,bicycle
216729,9,7,61,0,2019,9,9,4,3,5,3,0,1,0,0,0,0,1,"639296,439149","5361942,37106","10,881815302","48,395245204",0,1,#66c2a5,bicycle
216730,9,7,61,0,2019,9,13,4,3,0,7,0,1,0,0,0,0,0,"638090,177","5361921,971","10,865521706","48,395327088",0,1,#66c2a5,bicycle
216731,9,7,61,0,2019,9,20,4,2,9,1,2,0,0,0,1,0,0,"641071,536","5364191,44","10,906538075","48,415073232",0,4,#e78ac3,marker
216732,9,7,61,0,2019,9,18,4,3,5,3,0,1,0,0,0,0,0,"640208,147795","5357447,84662","10,892626032","48,354629821",0,1,#66c2a5,bicycle
216733,9,7,61,0,2019,9,15,4,3,0,1,0,1,0,0,0,0,0,"638735,853226","5356154,27427","10,872336798","48,343323429",0,1,#66c2a5,bicycle
216772,9,1,63,0,2019,9,10,4,3,0,7,0,0,1,1,0,0,0,"732727,139658","5303931,33669","12,110791852","47,846552863",0,2,#fc8d62,car
216777,9,1,88,137,2019,9,19,4,3,5,2,0,1,1,0,0,0,0,"672173,942656","5314756,7899","11,306513476","47,962949511",0,1,#66c2a5,bicycle
216778,9,1,79,123,2019,9,11,4,3,0,1,0,1,0,0,0,0,0,"676002,459954","5333755,53737","11,365569713","48,132696961",0,1,#66c2a5,bicycle
216779,9,1,79,123,2019,9,6,4,3,0,7,0,1,1,0,0,0,0,"675736,53077","5333811,65826","11,362021781","48,133274936",0,1,#66c2a5,bicycle
216780,9,1,74,115,2019,9,13,4,3,1,1,0,0,1,0,0,0,0,"680478,361721","5347336,47693","11,43144495","48,25351973",0,2,#fc8d62,car
216781,9,1,78,145,2019,9,9,4,3,2,1,0,0,1,0,0,0,0,"697033,049","5354284,948","11,657474503","48,311036175",0,2,#fc8d62,car
216783,9,1,77,115,2019,9,16,4,3,0,1,0,1,0,0,0,0,0,"734171,159021","5351568,41056","12,156139873","48,273978148",0,1,#66c2a5,bicycle
216784,9,1,62,0,2019,9,21,3,3,2,6,2,0,1,0,1,0,0,"692224,989617","5332683,27221","11,582905717","48,11836712",0,2,#fc8d62,car
216785,9,1,84,136,2019,9,8,3,3,3,2,0,1,1,0,0,0,0,"699394,867928","5327465,027","11,676702546","48,06926508",0,1,#66c2a5,bicycle
216786,9,1,62,0,2019,9,18,3,3,2,6,0,0,1,0,0,0,0,"691703,022524","5338095,03169","11,578335812","48,167164559",0,2,#fc8d62,car
216787,9,1,62,0,2019,9,19,3,3,6,7,0,1,0,1,0,0,0,"693632,781016","5334012,89214","11,602405888","48,12989083",0,1,#66c2a5,bicycle
216788,9,1,84,123,2019,9,15,3,2,4,6,0,1,0,0,0,1,0,"702669,759142","5332399,30362","11,722955845","48,112576779",0,1,#66c2a5,bicycle
216789,9,1,62,0,2019,9,7,3,2,6,2,0,0,1,1,0,0,0,"694340,579704","5332603,22888","11,611265735","48,117005585",0,2,#fc8d62,car
216790,9,1,62,0,2019,9,18,3,3,3,7,0,1,1,0,0,0,0,"691940,383423","5340003,50311","11,582386658","48,184245829",0,1,#66c2a5,bicycle
216791,9,1,62,0,2019,9,11,3,3,2,6,0,0,1,0,1,0,0,"687838,577815","5335914,01082","11,525450479","48,148714793",0,2,#fc8d62,car
216792,9,1,62,0,2019,9,12,3,3,0,1,0,0,0,0,1,0,0,"686572,296467","5336364,71075","11,508640138","48,153138496",0,4,#e78ac3,marker
216793,9,1,62,0,2019,9,18,3,3,5,2,0,1,1,0,1,0,0,"690158,920581","5333910,10197","11,555720281","48,130014242",0,1,#66c2a5,bicycle
216794,9,1,62,0,2019,9,8,3,3,3,2,0,1,0,0,0,0,1,"693318,38253","5335247,71664","11,598745283","48,141084638",0,1,#66c2a5,bicycle
216795,9,1,62,0,2019,9,17,3,3,1,5,0,1,1,0,0,0,0,"693171,244091","5334238,44344","11,596311743","48,132058257",0,1,#66c2a5,bicycle
216796,9,1,62,0,2019,9,10,3,3,5,2,0,1,1,0,0,0,0,"692311,116894","5334238,54829","11,584763507","48,132319667",0,1,#66c2a5,bicycle
216802,9,7,62,0,2019,9,21,3,2,2,1,2,1,1,0,0,0,0,"620198,005714","5304762,84277","10,607779598","47,884937956",0,1,#66c2a5,bicycle
216804,9,7,77,121,2019,9,16,3,3,2,1,0,0,1,0,1,0,0,"627795,049449","5322497,18622","10,714624421","48,042959328",0,2,#fc8d62,car
216806,9,7,72,125,2019,9,13,3,3,1,1,0,0,1,0,0,0,0,"635846,56597","5349024,59552","10,831068891","48,27984065",0,2,#fc8d62,car
216807,9,7,61,0,2019,9,13,3,3,5,3,0,1,1,0,0,0,0,"644148,512048","5358294,37079","10,946074303","48,361354107",0,1,#66c2a5,bicycle
216808,9,7,61,0,2019,9,10,3,3,6,4,0,0,1,1,0,0,0,"644275,454079","5358340,05688","10,947802719","48,361735893",0,2,#fc8d62,car
216809,9,7,61,0,2019,9,12,3,3,0,7,0,1,0,0,0,0,0,"644084,737915","5356874,57038","10,944727765","48,348602617",0,1,#66c2a5,bicycle
216810,9,7,61,0,2019,9,17,3,3,5,2,0,1,1,0,0,0,0,"639732,939964","5357087,16982","10,886095232","48,351492039",0,1,#66c2a5,bicycle
216811,9,7,61,0,2019,9,18,3,3,0,1,0,1,0,0,0,0,0,"641480,76468","5355806,92402","10,909243429","48,339591391",0,1,#66c2a5,bicycle
216812,9,7,61,0,2019,9,13,3,3,3,6,0,1,0,0,0,0,1,"639408,333593","5360027,69784","10,882690759","48,37800428",0,1,#66c2a5,bicycle
216813,9,7,61,0,2019,9,8,3,3,2,6,0,0,1,0,0,0,0,"640643,476419","5357499,40942","10,89851628","48,354996649",0,2,#fc8d62,car
216814,9,7,71,158,2019,9,6,3,3,8,7,1,0,0,0,1,0,0,"642235,049476","5373591,16796","10,925447947","48,499328307",0,4,#e78ac3,marker
216835,9,1,63,0,2019,9,20,3,3,2,6,1,0,1,0,0,0,0,"734214,36596","5304477,11019","12,130935947","47,85091603",0,2,#fc8d62,car
216842,9,1,88,139,2019,9,14,3,2,2,2,0,1,1,0,0,0,0,"674962,050081","5319033,22423","11,345573847","48,000637384",0,1,#66c2a5,bicycle
216843,9,1,79,142,2019,9,12,3,3,2,5,0,0,1,0,0,0,0,"672992,485113","5342024,71655","11,32851354","48,207857959",0,2,#fc8d62,car
216844,9,1,62,0,2019,9,18,2,3,4,2,0,0,1,0,0,0,0,"696474,969","5332669,474","11,639943676","48,116946033",0,2,#fc8d62,car
216845,9,1,62,0,2019,9,7,2,3,4,2,0,1,0,0,0,0,1,"685681,292825","5334851,99599","11,496011811","48,139802355",1,1,#66c2a5,bicycle
216846,9,1,62,0,2019,9,12,2,2,0,4,0,1,0,1,0,0,0,"690756,359903","5338138,31344","11,565636238","48,167838345",0,1,#66c2a5,bicycle
216847,9,1,62,0,2019,9,0,2,3,1,1,2,0,1,0,0,1,0,"699758,109","5335070,172","11,685133114","48,137499985",1,2,#fc8d62,car
216848,9,1,62,0,2019,9,13,2,3,0,1,0,1,0,0,0,0,0,"691355,677103","5336210,58331","11,572821468","48,150332065",1,1,#66c2a5,bicycle
216849,9,1,62,0,2019,9,6,2,3,5,2,0,1,1,0,0,0,0,"687475,671636","5335657,67174","11,520463295","48,146517817",1,1,#66c2a5,bicycle
216850,9,1,62,0,2019,9,17,2,3,0,4,0,0,0,1,0,0,1,"685599,52911","5335274,32979","11,495097859","48,143622325",0,3,#8da0cb,toilet
216851,9,1,62,0,2019,9,14,2,3,0,7,0,1,0,0,0,0,0,"686723,313","5337312,472","11,511084605","48,161612931",1,1,#66c2a5,bicycle
216852,9,1,62,0,2019,9,10,2,2,0,1,0,0,0,0,1,0,0,"687461,780402","5336059,18292","11,52045354","48,150130789",1,4,#e78ac3,marker
216853,9,1,62,0,2019,9,18,2,3,0,1,0,1,0,0,0,0,0,"695507,161807","5337794,51142","11,629306601","48,163305116",1,1,#66c2a5,bicycle
216854,9,1,62,0,2019,9,7,2,3,1,5,0,1,1,0,0,0,0,"692418,613228","5337191,83748","11,587541503","48,158830684",1,1,#66c2a5,bicycle
216855,9,1,62,0,2019,9,14,2,3,0,1,0,0,0,0,1,0,0,"692325,899906","5337669,90027","11,586512196","48,163155444",1,4,#e78ac3,marker
216856,9,1,62,0,2019,9,12,2,3,0,7,0,1,0,0,0,0,0,"691050,433101","5335278,96139","11,568303611","48,14205049",1,1,#66c2a5,bicycle
216864,9,7,72,163,2019,9,9,2,3,6,2,0,0,1,1,0,0,0,"640050,98673","5347843,19254","10,887317194","48,268301547",1,2,#fc8d62,car
216865,9,7,61,0,2019,9,7,2,3,5,3,0,0,1,0,1,0,0,"638736,475","5360915,498","10,873915555","48,386135264",0,2,#fc8d62,car
216866,9,7,61,0,2019,9,8,2,3,2,6,0,0,1,0,0,0,1,"639298,252933","5361874,39441","10,881817243","48,394633577",1,2,#fc8d62,car
216867,9,7,61,0,2019,9,7,2,3,5,3,0,0,1,0,0,0,1,"644308,854788","5357686,37757","10,948029194","48,355850756",1,2,#fc8d62,car
216884,9,2,61,0,2019,9,17,2,3,1,6,0,0,1,0,0,0,1,"732000,560968","5381330,20025","12,143380043","48,542128899",0,2,#fc8d62,car
216885,9,2,61,0,2019,9,11,2,3,0,1,0,1,0,0,0,0,0,"733750,058834","5381601,99312","12,167198909","48,543921063",0,1,#66c2a5,bicycle
216893,9,1,63,0,2019,9,15,2,3,3,6,0,0,1,0,0,0,0,"734183,445161","5304454,49162","12,130511","47,85072409",0,2,#fc8d62,car
216896,9,1,87,117,2019,9,7,2,3,5,3,0,0,1,0,0,0,1,"722680,867578","5304822,92944","11,977156962","47,858122343",1,2,#fc8d62,car
216897,9,1,87,130,2019,9,8,2,3,0,6,0,0,1,0,0,0,1,"712383,628205","5310372,6695","11,842395426","47,911479714",1,2,#fc8d62,car
216902,9,1,62,0,2019,9,17,1,3,5,3,0,1,1,0,0,0,0,"687011,840121","5330233,95971","11,511854334","48,097904224",1,1,#66c2a5,bicycle
216903,9,1,62,0,2019,9,7,1,3,1,5,0,0,1,0,0,0,0,"698269,237358","5334344,53609","11,664804647","48,131444147",0,2,#fc8d62,car
216904,9,1,62,0,2019,9,16,1,3,0,1,0,1,0,0,0,0,0,"691491,09601","5336554,88347","11,574795207","48,153385831",1,1,#66c2a5,bicycle
216906,9,7,62,0,2019,9,2,1,3,4,6,2,0,1,0,0,0,1,"621634,449311","5303113,64578","10,626521219","47,869834894",1,2,#fc8d62,car
216908,9,7,71,112,2019,9,9,1,2,0,2,0,0,1,0,0,0,0,"647264,322166","5365749,80093","10,990727472","48,427667806",0,2,#fc8d62,car
216920,9,1,87,142,2019,9,3,1,3,9,1,2,0,1,0,0,0,0,"733309,836963","5309829,23517","12,121752608","47,899328584",1,2,#fc8d62,car
216922,9,1,88,137,2019,9,20,1,3,8,1,2,0,1,0,0,0,0,"671438,625468","5314883,75363","11,296721696","47,964288246",1,2,#fc8d62,car
216923,9,1,81,130,2019,9,18,1,3,9,1,0,0,1,0,0,0,0,"639054,548045","5323724,96336","10,866012224","48,051646654",1,2,#fc8d62,car
216924,9,1,75,132,2019,9,11,1,3,5,3,0,0,1,0,0,0,1,"704979,887434","5336431,52174","11,755896011","48,148073343",1,2,#fc8d62,car
216925,9,1,62,0,2019,9,16,7,3,5,3,0,0,1,0,0,0,0,"690261,403023","5336162,00273","11,55810224","48,150223685",0,2,#fc8d62,car
216926,9,1,62,0,2019,9,22,7,3,5,2,2,0,1,0,0,0,0,"689434,730215","5337155,8636","11,547441309","48,159403285",1,2,#fc8d62,car
216927,9,1,62,0,2019,9,3,7,3,5,3,2,0,1,0,0,0,1,"690879,847378","5334270,95133","11,565561079","48,133041757",1,2,#fc8d62,car
216928,9,1,62,0,2019,9,12,7,3,5,2,0,0,1,0,1,0,0,"696997,098218","5331546,16936","11,64643275","48,106689141",1,2,#fc8d62,car
216929,9,1,62,0,2019,9,14,7,3,1,6,0,0,1,0,0,0,0,"689734,69","5334580,296","11,550322984","48,13616458",0,2,#fc8d62,car
216930,9,1,62,0,2019,9,11,7,3,3,6,0,0,0,0,1,0,1,"688229,723939","5339975,69152","11,53250183","48,185106092",1,4,#e78ac3,marker
216931,9,1,62,0,2019,9,13,7,3,5,3,0,0,1,0,0,0,0,"691223,551","5336442,496","11,571151051","48,152456203",0,2,#fc8d62,car
216933,9,7,72,149,2019,9,17,7,3,5,3,0,0,1,0,0,0,0,"637122,330188","5338585,76731","10,844877117","48,185698189",1,2,#fc8d62,car
216934,9,7,71,146,2019,9,16,7,3,5,3,0,1,1,0,0,0,0,"647297,563811","5347430,61284","10,984768493","48,262948141",0,1,#66c2a5,bicycle
216935,9,7,72,163,2019,9,11,7,3,4,2,0,1,1,0,0,0,0,"640162,750049","5347142,34762","10,888590194","48,261974913",1,1,#66c2a5,bicycle
216936,9,7,61,0,2019,9,17,7,3,3,2,0,1,1,0,0,0,0,"643100,649943","5360368,22914","10,932641811","48,380239553",1,1,#66c2a5,bicycle
216937,9,7,61,0,2019,9,1,7,2,8,1,2,0,1,0,0,0,0,"640104,480262","5359043,18453","10,891758734","48,368997646",1,2,#fc8d62,car
216942,9,1,63,0,2019,9,17,2,3,5,3,0,0,1,0,0,0,0,"733329,727229","5305276,87904","12,11955977","47,85842291",0,2,#fc8d62,car
216943,9,1,63,0,2019,9,8,2,3,3,2,0,1,1,0,0,0,0,"734339,277153","5304854,23196","12,132807417","47,854258553",0,1,#66c2a5,bicycle
216944,9,1,63,0,2019,9,10,2,2,1,2,0,0,1,0,0,1,1,"733567,124834","5304740,65766","12,122439316","47,853519243",0,2,#fc8d62,car
216947,9,1,79,121,2019,9,14,2,3,6,4,0,1,0,1,0,0,0,"665488,076896","5336664,22772","11,225495447","48,161667573",0,1,#66c2a5,bicycle
216948,9,1,79,121,2019,9,19,2,2,7,1,1,1,0,0,0,0,0,"667307,301944","5340347,13808","11,25139094","48,194300652",0,1,#66c2a5,bicycle
216949,9,1,77,118,2019,9,14,2,2,5,3,0,0,0,0,1,0,1,"710301,156112","5344056,76185","11,831123146","48,214856359",0,4,#e78ac3,marker
216950,9,1,62,0,2019,9,14,1,3,5,3,0,1,1,0,0,0,0,"689943,350865","5338106,8551","11,554698674","48,167799047",0,1,#66c2a5,bicycle