OBJECTID,ULAND,UREGBEZ,UKREIS,UGEMEINDE,UJAHR,UMONAT,USTUNDE,UWOCHENTAG,UKATEGORIE,UART,UTYP1,ULICHTVERH,IstRad,IstPKW,IstFuss,IstKrad,IstGkfz,IstSonstig,LINREFX,LINREFY,XGCSWGS84,YGCSWGS84,STRZUSTAND,Teilnehmer,color,symbol
216951,9,1,62,0,2019,9,23,1,3,0,7,2,1,0,0,0,0,0,"690872,815567","5333264,80688","11,565016015","48,124000682",0,1,#66c2a5,bicycle
216952,9,1,62,0,2019,9,14,1,3,0,1,0,1,1,0,0,0,0,"693385,497055","5336110,53613","11,600038418","48,148818994",0,1,#66c2a5,bicycle
216953,9,1,84,120,2019,9,13,1,2,5,3,0,1,1,0,0,0,0,"680299,61408","5332853,48408","11,422891249","48,12338564",0,1,#66c2a5,bicycle
216954,9,1,62,0,2019,9,14,1,3,5,3,0,1,0,0,0,0,0,"680636,274067","5338493,36255","11,429804433","48,173986296",0,1,#66c2a5,bicycle
216955,9,1,62,0,2019,9,13,1,3,0,6,0,1,0,0,0,0,0,"687831,801303","5342447,53688","11,528247002","48,207441092",0,1,#66c2a5,bicycle
216956,9,1,62,0,2019,9,15,1,3,5,2,0,1,1,0,0,0,0,"691062,889005","5333166,8636","11,567523731","48,12306336",0,1,#66c2a5,bicycle
216957,9,1,62,0,2019,9,20,1,3,0,4,2,1,0,0,0,0,1,"692445,768934","5338389,03044","11,588447979","48,169582524",0,1,#66c2a5,bicycle
216961,9,7,73,140,2019,9,15,1,2,0,1,0,1,0,0,0,0,0,"616254,590588","5372071,98772","10,573478942","48,491011385",0,1,#66c2a5,bicycle
216962,9,7,71,130,2019,9,17,1,3,5,3,0,0,1,0,0,0,0,"644850,518249","5364057,90897","10,957533133","48,413015285",0,2,#fc8d62,car
216963,9,7,61,0,2019,9,12,1,3,0,1,0,1,0,0,0,0,0,"638520,581249","5359534,69477","10,870545999","48,373766822",0,1,#66c2a5,bicycle
216964,9,7,61,0,2019,9,17,1,3,5,2,0,1,0,0,0,0,0,"641451,023118","5362776,84301","10,911186921","48,402268766",0,1,#66c2a5,bicycle
216965,9,7,61,0,2019,9,17,1,3,2,7,0,0,1,0,0,0,0,"641457,617925","5359372,77182","10,91012982","48,371659341",0,2,#fc8d62,car
216984,9,1,90,139,2019,9,15,1,3,8,1,0,0,0,0,1,0,0,"654682,608965","5295789,50109","11,06556622","47,796870675",0,4,#e78ac3,marker
216985,9,1,90,141,2019,9,12,1,2,4,1,0,1,0,1,0,0,0,"678831,779742","5295866,61212","11,387805981","47,791310555",0,1,#66c2a5,bicycle
216986,9,1,73,134,2019,9,20,1,2,4,2,2,1,0,0,0,0,1,"686849,571127","5299548,40294","11,49634514","47,822129952",0,1,#66c2a5,bicycle
216988,9,1,63,0,2019,9,16,1,2,1,5,0,0,1,0,0,0,0,"734120,188538","5306103,95068","12,13055953","47,86556582",0,2,#fc8d62,car
216990,9,1,82,125,2019,9,16,1,2,4,2,0,0,1,0,1,0,0,"711549,150057","5296529,7956","11,824473524","47,78735714",0,2,#fc8d62,car
216991,9,1,87,129,2019,9,15,1,3,0,7,0,1,0,0,0,0,0,"725712,234208","5295834,60722","12,012947308","47,776304752",0,1,#66c2a5,bicycle
216992,9,1,86,143,2019,9,9,1,3,5,3,0,1,1,0,0,0,0,"684855,742797","5378219,61615","11,503951","48,529836307",0,1,#66c2a5,bicycle
216994,9,1,88,139,2019,9,14,1,3,5,3,0,1,1,0,0,0,0,"673113,35777","5319114,62324","11,320843942","48,001872366",0,1,#66c2a5,bicycle
216995,9,1,79,126,2019,9,13,1,3,8,1,0,1,0,0,0,0,0,"676052,087181","5341011,84392","11,369240007","48,197911886",0,1,#66c2a5,bicycle
216996,9,1,81,116,2019,9,15,1,3,3,6,0,1,0,0,0,0,0,"647979,248726","5340767,10941","10,991620792","48,202875232",0,1,#66c2a5,bicycle
216997,9,1,78,124,2019,9,11,1,3,1,2,0,1,1,0,0,0,0,"703019,418242","5365418,05192","11,743491772","48,409188774",0,1,#66c2a5,bicycle
216998,9,1,62,0,2019,9,22,7,3,0,7,2,1,0,0,0,0,0,"692596,434388","5334713,68513","11,588809071","48,136503821",0,1,#66c2a5,bicycle
216999,9,1,62,0,2019,9,12,7,3,2,6,0,0,1,0,0,0,0,"690827,530316","5340310,09005","11,567567574","48,187336623",0,2,#fc8d62,car
217000,9,1,84,120,2019,9,11,7,3,0,1,0,1,0,0,0,0,0,"680492,971722","5332643,37717","11,425398241","48,121442217",0,1,#66c2a5,bicycle
217001,9,1,62,0,2019,9,18,7,3,5,3,0,1,0,0,0,0,0,"691471,454715","5332767,29662","11,572828892","48,119349347",0,1,#66c2a5,bicycle
217002,9,1,62,0,2019,9,5,7,3,9,6,2,0,1,0,0,0,0,"690533,890208","5341837,84333","11,564306295","48,201156001",0,2,#fc8d62,car
217003,9,1,62,0,2019,9,17,7,3,0,7,0,0,1,0,1,0,0,"696254,253946","5331544,20507","11,63646355","48,106900766",0,2,#fc8d62,car
217004,9,1,62,0,2019,9,23,7,3,1,1,2,1,1,0,0,0,0,"692500,589941","5334682,03822","11,587507827","48,136248384",0,1,#66c2a5,bicycle
217005,9,1,62,0,2019,9,11,7,3,2,6,0,0,1,0,0,0,0,"687958,932881","5334030,21308","11,526235592","48,131747274",0,2,#fc8d62,car
217006,9,1,84,142,2019,9,12,7,3,5,3,0,1,1,0,0,0,0,"682943,842","5317051,298","11,451635496","47,980588039",0,1,#66c2a5,bicycle
217007,9,1,62,0,2019,9,18,7,3,6,7,0,1,0,1,0,0,0,"688926,20112","5333921,72185","11,539174713","48,130485763",0,1,#66c2a5,bicycle
217008,9,1,62,0,2019,9,14,7,3,5,3,0,0,1,0,0,0,1,"691068,42728","5335482,2127","11,568636457","48,143871892",0,2,#fc8d62,car
217009,9,1,62,0,2019,9,19,7,3,6,4,2,1,0,1,0,0,0,"692611,45027","5334810,99201","11,589054695","48,137373849",0,1,#66c2a5,bicycle
217010,9,1,62,0,2019,9,15,7,3,5,3,0,0,1,0,0,0,0,"692279,204418","5334891,36874","11,584629697","48,138196735",0,2,#fc8d62,car
217017,9,7,72,184,2019,9,20,7,3,1,5,2,1,1,0,0,0,0,"633902,794836","5362056,71067","10,809025251","48,397441801",0,1,#66c2a5,bicycle
217018,9,7,72,217,2019,9,13,7,3,8,7,0,0,0,0,1,0,0,"635916,437261","5380806,02377","10,842312234","48,565600828",0,4,#e78ac3,marker
217019,9,7,61,0,2019,9,8,7,3,5,3,0,0,1,0,0,0,0,"639026,248","5361911,309","10,878156932","48,395025531",0,2,#fc8d62,car
217020,9,7,61,0,2019,9,8,7,3,2,6,0,0,1,0,0,0,0,"641774,130243","5361603,53847","10,91515383","48,391646383",0,2,#fc8d62,car
217022,9,7,72,184,2019,9,2,7,3,0,1,2,1,0,0,0,0,0,"635084,415937","5363594,03852","10,825475321","48,411013377",0,1,#66c2a5,bicycle
217023,9,7,61,0,2019,9,16,7,3,4,1,0,1,1,0,0,0,0,"640693,781318","5353377,4655","10,897818382","48,317922106",0,1,#66c2a5,bicycle
217024,9,7,61,0,2019,9,18,7,3,2,1,0,1,0,0,0,0,0,"640306,269509","5350657,07914","10,891689722","48,293547061",0,1,#66c2a5,bicycle
217025,9,7,61,0,2019,9,13,7,3,5,3,0,1,0,0,0,0,0,"640746,071664","5358312,58676","10,900172399","48,362285613",0,1,#66c2a5,bicycle
217026,9,7,61,0,2019,9,10,7,3,1,6,0,0,1,0,1,0,0,"640767,840565","5358305,78301","10,90046385","48,362219582",0,2,#fc8d62,car
217057,9,2,74,134,2019,9,23,7,3,0,7,2,0,1,1,0,0,0,"743396,652214","5373757,51844","12,293111835","48,469798546",0,2,#fc8d62,car
217059,9,2,61,0,2019,9,0,7,2,0,1,2,1,0,0,0,0,0,"730992,215","5380016,508","12,129011196","48,530700107",0,1,#66c2a5,bicycle
217064,9,1,63,0,2019,9,16,7,2,1,7,0,0,1,0,0,0,0,"734105,713096","5304802,37333","12,12966173","47,853877766",0,2,#fc8d62,car
217065,9,1,63,0,2019,9,21,7,3,0,7,2,1,0,0,0,0,0,"735349,101","5304580,604","12,146137589","47,851431374",0,1,#66c2a5,bicycle
217068,9,1,87,150,2019,9,11,7,3,2,6,0,0,1,0,1,0,0,"725645,109123","5304089,46336","12,016348734","47,850498274",0,2,#fc8d62,car
217070,9,1,81,138,2019,9,13,7,2,8,1,0,1,0,0,0,0,0,"640308,624352","5335236,74205","10,886617128","48,154887824",0,1,#66c2a5,bicycle
217071,9,1,81,130,2019,9,14,7,2,8,1,0,0,0,0,1,0,0,"639410,702921","5325544,33118","10,871381971","48,067929233",0,4,#e78ac3,marker
217072,9,1,79,136,2019,9,11,7,3,5,3,0,1,1,0,0,0,0,"661149,017302","5342300,56648","11,169325843","48,213455396",0,1,#66c2a5,bicycle
217073,9,1,79,121,2019,9,17,7,3,0,1,0,1,0,0,0,0,0,"668513,860948","5338134,95713","11,266736526","48,17409447",0,1,#66c2a5,bicycle
217074,9,1,81,114,2019,9,19,7,3,0,7,1,1,0,0,0,0,0,"656841,395273","5312810,8171","11,100552648","47,949393086",0,1,#66c2a5,bicycle
217075,9,1,74,113,2019,9,0,7,3,8,1,2,0,1,0,0,0,0,"673616,697505","5347137,43427","11,339003004","48,253647419",0,2,#fc8d62,car
217076,9,1,75,139,2019,9,11,7,2,0,1,0,0,0,0,1,0,0,"707537,49379","5327786,64536","11,786035024","48,069558207",0,4,#e78ac3,marker
217077,9,1,78,143,2019,9,21,7,2,6,3,2,0,0,1,1,0,0,"717293,843193","5372202,42973","11,939650961","48,465385791",0,3,#8da0cb,toilet
217078,9,1,78,143,2019,9,21,7,3,0,1,2,1,0,0,0,0,0,"716982,282334","5372365,14654","11,93552617","48,466955268",0,1,#66c2a5,bicycle
217079,9,1,77,139,2019,9,12,7,3,0,7,0,1,0,0,0,0,0,"732003,749587","5359465,6206","12,131314673","48,345718472",0,1,#66c2a5,bicycle
217080,9,1,62,0,2019,9,10,6,3,3,6,0,1,0,0,0,0,0,"697494,035271","5331344,52398","11,653007793","48,104723019",0,1,#66c2a5,bicycle
217081,9,1,62,0,2019,9,9,6,3,2,6,0,0,1,0,1,0,0,"691750,698324","5335406,09279","11,577764706","48,142982473",0,2,#fc8d62,car
217082,9,1,62,0,2019,9,18,6,3,4,2,0,1,1,0,0,0,0,"686841,060797","5328044,57797","11,508604983","48,078275257",0,1,#66c2a5,bicycle
217083,9,1,62,0,2019,9,9,6,3,3,2,0,1,1,0,0,0,0,"695506,298834","5333859,59931","11,627488132","48,127940436",0,1,#66c2a5,bicycle
217084,9,1,62,0,2019,9,15,6,3,0,1,0,0,0,0,1,0,0,"691491,106195","5337018,78339","11,575004102","48,157555289",0,4,#e78ac3,marker
217085,9,1,62,0,2019,9,22,6,3,6,4,2,0,1,1,1,0,0,"690836,315","5334669,188","11,565154977","48,136634142",0,2,#fc8d62,car
217086,9,1,62,0,2019,9,14,6,2,8,1,0,1,0,0,0,0,0,"690038,01151","5331938,82905","11,553218231","48,112332452",0,1,#66c2a5,bicycle
217087,9,1,62,0,2019,9,7,6,3,5,3,0,1,1,0,0,0,0,"692532,902669","5334813,01539","11,588000902","48,137415804",0,1,#66c2a5,bicycle
217088,9,1,62,0,2019,9,6,6,3,5,2,0,1,0,0,0,0,1,"687476,746918","5335657,62837","11,520477718","48,14651711",0,1,#66c2a5,bicycle
217089,9,1,62,0,2019,9,10,6,3,5,3,0,1,1,0,0,0,0,"684428,343165","5332451,33315","11,478146492","48,118588265",0,1,#66c2a5,bicycle
217090,9,1,62,0,2019,9,15,6,3,4,2,0,1,1,0,0,0,0,"695427,523424","5335108,99757","11,627003696","48,139193605",0,1,#66c2a5,bicycle
217091,9,1,62,0,2019,9,7,6,3,3,2,0,0,1,0,0,0,1,"694682,954939","5336681,30252","11,617724785","48,153553023",0,2,#fc8d62,car
217092,9,1,62,0,2019,9,15,6,3,4,7,0,1,0,1,0,0,0,"692558,091954","5334169,93815","11,588048466","48,131628342",0,1,#66c2a5,bicycle
217093,9,1,62,0,2019,9,11,6,3,0,7,0,0,0,1,0,0,1,"691572,841559","5334541,29102","11,574987241","48,135263325",0,3,#8da0cb,toilet
217103,9,7,72,177,2019,9,18,6,3,5,3,0,1,0,0,0,0,0,"635956,78638","5377233,16544","10,841692305","48,533466125",0,1,#66c2a5,bicycle
217104,9,7,71,130,2019,9,17,6,3,4,6,0,0,0,0,0,0,1,"647232,155688","5358817,34548","10,987862231","48,365344677",0,6,#ffd92f,circle
217105,9,7,72,163,2019,9,14,6,3,3,2,0,1,1,0,0,0,0,"640428,055889","5349267,84577","10,892868954","48,281028313",0,1,#66c2a5,bicycle
217106,9,7,72,163,2019,9,13,6,3,5,3,0,1,1,0,0,0,0,"640032,456067","5347766,76664","10,887042309","48,267618432",0,1,#66c2a5,bicycle
217107,9,7,61,0,2019,9,17,6,3,5,3,0,1,1,0,0,0,0,"637570,916094","5357303,57418","10,856999335","48,353912597",0,1,#66c2a5,bicycle
217108,9,7,61,0,2019,9,17,6,3,0,4,0,1,0,1,0,0,0,"643587,751959","5357334,50725","10,938180768","48,35285131",0,1,#66c2a5,bicycle
217109,9,7,61,0,2019,9,21,6,3,0,7,2,1,0,0,0,0,0,"641463,804","5360511,172","10,910596407","48,38189398",1,1,#66c2a5,bicycle
217110,9,7,61,0,2019,9,16,6,3,0,1,0,1,0,0,0,0,0,"639376,848142","5358680,53185","10,881819236","48,365897866",0,1,#66c2a5,bicycle
217111,9,7,61,0,2019,9,16,6,3,0,1,0,1,0,0,0,0,0,"641656,56809","5352876,31879","10,910629617","48,313200984",0,1,#66c2a5,bicycle
217112,9,7,61,0,2019,9,12,6,3,5,3,0,1,1,0,0,0,0,"643022,416635","5357589,3323","10,930640847","48,355270862",0,1,#66c2a5,bicycle
217137,9,1,63,0,2019,9,16,6,3,2,2,0,1,0,0,0,0,1,"731918,012095","5305114,7619","12,100627231","47,857477407",0,1,#66c2a5,bicycle
217138,9,1,63,0,2019,9,16,6,3,2,6,0,0,1,0,0,0,0,"733701,615142","5303577,57189","12,123606388","47,843021153",0,2,#fc8d62,car
217139,9,1,63,0,2019,9,12,6,3,1,6,0,0,1,0,0,0,0,"731639,283406","5304415,91779","12,096532208","47,85129933",0,2,#fc8d62,car
217140,9,1,87,167,2019,9,13,6,3,5,3,0,0,1,0,1,0,0,"744045,061646","5302861,1343","12,261224307","47,832743382",0,2,#fc8d62,car
217141,9,1,63,0,2019,9,2,6,3,6,4,2,0,1,1,0,0,0,"734095,515599","5304999,13062","12,129632085","47,855649143",0,2,#fc8d62,car
217142,9,1,63,0,2019,9,16,6,3,2,6,0,1,1,0,0,0,0,"733671,620552","5305146,91207","12,124053564","47,857131065",0,1,#66c2a5,bicycle
217146,9,1,88,139,2019,9,16,6,3,5,2,0,1,1,0,0,0,0,"675249,508676","5319524,10312","11,349624717","48,004971466",0,1,#66c2a5,bicycle
217147,9,1,88,137,2019,9,12,6,3,0,6,0,0,1,0,1,0,0,"672076,144284","5314910,09426","11,305265779","47,964354004",0,2,#fc8d62,car
217148,9,1,79,121,2019,9,17,6,3,5,3,0,1,1,0,0,0,0,"666622,366925","5339098,36539","11,241691467","48,183254273",0,1,#66c2a5,bicycle
217149,9,1,74,115,2019,9,15,6,3,5,7,0,0,1,0,0,0,0,"683582,671976","5348290,90779","11,473640847","48,261206925",0,2,#fc8d62,car
217150,9,1,74,115,2019,9,18,6,3,2,6,1,0,1,0,0,0,0,"681705,374","5348801,438","11,448589059","48,266337011",0,2,#fc8d62,car
217151,9,1,74,126,2019,9,11,6,2,1,5,0,1,1,0,0,0,0,"684575,49889","5344804,90777","11,485485877","48,229585195",0,1,#66c2a5,bicycle
217152,9,1,78,124,2019,9,13,6,3,0,1,0,0,0,0,1,0,0,"702926,487736","5364779,58146","11,741928795","48,403481252",0,4,#e78ac3,marker
217153,9,1,78,124,2019,9,9,6,3,5,3,0,0,1,0,0,0,0,"703725,502","5362747,437","11,751726461","48,384962376",0,2,#fc8d62,car
217154,9,1,62,0,2019,9,20,5,3,1,6,0,1,1,0,0,0,1,"690972,804278","5334181,3095","11,566769005","48,132208176",0,1,#66c2a5,bicycle
217155,9,1,62,0,2019,9,19,5,3,0,7,0,1,0,0,0,0,0,"689428,377","5332879,716","11,545453964","48,12097086",0,1,#66c2a5,bicycle
217156,9,1,62,0,2019,9,18,5,3,2,6,0,0,1,0,0,0,0,"692564,079692","5334124,02229","11,588108107","48,131213848",0,2,#fc8d62,car
217157,9,1,62,0,2019,9,14,5,3,5,2,0,1,1,0,0,0,0,"688131,044866","5337142,4917","11,529921757","48,159670151",0,1,#66c2a5,bicycle
217158,9,1,62,0,2019,9,16,5,3,2,6,0,1,0,0,1,0,0,"693279,376804","5334651,15492","11,597950784","48,135734764",0,1,#66c2a5,bicycle
217159,9,1,62,0,2019,9,8,5,3,6,4,0,1,0,1,0,0,0,"692693,795312","5339211,43559","11,592153233","48,176898914",0,1,#66c2a5,bicycle
217160,9,1,62,0,2019,9,7,5,3,4,6,0,1,1,0,0,0,0,"694984,377178","5335649,03374","11,621300511","48,144183145",0,1,#66c2a5,bicycle
217161,9,1,62,0,2019,9,8,5,3,4,6,0,1,1,0,0,0,0,"683895,610121","5332330,04768","11,470942811","48,117652151",0,1,#66c2a5,bicycle
217162,9,1,62,0,2019,9,18,5,3,0,7,1,1,0,1,0,0,0,"684346,859087","5333862,7109","11,477663091","48,131298129",0,1,#66c2a5,bicycle
217163,9,1,84,138,2019,9,18,5,3,6,4,0,0,1,1,0,0,0,"682563,241408","5331063,29187","11,452515092","48,106648972",0,2,#fc8d62,car
217164,9,1,62,0,2019,9,14,5,3,0,2,0,1,0,0,0,0,0,"685716,922262","5332447,49306","11,495442365","48,118179233",0,1,#66c2a5,bicycle
217165,9,1,84,134,2019,9,17,5,3,5,3,0,1,1,0,0,0,0,"692577,493827","5322750,74642","11,583162206","48,028988054",0,1,#66c2a5,bicycle
217166,9,1,62,0,2019,9,12,5,3,5,2,0,1,0,0,0,0,0,"684625,411181","5329101,75772","11,479342693","48,088423211",0,1,#66c2a5,bicycle
217167,9,1,62,0,2019,9,17,5,3,6,7,0,1,0,1,0,0,0,"684694,701152","5329275,46502","11,480347413","48,089964524",0,1,#66c2a5,bicycle
217168,9,1,84,130,2019,9,17,5,3,0,1,0,1,0,0,0,0,0,"702049,657809","5347104,20144","11,721625091","48,244923329",0,1,#66c2a5,bicycle
217169,9,1,62,0,2019,9,8,5,3,3,5,0,1,1,0,0,0,0,"694074,599954","5334192,73434","11,608419428","48,131372634",0,1,#66c2a5,bicycle
217170,9,1,62,0,2019,9,19,5,3,6,4,0,0,1,1,0,0,0,"690417,001136","5335186,73112","11,559755932","48,141411415",0,2,#fc8d62,car
217171,9,1,62,0,2019,9,21,5,3,6,2,2,0,1,1,0,0,0,"691020,159","5334027,676","11,567335937","48,130813117",0,2,#fc8d62,car
217172,9,1,62,0,2019,9,10,5,3,5,3,0,1,1,0,0,0,0,"691917,908967","5334408,16317","11,579560549","48,133962826",0,1,#66c2a5,bicycle
217183,9,7,61,0,2019,9,15,5,3,6,4,0,1,0,1,0,0,0,"639154,882491","5355262,24556","10,877694047","48,335210306",0,1,#66c2a5,bicycle
217184,9,7,72,151,2019,9,17,5,3,0,3,0,1,1,0,0,0,0,"631407,896151","5343051,60179","10,769415744","48,227065439",0,1,#66c2a5,bicycle
217185,9,7,72,125,2019,9,17,5,2,5,3,0,0,1,0,1,0,0,"633923,982547","5348408,94271","10,804972862","48,274714139",0,2,#fc8d62,car
217186,9,1,63,0,2019,9,20,2,3,5,3,2,0,1,0,0,0,0,"732653,102834","5304764,42263","12,110251655","47,85406423",0,2,#fc8d62,car
217187,9,7,61,0,2019,9,5,5,3,6,4,2,0,1,1,0,0,0,"638730,193364","5362302,80001","10,874288994","48,398610921",0,2,#fc8d62,car
217188,9,7,61,0,2019,9,16,5,2,1,1,0,0,1,0,0,0,0,"639295,710988","5361723,73269","10,88173295","48,393279432",0,2,#fc8d62,car
217189,9,7,61,0,2019,9,18,5,3,1,3,0,1,1,0,0,0,0,"639481,370759","5362382,65963","10,884458475","48,399163263",0,1,#66c2a5,bicycle
217190,9,7,61,0,2019,9,20,5,3,5,2,2,1,1,0,0,0,0,"639700,516479","5356214,42393","10,88536825","48,343651688",0,1,#66c2a5,bicycle
217191,9,7,61,0,2019,9,23,5,3,0,1,2,0,0,0,0,0,1,"639491,547108","5359656,7426","10,883690821","48,374650361",0,6,#ffd92f,circle
217206,9,7,61,0,2019,9,10,2,3,3,6,0,0,1,0,0,0,0,"640129,697143","5359137,06124","10,892130313","48,369836158",0,2,#fc8d62,car
217242,9,2,61,0,2019,9,18,5,3,5,3,1,0,1,0,0,0,0,"731101,915231","5382067,06763","12,131632014","48,549079687",0,2,#fc8d62,car
217243,9,2,61,0,2019,9,6,5,3,4,6,2,1,0,0,0,0,0,"731818,974195","5379885,02789","12,140119855","48,529214289",0,1,#66c2a5,bicycle
217244,9,1,90,130,2019,9,14,5,3,5,6,0,0,1,0,1,0,0,"650274,108289","5295410,32121","11,00660349","47,794505083",0,2,#fc8d62,car
217245,9,1,90,140,2019,9,11,5,3,0,1,0,0,0,0,1,0,0,"644634,70293","5295067,03848","10,931231404","47,792709542",0,4,#e78ac3,marker
217249,9,1,87,182,2019,9,14,5,3,1,1,0,0,1,0,0,0,0,"740289,862725","5327808,71607","12,22505068","48,058262857",0,2,#fc8d62,car
217250,9,1,63,0,2019,9,18,5,3,5,3,0,0,1,0,0,0,0,"732718,490476","5305241,74021","12,111381256","47,858328845",0,2,#fc8d62,car
217252,9,1,82,120,2019,9,16,5,3,5,3,0,1,1,0,0,0,0,"701458,280687","5306150,85555","11,694379527","47,877061333",0,1,#66c2a5,bicycle
217255,9,1,85,158,2019,9,17,5,3,5,3,0,1,1,0,0,0,0,"667654,725044","5381622,13573","11,272526119","48,565252954",0,1,#66c2a5,bicycle
217256,9,1,81,130,2019,9,13,5,3,5,3,0,1,1,0,0,0,0,"639039,852137","5325020,45508","10,866236227","48,063299331",0,1,#66c2a5,bicycle
217257,9,1,74,115,2019,9,10,5,3,0,1,0,1,0,0,0,0,0,"682809,188542","5348464,17864","11,463303629","48,262988003",0,1,#66c2a5,bicycle
217258,9,1,74,115,2019,9,8,5,3,0,1,0,1,0,0,0,0,0,"681053,565453","5345134,72044","11,438245606","48,23356486",0,1,#66c2a5,bicycle
217259,9,1,78,143,2019,9,20,5,3,0,1,2,1,0,0,0,0,0,"716867,210197","5372958,07983","11,934278887","48,472322236",0,1,#66c2a5,bicycle
217260,9,1,77,130,2019,9,15,5,3,1,3,0,1,1,0,0,0,0,"711013,801931","5350630,85467","11,843980326","48,273692785",0,1,#66c2a5,bicycle
217261,9,1,62,0,2019,9,18,4,2,5,2,0,0,1,0,1,0,0,"694038,872314","5341771,114","11,611397307","48,19949485",0,2,#fc8d62,car
217262,9,1,62,0,2019,9,17,4,3,3,6,0,1,1,0,0,0,0,"690392,983618","5335342,3945","11,559502999","48,142817701",0,1,#66c2a5,bicycle
217263,9,1,62,0,2019,9,12,4,3,3,6,0,0,1,0,0,0,1,"690336,384662","5343124,20393","11,56222792","48,212776863",0,2,#fc8d62,car
217264,9,1,62,0,2019,9,16,4,3,5,3,0,1,1,0,0,0,0,"693335,9771","5333696,95717","11,598277799","48,127141513",0,1,#66c2a5,bicycle
217265,9,1,62,0,2019,9,7,4,3,5,2,0,1,1,0,0,0,0,"693052,616808","5342059,81322","11,59826967","48,20239018",0,1,#66c2a5,bicycle
217266,9,1,62,0,2019,9,15,4,3,0,7,0,1,0,0,0,0,0,"683408,205629","5335678,5251","11,465841506","48,147890983",0,1,#66c2a5,bicycle
217267,9,1,84,112,2019,9,8,4,3,6,6,0,0,1,1,0,0,0,"699472,855745","5336779,65839","11,682104","48,152952775",0,2,#fc8d62,car
217269,9,1,62,0,2019,9,8,4,3,6,2,0,1,0,1,0,0,0,"689463,748174","5335307,79427","11,547008482","48,142784106",0,1,#66c2a5,bicycle
217270,9,1,84,135,2019,9,13,4,3,0,1,0,1,0,0,0,0,0,"690053,227973","5347485,14556","11,560376055","48,25205714",0,1,#66c2a5,bicycle
217271,9,1,62,0,2019,9,15,4,2,5,2,0,1,0,0,0,1,0,"695811,104308","5334159,47254","11,631717848","48,130541856",0,1,#66c2a5,bicycle
217272,9,1,62,0,2019,9,14,4,3,1,7,0,1,1,0,0,0,0,"691774,594974","5338216,10754","11,579352026","48,168231176",0,1,#66c2a5,bicycle
217273,9,1,62,0,2019,9,10,4,3,0,7,0,1,0,1,0,0,0,"691537,607703","5335960,85907","11,575152639","48,148032822",0,1,#66c2a5,bicycle
217274,9,1,62,0,2019,9,16,4,3,1,3,0,1,1,0,0,0,0,"692942,543354","5340426,71688","11,596047713","48,18774597",0,1,#66c2a5,bicycle
217275,9,1,62,0,2019,9,17,4,3,6,2,0,0,1,1,0,0,0,"678312,444","5339053,663","11,398809428","48,179679108",0,2,#fc8d62,car
217276,9,1,62,0,2019,9,7,4,3,5,3,0,1,1,0,0,0,0,"687993,450869","5339139,16336","11,52895606","48,177657231",0,1,#66c2a5,bicycle
217278,9,1,62,0,2019,9,7,4,3,2,6,0,1,1,0,0,0,0,"687871,886024","5337092,84346","11,526418271","48,159300528",0,1,#66c2a5,bicycle
217279,9,1,62,0,2019,9,7,4,3,5,3,0,1,1,0,0,0,0,"685170,2","5332469,248","11,488112806","48,118533995",0,1,#66c2a5,bicycle
217280,9,1,62,0,2019,9,12,4,3,2,6,0,0,1,0,0,0,0,"697923,131208","5330913,17776","11,658565516","48,100713209",0,2,#fc8d62,car
217281,9,1,62,0,2019,9,12,4,3,5,3,0,1,1,0,0,0,0,"696745,427762","5331795,54115","11,643170572","48,109008128",0,1,#66c2a5,bicycle
217282,9,1,62,0,2019,9,18,4,3,0,7,0,1,0,0,0,0,0,"689590,850769","5332704,3434","11,547556991","48,119346237",0,1,#66c2a5,bicycle
217283,9,1,62,0,2019,9,17,4,3,1,7,0,0,1,0,1,0,0,"691652,167242","5338414,19112","11,577796394","48,170048436",0,2,#fc8d62,car
217284,9,1,62,0,2019,9,15,4,3,6,4,0,1,0,1,0,0,0,"690641,339864","5337361,33879","11,563742585","48,160889471",0,1,#66c2a5,bicycle
217297,9,7,72,217,2019,9,6,4,3,8,1,2,0,0,0,1,0,0,"635914,470301","5380810,32076","10,842286991","48,565639891",1,4,#e78ac3,marker
217298,9,7,61,0,2019,9,8,4,2,0,1,0,1,0,0,0,0,0,"639529,281415","5358785,42425","10,883910979","48,366807355",0,1,#66c2a5,bicycle
217299,9,7,71,113,2019,9,17,4,2,0,7,0,1,0,0,0,0,0,"654474,261016","5366372,06493","11,088355365","48,431535399",0,1,#66c2a5,bicycle
217325,9,2,61,0,2019,9,18,4,3,0,1,0,0,1,0,1,0,0,"732832,471153","5380829,48525","12,154354099","48,537323017",0,2,#fc8d62,car
217327,9,1,90,157,2019,9,12,4,3,5,3,0,0,1,0,1,0,0,"660598,388089","5301558,74488","11,146645277","47,847294548",0,2,#fc8d62,car
217332,9,1,86,143,2019,9,7,4,3,0,6,0,0,1,0,1,0,0,"685201,558856","5378673,22494","11,508832084","48,533811276",0,2,#fc8d62,car
217334,9,1,79,123,2019,9,6,4,3,4,2,2,0,1,0,1,0,0,"675600,821014","5333458,72587","11,360053892","48,130139767",0,2,#fc8d62,car
217335,9,1,74,115,2019,9,10,4,3,3,6,0,0,1,0,0,1,0,"682136,952379","5348721,16527","11,454364733","48,265491541",0,2,#fc8d62,car