OBJECTID,ULAND,UREGBEZ,UKREIS,UGEMEINDE,UJAHR,UMONAT,USTUNDE,UWOCHENTAG,UKATEGORIE,UART,UTYP1,ULICHTVERH,IstRad,IstPKW,IstFuss,IstKrad,IstGkfz,IstSonstig,LINREFX,LINREFY,XGCSWGS84,YGCSWGS84,STRZUSTAND,Teilnehmer,color,symbol
217336,9,1,77,117,2019,9,7,4,3,3,6,0,1,0,0,0,0,0,"714467,696147","5354142,93119","11,892252666","48,304089661",0,1,#66c2a5,bicycle
217338,9,1,62,0,2019,9,7,3,3,6,4,0,1,0,1,0,0,0,"693124,946","5336235,658","11,59659585","48,15002271",0,1,#66c2a5,bicycle
217339,9,1,62,0,2019,9,13,3,3,1,6,0,0,1,0,0,0,0,"689568,158656","5333539,11879","11,547623616","48,12685603",0,2,#fc8d62,car
217340,9,1,62,0,2019,9,13,3,3,4,7,0,0,1,0,0,0,0,"696006,176","5338788,554","11,636468477","48,172085321",0,2,#fc8d62,car
217341,9,1,62,0,2019,9,9,3,2,5,3,0,1,0,0,1,0,0,"692449,983681","5334883,56657","11,586919371","48,138074985",0,1,#66c2a5,bicycle
217342,9,1,62,0,2019,9,8,3,3,5,2,0,0,1,0,1,0,0,"692252,385569","5337234,39272","11,585327755","48,159263439",0,2,#fc8d62,car
217343,9,1,84,147,2019,9,19,3,3,6,6,2,0,0,1,1,0,0,"697200,262728","5339752,00171","11,652959245","48,180374722",0,3,#8da0cb,toilet
217344,9,1,62,0,2019,9,7,3,3,3,7,0,0,1,0,1,0,0,"688844,796597","5336238,46946","11,539109087","48,151333135",1,2,#fc8d62,car
217345,9,1,62,0,2019,9,14,3,3,4,2,0,0,0,0,1,0,1,"690348,734354","5334734,50939","11,558637066","48,137367279",0,4,#e78ac3,marker
217346,9,1,62,0,2019,9,19,3,3,0,3,1,1,1,0,0,0,0,"690861,03175","5329951,75504","11,563375578","48,09422652",0,1,#66c2a5,bicycle
217347,9,1,62,0,2019,9,11,3,3,5,2,0,1,1,0,0,0,0,"692618,96607","5334805,15179","11,589152973","48,137319083",0,1,#66c2a5,bicycle
217348,9,1,62,0,2019,9,18,3,3,5,2,0,0,1,0,0,0,1,"689427,719","5337211,584","11,547371932","48,159906191",0,2,#fc8d62,car
217349,9,1,62,0,2019,9,13,3,3,5,4,0,0,0,1,0,0,1,"686490,818829","5334868,31394","11,50689019","48,13971228",0,3,#8da0cb,toilet
217351,9,1,84,122,2019,9,16,3,3,3,6,0,1,1,0,0,0,0,"688833,805621","5324560,88315","11,533795287","48,04637585",0,1,#66c2a5,bicycle
217352,9,1,62,0,2019,9,7,3,3,0,7,0,1,0,0,0,0,0,"686617,918484","5332286,73693","11,507466529","48,116470883",1,1,#66c2a5,bicycle
217353,9,1,62,0,2019,9,16,3,3,4,2,0,1,1,0,0,0,0,"692299,278329","5335021,69342","11,584958087","48,139362002",0,1,#66c2a5,bicycle
217356,9,7,78,203,2019,9,18,3,3,5,2,0,1,1,0,0,0,0,"621914,053111","5324002,28365","10,636182135","48,057645606",0,1,#66c2a5,bicycle
217362,9,7,61,0,2019,9,6,3,3,3,6,1,1,1,0,0,0,0,"638830,368276","5362502,99015","10,875707832","48,400388928",0,1,#66c2a5,bicycle
217363,9,7,72,147,2019,9,7,3,3,5,3,0,0,1,0,1,0,0,"638806,527784","5365587,49904","10,87640653","48,42812918",1,2,#fc8d62,car
217364,9,7,61,0,2019,9,18,3,3,4,2,0,0,1,0,1,0,0,"637653,111089","5362092,0696","10,859676189","48,396952147",0,2,#fc8d62,car
217365,9,7,61,0,2019,9,10,3,3,0,7,0,0,0,0,1,0,0,"639229,97547","5360508,72063","10,880442759","48,382368894",0,4,#e78ac3,marker
217366,9,7,61,0,2019,9,12,3,3,6,7,0,1,0,1,0,0,0,"640173,307716","5359659,61468","10,892893047","48,374525111",0,1,#66c2a5,bicycle
217368,9,7,61,0,2019,9,11,3,3,6,4,0,1,0,1,0,0,0,"640012,328754","5359225,32392","10,890575808","48,370655838",0,1,#66c2a5,bicycle
217369,9,7,61,0,2019,9,18,3,3,3,2,0,1,1,0,0,0,0,"639967,212936","5359183,64241","10,889953083","48,370291058",0,1,#66c2a5,bicycle
217370,9,7,61,0,2019,9,10,3,3,4,2,0,0,1,0,0,0,0,"640551,244633","5359228,92461","10,897849808","48,370568426",0,2,#fc8d62,car
217371,9,1,73,126,2019,9,18,2,3,5,3,0,1,1,0,0,0,0,"683950,470115","5306343,06831","11,460539211","47,884043452",0,1,#66c2a5,bicycle
217400,9,1,73,126,2019,9,17,3,3,2,6,0,0,1,0,0,0,0,"684340,691824","5306215,41347","11,465699371","47,88278403",0,2,#fc8d62,car
217406,9,1,87,182,2019,9,13,3,3,3,6,0,0,1,0,1,0,0,"740301,784222","5327809,49519","12,225210859","48,058265367",0,2,#fc8d62,car
217407,9,1,63,0,2019,9,10,3,3,0,7,0,1,0,0,0,0,0,"733472,229459","5306115,21488","12,121914687","47,865902796",0,1,#66c2a5,bicycle
217409,9,1,86,151,2019,9,18,3,3,0,6,0,1,0,0,0,0,0,"681607,089304","5376841,87779","11,459389223","48,518401456",0,1,#66c2a5,bicycle
217412,9,1,81,114,2019,9,18,3,3,9,1,0,0,1,0,0,0,0,"656526,884301","5313050,48123","11,096430562","47,951624903",0,2,#fc8d62,car
217413,9,1,78,120,2019,9,18,3,3,1,1,0,1,1,0,0,0,0,"694158,616009","5353017,0726","11,618164835","48,300530273",0,1,#66c2a5,bicycle
217414,9,1,77,117,2019,9,18,3,3,2,6,0,0,1,0,0,0,0,"715106,673","5353996,68","11,900783751","48,302558659",0,2,#fc8d62,car
217415,9,1,77,123,2019,9,14,3,3,6,7,0,0,0,1,0,0,1,"727446,773974","5344408,34737","12,061800719","48,21210303",0,3,#8da0cb,toilet
217416,9,1,62,0,2019,9,16,2,3,5,3,0,0,0,0,1,0,1,"693860,442423","5333977,18545","11,605446113","48,129500615",0,4,#e78ac3,marker
217417,9,1,62,0,2019,9,7,2,3,6,4,0,0,1,1,0,0,0,"692624,124672","5331390,0641","11,587679158","48,106623385",0,2,#fc8d62,car
217418,9,1,62,0,2019,9,16,2,3,0,7,0,0,1,0,1,0,0,"690724,358516","5334846,25595","11,563730945","48,138259184",0,2,#fc8d62,car
217419,9,1,62,0,2019,9,22,2,3,5,3,2,0,1,0,0,0,0,"686642,96339","5330319,90702","11,50694226","48,098784904",0,2,#fc8d62,car
217420,9,1,62,0,2019,9,17,2,3,5,3,0,1,1,0,0,0,0,"691952,004579","5331386,88796","11,578658082","48,106797714",0,1,#66c2a5,bicycle
217421,9,1,62,0,2019,9,19,2,3,7,7,2,1,0,0,0,0,0,"690717,065564","5335724,51786","11,564026358","48,14615514",0,1,#66c2a5,bicycle
217422,9,1,62,0,2019,9,11,2,3,2,6,0,0,1,0,0,0,1,"692246,493038","5338555,89891","11,585845947","48,171142596",0,2,#fc8d62,car
217423,9,1,84,122,2019,9,16,2,3,5,3,0,0,1,0,1,0,0,"688012,594","5323836,408","11,522469108","48,040106375",0,2,#fc8d62,car
217424,9,1,62,0,2019,9,6,2,3,4,6,0,1,1,0,0,0,0,"679137,751616","5338553,81007","11,409691311","48,174953818",0,1,#66c2a5,bicycle
217425,9,1,62,0,2019,9,8,2,3,5,2,0,1,1,0,0,0,0,"690498,196887","5342229,59873","11,564002248","48,20468775",0,1,#66c2a5,bicycle
217426,9,1,62,0,2019,9,21,2,2,0,7,2,0,1,0,1,0,0,"697519,526938","5333950,06368","11,654556682","48,12813199",0,2,#fc8d62,car
217427,9,1,62,0,2019,9,5,2,3,2,6,2,0,1,0,1,0,0,"689402,398668","5342622,39378","11,54944392","48,208546032",0,2,#fc8d62,car
217428,9,1,62,0,2019,9,18,2,3,5,3,0,1,1,0,0,0,0,"688305,404857","5330588,62116","11,529367858","48,100711071",0,1,#66c2a5,bicycle
217429,9,1,84,146,2019,9,12,2,3,0,7,0,1,0,0,0,0,0,"698267,117978","5328010,46501","11,661833441","48,074518648",0,1,#66c2a5,bicycle
217430,9,1,62,0,2019,9,13,2,3,6,6,0,1,0,1,0,0,0,"691578,935048","5332625,93589","11,574208094","48,118046482",0,1,#66c2a5,bicycle
217431,9,1,62,0,2019,9,21,2,3,1,6,2,1,1,0,0,0,0,"691421,326943","5332922,14376","11,572225544","48,120756173",0,1,#66c2a5,bicycle
217432,9,1,62,0,2019,9,6,2,3,5,3,0,1,1,0,0,0,0,"696126,497148","5335280,22372","11,636468091","48,140517439",0,1,#66c2a5,bicycle
217433,9,1,62,0,2019,9,7,2,3,4,6,0,1,0,0,0,0,0,"686584,102067","5332646,97092","11,507170245","48,119718712",0,1,#66c2a5,bicycle
217434,9,1,62,0,2019,9,16,2,3,0,7,0,0,1,0,0,0,0,"690611,530082","5334747,44814","11,562171653","48,13740491",0,2,#fc8d62,car
217435,9,1,62,0,2019,9,18,2,3,1,5,1,1,1,0,0,0,0,"689030,800121","5334947,302","11,541034181","48,139672743",0,1,#66c2a5,bicycle
217436,9,1,62,0,2019,9,10,2,3,5,3,0,1,1,0,0,0,0,"692297,869285","5337889,7176","11,586235005","48,165139587",0,1,#66c2a5,bicycle
217437,9,1,62,0,2019,9,14,2,3,2,6,0,1,1,0,0,0,0,"690817,597908","5335144,39775","11,565116552","48,140910912",0,1,#66c2a5,bicycle
217440,9,7,62,0,2019,9,9,2,3,3,2,0,1,1,0,0,0,0,"622295,698405","5305567,75581","10,636054833","47,891780853",0,1,#66c2a5,bicycle
217442,9,7,72,130,2019,9,17,2,2,0,2,0,1,0,0,0,0,0,"631555,199054","5357046,79278","10,775757469","48,352885477",0,1,#66c2a5,bicycle
217443,9,7,61,0,2019,9,15,2,3,5,3,0,1,1,0,0,0,0,"638368,383","5358569,439","10,868174288","48,36512081",0,1,#66c2a5,bicycle
217445,9,7,61,0,2019,9,17,2,3,0,7,0,1,0,0,0,0,0,"639212,440701","5360106,07261","10,880072692","48,378752258",0,1,#66c2a5,bicycle
217446,9,7,61,0,2019,9,23,2,3,6,3,2,0,1,1,0,0,0,"639411,381874","5358501,01374","10,882225738","48,364276058",0,2,#fc8d62,car
217447,9,7,61,0,2019,9,7,2,3,2,1,0,0,1,0,0,0,0,"640352,423673","5355594,36046","10,893954641","48,337931742",0,2,#fc8d62,car
217448,9,7,61,0,2019,9,12,2,3,5,3,0,1,1,0,0,0,0,"639642,708","5359903,822","10,88581302","48,376838596",0,1,#66c2a5,bicycle
217449,9,7,61,0,2019,9,7,2,3,2,6,0,1,1,0,0,0,0,"640319,849246","5359890,73751","10,894947956","48,376570722",0,1,#66c2a5,bicycle
217454,9,1,73,123,2019,9,7,2,2,1,1,0,1,0,0,0,0,1,"679974,653","5302685,689","11,405884403","47,852292544",0,1,#66c2a5,bicycle
217459,9,1,63,0,2019,9,10,2,3,5,1,0,1,1,0,0,0,0,"731269,384585","5303950,67819","12,091346239","47,847252657",1,1,#66c2a5,bicycle
217462,9,1,86,146,2019,9,17,2,2,5,2,0,1,1,0,0,0,0,"685473,493502","5371565,64919","11,509354973","48,469849861",1,1,#66c2a5,bicycle
217464,9,1,74,122,2019,9,16,2,2,9,1,0,0,1,0,0,0,0,"680085,539218","5351695,92434","11,428014578","48,292817133",1,2,#fc8d62,car
217468,9,1,83,135,2019,9,13,2,3,4,7,0,0,0,0,0,0,1,"742981,628544","5350495,14531","12,274072421","48,261019865",1,6,#ffd92f,circle
217470,9,1,74,115,2019,9,8,2,3,0,1,0,1,0,0,0,0,0,"680711,092429","5347944,33317","11,434836984","48,25891722",1,1,#66c2a5,bicycle
217471,9,1,74,115,2019,9,7,2,3,6,4,0,0,1,1,0,0,0,"681241,56155","5347844,91576","11,44193502","48,25787209",1,2,#fc8d62,car
217472,9,1,78,124,2019,9,15,2,3,5,3,0,1,1,0,0,0,0,"703743,95403","5363849,10419","11,752509647","48,3948562",0,1,#66c2a5,bicycle
217473,9,1,62,0,2019,9,2,1,3,0,1,2,1,0,0,0,0,0,"691676,545317","5336730,42109","11,577365212","48,15490767",0,1,#66c2a5,bicycle
217474,9,1,62,0,2019,9,19,1,2,6,4,2,0,1,1,0,0,0,"690164,117788","5333919,7582","11,555794368","48,13009948",0,2,#fc8d62,car
217475,9,1,62,0,2019,9,1,1,2,0,4,2,0,1,1,0,0,0,"689583,92763","5335274,99631","11,548607825","48,142453517",0,2,#fc8d62,car
217476,9,1,62,0,2019,9,18,1,3,6,7,0,0,0,1,0,0,1,"690451,804581","5334742,1885","11,560024519","48,13740546",0,3,#8da0cb,toilet
217477,9,1,84,135,2019,9,18,1,3,7,1,0,1,0,0,0,0,0,"689867,447544","5346921,56537","11,557623073","48,247047463",0,1,#66c2a5,bicycle
217478,9,1,84,130,2019,9,14,1,3,3,6,0,1,0,0,0,0,0,"700118,776086","5347999,12723","11,696069017","48,253578291",0,1,#66c2a5,bicycle
217479,9,1,62,0,2019,9,16,1,3,4,6,0,0,1,0,0,0,0,"698268,393","5335339,886","11,665256575","48,140389848",0,2,#fc8d62,car
217480,9,1,62,0,2019,9,17,1,3,1,5,0,1,1,0,0,0,0,"688844,651875","5331539,46539","11,537024631","48,109097849",0,1,#66c2a5,bicycle
217485,9,7,78,137,2019,9,9,1,3,0,2,0,1,0,0,0,0,0,"623311,454","5329245,614","10,656441833","48,104531895",0,1,#66c2a5,bicycle
217489,9,7,61,0,2019,9,1,1,3,0,1,2,1,0,0,0,0,0,"641686,853356","5361871,33998","10,91406588","48,394073946",0,1,#66c2a5,bicycle
217490,9,7,61,0,2019,9,4,1,3,0,1,2,1,0,0,0,0,0,"640664,844495","5359117,68978","10,899345651","48,369542932",0,1,#66c2a5,bicycle
217518,9,2,74,146,2019,9,17,1,3,4,6,0,0,1,0,0,0,0,"732904,181445","5377903,8823","12,153690456","48,511016556",0,2,#fc8d62,car
217525,9,1,63,0,2019,9,16,1,3,9,7,0,0,1,0,0,0,0,"732459,519135","5304374,95719","12,107458393","47,850635245",0,2,#fc8d62,car
217526,9,1,88,124,2019,9,17,1,3,0,1,0,1,1,0,0,0,0,"661946,251531","5318113,48208","11,170869485","47,995797753",0,1,#66c2a5,bicycle
217527,9,1,81,144,2019,9,16,1,3,6,1,0,1,0,1,0,0,0,"656375,947959","5321340,53319","11,097429699","48,026199104",0,1,#66c2a5,bicycle
217528,9,1,74,115,2019,9,13,1,3,0,5,0,1,1,0,0,0,0,"681310,071011","5347405,32684","11,442668867","48,253901203",0,1,#66c2a5,bicycle
217529,9,1,62,0,2019,9,21,7,3,0,7,2,1,0,0,0,0,0,"688240,802518","5337570,7198","11,531585746","48,163486642",0,1,#66c2a5,bicycle
217530,9,1,62,0,2019,9,11,7,3,5,3,0,1,1,0,0,0,0,"689674,634439","5332186,52189","11,548451317","48,114667058",0,1,#66c2a5,bicycle
217531,9,1,62,0,2019,9,8,7,3,5,3,0,0,1,0,0,0,0,"692826,531148","5335377,25844","11,592199096","48,142398174",0,2,#fc8d62,car
217532,9,1,62,0,2019,9,23,7,3,6,2,2,0,1,1,0,0,0,"690217,641492","5335423,92899","11,557184688","48,143602979",0,2,#fc8d62,car
217533,9,1,62,0,2019,9,14,7,3,2,6,0,0,1,0,0,0,0,"693416,892614","5333032,31368","11,599062492","48,121143301",0,2,#fc8d62,car
217534,9,1,62,0,2019,9,12,7,2,5,2,0,1,1,0,0,0,0,"693033,311934","5336309,59252","11,595398656","48,150715027",0,1,#66c2a5,bicycle
217535,9,1,84,127,2019,9,14,7,3,5,3,0,0,1,0,0,0,0,"702456,763495","5322361,13586","11,715344551","48,022432025",0,2,#fc8d62,car
217536,9,1,62,0,2019,9,17,7,3,0,7,0,1,0,0,0,0,0,"691051,511125","5334125,75171","11,567800851","48,131685205",0,1,#66c2a5,bicycle
217537,9,1,62,0,2019,9,10,7,2,2,6,0,1,0,0,0,0,0,"692759,702992","5340426,05893","11,593589908","48,187795564",0,1,#66c2a5,bicycle
217538,9,1,62,0,2019,9,18,7,3,6,4,0,0,1,1,0,0,0,"683416,015375","5335488,23824","11,46586442","48,146178316",0,2,#fc8d62,car
217539,9,1,62,0,2019,9,18,7,2,5,2,0,1,1,0,0,0,0,"684699,853319","5329289,89351","11,480422777","48,090092723",0,1,#66c2a5,bicycle
217540,9,1,62,0,2019,9,12,7,3,2,6,0,0,1,0,1,0,0,"691407,995774","5334274,98824","11,572654171","48,132919424",0,2,#fc8d62,car
217542,9,7,78,203,2019,9,15,7,2,0,1,0,1,0,0,0,0,0,"623041,753753","5324655,53649","10,651498223","48,063304059",0,1,#66c2a5,bicycle
217545,9,7,62,0,2019,9,17,7,3,5,3,0,0,1,0,1,0,0,"621871,739478","5308572,92476","10,631234753","47,918889058",0,2,#fc8d62,car
217550,9,7,61,0,2019,9,19,7,3,6,7,0,0,1,1,0,0,0,"639866,537515","5359376,64705","10,888658647","48,372048819",0,2,#fc8d62,car
217551,9,7,61,0,2019,9,18,7,3,0,7,0,0,0,0,1,0,0,"640070,563059","5359090,16336","10,891316675","48,369427593",0,4,#e78ac3,marker
217552,9,7,72,184,2019,9,10,7,3,5,3,0,1,1,0,0,0,0,"635487,426285","5360977,30438","10,830074102","48,387397289",0,1,#66c2a5,bicycle
217553,9,7,61,0,2019,9,10,7,3,5,3,0,0,1,0,0,0,0,"638161,210443","5359386,81711","10,865647234","48,372515916",0,2,#fc8d62,car
217554,9,7,61,0,2019,9,14,7,3,0,1,0,1,0,0,0,0,0,"640999,902302","5359210,32748","10,90389828","48,370301131",0,1,#66c2a5,bicycle
217578,9,1,73,120,2019,9,18,7,3,5,3,0,1,1,0,0,0,0,"685273,292362","5309978,81439","11,479777525","47,916344469",0,1,#66c2a5,bicycle
217579,9,1,90,139,2019,9,11,7,3,8,1,0,1,0,0,0,0,0,"654255,165359","5295307,64674","11,059690835","47,792640533",0,1,#66c2a5,bicycle
217580,9,1,63,0,2019,9,12,7,3,0,3,0,1,1,0,0,0,0,"733255,99365","5304224,56762","12,118008118","47,848995628",0,1,#66c2a5,bicycle
217582,9,1,85,158,2019,9,18,7,2,0,7,0,1,0,0,0,0,0,"667984,742872","5381366,4266","11,276892535","48,562865989",0,1,#66c2a5,bicycle
217583,9,1,86,143,2019,9,14,7,3,1,6,0,0,1,0,0,0,0,"684175,320161","5377839,72671","11,494575689","48,526621947",0,2,#fc8d62,car
217585,9,1,88,121,2019,9,12,7,3,5,3,0,0,1,0,1,0,0,"670352,485539","5331925,52523","11,288963409","48,117782961",0,2,#fc8d62,car
217586,9,1,79,145,2019,9,15,7,3,3,6,0,1,1,0,0,0,0,"675105,877374","5338255,17624","11,35538119","48,173393063",0,1,#66c2a5,bicycle
217587,9,1,74,126,2019,9,13,7,3,6,6,0,1,0,1,0,0,0,"683256,042928","5344491,46321","11,467599782","48,227150385",0,1,#66c2a5,bicycle
217588,9,1,62,0,2019,9,15,6,3,1,6,0,0,1,0,0,0,0,"690274,93313","5335643,97993","11,558052428","48,145563661",0,2,#fc8d62,car
217589,9,1,62,0,2019,9,16,6,3,5,3,0,1,1,0,0,0,0,"689376,683153","5334759,89397","11,545595607","48,137885458",0,1,#66c2a5,bicycle
217590,9,1,62,0,2019,9,22,6,3,5,3,2,0,1,0,0,0,1,"688575,40961","5336468,3731","11,535592598","48,153479464",0,2,#fc8d62,car
217591,9,1,62,0,2019,9,16,6,3,3,6,0,0,1,0,0,0,0,"693955,474955","5331147,8868","11,605435097","48,104042818",0,2,#fc8d62,car
217592,9,1,62,0,2019,9,19,6,3,2,6,2,0,1,0,0,0,0,"690161,375236","5335285,68874","11,55636732","48,142377296",0,2,#fc8d62,car
217593,9,1,62,0,2019,9,13,6,3,2,6,0,0,1,0,0,0,0,"690849,338876","5335130,48429","11,56553656","48,140776339",0,2,#fc8d62,car
217594,9,1,62,0,2019,9,14,6,3,6,4,0,1,0,1,0,0,0,"694558,437563","5334016,55619","11,614834891","48,129641505",0,1,#66c2a5,bicycle
217595,9,1,62,0,2019,9,16,6,2,0,7,0,1,0,0,0,0,0,"687820,796073","5335922,94164","11,525215589","48,148800315",0,1,#66c2a5,bicycle
217596,9,1,62,0,2019,9,6,6,3,4,2,0,0,1,0,0,0,1,"688718,367113","5336137,57071","11,537366174","48,150463771",0,2,#fc8d62,car
217597,9,1,62,0,2019,9,17,6,2,5,3,0,0,1,0,0,0,1,"692171,840197","5334406,82225","11,582969429","48,133874151",0,2,#fc8d62,car
217598,9,1,62,0,2019,9,22,6,3,4,2,2,0,1,0,0,0,0,"689835,119382","5337400,76201","11,552929324","48,161485023",0,2,#fc8d62,car
217599,9,1,62,0,2019,9,7,6,3,1,5,0,0,1,0,0,0,0,"686201,317057","5335033,03836","11,503074459","48,141277668",0,2,#fc8d62,car
217600,9,1,62,0,2019,9,18,6,2,3,6,0,0,1,0,1,0,0,"687438,841088","5336053,1261","11,52014276","48,150083109",0,2,#fc8d62,car
217601,9,1,84,118,2019,9,7,6,3,3,3,0,1,0,0,0,1,1,"703710,887351","5336759,54842","11,739011932","48,151428841",0,1,#66c2a5,bicycle
217602,9,1,62,0,2019,9,18,6,3,3,6,0,0,1,0,0,0,0,"691321,592125","5340355,87555","11,5742288","48,187599528",0,2,#fc8d62,car
217603,9,1,84,120,2019,9,12,6,2,5,3,0,1,1,0,0,0,0,"680894,803311","5333563,72015","11,431183489","48,129601032",0,1,#66c2a5,bicycle
217604,9,1,62,0,2019,9,13,6,3,6,4,0,0,0,1,0,0,1,"686696,358147","5339463,56194","11,511667069","48,180955416",0,3,#8da0cb,toilet
217605,9,1,62,0,2019,9,18,6,3,5,3,1,0,1,0,1,0,0,"689586,432426","5340986,69553","11,551187974","48,193789538",0,2,#fc8d62,car
217606,9,1,62,0,2019,9,20,6,3,1,5,1,0,1,0,0,0,0,"687610,696643","5336019,96307","11,522436444","48,149734367",0,2,#fc8d62,car
217607,9,1,62,0,2019,9,13,6,3,4,6,0,1,0,0,0,0,0,"686204,715672","5335331,199","11,503250482","48,14395665",0,1,#66c2a5,bicycle
217608,9,1,84,148,2019,9,19,6,2,0,1,1,0,0,0,1,0,0,"695502,143044","5326740,04681","11,624172009","48,063954185",0,4,#e78ac3,marker
217609,9,1,62,0,2019,9,16,6,3,1,6,0,0,1,0,0,0,0,"686729,301775","5330218,81468","11,508056561","48,09785095",0,2,#fc8d62,car
217610,9,1,62,0,2019,9,8,6,3,5,3,0,1,1,0,0,0,0,"688246,726491","5330294,59739","11,528450795","48,098085648",0,1,#66c2a5,bicycle
217611,9,1,62,0,2019,9,12,6,3,5,3,0,1,1,0,0,0,0,"689824,341508","5333427,35443","11,551013166","48,125775146",0,1,#66c2a5,bicycle
217612,9,1,62,0,2019,9,7,6,3,0,7,0,1,1,0,0,0,0,"689698,951152","5332308,29281","11,548831865","48,115754304",0,1,#66c2a5,bicycle
217613,9,1,62,0,2019,9,18,6,3,6,4,1,1,0,1,0,0,0,"688999,930615","5334610,19211","11,540470054","48,136651931",0,1,#66c2a5,bicycle
217614,9,1,62,0,2019,9,21,6,3,0,5,2,0,1,0,0,0,0,"689406,015145","5335448,76222","11,546295863","48,144068325",0,2,#fc8d62,car
217615,9,1,62,0,2019,9,17,6,3,5,3,0,1,1,0,0,0,0,"692902,225521","5338540,51876","11,594649648","48,170805695",0,1,#66c2a5,bicycle
217616,9,1,62,0,2019,9,14,6,2,4,2,0,1,1,0,0,0,0,"693034,104514","5336313,63854","11,595411136","48,150751151",0,1,#66c2a5,bicycle
217619,9,7,72,200,2019,9,19,6,3,1,1,2,1,1,0,0,0,0,"631302,54623","5338245,60821","10,766510666","48,18386898",0,1,#66c2a5,bicycle
217620,9,7,72,147,2019,9,15,6,3,5,3,0,1,1,0,0,0,0,"637460,602023","5364284,14007","10,857794842","48,416704835",0,1,#66c2a5,bicycle
217621,9,7,61,0,2019,9,16,6,3,2,1,0,1,1,0,0,0,0,"638797,671862","5360445,09649","10,874586299","48,381892063",0,1,#66c2a5,bicycle
217622,9,7,61,0,2019,9,17,6,3,5,2,0,0,1,0,1,0,0,"639219,495099","5358603,5263","10,87967041","48,365240175",0,2,#fc8d62,car
217623,9,7,61,0,2019,9,10,6,2,0,7,0,1,0,0,0,0,0,"641141,73109","5351665,93655","10,903284738","48,302432667",0,1,#66c2a5,bicycle
217657,9,2,74,126,2019,9,8,6,3,5,3,0,1,1,0,0,0,0,"733168,142414","5382960,09267","12,160087021","48,556336872",0,1,#66c2a5,bicycle
217658,9,2,61,0,2019,9,7,6,3,4,2,0,1,1,0,0,0,0,"731435,676542","5382318,88728","12,136287643","48,551218705",1,1,#66c2a5,bicycle
217665,9,1,86,143,2019,9,7,6,3,0,7,0,0,0,1,0,1,0,"683947,397816","5378677,13982","11,491861121","48,534215307",0,3,#8da0cb,toilet
217668,9,1,81,130,2019,9,13,6,3,1,7,0,1,1,0,0,0,0,"638208,568728","5324623,12047","10,854956149","48,059906996",0,1,#66c2a5,bicycle
217669,9,1,81,130,2019,9,15,6,2,0,1,0,1,0,0,0,0,0,"641110,480337","5323515,51048","10,89351679","48,049311933",0,1,#66c2a5,bicycle
217670,9,1,88,121,2019,9,16,6,3,5,3,0,0,1,0,0,0,0,"670941,863","5331227,75","11,296596369","48,111352173",0,2,#fc8d62,car
217671,9,1,74,115,2019,9,16,6,2,0,1,0,1,0,0,0,0,0,"682057,002108","5349010,14992","11,453412794","48,268112064",0,1,#66c2a5,bicycle
217672,9,1,75,135,2019,9,18,6,2,0,7,0,1,0,0,0,0,0,"709772,956199","5339130,67744","11,821588147","48,170765597",0,1,#66c2a5,bicycle
217673,9,1,77,144,2019,9,18,6,3,0,1,0,1,0,0,0,0,0,"715157,715398","5347420,12343","11,898124768","48,24344948",0,1,#66c2a5,bicycle
217674,9,1,62,0,2019,9,17,5,3,5,2,0,1,1,0,0,0,0,"696983,419738","5331805,84809","11,646369094","48,10902721",0,1,#66c2a5,bicycle
217675,9,1,62,0,2019,9,20,5,3,4,3,2,1,1,0,0,0,0,"689644,543677","5334564,90834","11,549105674","48,136053145",0,1,#66c2a5,bicycle
217676,9,1,62,0,2019,9,16,5,2,6,4,0,0,1,1,0,0,0,"696267,362804","5331179,5527","11,636471733","48,10361942",0,2,#fc8d62,car
217677,9,1,62,0,2019,9,14,5,2,1,7,0,0,0,0,1,0,0,"683642,492606","5338937,31167","11,470395299","48,1771152",0,4,#e78ac3,marker
217678,9,1,84,119,2019,9,8,5,3,3,2,0,1,1,0,0,0,0,"698212,94094","5349083,09295","11,670929817","48,263918781",0,1,#66c2a5,bicycle
217679,9,1,62,0,2019,9,18,5,3,0,4,0,1,0,1,0,0,0,"687924,564044","5337713,29739","11,527400057","48,164861707",0,1,#66c2a5,bicycle
217680,9,1,62,0,2019,9,18,5,3,2,6,1,1,1,0,0,0,0,"688696,044873","5328051,92577","11,533488894","48,077795085",0,1,#66c2a5,bicycle
217681,9,1,84,131,2019,9,10,5,3,0,7,0,1,0,0,0,0,0,"704770,961157","5339597,06635","11,754614238","48,176587884",0,1,#66c2a5,bicycle
217682,9,1,62,0,2019,9,22,5,3,5,2,2,0,1,0,1,0,0,"690184,177442","5333730,95329","11,555979427","48,128396504",0,2,#fc8d62,car
217683,9,1,62,0,2019,9,16,5,3,3,2,0,1,1,0,0,0,0,"690347,327299","5334228,14774","11,558391917","48,132816524",0,1,#66c2a5,bicycle
217684,9,1,62,0,2019,9,7,5,3,3,6,0,1,0,0,0,0,0,"692966,019825","5335330,11748","11,594050911","48,141932194",0,1,#66c2a5,bicycle
217685,9,1,62,0,2019,9,13,5,3,0,7,0,0,0,0,1,0,0,"691322,46593","5334523,98253","11,571617613","48,135183077",0,4,#e78ac3,marker