OBJECTID,ULAND,UREGBEZ,UKREIS,UGEMEINDE,UJAHR,UMONAT,USTUNDE,UWOCHENTAG,UKATEGORIE,UART,UTYP1,ULICHTVERH,IstRad,IstPKW,IstFuss,IstKrad,IstGkfz,IstSonstig,LINREFX,LINREFY,XGCSWGS84,YGCSWGS84,STRZUSTAND,Teilnehmer,color,symbol
217691,9,7,73,182,2019,9,7,5,3,1,5,0,0,1,0,0,0,0,"625507,679526","5379615,26606","10,700932549","48,557063785",0,2,#fc8d62,car
217692,9,7,72,167,2019,9,4,5,3,5,3,2,0,1,0,0,0,0,"626557,558976","5355796,65867","10,70795435","48,34266485",0,2,#fc8d62,car
217693,9,7,71,130,2019,9,7,5,3,0,1,0,1,0,0,0,0,0,"646627,974184","5357218,27352","10,979152712","48,351107656",0,1,#66c2a5,bicycle
217694,9,7,61,0,2019,9,16,5,3,5,3,0,1,1,0,0,0,0,"637730,422582","5359428,18375","10,859846873","48,372982045",0,1,#66c2a5,bicycle
217695,9,7,61,0,2019,9,16,5,3,2,1,0,0,1,0,0,0,0,"641510,625786","5358209,96993","10,910453958","48,361192005",0,2,#fc8d62,car
217696,9,7,71,113,2019,9,17,5,3,4,6,0,1,0,0,0,0,0,"657034,109313","5369908,17692","11,124263729","48,462693034",0,1,#66c2a5,bicycle
217714,9,1,86,143,2019,9,7,6,3,0,1,0,1,0,0,0,0,0,"685840,254361","5378456,47347","11,517378849","48,531674389",0,1,#66c2a5,bicycle
217715,9,1,79,142,2019,9,15,6,3,5,3,0,1,1,0,0,0,0,"673713,332079","5341451,50715","11,337973268","48,20250831",0,1,#66c2a5,bicycle
217716,9,1,79,142,2019,9,6,6,3,1,5,1,1,1,0,0,0,0,"673133,66725","5341892,94937","11,330358482","48,206634958",0,1,#66c2a5,bicycle
217717,9,1,79,121,2019,9,16,6,2,5,3,0,1,1,0,0,0,0,"668374,15647","5339192,93777","11,265278025","48,183642605",0,1,#66c2a5,bicycle
217718,9,1,79,121,2019,9,19,6,3,0,1,2,1,0,0,0,0,0,"666514,666785","5338700,46835","11,240087714","48,179705409",1,1,#66c2a5,bicycle
217719,9,1,78,145,2019,9,16,6,3,5,3,0,0,1,0,1,0,0,"698886,293539","5355342,11073","11,682940138","48,31995671",0,2,#fc8d62,car
217720,9,1,78,124,2019,9,14,6,3,1,3,0,1,1,0,0,0,0,"701421,770656","5364898,36422","11,721678105","48,405031181",0,1,#66c2a5,bicycle
217724,9,1,63,0,2019,9,20,6,2,0,7,2,1,0,0,0,0,1,"732941,909378","5303017,44401","12,113166466","47,838264549",1,1,#66c2a5,bicycle
217725,9,1,63,0,2019,9,14,6,3,2,6,0,0,1,0,1,0,0,"733987,020833","5304314,04151","12,127813344","47,849533811",0,2,#fc8d62,car
217727,9,1,77,117,2019,9,11,6,3,0,3,0,1,1,0,0,0,0,"714834,487377","5353388,09906","11,89680846","48,297182908",0,1,#66c2a5,bicycle
217728,9,1,77,133,2019,9,15,6,3,0,7,0,0,0,1,1,0,0,"712540,200875","5357360,28647","11,867914233","48,333649335",0,3,#8da0cb,toilet
217729,9,1,77,115,2019,9,23,6,2,8,1,2,0,1,0,0,0,0,"733164,518115","5353323,87845","12,143562119","48,290119199",1,2,#fc8d62,car
217730,9,1,62,0,2019,9,13,5,3,0,1,0,1,0,0,0,0,0,"692235,358465","5338836,1152","11,585823044","48,173664476",0,1,#66c2a5,bicycle
217731,9,1,62,0,2019,9,23,5,3,0,7,2,0,0,0,0,0,1,"689697,21633","5333312,62889","11,549255449","48,124781878",0,6,#ffd92f,circle
217732,9,1,62,0,2019,9,11,5,3,4,1,0,1,0,0,0,0,0,"688630,788874","5334524,08613","11,535475096","48,135987524",0,1,#66c2a5,bicycle
217733,9,1,62,0,2019,9,15,5,2,3,2,0,0,1,0,1,0,0,"688188,920845","5336935,37418","11,530607652","48,157791421",1,2,#fc8d62,car
217734,9,1,62,0,2019,9,17,5,3,0,7,0,1,1,0,0,0,0,"685156,054291","5332470,16703","11,487923316","48,11854637",0,1,#66c2a5,bicycle
217735,9,1,62,0,2019,9,14,5,3,2,6,0,0,1,0,1,0,0,"691194,949834","5333026,89628","11,569233753","48,121765698",1,2,#fc8d62,car
217736,9,1,62,0,2019,9,11,5,2,6,4,0,1,0,1,0,0,0,"688774,25137","5334615,12451","11,537441827","48,13676325",0,1,#66c2a5,bicycle
217737,9,1,62,0,2019,9,14,5,2,1,5,0,1,1,0,0,0,0,"691780,388704","5334661,54072","11,577828154","48,136281602",0,1,#66c2a5,bicycle
217738,9,1,84,118,2019,9,7,5,3,5,3,0,1,0,0,0,0,1,"702512,66382","5336679,01548","11,722881729","48,15108773",0,1,#66c2a5,bicycle
217739,9,1,62,0,2019,9,5,5,3,0,7,2,1,0,0,0,0,0,"688671,983267","5333143,32816","11,535416894","48,123564836",0,1,#66c2a5,bicycle
217740,9,1,62,0,2019,9,18,5,3,4,7,1,0,1,0,0,0,0,"690743,481171","5334751,84857","11,563945449","48,137404923",0,2,#fc8d62,car
217741,9,1,62,0,2019,9,12,5,2,2,1,0,1,1,0,0,0,0,"696819,180346","5337118,01466","11,646619035","48,156820423",0,1,#66c2a5,bicycle
217742,9,1,62,0,2019,9,11,5,1,6,4,0,0,0,1,0,0,1,"691343,898","5336180,651","11,572649805","48,15006658",0,3,#8da0cb,toilet
217743,9,1,62,0,2019,9,9,5,2,6,4,0,0,0,1,0,0,1,"688070,991","5337409,221","11,529232912","48,162085321",0,3,#8da0cb,toilet
217744,9,1,62,0,2019,9,9,5,3,5,2,0,1,0,0,0,0,1,"689650,312435","5337341,31831","11,550420069","48,161005893",0,1,#66c2a5,bicycle
217745,9,1,62,0,2019,9,18,5,3,2,6,0,0,1,0,0,0,0,"692999,184364","5335324,34735","11,594493654","48,141870274",0,2,#fc8d62,car
217746,9,1,62,0,2019,9,17,5,3,6,4,0,0,1,1,0,0,0,"690341,778187","5334919,47195","11,558626316","48,139031801",0,2,#fc8d62,car
217747,9,1,62,0,2019,9,1,5,3,3,7,2,0,1,0,1,0,0,"689347,748654","5333579,79938","11,544682612","48,127287268",1,2,#fc8d62,car
217748,9,1,62,0,2019,9,7,5,3,6,7,0,1,0,1,0,0,0,"691243,814444","5339704,50249","11,572890187","48,181768529",0,1,#66c2a5,bicycle
217749,9,1,62,0,2019,9,17,5,3,5,3,0,1,1,0,0,0,0,"688202,53843","5336341,2048","11,530527798","48,152446903",0,1,#66c2a5,bicycle
217750,9,1,62,0,2019,9,7,5,3,0,1,0,1,0,0,0,0,0,"696788,952792","5337084,73477","11,646197624","48,15653068",0,1,#66c2a5,bicycle
217751,9,1,62,0,2019,9,17,5,3,0,1,0,0,0,0,1,0,0,"693333,679992","5333401,05728","11,59811274","48,124482742",1,4,#e78ac3,marker
217752,9,1,62,0,2019,9,1,5,3,1,1,2,1,1,0,0,0,0,"689704,368774","5333364,96967","11,549374764","48,125250189",0,1,#66c2a5,bicycle
217753,9,1,62,0,2019,9,14,5,3,3,6,0,1,0,0,0,0,0,"692123,490673","5336752,93048","11,583378864","48,154975118",1,1,#66c2a5,bicycle
217758,9,7,72,209,2019,9,9,5,2,6,3,0,0,1,1,0,0,0,"635313,667711","5335749,47779","10,819652843","48,160581097",0,2,#fc8d62,car
217759,9,7,61,0,2019,9,6,5,3,2,6,1,0,1,0,1,0,0,"640049,43763","5358133,51126","10,890713068","48,360830345",0,2,#fc8d62,car
217780,9,2,61,0,2019,9,7,5,3,5,3,0,1,1,0,0,0,0,"731543,713478","5382486,23123","12,137842451","48,552682058",1,1,#66c2a5,bicycle
217781,9,2,74,126,2019,9,13,5,3,5,3,0,1,1,0,0,0,0,"733980,516107","5384143,67372","12,171744743","48,566665873",0,1,#66c2a5,bicycle
217784,9,1,90,157,2019,9,16,5,3,2,6,0,0,1,0,0,0,0,"660077,682333","5300141,04772","11,139165942","47,834677698",1,2,#fc8d62,car
217785,9,1,73,134,2019,9,7,5,2,0,7,0,1,1,0,0,0,0,"686161,733","5299187,043","11,48700922","47,819081087",1,1,#66c2a5,bicycle
217788,9,1,63,0,2019,9,2,5,3,0,1,2,1,0,0,0,0,0,"733621,853432","5303406,94345","12,122449864","47,841517201",1,1,#66c2a5,bicycle
217791,9,1,81,130,2019,9,15,5,3,0,1,0,0,0,0,1,0,0,"639557,861","5324321,554","10,872957202","48,056901503",1,4,#e78ac3,marker
217792,9,1,88,132,2019,9,12,5,3,8,1,0,1,0,0,0,0,0,"663377,155845","5323025,95512","11,191908264","48,03959972",0,1,#66c2a5,bicycle
217793,9,1,79,123,2019,9,15,5,3,6,4,0,0,1,1,0,0,0,"675563,466578","5333843,54977","11,359710867","48,133609384",0,2,#fc8d62,car
217794,9,1,74,115,2019,9,17,5,3,5,3,0,0,1,0,0,0,0,"680971,066","5347477,865","11,438136996","48,254650116",0,2,#fc8d62,car
217795,9,1,78,144,2019,9,23,5,2,0,1,2,1,0,0,0,0,0,"707417,319","5379367,929","11,809766668","48,533105726",0,1,#66c2a5,bicycle
217796,9,1,77,117,2019,9,9,5,3,5,3,0,1,1,0,0,0,0,"714470,027521","5353987,62411","11,89220516","48,3026934",0,1,#66c2a5,bicycle
217797,9,1,62,0,2019,9,16,4,3,6,4,0,1,0,1,0,0,0,"686850,491022","5336485,61505","11,512430083","48,154143549",0,1,#66c2a5,bicycle
217798,9,1,62,0,2019,9,8,4,3,6,4,0,1,0,1,0,0,0,"691933,833842","5334982,92753","11,580033348","48,139123915",0,1,#66c2a5,bicycle
217799,9,1,62,0,2019,9,15,4,3,5,3,0,1,1,0,0,0,0,"696640,382412","5333199,20635","11,642408118","48,121655905",0,1,#66c2a5,bicycle
217800,9,1,62,0,2019,9,2,4,3,6,7,2,0,1,1,0,0,0,"689445,057252","5334522,344","11,546408098","48,135729989",1,2,#fc8d62,car
217801,9,1,62,0,2019,9,20,4,3,5,3,2,1,1,0,0,0,0,"687292,718681","5343613,37173","11,521512908","48,21807905",1,1,#66c2a5,bicycle
217802,9,1,62,0,2019,9,19,4,3,3,6,2,0,0,0,1,0,1,"690074,008264","5338177,43677","11,556485723","48,168394378",0,4,#e78ac3,marker
217803,9,1,62,0,2019,9,10,4,3,5,2,0,0,1,0,0,0,1,"686246,70956","5332362,98131","11,502517069","48,117264873",0,2,#fc8d62,car
217804,9,1,62,0,2019,9,10,4,2,0,4,0,1,0,1,0,0,0,"691601,764","5332141,473","11,574296853","48,113685304",0,1,#66c2a5,bicycle
217805,9,1,62,0,2019,9,6,4,3,5,3,2,1,1,0,0,0,0,"694756,283588","5338273,27566","11,619438515","48,16783847",1,1,#66c2a5,bicycle
217806,9,1,62,0,2019,9,9,4,3,0,4,0,0,0,1,0,0,1,"694144,212999","5334654,3951","11,609564416","48,135500644",0,3,#8da0cb,toilet
217807,9,1,62,0,2019,9,9,4,3,5,2,0,0,1,0,1,0,0,"690152,586367","5334280,65874","11,555800611","48,133346706",0,2,#fc8d62,car
217808,9,1,62,0,2019,9,10,4,3,6,4,0,0,1,1,0,0,0,"691846,874375","5335001,6735","11,578874085","48,139318624",0,2,#fc8d62,car
217809,9,1,62,0,2019,9,13,4,3,1,6,0,0,1,0,0,0,0,"691975,017367","5334480,72735","11,580360033","48,134597798",0,2,#fc8d62,car
217811,9,7,62,0,2019,9,7,4,3,5,3,0,0,1,0,0,0,0,"621743,002","5303570,936","10,628101053","47,87392708",1,2,#fc8d62,car
217815,9,7,61,0,2019,9,17,4,3,5,3,0,1,1,0,0,0,0,"637519,61182","5360229,04214","10,857263737","48,380229229",0,1,#66c2a5,bicycle
217816,9,7,61,0,2019,9,6,4,3,5,3,1,0,1,0,0,0,0,"643856,995724","5358139,78446","10,94208819","48,360030647",1,2,#fc8d62,car
217817,9,7,61,0,2019,9,18,4,3,0,1,0,1,0,0,0,0,0,"638854,936444","5355803,78342","10,873827461","48,34014571",0,1,#66c2a5,bicycle
217818,9,7,61,0,2019,9,15,4,3,0,7,0,0,0,0,0,0,1,"640135,970752","5359131,66876","10,892213179","48,369786278",0,6,#ffd92f,circle
217855,9,1,81,130,2019,9,20,4,3,5,3,2,1,1,0,0,0,0,"639768,256419","5324143,87468","10,875721225","48,055257709",1,1,#66c2a5,bicycle
217856,9,1,79,123,2019,9,19,4,3,5,3,2,0,1,0,0,0,1,"675929,582153","5332360,24525","11,36401508","48,120174385",1,2,#fc8d62,car
217857,9,1,75,115,2019,9,16,4,3,0,7,0,1,1,0,0,0,0,"721100,785411","5329102,29226","11,968547015","48,076822823",0,1,#66c2a5,bicycle
217858,9,1,62,0,2019,9,17,3,3,6,3,0,0,1,1,0,0,0,"684451,718","5339067,349","11,481327026","48,178049664",1,2,#fc8d62,car
217859,9,1,62,0,2019,9,17,3,3,6,4,0,0,1,1,0,0,0,"694302,717249","5341539,22606","11,614838196","48,197330078",0,2,#fc8d62,car
217860,9,1,62,0,2019,9,9,3,3,6,4,0,0,1,1,0,0,0,"688878,93737","5343335,11265","11,54272243","48,215107911",0,2,#fc8d62,car
217861,9,1,62,0,2019,9,6,3,3,1,1,0,0,1,0,0,0,1,"691567,822328","5342980,99922","11,578722972","48,211119291",0,2,#fc8d62,car
217862,9,1,62,0,2019,9,11,3,3,2,6,0,0,1,0,0,0,0,"686779,245316","5339402,18082","11,512754076","48,180379347",0,2,#fc8d62,car
217863,9,1,62,0,2019,9,10,3,2,6,4,0,0,1,1,0,0,0,"687731,408177","5335956,39859","11,52402975","48,149127421",0,2,#fc8d62,car
217864,9,1,62,0,2019,9,10,3,3,1,6,0,0,1,0,0,1,0,"685094,32576","5339250,93153","11,490043174","48,179512922",0,2,#fc8d62,car
217865,9,1,62,0,2019,9,8,3,3,5,3,0,0,1,0,0,0,0,"690424,350866","5336977,33186","11,560655666","48,157503062",0,2,#fc8d62,car
217866,9,1,62,0,2019,9,17,3,3,2,2,0,1,0,0,0,0,0,"692282,989306","5338119,94352","11,586139187","48,167213301",0,1,#66c2a5,bicycle
217867,9,1,62,0,2019,9,14,3,3,1,5,0,1,1,0,0,0,0,"691745,216463","5335382,50396","11,577680467","48,142772113",0,1,#66c2a5,bicycle
217871,9,7,78,116,2019,9,9,3,3,6,2,0,0,1,1,0,0,0,"619191,5343","5318121,81228","10,598022354","48,005273243",0,2,#fc8d62,car
217873,9,7,61,0,2019,9,13,3,3,0,1,0,0,1,1,0,0,0,"640541,152652","5358659,46394","10,897523316","48,365450272",0,2,#fc8d62,car
217874,9,7,61,0,2019,9,13,3,3,6,4,0,1,0,1,0,0,0,"643984,793021","5357703,64765","10,943663204","48,356080016",0,1,#66c2a5,bicycle
217875,9,7,61,0,2019,9,20,3,2,0,7,2,1,0,0,0,0,0,"644388,333192","5357700,77934","10,949106371","48,35596208",1,1,#66c2a5,bicycle
217906,9,2,61,0,2019,9,14,3,3,5,3,0,1,1,0,0,0,0,"731730,934203","5381899,97069","12,140049492","48,547346664",0,1,#66c2a5,bicycle
217910,9,1,90,157,2019,9,13,3,2,0,7,0,1,0,0,0,0,0,"660312,963187","5300430,24568","11,142414885","47,837219308",0,1,#66c2a5,bicycle
217912,9,1,83,144,2019,9,16,3,3,8,7,0,1,0,0,0,0,0,"741434,168855","5351693,49688","12,253940033","48,272375185",0,1,#66c2a5,bicycle
217914,9,1,63,0,2019,9,13,3,3,1,5,0,1,1,0,0,0,0,"734146,704844","5304938,99362","12,13028283","47,855090228",0,1,#66c2a5,bicycle
217915,9,1,63,0,2019,9,10,3,3,1,7,0,0,1,0,0,0,0,"733124,577032","5304655,31526","12,116486193","47,852913175",0,2,#fc8d62,car
217916,9,1,86,143,2019,9,17,3,3,0,6,0,0,1,0,1,0,0,"683955,622582","5378424,74202","11,49186104","48,531944388",0,2,#fc8d62,car
217918,9,1,74,126,2019,9,21,3,3,3,6,2,1,1,0,0,0,0,"682543,422726","5343222,99664","11,457467186","48,215954174",0,1,#66c2a5,bicycle
217919,9,1,74,115,2019,9,6,3,2,5,3,1,1,1,0,0,0,0,"682210,246541","5346523,36272","11,454405186","48,245715478",1,1,#66c2a5,bicycle
217920,9,1,75,139,2019,9,16,3,3,0,7,0,1,0,0,0,0,0,"710348,956052","5329220,76877","11,824435388","48,081524555",0,1,#66c2a5,bicycle
217921,9,1,78,124,2019,9,16,3,3,6,4,0,1,0,1,0,0,0,"703978,016403","5365010,96626","11,756232349","48,405221198",0,1,#66c2a5,bicycle
217922,9,1,62,0,2019,9,12,2,3,5,3,0,0,1,0,0,0,0,"694286,596","5335842,41745","11,612018163","48,146134671",1,2,#fc8d62,car
217923,9,1,62,0,2019,9,15,2,3,6,4,0,0,1,1,0,0,0,"688631,337605","5336745,15077","11,536466532","48,155950589",1,2,#fc8d62,car
217924,9,1,62,0,2019,9,21,2,3,5,3,2,1,1,0,0,0,0,"691860,670612","5334341,26421","11,578761892","48,133378806",1,1,#66c2a5,bicycle
217925,9,1,62,0,2019,9,19,2,3,3,2,2,1,1,0,0,0,0,"690046,971394","5332923,00697","11,553777109","48,121175626",1,1,#66c2a5,bicycle
217926,9,1,62,0,2019,9,16,2,3,3,2,0,1,0,0,0,0,1,"690622,77774","5335104,52089","11,562482499","48,140610897",1,1,#66c2a5,bicycle
217927,9,1,62,0,2019,9,7,2,3,5,3,0,1,1,0,0,0,0,"683612,941479","5336087,28213","11,468767764","48,151506069",1,1,#66c2a5,bicycle
217928,9,1,62,0,2019,9,14,2,3,5,3,0,1,1,0,0,0,0,"687988,179881","5339139,50046","11,528885373","48,177661821",0,1,#66c2a5,bicycle
217929,9,1,62,0,2019,9,12,2,3,5,2,0,1,1,0,0,0,0,"688045,432325","5339652,76629","11,529881898","48,182258178",1,1,#66c2a5,bicycle
217930,9,1,62,0,2019,9,16,2,3,5,2,0,1,1,0,0,0,0,"688133,587541","5335851,46884","11,529385177","48,148065471",1,1,#66c2a5,bicycle
217931,9,1,62,0,2019,9,13,2,2,0,1,0,1,0,0,0,0,0,"689276,020828","5335584,77549","11,544610525","48,14532951",1,1,#66c2a5,bicycle
217932,9,1,62,0,2019,9,7,2,3,5,3,0,0,1,0,1,0,0,"698258,082318","5333183,08302","11,664114628","48,121009353",1,2,#fc8d62,car
217933,9,1,62,0,2019,9,14,2,3,1,6,0,0,1,0,0,0,0,"690359,541","5332710,557","11,557878103","48,11917275",1,2,#fc8d62,car
217934,9,1,62,0,2019,9,9,2,3,5,3,0,1,1,0,0,0,0,"689177,385041","5332585,34823","11,541954078","48,118399665",1,1,#66c2a5,bicycle
217935,9,1,62,0,2019,9,9,2,3,0,1,0,1,0,0,0,0,0,"692547,550132","5334871,96213","11,58822423","48,137941172",1,1,#66c2a5,bicycle
217939,9,7,62,0,2019,9,14,2,3,5,3,0,1,0,0,0,0,1,"621801,31036","5304231,41629","10,629066744","47,879856211",0,1,#66c2a5,bicycle
217941,9,7,72,223,2019,9,6,2,2,6,4,2,0,1,1,0,0,0,"618287,600976","5361846,2551","10,598095865","48,398672225",1,2,#fc8d62,car
217942,9,7,61,0,2019,9,7,2,3,1,5,0,1,1,0,0,0,0,"643228,4513","5362083,50773","10,9349516","48,395633381",1,1,#66c2a5,bicycle
217943,9,7,61,0,2019,9,17,2,3,5,3,0,0,1,0,0,0,0,"641733,035236","5360670,48585","10,914284242","48,383266031",1,2,#fc8d62,car
218002,9,2,74,114,2019,10,19,3,3,6,6,2,0,0,1,0,0,1,"736308,344837","5372308,16153","12,196547612","48,459482311",0,3,#8da0cb,toilet
218004,9,2,61,0,2019,10,12,3,3,5,3,0,1,1,0,0,0,0,"731711,319","5381710,252","12,13967859","48,545649702",0,1,#66c2a5,bicycle
218005,9,2,74,124,2019,10,15,3,2,0,7,0,1,0,0,0,0,1,"723751,948768","5375591,49669","12,028707653","48,49356926",0,1,#66c2a5,bicycle
218011,9,1,63,0,2019,10,15,3,3,4,1,0,1,0,0,0,0,0,"732824,334763","5302124,36046","12,111117412","47,830283513",0,1,#66c2a5,bicycle
218019,9,1,88,139,2019,10,21,3,3,0,1,2,1,0,0,0,0,0,"673710,620489","5319323,31307","11,328928796","48,003586435",1,1,#66c2a5,bicycle
218020,9,1,79,145,2019,10,18,3,3,0,7,0,1,0,0,0,0,0,"674714,72129","5338585,56988","11,350260081","48,176470736",0,1,#66c2a5,bicycle
218021,9,1,79,136,2019,10,14,3,3,0,1,0,0,0,0,1,0,0,"661537,621849","5342667,85323","11,174693074","48,21665864",0,4,#e78ac3,marker
218022,9,1,74,115,2019,10,7,3,3,5,3,1,1,1,0,0,0,0,"682264,368704","5347488,54459","11,455549087","48,254375479",0,1,#66c2a5,bicycle
218023,9,1,75,132,2019,10,17,3,3,3,6,0,0,1,0,0,0,1,"704771,303676","5336873,95637","11,753307858","48,152116481",0,2,#fc8d62,car
218024,9,1,75,132,2019,10,8,3,2,1,5,0,0,1,0,1,0,0,"707521,094907","5331727,26219","11,787729679","48,104975484",0,2,#fc8d62,car
218025,9,1,62,0,2019,9,17,2,3,5,3,0,1,0,0,1,0,0,"690105,055044","5335912,9929","11,555891074","48,148032334",0,1,#66c2a5,bicycle
218026,9,1,62,0,2019,9,11,2,3,3,6,0,0,1,0,1,0,0,"690145,442435","5333701,66069","11,555446315","48,128144793",0,2,#fc8d62,car
218027,9,1,62,0,2019,9,8,2,3,5,3,0,1,1,0,0,0,0,"690712,95032","5334119,50825","11,563252404","48,131730624",0,1,#66c2a5,bicycle
218028,9,1,62,0,2019,9,20,2,2,0,7,2,0,0,0,0,0,1,"690518,668797","5333980,99664","11,560581962","48,130543867",0,6,#ffd92f,circle
218029,9,1,62,0,2019,9,20,2,3,0,1,1,1,0,0,0,0,0,"690819,583108","5336543,55066","11,565770351","48,1534858",0,1,#66c2a5,bicycle
218030,9,1,62,0,2019,9,10,2,3,0,1,0,1,0,0,0,0,0,"693974,455674","5335040,67174","11,607461002","48,139024125",0,1,#66c2a5,bicycle
218031,9,1,62,0,2019,9,10,2,3,5,2,0,1,1,0,0,0,0,"690169,939867","5336808,86298","11,557162818","48,156065001",0,1,#66c2a5,bicycle
218032,9,1,62,0,2019,9,10,2,3,4,2,0,0,1,0,1,0,0,"691239,486559","5334141,88391","11,570331913","48,131773749",0,2,#fc8d62,car
218033,9,1,62,0,2019,9,11,2,3,5,5,0,0,1,0,1,0,0,"692032,507796","5334574,91227","11,581174412","48,135426972",0,2,#fc8d62,car
218034,9,1,62,0,2019,9,15,2,3,2,6,0,0,1,0,0,0,0,"689298,673036","5340133,76503","11,546939539","48,186209244",0,2,#fc8d62,car
218035,9,1,62,0,2019,9,15,2,1,2,6,0,1,0,0,0,1,0,"690505,208","5334985,995","11,560850665","48,139580801",0,1,#66c2a5,bicycle
218036,9,1,62,0,2019,9,9,2,2,5,3,0,1,1,0,0,0,0,"688351,098134","5336023,72305","11,532382781","48,149549352",0,1,#66c2a5,bicycle
218037,9,1,62,0,2019,9,17,2,3,5,7,0,1,1,0,0,0,0,"692270,312307","5339741,33069","11,586702229","48,181789735",0,1,#66c2a5,bicycle
218038,9,1,62,0,2019,9,16,2,3,5,3,0,1,1,0,0,0,0,"682934,641584","5336069,91347","11,459648951","48,151545402",0,1,#66c2a5,bicycle
218039,9,1,62,0,2019,9,11,2,3,5,3,0,1,1,0,0,0,0,"690278,637378","5342203,47904","11,561038451","48,204518832",0,1,#66c2a5,bicycle
218040,9,1,62,0,2019,9,17,2,3,1,5,0,1,1,0,0,0,0,"689444,764596","5343254,0505","11,550295671","48,214210678",0,1,#66c2a5,bicycle
218041,9,1,62,0,2019,9,10,2,3,6,4,0,0,1,1,0,0,0,"688462,926227","5336362,08253","11,534034608","48,152557451",0,2,#fc8d62,car
218042,9,1,62,0,2019,9,10,2,3,0,6,0,0,1,0,1,0,0,"687827,737524","5337037,80237","11,52580088","48,158818851",0,2,#fc8d62,car
218043,9,1,62,0,2019,9,13,2,3,1,5,0,1,0,0,0,0,1,"685785,812593","5332827,79076","11,49653284","48,121577423",0,1,#66c2a5,bicycle
218044,9,1,62,0,2019,9,15,2,3,0,7,0,1,0,0,0,0,0,"691835,932388","5332100,68127","11,577421414","48,113248182",0,1,#66c2a5,bicycle
218045,9,1,62,0,2019,9,15,2,3,0,3,0,0,1,0,1,0,0,"690160,984352","5329581,73263","11,553818439","48,091109987",0,2,#fc8d62,car
218046,9,1,62,0,2019,9,17,2,3,5,7,0,1,1,0,0,0,0,"691972,111558","5333672,18464","11,57995674","48,127331615",0,1,#66c2a5,bicycle
218047,9,1,62,0,2019,9,8,2,3,0,7,0,1,0,0,0,0,0,"686582,402974","5332643,13818","11,507145759","48,119684759",1,1,#66c2a5,bicycle
218048,9,1,62,0,2019,9,12,2,3,5,3,0,1,1,0,0,0,0,"689177,441332","5332587,20414","11,541955657","48,11841633",0,1,#66c2a5,bicycle
218049,9,1,62,0,2019,9,9,2,3,0,1,0,1,0,0,0,0,0,"691170,474872","5333693,15091","11,569204024","48,127761301",0,1,#66c2a5,bicycle
218050,9,1,62,0,2019,9,19,2,3,5,2,1,1,1,0,0,0,0,"692290,542313","5338373,51833","11,586355332","48,169490082",0,1,#66c2a5,bicycle
218062,9,7,61,0,2019,9,11,2,3,2,6,0,0,1,0,0,0,0,"637664,814128","5359451,04989","10,858968899","48,37320197",0,2,#fc8d62,car
218063,9,7,72,168,2019,9,14,2,3,0,1,0,0,0,0,1,0,0,"619396,486549","5347151,31482","10,608907118","48,26631008",0,4,#e78ac3,marker
218064,9,7,61,0,2019,9,13,2,3,5,3,0,1,1,0,0,0,0,"637688,987569","5360242,77211","10,859554478","48,380315744",0,1,#66c2a5,bicycle
218065,9,7,61,0,2019,9,11,2,3,3,6,0,0,1,0,0,0,0,"641958,186","5360661,917","10,917320524","48,383138358",0,2,#fc8d62,car
218066,9,7,61,0,2019,9,16,2,2,5,1,0,1,1,0,0,0,0,"641393,649076","5353230,5039","10,907204204","48,316444551",0,1,#66c2a5,bicycle
218067,9,7,61,0,2019,9,12,2,3,0,7,0,1,0,0,0,0,0,"641152,1664","5351850,50611","10,903487104","48,30408994",0,1,#66c2a5,bicycle
218068,9,7,61,0,2019,9,14,2,2,3,2,0,0,1,0,0,0,1,"641292,941921","5359221,17685","10,907856512","48,370333149",0,2,#fc8d62,car
218094,9,1,73,126,2019,9,17,2,3,4,6,0,0,1,0,1,0,0,"686750,664464","5303202,32266","11,496601244","47,855003369",0,2,#fc8d62,car
218095,9,1,87,117,2019,9,7,2,2,6,4,0,0,1,1,0,0,0,"725402,127318","5305925,74435","12,014062283","47,867082412",0,2,#fc8d62,car
218097,9,1,78,124,2019,9,16,2,3,4,2,0,1,1,0,0,0,0,"703617,090541","5364654,19543","11,75118819","48,402131864",0,1,#66c2a5,bicycle
218098,9,1,77,117,2019,9,11,2,2,8,1,0,0,1,0,0,0,0,"714845,654347","5359741,29583","11,900196193","48,35426354",0,2,#fc8d62,car
218099,9,1,62,0,2019,9,17,1,3,0,7,0,0,0,0,0,0,1,"690150,452544","5333705,37065","11,555515234","48,128176642",0,6,#ffd92f,circle
218100,9,1,62,0,2019,9,21,1,3,5,3,2,1,1,0,0,0,0,"691215,851898","5336445,34066","11,571048917","48,152484085",1,1,#66c2a5,bicycle
218101,9,1,62,0,2019,9,14,1,2,6,4,0,0,0,1,0,0,1,"689897,398994","5337405,42494","11,553768088","48,161508336",0,3,#8da0cb,toilet
218102,9,1,62,0,2019,9,14,1,2,0,7,0,1,0,0,0,0,0,"688038,64159","5336840,98386","11,528547149","48,156987481",0,1,#66c2a5,bicycle
218103,9,1,62,0,2019,9,20,1,2,0,7,2,1,0,0,0,0,0,"687720,87815","5336752,24082","11,524239352","48,156283723",1,1,#66c2a5,bicycle
218104,9,1,62,0,2019,9,18,1,3,1,6,1,1,0,0,0,0,0,"694208,267459","5340889,60768","11,613271397","48,191520517",0,1,#66c2a5,bicycle