OBJECTID,ULAND,UREGBEZ,UKREIS,UGEMEINDE,UJAHR,UMONAT,USTUNDE,UWOCHENTAG,UKATEGORIE,UART,UTYP1,ULICHTVERH,IstRad,IstPKW,IstFuss,IstKrad,IstGkfz,IstSonstig,LINREFX,LINREFY,XGCSWGS84,YGCSWGS84,STRZUSTAND,Teilnehmer,color,symbol
218105,9,1,62,0,2019,9,10,1,3,5,3,0,0,1,0,0,0,0,"690484,77","5342228,174","11,563821077","48,204678973",0,2,#fc8d62,car
218106,9,1,62,0,2019,9,23,1,3,5,2,2,0,1,0,0,0,0,"690505,63826","5337384,75378","11,561930051","48,161140596",0,2,#fc8d62,car
218107,9,1,62,0,2019,9,13,1,3,4,2,0,1,1,0,0,0,0,"686219,445784","5334394,36027","11,503038677","48,135531685",0,1,#66c2a5,bicycle
218108,9,1,62,0,2019,9,18,1,3,5,2,0,0,1,0,0,0,0,"688285,915306","5330484,24822","11,529060289","48,0997787",0,2,#fc8d62,car
218109,9,1,84,146,2019,9,12,1,3,3,6,0,1,1,0,0,0,0,"697266,575067","5328743,98708","11,648754183","48,081421394",0,1,#66c2a5,bicycle
218110,9,1,84,140,2019,9,11,1,3,5,3,0,0,1,0,0,0,0,"700614,601011","5328232,66185","11,693417966","48,075781476",0,2,#fc8d62,car
218113,9,7,72,184,2019,9,9,1,3,0,7,0,1,0,0,0,0,0,"635157,528872","5363370,93115","10,826390951","48,408991527",0,1,#66c2a5,bicycle
218128,9,2,61,0,2019,9,19,1,3,5,3,1,1,1,0,0,0,0,"731630,829894","5382388,79724","12,138967001","48,551774665",1,1,#66c2a5,bicycle
218129,9,2,74,113,2019,9,11,1,3,0,1,0,1,0,0,0,0,0,"728812,736524","5382343,2931","12,100810973","48,552400159",0,1,#66c2a5,bicycle
218132,9,1,90,159,2019,9,16,1,2,0,1,0,1,0,0,0,0,0,"666043,333285","5304203,18898","11,220385227","47,869686368",0,1,#66c2a5,bicycle
218133,9,1,90,148,2019,9,17,1,3,4,3,0,1,1,0,0,0,0,"641753,530636","5297801,29135","10,893676341","47,817938186",0,1,#66c2a5,bicycle
218139,9,1,88,139,2019,9,18,1,3,3,6,0,1,0,0,1,0,0,"673563,148122","5319285,88665","11,326938191","48,003290035",0,1,#66c2a5,bicycle
218140,9,1,88,139,2019,9,15,1,3,5,2,0,0,1,0,1,0,0,"670127,586553","5320852,79126","11,281537847","48,018300045",0,2,#fc8d62,car
218141,9,1,79,136,2019,9,13,1,3,5,3,0,0,1,0,0,0,0,"661148,075663","5342297,78287","11,169312119","48,21343061",0,2,#fc8d62,car
218142,9,1,81,114,2019,9,16,1,3,3,1,0,1,0,0,0,0,0,"656634,0303","5316095,1119","11,098973895","47,978973591",0,1,#66c2a5,bicycle
218143,9,1,75,121,2019,9,15,1,2,4,6,0,0,1,0,1,0,0,"712118,254666","5320717,86596","11,843949813","48,004531292",0,2,#fc8d62,car
218144,9,1,62,0,2019,9,22,7,2,0,7,2,1,0,0,0,0,0,"688001,679962","5332410,05676","11,526094953","48,117172304",0,1,#66c2a5,bicycle
218145,9,1,62,0,2019,9,9,7,3,5,3,0,1,1,0,0,0,0,"689166,847598","5337163,23611","11,543845897","48,1595493",0,1,#66c2a5,bicycle
218146,9,1,62,0,2019,9,8,7,3,1,5,0,0,1,0,0,0,1,"692430,603846","5334532,47765","11,586500539","48,134925331",1,2,#fc8d62,car
218147,9,1,62,0,2019,9,10,7,3,0,7,0,1,0,0,0,0,0,"681174,548871","5335979,70313","11,435967508","48,151238326",1,1,#66c2a5,bicycle
218148,9,1,62,0,2019,9,19,7,3,0,4,1,0,0,1,0,0,1,"691076,86","5334912,039","11,568493874","48,138744687",0,3,#8da0cb,toilet
218149,9,1,62,0,2019,9,19,7,2,3,2,2,0,1,0,1,0,0,"690161,426158","5333994,70826","11,555791679","48,130773936",0,2,#fc8d62,car
218150,9,1,62,0,2019,9,15,7,3,2,6,0,0,1,0,0,0,0,"692752,461914","5330740,55107","11,589108013","48,100746856",0,2,#fc8d62,car
218151,9,1,62,0,2019,9,11,7,2,4,2,0,0,1,0,1,0,0,"685684,976692","5334866,04223","11,496067407","48,139927533",0,2,#fc8d62,car
218152,9,1,62,0,2019,9,11,7,3,2,6,0,0,1,0,0,0,0,"691634,759989","5342976,56186","11,579621078","48,211059203",0,2,#fc8d62,car
218153,9,1,62,0,2019,9,22,7,3,1,5,2,0,1,0,0,0,1,"684510,668814","5334836,0789","11,480284201","48,139999816",0,2,#fc8d62,car
218154,9,1,62,0,2019,9,17,7,3,6,7,0,1,0,1,0,0,0,"681355,221343","5337044,02089","11,43884807","48,160753757",0,1,#66c2a5,bicycle
218155,9,1,62,0,2019,9,23,7,2,6,4,2,0,1,1,0,0,0,"689359,592709","5334928,91944","11,54544126","48,139409759",0,2,#fc8d62,car
218156,9,1,62,0,2019,9,12,7,3,0,6,0,1,0,0,0,0,1,"690842,112178","5336038,56038","11,565846536","48,14894023",0,1,#66c2a5,bicycle
218161,9,7,62,0,2019,9,13,7,2,5,3,0,0,1,0,0,0,1,"621715,694934","5303741,26446","10,627784011","47,875464149",0,2,#fc8d62,car
218162,9,7,61,0,2019,9,19,7,3,0,2,1,0,1,0,0,0,1,"641157,311475","5361036,05682","10,906635663","48,386682184",0,2,#fc8d62,car
218163,9,7,61,0,2019,9,11,7,3,0,7,0,1,0,0,0,0,0,"640309,515623","5362812,97596","10,895784569","48,402848754",0,1,#66c2a5,bicycle
218184,9,1,87,117,2019,9,9,7,3,0,1,0,0,0,0,1,0,0,"724888,771134","5305419,76418","12,006944321","47,862716085",1,4,#e78ac3,marker
218187,9,1,79,142,2019,9,15,7,2,0,1,0,1,0,0,0,0,0,"677136,465971","5342545,50396","11,384460241","48,21139649",0,1,#66c2a5,bicycle
218188,9,1,81,130,2019,9,5,7,3,1,1,2,0,1,0,0,0,0,"640327,854545","5324203,53828","10,883246532","48,055671399",1,2,#fc8d62,car
218189,9,1,74,141,2019,9,21,7,3,4,6,2,0,1,0,0,0,1,"677979,628108","5354834,63535","11,400971296","48,3216261",0,2,#fc8d62,car
218190,9,1,62,0,2019,9,16,6,3,0,2,0,0,1,0,0,0,0,"687264,014643","5330295,27364","11,51526494","48,098381278",0,2,#fc8d62,car
218191,9,1,62,0,2019,9,11,6,3,0,7,0,1,0,0,0,0,0,"687617,269608","5336407,87971","11,522695728","48,153219107",0,1,#66c2a5,bicycle
218192,9,1,62,0,2019,9,0,6,3,8,1,2,0,1,0,0,0,0,"686724,63215","5337324,90724","11,511107786","48,161724315",0,2,#fc8d62,car
218193,9,1,62,0,2019,9,17,6,3,6,7,0,1,0,1,0,0,0,"691794,697958","5334772,85999","11,578070413","48,137277811",0,1,#66c2a5,bicycle
218194,9,1,62,0,2019,9,16,6,3,4,2,0,0,1,0,1,0,0,"687706,798","5334286,427","11,522963101","48,134124596",0,2,#fc8d62,car
218195,9,1,84,118,2019,9,14,6,3,0,7,0,1,0,0,0,0,0,"702571,222804","5336264,78363","11,723471042","48,147346475",0,1,#66c2a5,bicycle
218196,9,1,62,0,2019,9,22,6,3,5,3,2,0,1,0,0,0,0,"696963,167","5329946,54","11,645239277","48,092323079",1,2,#fc8d62,car
218197,9,1,62,0,2019,9,17,6,3,4,6,0,1,0,0,0,0,0,"692736,780428","5330080,31949","11,588599495","48,094817544",0,1,#66c2a5,bicycle
218198,9,1,62,0,2019,9,10,6,3,5,3,0,1,0,0,0,0,0,"689673,408","5334867,661","11,549628071","48,138765699",0,1,#66c2a5,bicycle
218199,9,1,62,0,2019,9,7,6,3,1,5,0,0,1,0,0,1,0,"689980,333","5333556,09","11,553164732","48,126885695",0,2,#fc8d62,car
218200,9,1,62,0,2019,9,18,6,3,5,3,0,1,1,0,0,0,0,"690193,777789","5333715,79333","11,556101552","48,128257378",0,1,#66c2a5,bicycle
218201,9,1,62,0,2019,9,16,6,3,2,6,0,1,0,0,0,0,0,"691767,535441","5337058,66053","11,57873535","48,157830397",0,1,#66c2a5,bicycle
218202,9,1,62,0,2019,9,4,6,3,5,3,2,1,1,0,0,0,0,"690507,545268","5335150,63353","11,560955699","48,141059867",1,1,#66c2a5,bicycle
218203,9,1,62,0,2019,9,11,6,3,5,3,0,0,1,0,1,0,0,"690870,993267","5334467,11042","11,565530081","48,13480748",0,2,#fc8d62,car
218210,9,7,62,0,2019,9,22,6,3,0,1,2,1,0,0,0,0,0,"620908,412","5304653,154","10,617247438","47,883818014",1,1,#66c2a5,bicycle
218211,9,7,62,0,2019,9,19,6,3,2,6,2,0,1,0,0,0,0,"621660,29484","5305039,0958","10,627409047","47,887147007",0,2,#fc8d62,car
218212,9,7,72,170,2019,9,17,6,2,0,1,0,0,0,0,1,0,0,"627902,241513","5329577,74206","10,718181186","48,106613469",0,4,#e78ac3,marker
218213,9,7,61,0,2019,9,10,6,3,0,2,0,0,1,0,0,0,0,"641944,492482","5360942,83921","10,917230582","48,385667362",0,2,#fc8d62,car
218214,9,7,61,0,2019,9,15,6,3,0,5,0,1,1,0,0,0,0,"641678,639936","5360009,61261","10,913327207","48,377335964",1,1,#66c2a5,bicycle
218215,9,7,61,0,2019,9,16,6,3,0,1,0,1,0,0,0,0,0,"641437,222858","5358569,56584","10,909584458","48,364441802",0,1,#66c2a5,bicycle
218216,9,7,71,113,2019,9,17,6,3,5,3,0,0,1,0,0,0,1,"655838,885894","5366926,46811","11,106997129","48,436183527",1,2,#fc8d62,car
218245,9,7,61,0,2019,10,21,1,3,0,1,2,0,0,0,1,0,0,"639807,498437","5359359,41329","10,887856145","48,37190694",1,4,#e78ac3,marker
218251,9,2,61,0,2019,10,14,1,3,0,1,0,0,0,0,0,0,1,"732602,698461","5380092,3493","12,150834806","48,530786722",1,6,#ffd92f,circle
218253,9,1,87,182,2019,10,15,1,3,2,5,0,0,1,0,0,0,0,"740635,154944","5328205,30322","12,229900462","48,061695219",1,2,#fc8d62,car
218256,9,1,78,137,2019,10,14,1,3,0,7,0,1,0,0,0,0,0,"693297,715169","5364918,85749","11,612033759","48,407758647",1,1,#66c2a5,bicycle
218257,9,1,62,0,2019,10,15,7,3,1,5,0,1,1,0,0,0,0,"688710,781","5336139,738","11,537265242","48,150485501",0,1,#66c2a5,bicycle
218258,9,1,62,0,2019,10,12,7,3,5,3,0,1,1,0,0,0,0,"689378,57","5334527,751","11,545517734","48,135798376",1,1,#66c2a5,bicycle
218259,9,1,62,0,2019,10,15,7,3,0,1,0,0,0,0,1,0,0,"687514,887024","5338930,35634","11,522432606","48,175921834",0,4,#e78ac3,marker
218260,9,1,62,0,2019,10,19,7,3,5,2,2,0,1,0,0,0,1,"693619,545689","5334655,9968","11,602520452","48,13567488",0,2,#fc8d62,car
218261,9,1,62,0,2019,10,13,7,3,5,3,0,0,1,0,0,0,0,"683608,212609","5338180,68259","11,469607798","48,17032411",1,2,#fc8d62,car
218262,9,1,62,0,2019,10,12,7,3,3,2,0,0,1,0,0,0,0,"697620,858868","5330157,07093","11,65415979","48,094011619",1,2,#fc8d62,car
218263,9,1,62,0,2019,10,22,7,3,3,7,2,0,1,0,0,0,0,"690204,76526","5334938,54849","11,556794973","48,13924423",0,2,#fc8d62,car
218264,9,1,62,0,2019,10,13,7,3,5,3,0,0,1,0,0,0,0,"690526,399","5339648,025","11,563223188","48,181476448",0,2,#fc8d62,car
218265,9,1,62,0,2019,10,12,7,2,5,2,0,1,1,0,0,0,0,"687448,804714","5336070,47037","11,520284226","48,150236067",1,1,#66c2a5,bicycle
218266,9,1,62,0,2019,10,18,7,3,0,1,1,1,0,0,0,0,0,"696867,060269","5335237,46368","11,646392493","48,139904447",0,1,#66c2a5,bicycle
218267,9,7,73,182,2019,10,16,7,3,5,3,0,0,1,0,0,0,0,"623991,764903","5380076,8181","10,680535019","48,561515875",0,2,#fc8d62,car
218269,9,7,72,163,2019,10,13,7,3,0,1,0,0,0,0,1,0,0,"641069,459546","5348420,64334","10,901226909","48,273267849",1,4,#e78ac3,marker
218270,9,7,71,130,2019,10,11,7,3,0,1,0,1,0,0,0,0,0,"645497,799208","5357495,58404","10,964003064","48,353862432",1,1,#66c2a5,bicycle
218271,9,7,61,0,2019,10,17,7,3,5,2,0,1,1,0,0,0,0,"639077,238158","5356719,8127","10,877128251","48,348333577",0,1,#66c2a5,bicycle
218283,9,2,61,0,2019,10,2,7,3,0,1,2,1,0,0,0,0,0,"732673,94071","5381796,93483","12,152749955","48,546072121",1,1,#66c2a5,bicycle
218284,9,2,61,0,2019,10,16,7,3,6,4,0,0,1,1,0,0,0,"731358,959935","5383226,33471","12,135753853","48,559398448",0,2,#fc8d62,car
218285,9,1,83,119,2019,10,13,7,3,6,4,0,0,1,1,0,0,0,"735528,697324","5339411,1275","12,167656289","48,164265361",0,2,#fc8d62,car
218286,9,1,81,130,2019,10,13,7,1,6,4,0,0,1,1,0,0,0,"638797,682","5325007,168","10,862983214","48,063232586",1,2,#fc8d62,car
218287,9,1,88,120,2019,10,15,7,2,5,3,0,1,1,0,0,0,0,"676343,824691","5327021,82361","11,367371188","48,072070905",0,1,#66c2a5,bicycle
218288,9,1,77,117,2019,10,14,7,3,0,7,0,0,1,1,0,0,0,"715675,053917","5354586,09383","11,908739467","48,307661125",0,2,#fc8d62,car
218289,9,1,62,0,2019,10,17,6,3,1,5,0,0,1,0,0,0,0,"693014,177312","5335384,42874","11,594722222","48,142405722",0,2,#fc8d62,car
218290,9,1,62,0,2019,10,11,6,3,1,6,0,0,1,0,0,0,0,"691480,054918","5333965,76258","11,573482718","48,130118462",0,2,#fc8d62,car
218291,9,1,62,0,2019,10,8,6,3,0,5,0,0,1,0,0,0,1,"692186,908448","5338117,56912","11,584847224","48,167221015",0,2,#fc8d62,car
218292,9,1,62,0,2019,10,17,6,3,0,1,0,0,0,0,0,0,1,"690802,72564","5334769,44735","11,56474886","48,137545339",0,6,#ffd92f,circle
218293,9,1,62,0,2019,10,17,6,3,5,3,0,1,1,0,0,0,0,"691658,101195","5338369,62103","11,577856034","48,169646059",1,1,#66c2a5,bicycle
218294,9,1,62,0,2019,10,0,6,3,0,7,2,0,0,0,0,0,1,"691832,726355","5339815,75521","11,580854986","48,182590911",0,6,#ffd92f,circle
218295,9,1,84,123,2019,10,18,6,3,1,5,0,1,0,0,0,0,1,"703500,558252","5332965,03769","11,734374781","48,117395993",0,1,#66c2a5,bicycle
218296,9,1,84,147,2019,10,13,6,3,3,6,0,0,1,0,0,0,0,"697307,944","5339826,844","11,654441031","48,18101392",0,2,#fc8d62,car
218297,9,1,62,0,2019,10,11,6,3,6,4,0,1,0,1,0,0,0,"693553,21056","5336134,24818","11,60230167","48,148981101",0,1,#66c2a5,bicycle
218298,9,1,62,0,2019,10,14,6,3,2,6,0,0,1,0,0,0,0,"697739,288679","5336064,06677","11,65848825","48,147062898",1,2,#fc8d62,car
218299,9,1,62,0,2019,10,16,6,3,0,7,0,1,0,0,0,0,0,"689423,627049","5332711,96993","11,545315673","48,119464553",1,1,#66c2a5,bicycle
218300,9,1,62,0,2019,10,12,6,3,6,1,0,0,1,1,0,0,0,"692213,224128","5337074,52244","11,584729458","48,1578384",0,2,#fc8d62,car
218301,9,1,62,0,2019,10,14,6,3,0,3,0,1,0,0,0,0,1,"692345,431874","5336966,20474","11,586456438","48,156824891",0,1,#66c2a5,bicycle
218302,9,1,62,0,2019,10,11,6,2,6,2,0,0,1,1,0,0,0,"691419,693387","5336373,57825","11,573754585","48,151777779",0,2,#fc8d62,car
218307,9,7,72,130,2019,10,13,6,3,5,3,0,1,1,0,0,0,0,"632328,732585","5357277,46493","10,786266039","48,354798121",0,1,#66c2a5,bicycle
218308,9,7,61,0,2019,10,16,6,2,5,3,0,1,1,0,0,0,0,"638302,528806","5358247,61742","10,867179845","48,362241476",0,1,#66c2a5,bicycle
218309,9,7,61,0,2019,10,12,6,3,4,2,0,0,1,0,0,0,0,"643977,495652","5357713,7687","10,943568217","48,356172683",1,2,#fc8d62,car
218339,9,1,77,133,2019,10,5,6,3,5,2,2,0,1,0,0,0,0,"706288,101082","5359689,89171","11,784797604","48,356654725",0,2,#fc8d62,car
218340,9,1,77,137,2019,10,12,6,3,8,6,0,0,0,0,0,1,1,"732579,748175","5343548,0816","12,130321506","48,202515049",0,5,#a6d854,bus
218341,9,1,62,0,2019,10,23,5,3,0,7,2,0,0,0,0,0,1,"690512,76213","5337426,42083","11,562044415","48,161512962",0,6,#ffd92f,circle
218342,9,1,62,0,2019,10,1,5,3,0,7,2,0,0,0,0,0,1,"690525,877002","5335273,36934","11,561256785","48,142157523",1,6,#ffd92f,circle
218343,9,1,62,0,2019,10,14,5,3,2,6,0,0,1,0,1,0,0,"690808,466711","5339585,77057","11,566986048","48,18083227",0,2,#fc8d62,car
218344,9,1,62,0,2019,10,0,5,3,3,6,2,0,1,0,0,0,0,"692552,492","5335441,831","11,588548243","48,14306153",1,2,#fc8d62,car
218345,9,1,62,0,2019,10,20,5,3,0,1,2,1,0,0,0,0,0,"686874,050822","5332443,67291","11,510973368","48,117806369",0,1,#66c2a5,bicycle
218346,9,1,62,0,2019,10,11,5,3,5,3,0,1,1,0,0,0,0,"691280,594651","5339015,48157","11,573074375","48,175564659",0,1,#66c2a5,bicycle
218347,9,1,62,0,2019,10,20,5,2,6,4,2,0,1,1,0,0,0,"689247,458633","5333009,21784","11,543082836","48,122188637",0,2,#fc8d62,car
218348,9,1,62,0,2019,10,16,5,3,5,3,0,1,1,0,0,0,0,"687688,511615","5339609,67465","11,52506585","48,181976401",0,1,#66c2a5,bicycle
218365,9,1,79,121,2019,10,16,5,3,1,5,0,1,1,0,0,0,0,"665784,177296","5337328,35791","11,229733192","48,167561033",0,1,#66c2a5,bicycle
218366,9,1,81,114,2019,10,13,5,3,9,1,0,1,0,0,0,0,0,"657115,698225","5312668,18108","11,104171702","47,948043388",0,1,#66c2a5,bicycle
218367,9,1,62,0,2019,10,11,4,3,5,3,0,1,1,0,0,0,0,"696987,194347","5331544,7481","11,646299193","48,10667943",1,1,#66c2a5,bicycle
218368,9,1,62,0,2019,10,23,4,3,5,3,2,0,1,0,0,0,0,"691712,417751","5335686,51594","11,577376889","48,14551441",1,2,#fc8d62,car
218369,9,1,62,0,2019,10,8,4,2,0,5,0,1,1,0,0,0,0,"688784,277973","5334035,98887","11,537319829","48,131554921",1,1,#66c2a5,bicycle
218370,9,1,62,0,2019,10,20,4,3,0,2,2,1,1,0,0,0,0,"691092,03427","5333826,19359","11,56821059","48,128980632",1,1,#66c2a5,bicycle
218371,9,1,62,0,2019,10,23,4,3,0,7,2,0,0,0,0,0,1,"691002,765113","5335268,68015","11,567658864","48,141972395",1,6,#ffd92f,circle
218372,9,1,62,0,2019,10,15,4,2,1,5,0,1,1,0,0,0,0,"690681,469307","5334289,3475","11,562905738","48,133266566",0,1,#66c2a5,bicycle
218373,9,1,62,0,2019,10,14,4,3,5,2,0,1,1,0,0,0,0,"697412,993577","5332448,03989","11,652431004","48,114665836",1,1,#66c2a5,bicycle
218374,9,1,62,0,2019,10,18,4,3,5,2,2,0,1,0,0,0,0,"688336,643051","5340829,58058","11,534317514","48,192749227",1,2,#fc8d62,car
218375,9,1,62,0,2019,10,9,4,3,0,7,0,0,0,1,1,0,0,"692358,699449","5330535,82365","11,583732194","48,099025788",1,3,#8da0cb,toilet
218376,9,1,62,0,2019,10,12,4,3,5,3,0,0,1,0,0,0,0,"694568,624395","5333722,72163","11,6148375","48,126997523",1,2,#fc8d62,car
218377,9,1,62,0,2019,10,15,4,3,0,1,0,0,0,0,0,0,1,"692329,126953","5334463,03407","11,585106656","48,13433186",1,6,#ffd92f,circle
218378,9,1,62,0,2019,10,8,4,3,1,6,0,0,1,0,0,0,0,"688810,83377","5334019,22496","11,537668955","48,131396368",1,2,#fc8d62,car
218379,9,1,62,0,2019,10,13,4,3,4,2,0,1,1,0,0,0,0,"691712,417751","5335686,51594","11,577376889","48,14551441",1,1,#66c2a5,bicycle
218380,9,1,62,0,2019,10,16,4,3,6,4,0,0,1,1,0,0,0,"683831,527631","5335412,53482","11,471412538","48,145377914",1,2,#fc8d62,car
218381,9,1,62,0,2019,10,8,4,3,0,1,0,0,0,0,1,0,0,"687455,438484","5336159,5841","11,520412575","48,151035088",1,4,#e78ac3,marker
218382,9,1,62,0,2019,10,16,4,3,1,6,0,0,1,0,0,0,1,"691108,500748","5329685,13383","11,566576441","48,091755969",1,2,#fc8d62,car
218383,9,1,62,0,2019,10,12,4,3,5,3,0,0,1,0,0,0,0,"691880,061392","5334635,6856","11,579154857","48,136019175",0,2,#fc8d62,car
218386,9,7,78,116,2019,10,17,4,3,5,3,0,1,1,0,0,0,0,"620300,25137","5318639,71003","10,613026316","48,009723303",1,1,#66c2a5,bicycle
218391,9,7,62,0,2019,10,23,4,3,2,6,2,0,1,0,0,0,0,"621926,498","5305219,77","10,631019497","47,888721424",1,2,#fc8d62,car
218393,9,7,61,0,2019,10,16,4,3,2,6,0,0,1,0,0,0,0,"641323,649411","5360692,55178","10,908765584","48,383556284",1,2,#fc8d62,car
218394,9,7,61,0,2019,10,10,4,3,6,4,0,0,1,1,0,0,0,"644097,371314","5358347,67647","10,94540255","48,361845076",0,2,#fc8d62,car
218395,9,7,61,0,2019,10,17,4,3,5,1,0,0,1,0,1,0,0,"639025,204013","5355535,21351","10,876035278","48,337693332",1,2,#fc8d62,car
218396,9,7,61,0,2019,10,18,4,3,6,3,0,1,0,1,0,0,0,"640388,156499","5359163,97374","10,895627215","48,370020708",1,1,#66c2a5,bicycle
218397,9,7,61,0,2019,10,16,4,3,6,4,0,0,1,1,0,0,0,"639946,559","5360205,234","10,890014427","48,379481481",1,2,#fc8d62,car
218436,9,1,73,147,2019,10,12,4,3,3,5,0,0,1,0,1,0,0,"681237,888","5309713,134","11,425704884","47,915109424",0,2,#fc8d62,car
218437,9,1,90,157,2019,10,8,4,3,5,3,0,0,1,0,0,0,0,"660765,576025","5301683,32793","11,148924668","47,848372891",1,2,#fc8d62,car
218439,9,1,83,119,2019,10,12,4,3,2,6,0,0,1,0,0,0,0,"736536,351868","5339207,38206","12,181073458","48,162061067",1,2,#fc8d62,car
218444,9,1,63,0,2019,10,11,4,3,5,3,0,1,1,0,0,0,0,"732889,2158","5304839,56558","12,113443796","47,854653818",0,1,#66c2a5,bicycle
218449,9,1,85,158,2019,10,10,4,3,5,2,0,1,1,0,0,0,0,"667032,802686","5381428,50943","11,26402523","48,563678416",1,1,#66c2a5,bicycle
218450,9,1,81,130,2019,10,20,4,3,5,2,2,0,1,0,0,0,0,"639054,773287","5324963,94905","10,866418018","48,062787959",1,2,#fc8d62,car
218451,9,1,81,146,2019,10,19,4,2,2,6,2,1,1,0,0,0,0,"653882,12687","5324588,68144","11,065170861","48,056009741",1,1,#66c2a5,bicycle
218452,9,1,88,124,2019,10,14,4,3,0,1,0,1,0,0,0,0,0,"659274,829229","5323064,13407","11,136924813","48,040979543",1,1,#66c2a5,bicycle
218453,9,1,88,145,2019,10,12,4,3,5,3,0,1,0,0,0,0,0,"664309,01596","5325700,25832","11,20542764","48,063403747",0,1,#66c2a5,bicycle
218454,9,1,74,115,2019,10,18,4,3,4,6,1,0,1,0,0,1,0,"679636,487871","5351761,2664","11,421993635","48,293532087",1,2,#fc8d62,car
218455,9,1,78,130,2019,10,14,4,3,1,1,0,0,1,0,1,0,0,"703815,665461","5354407,67579","11,748906428","48,309989996",1,2,#fc8d62,car
218456,9,1,78,124,2019,10,10,4,3,0,1,0,1,0,0,0,0,0,"702834,46","5364285,797","11,740448262","48,399073592",0,1,#66c2a5,bicycle
218457,9,1,78,133,2019,10,14,4,3,2,6,0,0,1,0,0,0,0,"685662,699329","5367249,92631","11,509998659","48,431005059",1,2,#fc8d62,car
218458,9,1,77,117,2019,10,12,4,3,5,3,0,1,1,0,0,0,0,"714473,932525","5353987,934","11,892257908","48,302694861",0,1,#66c2a5,bicycle
218459,9,1,62,0,2019,10,19,3,3,0,6,2,0,1,0,1,0,0,"691285,628","5334482,715","11,571104451","48,134823242",0,2,#fc8d62,car
218460,9,1,62,0,2019,10,22,3,3,0,1,2,0,0,0,0,0,1,"691344,040398","5336748,83842","11,57290717","48,15517333",1,6,#ffd92f,circle
218461,9,1,62,0,2019,10,19,3,2,6,7,2,0,1,1,0,0,0,"689064,368575","5333340,11908","11,540771774","48,125217217",0,2,#fc8d62,car
218462,9,1,62,0,2019,10,7,3,3,2,7,0,0,1,0,1,0,0,"693282,080778","5335035,29021","11,598161399","48,13918644",0,2,#fc8d62,car
218463,9,1,62,0,2019,10,20,3,3,0,1,2,1,1,0,0,0,0,"690012,760953","5333848,96438","11,55373067","48,129508383",0,1,#66c2a5,bicycle
218464,9,1,62,0,2019,10,17,3,3,2,6,0,1,0,0,0,0,0,"687327,029531","5334871,16127","11,518120913","48,139492243",0,1,#66c2a5,bicycle
218465,9,1,62,0,2019,10,7,3,3,4,6,0,1,0,0,0,0,1,"689404,611629","5336081,45319","11,546558498","48,149755408",0,1,#66c2a5,bicycle
218466,9,1,62,0,2019,10,18,3,3,2,6,0,0,1,0,0,0,1,"699485,501671","5335425,95214","11,681639548","48,140782931",0,2,#fc8d62,car
218467,9,1,62,0,2019,10,18,3,3,2,6,0,0,1,0,1,0,0,"688155,227398","5339009,38095","11,53107268","48,176442851",0,2,#fc8d62,car
218468,9,1,62,0,2019,10,18,3,3,3,6,0,1,0,0,0,0,0,"687229,343997","5334369,24401","11,516588478","48,13500962",0,1,#66c2a5,bicycle
218469,9,1,62,0,2019,10,17,3,3,0,7,0,1,0,0,0,0,0,"691413,357","5334397,207","11,572781066","48,134016302",0,1,#66c2a5,bicycle
218470,9,1,62,0,2019,10,8,3,3,5,3,0,0,1,0,0,0,1,"686235,126613","5332485,50616","11,502415103","48,118369565",0,2,#fc8d62,car
218471,9,1,62,0,2019,10,16,3,3,5,3,0,0,1,0,0,0,0,"688479,514378","5339014,89539","11,53543302","48,176396318",0,2,#fc8d62,car
218472,9,1,62,0,2019,10,12,3,3,6,4,0,0,1,1,0,0,0,"690852,051252","5334812,4347","11,565430462","48,137916916",0,2,#fc8d62,car
218473,9,1,62,0,2019,10,0,3,3,1,7,2,1,1,0,0,0,0,"690016,447476","5336674,74755","11,55504109","48,154905455",0,1,#66c2a5,bicycle
218474,9,1,62,0,2019,10,15,3,3,4,6,0,0,1,0,1,0,0,"693181,582386","5342263,16051","11,600096102","48,204178557",0,2,#fc8d62,car
218475,9,1,62,0,2019,10,13,3,2,0,1,0,1,0,0,0,0,0,"683011,450403","5335525,96617","11,460446831","48,146633956",0,1,#66c2a5,bicycle
218476,9,1,62,0,2019,10,16,3,3,0,1,0,1,0,0,0,0,0,"686226,26551","5332488,31766","11,502297383","48,118397427",0,1,#66c2a5,bicycle
218477,9,1,84,141,2019,10,15,3,2,5,7,0,1,1,0,0,0,0,"697729,806471","5316861,4","11,649484065","47,974483246",0,1,#66c2a5,bicycle
218478,9,1,62,0,2019,10,18,3,3,5,2,0,1,1,0,0,0,0,"696956,86023","5330675,38388","11,645490913","48,098875466",0,1,#66c2a5,bicycle
218479,9,1,62,0,2019,10,17,3,3,3,2,0,1,1,0,0,0,0,"693312,227875","5330973,91072","11,596724661","48,102674661",0,1,#66c2a5,bicycle
218480,9,1,62,0,2019,10,17,3,3,6,4,0,1,0,1,0,0,0,"696392,386935","5336089,60883","11,640411747","48,147709694",0,1,#66c2a5,bicycle
218481,9,1,62,0,2019,10,16,3,3,5,3,0,0,1,0,1,0,0,"690882,76376","5334255,76911","11,565593434","48,132904425",0,2,#fc8d62,car