OBJECTID,ULAND,UREGBEZ,UKREIS,UGEMEINDE,UJAHR,UMONAT,USTUNDE,UWOCHENTAG,UKATEGORIE,UART,UTYP1,ULICHTVERH,IstRad,IstPKW,IstFuss,IstKrad,IstGkfz,IstSonstig,LINREFX,LINREFY,XGCSWGS84,YGCSWGS84,STRZUSTAND,Teilnehmer,color,symbol
218487,9,7,62,0,2019,10,12,3,3,0,1,0,1,0,0,0,0,0,"622163,950872","5305913,31574","10,634390894","47,894913806",0,1,#66c2a5,bicycle
218490,9,7,72,147,2019,10,14,3,3,1,6,0,0,1,0,0,0,0,"639071,028045","5363679,12904","10,879347244","48,410911381",1,2,#fc8d62,car
218491,9,7,72,163,2019,10,12,3,2,5,2,0,1,1,0,0,0,0,"640174,8","5348362,202","10,889156821","48,272941021",0,1,#66c2a5,bicycle
218492,9,7,72,163,2019,10,11,3,3,0,1,0,1,0,0,0,0,0,"640108,758601","5348038,67112","10,888160057","48,270046488",0,1,#66c2a5,bicycle
218493,9,7,61,0,2019,10,9,3,3,0,1,0,0,0,0,0,0,1,"638043,706444","5360705,672","10,864494548","48,384400541",0,6,#ffd92f,circle
218494,9,7,61,0,2019,10,8,3,3,3,7,0,0,1,0,0,0,0,"637673,992485","5360756,74053","10,859520459","48,384940539",0,2,#fc8d62,car
218495,9,7,61,0,2019,10,15,3,2,5,7,0,1,0,0,1,0,0,"638929,977749","5360322,57323","10,876331708","48,380761241",0,1,#66c2a5,bicycle
218496,9,7,61,0,2019,10,11,3,3,1,5,0,0,1,0,1,0,0,"641788,093109","5360232,62696","10,91487971","48,379316625",0,2,#fc8d62,car
218497,9,7,61,0,2019,10,12,3,3,0,2,0,1,0,0,0,0,0,"642525,176","5353400,18","10,92251538","48,317716177",0,1,#66c2a5,bicycle
218498,9,7,61,0,2019,10,13,3,3,3,6,0,0,1,0,1,0,0,"640074,049099","5359187,68075","10,891396201","48,370303667",0,2,#fc8d62,car
218499,9,7,61,0,2019,10,11,3,3,5,3,0,1,1,0,0,0,0,"640329,934","5359905,195","10,895088894","48,376698476",0,1,#66c2a5,bicycle
218500,9,7,71,149,2019,10,18,3,3,1,6,1,0,0,0,1,0,1,"652701,829962","5364613,35753","11,063769435","48,416155677",0,4,#e78ac3,marker
218516,9,2,61,0,2019,10,20,6,2,0,1,2,1,0,0,0,0,0,"730995,156","5380632,001","12,129392016","48,536227948",0,1,#66c2a5,bicycle
218517,9,1,90,139,2019,10,10,6,3,5,3,0,1,1,0,0,0,0,"654750,522894","5296171,54851","11,066608787","47,800289591",0,1,#66c2a5,bicycle
218522,9,1,63,0,2019,10,12,6,3,2,6,0,0,1,0,0,0,0,"734374,554984","5305343,99057","12,133543668","47,858645654",0,2,#fc8d62,car
218525,9,1,62,0,2019,10,15,6,3,2,6,0,0,1,0,0,0,0,"680445,601766","5338722,91593","11,427339469","48,176103878",0,2,#fc8d62,car
218526,9,1,88,113,2019,10,15,6,3,4,6,0,1,0,0,0,0,0,"675890,84522","5316537,93004","11,35699238","47,977950905",0,1,#66c2a5,bicycle
218527,9,1,81,130,2019,10,13,6,3,5,5,0,1,1,0,0,0,0,"639020,388942","5324571,96759","10,865829338","48,059270632",0,1,#66c2a5,bicycle
218528,9,1,88,121,2019,10,13,6,3,5,2,0,0,1,0,1,0,0,"670364,066","5329712,888","11,288235275","48,097888627",0,2,#fc8d62,car
218529,9,1,74,115,2019,10,19,6,3,5,2,1,1,1,0,0,0,0,"682377,87522","5348627,8794","11,457567938","48,26458373",0,1,#66c2a5,bicycle
218530,9,1,74,126,2019,10,14,6,3,2,6,0,0,1,0,0,0,0,"682828,573408","5344517,16438","11,461860381","48,227504746",0,2,#fc8d62,car
218531,9,1,75,132,2019,10,15,6,3,2,6,0,0,1,0,0,0,0,"705270,197312","5335059,95977","11,759133347","48,135654168",0,2,#fc8d62,car
218532,9,1,78,124,2019,10,13,6,3,6,4,0,0,0,1,0,0,1,"703188,454834","5363945,317","11,745060563","48,395899999",0,3,#8da0cb,toilet
218533,9,1,77,144,2019,10,23,6,3,8,1,2,0,1,0,0,0,0,"715516,34","5345806,866","11,90212833","48,228832151",0,2,#fc8d62,car
218534,9,1,77,117,2019,10,13,6,3,1,7,0,1,1,0,0,0,0,"715125,409645","5354802,78114","11,901446939","48,309795236",0,1,#66c2a5,bicycle
218535,9,1,62,0,2019,10,19,5,2,5,3,2,1,1,0,0,0,0,"694350,302469","5336191,91648","11,613033275","48,149256365",0,1,#66c2a5,bicycle
218536,9,1,62,0,2019,10,16,5,3,0,2,0,1,1,0,0,0,0,"690282,089446","5335639,40473","11,558146493","48,145520399",0,1,#66c2a5,bicycle
218537,9,1,62,0,2019,10,19,5,3,1,7,2,1,1,0,0,0,0,"690824,622055","5335424,02538","11,565336184","48,143422081",0,1,#66c2a5,bicycle
218538,9,1,62,0,2019,10,18,5,3,3,2,2,0,1,0,0,0,0,"694233,012221","5333473,30608","11,610218353","48,124858353",1,2,#fc8d62,car
218539,9,1,62,0,2019,10,17,5,3,5,3,0,0,1,0,0,0,0,"693621,138638","5332555,32134","11,601587534","48,116794155",1,2,#fc8d62,car
218540,9,1,62,0,2019,10,7,5,3,5,3,0,1,1,0,0,0,0,"685175,424433","5334468,70419","11,489051724","48,136504568",1,1,#66c2a5,bicycle
218541,9,1,62,0,2019,10,6,5,3,5,2,0,0,1,0,1,0,0,"689550,523622","5329957,14511","11,545795153","48,094666087",1,2,#fc8d62,car
218542,9,1,62,0,2019,10,8,5,3,2,2,0,0,1,0,0,0,0,"697905,662917","5330963,14437","11,658354307","48,101167702",0,2,#fc8d62,car
218543,9,1,62,0,2019,10,9,5,3,3,7,0,1,1,0,0,0,0,"689581,4811","5335244,31062","11,548561308","48,142178442",1,1,#66c2a5,bicycle
218544,9,1,62,0,2019,10,8,5,3,5,2,0,1,1,0,0,0,0,"685101,120222","5337684,32425","11,489452384","48,165429632",1,1,#66c2a5,bicycle
218545,9,1,74,126,2019,10,10,5,3,0,7,0,0,0,0,0,0,1,"683912,135907","5346359,98659","11,47723684","48,243755548",1,6,#ffd92f,circle
218546,9,1,62,0,2019,10,9,5,3,5,2,0,1,0,0,0,0,1,"688220,246993","5339942,33258","11,532359675","48,184809066",0,1,#66c2a5,bicycle
218547,9,1,62,0,2019,10,11,5,3,2,6,0,0,1,0,0,0,0,"691924,733242","5336041,70651","11,580388379","48,148642783",1,2,#fc8d62,car
218551,9,7,72,163,2019,10,15,5,3,9,1,0,0,1,0,0,0,0,"640441,873122","5349285,35607","10,893060915","48,281182697",0,2,#fc8d62,car
218552,9,7,61,0,2019,10,12,5,3,0,1,0,1,0,0,0,0,0,"640432,705208","5357658,1564","10,895725717","48,356470963",0,1,#66c2a5,bicycle
218553,9,7,61,0,2019,10,16,5,3,2,6,0,0,1,0,0,0,0,"639824,226038","5359041,6159","10,887976223","48,369045691",0,2,#fc8d62,car
218578,9,2,74,134,2019,10,18,5,3,8,1,2,0,1,0,0,0,0,"739483,530655","5376216,9257","12,241665705","48,493390763",1,2,#fc8d62,car
218579,9,2,61,0,2019,10,15,5,3,0,1,0,1,0,0,0,0,0,"732737,063812","5380975,29449","12,153145006","48,538668164",0,1,#66c2a5,bicycle
218585,9,1,63,0,2019,10,15,5,3,2,6,0,0,1,0,0,0,0,"732611,581","5304747,792","12,109688468","47,853929846",1,2,#fc8d62,car
218587,9,1,87,150,2019,10,13,5,2,3,6,0,0,1,0,1,0,0,"728779,424919","5304225,29667","12,058257758","47,850610871",1,2,#fc8d62,car
218590,9,1,79,123,2019,10,8,5,3,0,7,0,0,0,0,0,0,1,"676674,552087","5334478,17971","11,374894693","48,139006747",0,6,#ffd92f,circle
218591,9,1,74,136,2019,10,12,5,2,8,1,0,0,1,0,0,0,0,"684058,84961","5366240,41003","11,487894184","48,422402229",0,2,#fc8d62,car
218592,9,1,62,0,2019,10,19,4,3,0,1,1,1,0,0,0,0,0,"690376,708977","5330081,29374","11,556935326","48,095535681",1,1,#66c2a5,bicycle
218593,9,1,62,0,2019,10,19,4,3,2,6,1,0,1,0,0,0,0,"686251,32594","5333328,80784","11,503001","48,12594476",0,2,#fc8d62,car
218594,9,1,62,0,2019,10,18,4,3,4,7,2,0,1,0,1,0,0,"681124,751978","5335865,58003","11,435250031","48,150226677",1,2,#fc8d62,car
218595,9,1,62,0,2019,10,13,4,3,0,7,0,1,0,0,0,0,1,"693668,168331","5329262,1133","11,600724327","48,087181349",1,1,#66c2a5,bicycle
218596,9,1,62,0,2019,10,6,4,2,6,4,2,0,1,1,0,0,0,"687693,433554","5334591,50778","11,522918071","48,136870677",1,2,#fc8d62,car
218597,9,1,62,0,2019,10,18,4,3,5,3,2,0,1,0,0,0,1,"690625,611567","5334970,33605","11,562460493","48,139404",1,2,#fc8d62,car
218598,9,1,62,0,2019,10,9,4,3,5,3,1,0,1,0,1,0,0,"680846,703358","5336009,95391","11,431576464","48,151603548",1,2,#fc8d62,car
218599,9,1,62,0,2019,10,8,4,3,6,2,0,0,1,1,0,0,0,"686679,623321","5339491,77626","11,511454552","48,18121393",1,2,#fc8d62,car
218600,9,1,62,0,2019,10,12,4,3,1,6,0,0,1,0,0,0,0,"699918,122029","5334850,61056","11,687178501","48,135476524",1,2,#fc8d62,car
218601,9,1,62,0,2019,10,15,4,3,5,3,0,0,1,0,0,0,0,"696316,576351","5337200,97746","11,63990627","48,157721396",1,2,#fc8d62,car
218602,9,1,62,0,2019,10,6,4,3,7,1,2,1,0,0,0,0,0,"690486,555491","5333956,67943","11,560139934","48,130334916",1,1,#66c2a5,bicycle
218604,9,7,78,203,2019,10,17,4,3,5,3,0,0,1,0,0,0,0,"621968,207","5320215,576","10,635829817","48,023579692",0,2,#fc8d62,car
218607,9,7,72,170,2019,10,14,4,3,1,5,0,1,1,0,0,0,0,"630980,731949","5333772,51743","10,760805493","48,143710378",1,1,#66c2a5,bicycle
218608,9,7,61,0,2019,10,11,4,2,5,2,0,1,1,0,0,0,0,"643481,184395","5358639,47674","10,93718813","48,364609133",1,1,#66c2a5,bicycle
218609,9,7,61,0,2019,10,21,4,3,5,5,2,1,1,0,0,0,0,"639905,498921","5358910,27391","10,889029296","48,367846691",1,1,#66c2a5,bicycle
218638,9,1,85,158,2019,10,10,4,3,5,3,0,0,1,0,1,0,0,"667669,92821","5380966,47923","11,272467852","48,559355049",1,2,#fc8d62,car
218639,9,1,81,130,2019,10,7,4,3,5,3,0,1,1,0,0,0,0,"639159,734201","5324551,29858","10,867691773","48,059054392",1,1,#66c2a5,bicycle
218640,9,1,78,120,2019,10,9,4,2,0,1,0,0,1,0,0,0,0,"694383,040683","5352667,11395","11,621026723","48,297316189",0,2,#fc8d62,car
218641,9,1,78,124,2019,10,22,4,3,8,1,2,0,1,0,0,0,0,"703706,352478","5362596,11854","11,751394772","48,383608781",1,2,#fc8d62,car
218642,9,1,62,0,2019,10,17,3,3,5,7,0,0,1,0,0,0,0,"689960,496681","5333540,50284","11,552891477","48,126751516",0,2,#fc8d62,car
218643,9,1,62,0,2019,10,9,3,3,3,6,0,1,0,0,0,0,0,"691950,735285","5335636,23149","11,580554785","48,144990601",0,1,#66c2a5,bicycle
218644,9,1,62,0,2019,10,9,3,3,5,3,0,1,1,0,0,0,0,"692875,687302","5335166,3037","11,592763664","48,140487267",0,1,#66c2a5,bicycle
218645,9,1,62,0,2019,10,18,3,3,5,2,0,1,1,0,0,0,0,"692444,015853","5334859,57584","11,586828397","48,137861166",0,1,#66c2a5,bicycle
218646,9,1,62,0,2019,10,18,3,3,1,5,2,1,1,0,0,0,0,"691471,059723","5337438,92867","11,574923907","48,161337524",1,1,#66c2a5,bicycle
218647,9,1,62,0,2019,10,5,3,2,0,7,2,0,0,0,1,0,0,"693323,600925","5335235,6716","11,59880989","48,140974795",0,4,#e78ac3,marker
218648,9,1,62,0,2019,10,14,3,3,5,2,0,1,1,0,0,0,0,"690960,249495","5335122,93415","11,567022565","48,140675203",0,1,#66c2a5,bicycle
218649,9,1,62,0,2019,10,18,3,3,0,7,2,0,0,0,0,0,1,"687407,360097","5332808,20383","11,518292355","48,120926152",0,6,#ffd92f,circle
218650,9,1,62,0,2019,10,15,3,3,5,3,0,0,1,0,1,0,0,"685211,382544","5339223,48692","11,491604413","48,179232131",1,2,#fc8d62,car
218651,9,1,62,0,2019,10,17,3,3,4,7,1,0,1,0,0,0,0,"687445,876045","5335483,42884","11,519986404","48,144960459",1,2,#fc8d62,car
218652,9,1,62,0,2019,10,7,3,3,0,1,0,1,0,0,0,0,0,"694656,329","5329707,495","11,614182823","48,090883325",0,1,#66c2a5,bicycle
218659,9,7,72,125,2019,10,12,3,3,5,6,0,0,1,0,0,0,0,"637435,576006","5348052,74786","10,852159529","48,270758805",0,2,#fc8d62,car
218660,9,7,61,0,2019,10,18,3,3,5,3,2,1,1,0,0,0,0,"640713,377709","5355452,87367","10,898775419","48,336579251",0,1,#66c2a5,bicycle
218661,9,7,61,0,2019,10,22,3,3,3,2,2,1,1,0,0,0,0,"640785,65212","5359236,61934","10,901015755","48,370585368",0,1,#66c2a5,bicycle
218662,9,7,71,113,2019,10,7,3,3,5,3,0,1,1,0,0,0,0,"657144,865","5369607,101","11,125647824","48,459958627",0,1,#66c2a5,bicycle
218689,9,2,61,0,2019,10,20,3,3,4,2,2,1,1,0,0,0,0,"731693,968135","5381894,39181","12,139546267","48,547310202",1,1,#66c2a5,bicycle
218692,9,1,86,143,2019,10,15,3,3,5,3,0,0,1,0,0,0,0,"684279,594339","5377418,71752","11,4958006","48,522807393",0,2,#fc8d62,car
218694,9,1,81,122,2019,10,13,3,3,5,3,0,0,1,0,0,0,0,"647410,526907","5335030,54411","10,981981416","48,151427142",0,2,#fc8d62,car
218695,9,1,79,121,2019,10,8,3,2,5,3,0,1,1,0,0,0,0,"666575,186949","5338056,33056","11,240648772","48,173898734",0,1,#66c2a5,bicycle
218696,9,1,74,115,2019,10,6,3,3,2,6,0,0,1,0,0,0,0,"684974,53944","5347609,08111","11,492078823","48,254673678",0,2,#fc8d62,car
218697,9,1,62,0,2019,10,19,2,3,2,6,1,0,1,0,0,0,0,"690280,991478","5335693,11922","11,558155754","48,146003512",0,2,#fc8d62,car
218698,9,1,62,0,2019,10,15,2,3,1,5,0,1,1,0,0,0,0,"691484,006823","5335044,52167","11,574020665","48,139813038",1,1,#66c2a5,bicycle
218699,9,1,62,0,2019,10,7,2,3,1,6,0,0,1,0,0,0,0,"688918,131463","5340143,29101","11,541828971","48,186408143",1,2,#fc8d62,car
218700,9,1,62,0,2019,10,6,2,3,0,1,2,1,0,0,0,0,0,"690707,60426","5340415,05039","11,566002783","48,188316006",1,1,#66c2a5,bicycle
218701,9,1,84,145,2019,10,15,2,3,2,6,0,1,1,0,0,0,0,"694866,99213","5324637,84075","11,614698366","48,045254462",1,1,#66c2a5,bicycle
218702,9,1,62,0,2019,10,20,2,2,5,2,2,0,1,0,0,0,0,"694530,885703","5334821,97072","11,614832746","48,136888669",1,2,#fc8d62,car
218703,9,1,62,0,2019,10,0,2,3,6,4,2,0,1,1,0,0,0,"689796,127501","5333303,15246","11,550579087","48,124667223",1,2,#fc8d62,car
218704,9,1,62,0,2019,10,1,2,2,6,4,2,0,1,1,0,0,0,"690383,925068","5333880,15764","11,558727819","48,129677843",1,2,#fc8d62,car
218705,9,1,62,0,2019,10,23,2,3,2,6,2,0,1,0,0,0,0,"686510,354842","5336321,8327","11,507789311","48,152771263",0,2,#fc8d62,car
218706,9,1,62,0,2019,10,19,2,3,2,2,2,0,1,0,0,0,0,"690497,749523","5337386,98423","11,561825072","48,161163007",0,2,#fc8d62,car
218707,9,1,62,0,2019,10,9,2,3,1,5,0,0,1,0,1,0,0,"688146,340122","5337119,67731","11,530117145","48,159460566",1,2,#fc8d62,car
218708,9,1,62,0,2019,10,12,2,3,6,7,0,0,0,1,0,0,1,"684219,844539","5333228,72244","11,475683572","48,125636251",1,3,#8da0cb,toilet
218709,9,1,62,0,2019,10,5,2,3,6,2,2,0,1,1,0,0,0,"684641,710893","5329134,36647","11,479575469","48,088711597",1,2,#fc8d62,car
218710,9,1,62,0,2019,10,11,2,3,2,6,0,0,1,0,0,0,0,"689523,091918","5330970,90429","11,545877235","48,103786055",1,2,#fc8d62,car
218711,9,1,62,0,2019,10,8,2,3,5,3,0,1,1,0,0,0,0,"691688,017078","5331567,03147","11,575196363","48,108496319",1,1,#66c2a5,bicycle
218712,9,1,62,0,2019,10,9,2,3,4,6,0,0,1,0,1,0,0,"692188,253967","5331096,45024","11,581697669","48,104116065",1,2,#fc8d62,car
218713,9,1,62,0,2019,10,10,2,3,0,2,0,0,1,0,0,0,1,"696221,00494","5335923,43104","11,638033532","48,146269074",0,2,#fc8d62,car
218714,9,1,62,0,2019,10,8,2,3,6,6,0,0,1,1,0,0,0,"690310,04061","5335209,83227","11,558329884","48,141651049",1,2,#fc8d62,car
218715,9,1,62,0,2019,10,2,2,3,6,7,2,0,1,1,0,0,0,"691195,903738","5337695,00757","11,571342552","48,163721926",1,2,#fc8d62,car
218716,9,1,62,0,2019,10,9,2,3,3,2,0,1,1,0,0,0,0,"692532,921316","5334813,08554","11,588001184","48,137416429",0,1,#66c2a5,bicycle
218719,9,7,78,116,2019,10,11,2,3,2,6,0,0,1,0,0,0,0,"618979,023557","5319602,62148","10,595585221","48,018630754",0,2,#fc8d62,car
218722,9,7,72,184,2019,10,20,2,3,9,1,2,0,1,0,0,0,0,"636343,780244","5362000,75461","10,841967198","48,396415537",0,2,#fc8d62,car
218723,9,7,61,0,2019,10,19,2,3,4,3,2,0,1,0,0,0,0,"639716,17949","5356281,74422","10,885601851","48,344253553",0,2,#fc8d62,car
218743,9,2,61,0,2019,10,7,2,3,9,1,1,0,1,0,0,0,0,"731347,262161","5380311,19162","12,13397668","48,533216473",1,2,#fc8d62,car
218749,9,1,63,0,2019,10,14,2,3,3,6,0,0,1,0,0,0,0,"733975,976044","5304287,65902","12,127651666","47,849300811",1,2,#fc8d62,car
218750,9,1,87,150,2019,10,18,2,3,8,1,2,0,0,0,1,0,0,"725655,785738","5304105,3715","12,016499547","47,85063746",1,4,#e78ac3,marker
218756,9,1,74,115,2019,10,17,2,3,4,2,0,0,1,0,0,0,0,"681096,98038","5346254,30026","11,439308376","48,243615976",0,2,#fc8d62,car
218757,9,1,62,0,2019,10,14,1,3,0,3,0,1,0,0,0,0,1,"691879,316408","5336487,24435","11,57997925","48,152660898",0,1,#66c2a5,bicycle
218758,9,1,62,0,2019,10,17,1,3,5,3,0,0,1,0,0,0,0,"687967,262572","5328745,34924","11,524018974","48,084243036",1,2,#fc8d62,car
218759,9,1,62,0,2019,10,14,1,3,5,6,0,0,1,0,0,0,0,"693174,928","5334267,738","11,596374485","48,132320431",0,2,#fc8d62,car
218760,9,1,62,0,2019,10,1,1,3,8,1,2,0,0,0,0,0,1,"689424,469646","5334096,62099","11,545942366","48,131909683",0,6,#ffd92f,circle
218761,9,1,62,0,2019,10,15,1,3,3,6,0,1,1,0,0,0,0,"691147,483588","5335557,17915","11,569731799","48,144521936",1,1,#66c2a5,bicycle
218762,9,1,62,0,2019,10,21,1,3,6,4,2,0,1,1,0,0,0,"691753,368865","5334458,31926","11,57737387","48,134463218",1,2,#fc8d62,car
218763,9,1,62,0,2019,10,19,1,3,5,3,2,1,1,0,0,0,0,"687444,962748","5336159,60518","11,520271875","48,151038364",1,1,#66c2a5,bicycle
218764,9,1,62,0,2019,10,23,1,3,5,3,2,0,1,0,0,0,0,"690144,820019","5334734,67272","11,555898985","48,137429709",1,2,#fc8d62,car
218767,9,7,72,147,2019,10,10,1,3,5,6,0,1,1,0,0,0,0,"639231,851567","5366148,92101","10,882339397","48,433083413",0,1,#66c2a5,bicycle
218768,9,7,61,0,2019,10,17,1,3,1,6,0,0,1,0,0,0,0,"638823,167847","5360520,37993","10,874955323","48,382563384",1,2,#fc8d62,car
218769,9,7,61,0,2019,10,3,1,3,0,7,2,1,0,0,0,0,0,"643279,690241","5358983,58209","10,934586522","48,367748915",1,1,#66c2a5,bicycle
218770,9,7,61,0,2019,10,3,1,3,1,5,2,1,1,0,0,0,0,"640630,039066","5358810,90424","10,898773369","48,366792177",0,1,#66c2a5,bicycle
218772,9,2,61,0,2019,10,18,3,3,5,3,0,1,1,0,0,0,0,"730513,408948","5381165,03337","12,123170511","48,541193272",0,1,#66c2a5,bicycle
218774,9,1,73,147,2019,10,8,3,2,6,4,0,0,1,1,0,0,0,"681311,747913","5309652,08536","11,42666684","47,914539765",0,2,#fc8d62,car
218776,9,1,90,133,2019,10,15,3,3,5,3,0,0,1,0,0,0,0,"633699,643829","5297278,37976","10,785979317","47,814959674",0,2,#fc8d62,car
218778,9,1,90,140,2019,10,15,3,2,0,1,0,1,0,0,0,0,0,"643932,391673","5296134,87806","10,922213554","47,802469378",0,1,#66c2a5,bicycle
218787,9,1,63,0,2019,10,9,3,3,2,6,0,0,1,0,0,0,0,"732653,455288","5304837,98481","12,11029592","47,854724996",0,2,#fc8d62,car
218788,9,1,79,142,2019,10,14,3,3,0,1,0,1,0,0,0,0,0,"672987,608868","5342110,58211","11,32848297","48,20863117",0,1,#66c2a5,bicycle
218789,9,1,79,142,2019,10,8,3,2,4,2,0,1,1,0,0,0,0,"673960,684099","5344069,31379","11,342373122","48,225972901",0,1,#66c2a5,bicycle
218790,9,1,81,130,2019,10,21,3,3,5,7,2,0,1,0,0,1,0,"636399,018896","5325926,4414","10,831098143","48,072016529",1,2,#fc8d62,car
218791,9,1,81,127,2019,10,15,3,2,0,1,0,1,0,0,0,0,0,"636570,183464","5327358,24078","10,833852403","48,084855282",0,1,#66c2a5,bicycle
218792,9,1,81,128,2019,10,12,3,3,5,2,0,0,1,0,0,0,0,"639408,353975","5327747,88511","10,872069423","48,087744672",0,2,#fc8d62,car
218793,9,1,81,126,2019,10,7,3,3,5,3,0,0,1,0,0,0,0,"636709,227644","5331789,45331","10,837138374","48,124672692",0,2,#fc8d62,car
218794,9,1,74,126,2019,10,16,3,3,2,6,0,0,1,0,1,0,0,"680754,12856","5342864,30623","11,433248848","48,213242178",0,2,#fc8d62,car
218795,9,1,74,115,2019,10,12,3,3,5,3,0,0,1,0,0,0,1,"683634,601717","5348724,97608","11,474528312","48,265093444",0,2,#fc8d62,car
218796,9,1,74,115,2019,10,8,3,3,5,3,0,1,1,0,0,0,0,"681014,564536","5347756,17035","11,438841521","48,257139276",0,1,#66c2a5,bicycle
218797,9,1,78,124,2019,10,7,3,3,0,1,0,1,0,0,0,0,0,"703017,382832","5365305,85384","11,743410027","48,408181193",0,1,#66c2a5,bicycle
218798,9,1,62,0,2019,10,6,2,3,5,3,2,0,1,0,0,0,0,"687848,640719","5343118,61503","11,528770572","48,213467816",0,2,#fc8d62,car
218799,9,1,62,0,2019,10,8,2,3,3,3,0,1,0,0,0,0,0,"689106,628209","5336887,47831","11,542914349","48,157088683",0,1,#66c2a5,bicycle
218800,9,1,62,0,2019,10,11,2,3,3,2,0,1,1,0,0,0,0,"689823,921329","5334896,20301","11,551661942","48,138977354",0,1,#66c2a5,bicycle
218801,9,1,62,0,2019,10,10,2,3,6,2,0,0,1,1,0,0,0,"696367,303154","5335926,7462","11,639999758","48,146253727",0,2,#fc8d62,car
218802,9,1,84,120,2019,10,16,2,3,5,3,0,1,1,0,0,0,0,"680483,343612","5332561,54928","11,42523434","48,120709402",0,1,#66c2a5,bicycle
218803,9,1,62,0,2019,10,17,2,3,6,4,0,0,1,1,0,0,0,"684369,021843","5336848,017","11,479253389","48,158125227",0,2,#fc8d62,car
218804,9,1,62,0,2019,10,8,2,3,3,6,0,1,0,0,0,0,0,"691806,970009","5335757,10153","11,578678512","48,146120321",0,1,#66c2a5,bicycle
218805,9,1,62,0,2019,10,17,2,3,2,6,0,1,1,0,0,0,1,"692180,538444","5337552,83092","11,584506461","48,162147207",0,1,#66c2a5,bicycle
218806,9,1,62,0,2019,10,22,2,3,2,5,2,0,1,0,0,0,0,"695995,942877","5335245,30099","11,634698944","48,1402438",0,2,#fc8d62,car
218807,9,1,84,149,2019,10,19,2,3,5,3,2,0,1,0,0,0,0,"691365,29665","5350768,94283","11,579519305","48,28117596",0,2,#fc8d62,car
218808,9,1,62,0,2019,10,7,2,3,2,6,0,0,1,0,0,0,0,"693927,697076","5341813,3005","11,609921981","48,199907965",1,2,#fc8d62,car
218809,9,1,62,0,2019,10,15,2,3,5,3,0,1,1,0,0,0,0,"696640,244413","5334305,10846","11,642916501","48,13159514",0,1,#66c2a5,bicycle
218810,9,1,62,0,2019,10,7,2,3,5,2,0,1,1,0,0,0,0,"691495,752851","5337028,28183","11,575070796","48,15763926",0,1,#66c2a5,bicycle
218811,9,1,62,0,2019,10,17,2,3,3,6,0,1,0,0,0,0,0,"692166,359932","5339194,33345","11,585057845","48,176904916",0,1,#66c2a5,bicycle
218823,9,7,72,147,2019,10,8,2,3,3,7,0,0,1,0,1,0,0,"638398,712863","5367534,59059","10,871539865","48,445726579",0,2,#fc8d62,car
218824,9,7,71,130,2019,10,8,2,3,0,5,0,1,1,0,0,0,0,"644305,567233","5363367,06028","10,949935434","48,406928663",0,1,#66c2a5,bicycle
218825,9,7,71,130,2019,10,7,2,3,4,7,0,1,0,0,0,0,1,"646289,513","5361627,767","10,976121098","48,390833006",0,1,#66c2a5,bicycle
218826,9,7,61,0,2019,10,14,2,3,5,3,0,0,1,0,0,0,0,"641824,843281","5361253,67691","10,915720364","48,388489186",0,2,#fc8d62,car
218827,9,7,61,0,2019,10,22,2,2,0,1,2,1,0,0,0,0,0,"639693,717917","5357370,46135","10,885660137","48,354048004",0,1,#66c2a5,bicycle
218828,9,7,61,0,2019,10,17,2,3,2,6,0,0,1,0,0,0,0,"640183,608742","5359127,09651","10,892854531","48,369734586",0,2,#fc8d62,car
218829,9,7,61,0,2019,10,22,2,3,0,1,2,1,0,0,0,0,0,"639603,148438","5359994,88505","10,885309329","48,377666163",0,1,#66c2a5,bicycle
218830,9,7,61,0,2019,10,16,2,3,6,6,0,0,0,1,0,0,1,"640411,447895","5359150,02062","10,895936875","48,369890065",0,3,#8da0cb,toilet
218831,9,7,61,0,2019,10,9,2,3,5,3,0,0,1,0,0,0,0,"640224,548368","5359981,39025","10,893691938","48,377407028",0,2,#fc8d62,car
218860,9,2,61,0,2019,10,6,2,3,6,2,1,0,1,1,0,0,0,"732433,672835","5379310,47217","12,148113003","48,523825911",0,2,#fc8d62,car
218861,9,2,61,0,2019,10,13,2,3,5,3,0,1,1,0,0,0,0,"733115,069987","5381228,25095","12,158399669","48,540800093",0,1,#66c2a5,bicycle
218862,9,1,90,157,2019,10,18,2,3,5,3,2,1,1,0,0,0,0,"660112,185681","5300589,87131","11,139792679","47,838704554",0,1,#66c2a5,bicycle
218867,9,1,87,165,2019,10,6,2,2,0,7,2,1,0,0,0,0,0,"731911,553237","5296253,66445","12,095800265","47,77786893",1,1,#66c2a5,bicycle
218868,9,1,87,163,2019,10,13,2,3,8,7,0,1,0,0,0,0,0,"736571,580394","5307496,40193","12,164049273","47,877177231",0,1,#66c2a5,bicycle
218869,9,1,63,0,2019,10,9,2,3,4,2,0,1,1,0,0,0,0,"733701,601","5303353,788","12,123485391","47,841010673",0,1,#66c2a5,bicycle
218870,9,1,81,130,2019,10,7,2,3,5,3,0,1,1,0,0,0,0,"638747,239146","5322437,31907","10,861473209","48,04013458",0,1,#66c2a5,bicycle