OBJECTID,ULAND,UREGBEZ,UKREIS,UGEMEINDE,UJAHR,UMONAT,USTUNDE,UWOCHENTAG,UKATEGORIE,UART,UTYP1,ULICHTVERH,IstRad,IstPKW,IstFuss,IstKrad,IstGkfz,IstSonstig,LINREFX,LINREFY,XGCSWGS84,YGCSWGS84,STRZUSTAND,Teilnehmer,color,symbol
218871,9,1,74,131,2019,10,6,2,3,4,6,2,0,1,0,0,0,1,"672775,414053","5359937,65902","11,332920701","48,368941723",0,2,#fc8d62,car
218872,9,1,78,143,2019,10,18,2,3,0,3,2,0,1,0,0,0,1,"717665,740069","5373535,63481","11,945369005","48,477235488",0,2,#fc8d62,car
218873,9,1,77,126,2019,10,6,2,3,0,3,2,0,1,0,1,0,0,"720326,060287","5366763,29173","11,977754773","48,415464327",0,2,#fc8d62,car
218874,9,1,62,0,2019,10,14,1,3,2,6,0,0,1,0,0,0,0,"696985,330082","5331686,62395","11,646339681","48,107955103",0,2,#fc8d62,car
218875,9,1,62,0,2019,10,21,1,3,3,6,2,0,1,0,0,0,0,"689616,867","5339036,32","11,5507266","48,176250541",0,2,#fc8d62,car
218876,9,1,62,0,2019,10,20,1,3,5,3,2,0,1,0,0,0,0,"685336,76637","5334452,21269","11,491211115","48,136309366",0,2,#fc8d62,car
218883,9,7,72,115,2019,10,0,1,3,8,7,2,0,1,0,0,0,0,"618354,108678","5371763,18075","10,601796484","48,487842421",0,2,#fc8d62,car
218884,9,7,72,147,2019,10,10,1,3,6,2,0,0,1,1,0,0,0,"639135,165047","5366149,5095","10,881033176","48,433110074",0,2,#fc8d62,car
218885,9,7,71,160,2019,10,12,1,3,0,1,0,1,0,0,0,0,0,"656655,83564","5348283,54407","11,111096679","48,268371626",0,1,#66c2a5,bicycle
218886,9,7,61,0,2019,10,22,1,3,0,1,2,1,0,0,0,0,0,"639657,029","5362577,555","10,886895194","48,400876814",0,1,#66c2a5,bicycle
218914,9,1,87,137,2019,10,17,1,3,5,3,0,0,1,0,1,0,0,"730396,862454","5308528,24601","12,08214052","47,888692503",0,2,#fc8d62,car
218917,9,1,81,128,2019,10,16,1,2,9,1,0,0,0,0,1,0,0,"639666,970864","5330004,7838","10,876278918","48,107982551",0,4,#e78ac3,marker
218918,9,1,88,126,2019,10,11,1,2,5,2,0,1,1,0,0,0,0,"659971,81452","5327159,3139","11,147800811","48,077624102",0,1,#66c2a5,bicycle
218919,9,1,88,124,2019,10,18,1,2,9,1,1,1,0,0,0,0,0,"662802,531802","5317793,64268","11,182217909","47,992704755",1,1,#66c2a5,bicycle
218920,9,1,88,121,2019,10,22,1,3,0,1,2,0,0,0,1,0,0,"670210,860314","5331832,6294","11,287024932","48,116985717",0,4,#e78ac3,marker
218921,9,1,74,115,2019,10,14,1,3,0,6,0,1,1,0,0,0,0,"680823,506886","5347070,07983","11,435976658","48,251026799",0,1,#66c2a5,bicycle
218922,9,1,62,0,2019,10,13,7,2,2,6,0,1,0,0,0,0,0,"687317,099679","5331969,52423","11,516712271","48,113414399",0,1,#66c2a5,bicycle
218923,9,1,62,0,2019,10,20,7,3,0,7,1,0,1,0,1,0,0,"697231,054605","5334035,65395","11,650723687","48,128990662",0,2,#fc8d62,car
218924,9,1,62,0,2019,10,18,7,3,1,7,0,1,1,0,0,0,0,"687805,121625","5336229,265","11,525140218","48,15155824",0,1,#66c2a5,bicycle
218925,9,1,62,0,2019,10,17,7,3,6,4,0,1,0,1,0,0,0,"690037,736806","5338663,18779","11,55621549","48,172771131",0,1,#66c2a5,bicycle
218926,9,1,62,0,2019,10,22,7,3,3,2,2,1,1,0,0,0,0,"690428,643144","5336388,34037","11,560449753","48,152207951",0,1,#66c2a5,bicycle
218927,9,1,62,0,2019,10,9,7,3,5,2,0,0,1,0,0,0,1,"686442,680674","5339457,47813","11,508255017","48,180975221",0,2,#fc8d62,car
218928,9,1,62,0,2019,10,11,7,3,2,7,0,0,1,0,1,0,0,"688306,867548","5333782,95852","11,530797963","48,129422059",0,2,#fc8d62,car
218929,9,1,62,0,2019,10,1,7,3,0,1,2,0,0,0,0,0,1,"691009,773737","5335122,21023","11,567687286","48,140653831",0,6,#ffd92f,circle
218930,9,1,62,0,2019,10,15,7,3,1,6,0,0,1,0,0,0,0,"690249,105532","5343930,07271","11,56141572","48,220046057",0,2,#fc8d62,car
218931,9,1,62,0,2019,10,15,7,3,2,6,0,1,1,0,0,0,0,"692938,829","5333675,429","11,59293638","48,127068515",0,1,#66c2a5,bicycle
218932,9,1,62,0,2019,10,6,7,3,5,3,2,1,1,0,0,0,0,"688023,233897","5331806,48412","11,526118171","48,111740878",0,1,#66c2a5,bicycle
218933,9,1,62,0,2019,10,16,7,3,0,5,0,1,1,0,0,0,0,"690164,73589","5333816,82433","11,555756731","48,129174123",0,1,#66c2a5,bicycle
218936,9,7,78,203,2019,10,15,7,3,0,7,0,1,0,0,0,0,0,"622871,332318","5324958,14076","10,649298726","48,066058335",0,1,#66c2a5,bicycle
218941,9,7,77,177,2019,10,19,7,3,0,7,2,0,0,0,1,0,0,"633957,679868","5319781,82038","10,796418075","48,017277393",0,4,#e78ac3,marker
218943,9,7,72,200,2019,10,19,7,3,4,2,2,0,1,0,0,0,0,"629484,331","5337064,636","10,741700806","48,173622028",0,2,#fc8d62,car
218975,9,1,63,0,2019,10,19,7,3,0,1,2,1,0,0,0,0,0,"731835,133444","5304569,89663","12,09922886","47,852612111",0,1,#66c2a5,bicycle
218976,9,1,63,0,2019,10,12,7,3,0,1,0,0,0,0,1,0,0,"733325,355585","5305278,56784","12,119502322","47,858439669",0,4,#e78ac3,marker
218980,9,1,87,122,2019,10,12,7,3,2,2,0,0,1,0,1,0,0,"718929,958273","5306760,91006","11,928058523","47,876825119",0,2,#fc8d62,car
218983,9,1,88,139,2019,10,15,7,3,0,2,0,1,1,0,0,0,0,"674839,823053","5318821,86328","11,343850554","47,998770758",0,1,#66c2a5,bicycle
218984,9,1,88,117,2019,10,17,7,3,4,6,1,0,1,0,0,0,1,"665953,526406","5316057,07704","11,223750425","47,976282404",0,2,#fc8d62,car
218985,9,1,79,113,2019,10,15,7,2,0,1,0,1,0,0,0,0,0,"667754,864767","5335574,79432","11,255525491","48,151279546",0,1,#66c2a5,bicycle
218986,9,1,77,117,2019,10,11,7,3,2,6,0,0,1,0,0,0,0,"715197,031705","5351752,0209","11,900857059","48,282359271",0,2,#fc8d62,car
218987,9,1,75,122,2019,10,14,7,3,5,3,0,1,1,0,0,0,0,"719960,604992","5325347,14556","11,951328973","48,043476582",0,1,#66c2a5,bicycle
218988,9,1,62,0,2019,10,10,6,3,1,5,0,1,1,0,0,0,0,"693159,117337","5331747,58145","11,595020392","48,109674682",0,1,#66c2a5,bicycle
218989,9,1,62,0,2019,10,9,6,3,2,6,0,0,1,0,1,0,0,"693879,115248","5331359,94386","11,604506795","48,105971968",0,2,#fc8d62,car
218990,9,1,62,0,2019,10,14,6,3,1,5,0,1,1,0,0,0,0,"691659,703737","5336477,88055","11,577025256","48,152642954",0,1,#66c2a5,bicycle
218991,9,1,62,0,2019,10,14,6,3,4,2,0,0,1,0,0,0,0,"691315,628098","5331119,84667","11,569998281","48,104588992",0,2,#fc8d62,car
218992,9,1,62,0,2019,10,14,6,3,3,2,0,0,0,0,1,1,0,"701868,812784","5335300,0334","11,713581139","48,13889968",0,4,#e78ac3,marker
218993,9,1,62,0,2019,10,17,6,3,2,6,0,1,0,0,0,0,0,"692313,537802","5337759,32167","11,58638655","48,163962881",0,1,#66c2a5,bicycle
218994,9,1,62,0,2019,10,15,6,3,1,6,0,0,1,0,0,0,0,"691034,831843","5342835,75543","11,571490419","48,20997451",0,2,#fc8d62,car
218995,9,1,84,120,2019,10,20,6,3,2,6,2,0,1,0,0,0,0,"681177,78023","5332138,43712","11,434377279","48,116708877",0,2,#fc8d62,car
218996,9,1,62,0,2019,10,15,6,3,0,1,0,1,0,0,0,0,0,"692758,74074","5332344,02173","11,589916732","48,115156659",0,1,#66c2a5,bicycle
218997,9,1,84,131,2019,10,18,6,3,5,3,2,1,1,0,0,0,0,"703807,046808","5339313,98181","11,74152721","48,174353771",0,1,#66c2a5,bicycle
218998,9,1,62,0,2019,10,12,6,2,5,2,0,1,1,0,0,0,0,"689845,81831","5337381,52399","11,553064471","48,161308918",0,1,#66c2a5,bicycle
218999,9,1,62,0,2019,10,16,6,3,5,3,0,0,1,0,1,0,0,"682526,919584","5337680,77714","11,454863259","48,166142065",0,2,#fc8d62,car
219000,9,1,62,0,2019,10,19,6,3,4,2,1,0,1,0,1,0,0,"693935,619745","5331203,9258","11,605194133","48,104552524",0,2,#fc8d62,car
219001,9,1,62,0,2019,10,6,6,3,2,6,1,0,1,0,0,0,0,"697292,939179","5332306,64379","11,650754341","48,113432259",1,2,#fc8d62,car
219002,9,1,84,134,2019,10,6,6,3,1,7,2,0,1,0,0,0,0,"693263,567809","5323404,63006","11,592650184","48,034657901",1,2,#fc8d62,car
219003,9,1,62,0,2019,10,15,6,3,2,6,0,0,1,0,1,0,0,"692403,104668","5340436,03319","11,588801468","48,187993317",0,2,#fc8d62,car
219004,9,1,62,0,2019,10,13,6,2,6,4,0,0,0,1,1,0,0,"691601,298535","5332820,43878","11,574595677","48,119787928",0,3,#8da0cb,toilet
219005,9,1,62,0,2019,10,9,6,3,1,5,0,1,1,0,0,0,0,"687565,509232","5337115,71401","11,522312479","48,159596541",0,1,#66c2a5,bicycle
219006,9,1,62,0,2019,10,7,6,3,6,2,1,0,1,1,0,0,0,"696471,706775","5337302,91485","11,64203711","48,158589634",0,2,#fc8d62,car
219007,9,1,62,0,2019,10,9,6,3,2,7,0,0,1,0,0,0,1,"694596,471954","5336187,4387","11,616337391","48,14914086",0,2,#fc8d62,car
219008,9,1,62,0,2019,10,16,6,2,0,1,0,0,1,0,1,0,0,"692455,22","5334042,551","11,586609755","48,130514525",0,2,#fc8d62,car
219012,9,7,62,0,2019,10,22,6,3,2,6,2,0,1,0,0,0,0,"623378,356749","5306047,42581","10,65066943","47,895887581",0,2,#fc8d62,car
219015,9,7,72,200,2019,10,18,6,3,3,6,0,1,0,0,0,0,1,"630765,853216","5340974,33305","10,760134218","48,208518101",0,1,#66c2a5,bicycle
219016,9,7,72,170,2019,10,15,6,3,5,1,0,1,1,0,0,0,0,"629931,935","5334802,431","10,747027495","48,153187241",0,1,#66c2a5,bicycle
219017,9,7,61,0,2019,10,20,6,3,5,3,2,0,1,0,0,0,0,"638849,405592","5358593,14019","10,874673007","48,365228301",0,2,#fc8d62,car
219018,9,7,61,0,2019,10,20,6,3,2,6,2,0,1,0,0,0,0,"639114,016263","5359144,97033","10,878426181","48,370131969",0,2,#fc8d62,car
219019,9,7,61,0,2019,10,19,6,3,5,2,2,0,1,0,0,0,0,"638475,768918","5360371,60485","10,870216908","48,381301982",0,2,#fc8d62,car
219036,9,1,62,0,2019,10,12,6,3,6,6,0,0,1,1,0,0,0,"683586,269","5337561,944","11,469045806","48,16476888",0,2,#fc8d62,car
219038,9,1,84,134,2019,10,7,6,3,7,7,0,0,1,0,0,0,0,"691123,822338","5319863,02941","11,562396277","48,003469427",0,2,#fc8d62,car
219039,9,1,62,0,2019,10,9,6,3,5,3,0,1,1,0,0,0,0,"694310,068107","5336466,2333","11,612618136","48,151734103",0,1,#66c2a5,bicycle
219040,9,1,62,0,2019,10,9,6,3,2,6,0,0,1,0,0,0,0,"694578,057328","5332031,9055","11,614192514","48,111798225",0,2,#fc8d62,car
219041,9,1,62,0,2019,10,17,6,3,5,2,1,1,1,0,0,0,0,"694346,31336","5334214,06561","11,612077132","48,131481446",0,1,#66c2a5,bicycle
219042,9,1,62,0,2019,10,19,6,2,0,1,2,1,0,0,0,0,0,"690573,711835","5333479,77381","11,561096836","48,126022406",0,1,#66c2a5,bicycle
219043,9,1,62,0,2019,10,15,6,3,3,2,0,1,1,0,0,0,0,"692163,61878","5335261,4014","11,583244585","48,141557434",0,1,#66c2a5,bicycle
219044,9,7,62,0,2019,10,16,6,3,5,3,0,1,1,0,0,0,0,"619936,376","5303195,814","10,603846302","47,870893276",0,1,#66c2a5,bicycle
219046,9,7,62,0,2019,10,17,6,3,4,7,0,0,1,0,0,0,0,"623684,242594","5305408,26538","10,654576913","47,890080338",0,2,#fc8d62,car
219047,9,7,77,121,2019,10,14,6,2,0,7,0,1,0,0,0,0,0,"628283,736182","5321282,79234","10,720814248","48,031940186",0,1,#66c2a5,bicycle
219050,9,7,72,126,2019,10,15,6,3,5,3,0,1,1,0,0,0,0,"626471,386967","5366529,88822","10,710023796","48,439201407",0,1,#66c2a5,bicycle
219051,9,7,71,130,2019,10,16,6,3,8,1,0,1,0,0,0,0,0,"646406,41633","5357846,7837","10,976382649","48,356810162",0,1,#66c2a5,bicycle
219052,9,7,61,0,2019,10,10,6,3,2,6,0,0,1,0,0,0,0,"636868,268718","5360846,53013","10,848672954","48,385923257",0,2,#fc8d62,car
219053,9,7,61,0,2019,10,23,6,3,1,7,2,0,1,0,0,0,0,"638012,182545","5361992,66225","10,864491858","48,395979805",0,2,#fc8d62,car
219054,9,7,61,0,2019,10,13,6,3,0,2,0,0,1,0,1,0,0,"641853,430592","5361166,27081","10,916076773","48,387696842",0,2,#fc8d62,car
219055,9,7,61,0,2019,10,11,6,3,2,1,0,0,1,0,0,0,0,"639199,038999","5356982,19878","10,878858038","48,350666067",0,2,#fc8d62,car
219056,9,7,61,0,2019,10,16,6,3,5,3,0,1,1,0,0,0,0,"640821,887257","5357026,87329","10,900765139","48,350707996",0,1,#66c2a5,bicycle
219057,9,7,61,0,2019,10,7,6,3,3,2,0,1,1,0,0,0,0,"639913,927727","5357385,39998","10,888635934","48,354133576",0,1,#66c2a5,bicycle
219058,9,7,61,0,2019,10,7,6,3,5,3,0,1,1,0,0,0,0,"641317,596779","5352718,01581","10,906007255","48,311853409",0,1,#66c2a5,bicycle
219059,9,7,61,0,2019,10,13,6,3,6,7,0,0,0,1,0,0,1,"640338,087172","5358776,25633","10,894822145","48,366545612",0,3,#8da0cb,toilet
219060,9,7,61,0,2019,10,22,6,3,0,3,2,1,1,0,0,0,0,"641361,265549","5359221,97778","10,908778812","48,370325051",0,1,#66c2a5,bicycle
219061,9,7,61,0,2019,10,13,6,3,4,6,0,0,0,0,0,1,1,"640362,056183","5359782,93754","10,895481621","48,375592033",0,5,#a6d854,bus
219093,9,2,61,0,2019,10,9,6,3,5,3,0,1,1,0,0,0,0,"732505,834979","5381003,6963","12,150033074","48,539008996",0,1,#66c2a5,bicycle
219095,9,1,62,0,2019,10,13,6,2,0,7,0,0,0,0,0,0,1,"688137,984","5339831,03","11,531204722","48,183833033",0,6,#ffd92f,circle
219096,9,1,73,126,2019,10,14,6,3,0,6,0,0,0,0,1,0,0,"682245,397","5304241,237","11,436866865","47,865635896",1,4,#e78ac3,marker
219101,9,1,88,121,2019,10,8,6,3,4,6,0,0,1,0,0,1,0,"672750,172","5330724,963","11,320666755","48,1063444",0,2,#fc8d62,car
219102,9,1,79,121,2019,10,9,6,2,0,1,0,1,0,0,0,0,0,"667839,200868","5338634,64755","11,257866102","48,178765185",0,1,#66c2a5,bicycle
219103,9,1,74,121,2019,10,8,6,3,4,2,0,1,1,0,0,0,0,"689254,983069","5354582,80548","11,552812236","48,316088423",0,1,#66c2a5,bicycle
219104,9,1,78,124,2019,10,13,6,3,0,1,0,1,0,0,0,0,0,"703808,270787","5365215,55735","11,754040772","48,407114579",0,1,#66c2a5,bicycle
219105,9,1,84,131,2019,10,9,5,3,4,2,0,1,1,0,0,0,1,"705020,325003","5338713,95847","11,757538833","48,168571454",0,1,#66c2a5,bicycle
219106,9,1,62,0,2019,10,19,5,3,1,5,1,1,0,0,0,0,1,"691191,28334","5335405,34054","11,570251838","48,143144065",0,1,#66c2a5,bicycle
219107,9,1,62,0,2019,10,13,5,3,5,3,0,1,1,0,0,0,0,"687874,660716","5334405,33503","11,525269508","48,135143837",0,1,#66c2a5,bicycle
219108,9,1,62,0,2019,10,14,5,3,1,5,0,1,1,0,0,0,0,"701219,638727","5335236,34116","11,704834759","48,13853289",0,1,#66c2a5,bicycle
219109,9,1,62,0,2019,10,9,5,3,6,4,0,0,0,1,0,0,1,"690852,489873","5336691,41577","11,56627867","48,154804925",0,3,#8da0cb,toilet
219110,9,1,62,0,2019,10,8,5,3,0,1,0,1,0,0,0,0,0,"690348,336374","5334747,59443","11,558637569","48,137485006",0,1,#66c2a5,bicycle
219111,9,1,62,0,2019,10,11,5,3,6,2,0,0,1,1,0,0,0,"690458,174594","5335310,28914","11,560364111","48,142509627",0,2,#fc8d62,car
219112,9,1,62,0,2019,10,19,5,3,0,5,2,1,1,0,0,0,0,"691658,708289","5335385,996","11,576520307","48,142829564",0,1,#66c2a5,bicycle
219113,9,1,62,0,2019,10,16,5,3,5,2,0,1,1,0,0,0,0,"685998,059986","5329889,59978","11,498101137","48,09510567",0,1,#66c2a5,bicycle
219114,9,1,62,0,2019,10,13,5,2,5,3,0,1,1,0,0,0,0,"687448,577465","5337493,62084","11,520908129","48,16302773",0,1,#66c2a5,bicycle
219115,9,1,62,0,2019,10,13,5,2,5,2,0,1,1,0,0,0,0,"690883,496455","5339128,4113","11,567788964","48,176699054",0,1,#66c2a5,bicycle
219116,9,1,62,0,2019,10,14,5,3,1,7,0,0,1,0,0,0,0,"687421,505284","5332613,88095","11,518396817","48,119175357",0,2,#fc8d62,car
219117,9,1,62,0,2019,10,19,5,2,4,2,2,0,1,0,0,0,0,"690724,112","5340290,636","11,566168804","48,187192831",0,2,#fc8d62,car
219118,9,1,62,0,2019,10,11,5,3,6,2,0,0,1,1,0,0,0,"692017,339038","5338526,46627","11,582753629","48,170947331",0,2,#fc8d62,car
219119,9,1,62,0,2019,10,8,5,2,6,4,0,0,1,1,0,0,0,"687342,242536","5334908,85505","11,518341788","48,139826566",0,2,#fc8d62,car
219120,9,1,62,0,2019,10,12,5,3,3,7,0,0,1,0,0,0,0,"701088,879872","5334677,43596","11,702815272","48,13355137",0,2,#fc8d62,car
219121,9,1,62,0,2019,10,7,5,3,5,3,0,1,1,0,0,0,0,"699130,712","5329058,082","11,673902755","48,083664797",0,1,#66c2a5,bicycle
219122,9,1,62,0,2019,10,14,5,3,4,2,0,1,1,0,0,0,0,"692198,159911","5337006,45537","11,584496354","48,157231182",0,1,#66c2a5,bicycle
219123,9,1,62,0,2019,10,13,5,3,0,7,0,1,0,1,0,0,0,"687068,225925","5337358,88059","11,515738823","48,161928677",0,1,#66c2a5,bicycle
219124,9,1,62,0,2019,10,16,5,3,5,3,0,1,1,0,0,0,0,"688124,222104","5336870,26731","11,52970973","48,157225374",0,1,#66c2a5,bicycle
219125,9,1,62,0,2019,10,19,5,3,0,6,1,0,0,0,0,0,1,"692000,312031","5332338,25502","11,579734579","48,115333933",0,6,#ffd92f,circle
219126,9,1,62,0,2019,10,11,5,3,6,7,0,0,1,1,0,0,0,"694796,470829","5336528,30351","11,619179447","48,152143182",0,2,#fc8d62,car
219127,9,1,62,0,2019,10,10,5,3,3,2,0,1,1,0,0,0,0,"693991,294478","5335023,14955","11,607679131","48,138861508",0,1,#66c2a5,bicycle
219128,9,1,62,0,2019,10,8,5,3,3,2,0,1,0,0,0,0,1,"689706,627539","5331924,50307","11,548764187","48,112302479",0,1,#66c2a5,bicycle
219135,9,7,61,0,2019,10,16,5,3,5,7,0,0,1,0,0,0,1,"643012,0529","5357665,43457","10,930526891","48,355957484",0,2,#fc8d62,car
219136,9,7,61,0,2019,10,16,5,3,4,1,0,1,1,0,0,0,0,"641199,106912","5358834,25561","10,906460294","48,3668751",0,1,#66c2a5,bicycle
219137,9,7,61,0,2019,10,16,5,3,4,2,0,0,1,0,1,0,0,"639977,82747","5359174,14213","10,890093166","48,37020328",0,2,#fc8d62,car
219138,9,7,61,0,2019,10,9,5,3,6,4,0,0,0,1,0,0,1,"640335,123703","5358652,09591","10,89474073","48,365429859",0,3,#8da0cb,toilet
219139,9,7,61,0,2019,10,13,5,3,6,7,0,0,1,1,0,0,0,"639702,282291","5358838,70218","10,886263201","48,367248149",0,2,#fc8d62,car
219154,9,1,62,0,2019,10,16,6,3,0,6,0,1,1,0,0,0,0,"689590,09718","5340829,28175","11,55116696","48,192373616",0,1,#66c2a5,bicycle
219163,9,1,90,139,2019,10,6,5,3,5,3,2,1,0,0,0,0,1,"654590,692033","5295109,2784","11,064097289","47,790776415",1,1,#66c2a5,bicycle
219164,9,1,90,139,2019,10,10,5,2,4,2,0,1,1,0,0,0,0,"654330,30885","5295389,72815","11,060722709","47,79336058",0,1,#66c2a5,bicycle
219165,9,1,90,157,2019,10,8,5,3,6,7,0,0,1,1,0,0,0,"660632,74082","5301348,64762","11,147026126","47,845396957",0,2,#fc8d62,car
219166,9,1,73,118,2019,10,13,5,3,9,7,0,0,1,0,0,0,0,"690060,845119","5302155,18841","11,540349258","47,844620704",0,2,#fc8d62,car
219168,9,1,63,0,2019,10,14,5,3,2,6,0,0,1,0,0,0,0,"734432,738","5304891,704","12,134075239","47,854561119",0,2,#fc8d62,car
219169,9,1,63,0,2019,10,10,5,3,3,2,0,1,1,0,0,0,0,"732879,481127","5304906,28376","12,11334977","47,855256749",0,1,#66c2a5,bicycle
219172,9,1,88,137,2019,10,11,5,3,4,2,0,1,1,0,0,0,0,"671912,781864","5315576,00923","11,303345385","47,970384443",0,1,#66c2a5,bicycle
219173,9,1,88,139,2019,10,13,5,3,1,5,0,0,1,0,0,0,0,"674949,592677","5319452,40787","11,345577906","48,004409101",0,2,#fc8d62,car
219174,9,1,79,145,2019,10,7,5,3,1,5,0,1,1,0,0,0,0,"675338,2922","5339157,48422","11,358876955","48,18144008",0,1,#66c2a5,bicycle
219175,9,1,74,115,2019,10,18,5,3,4,7,1,1,1,0,0,0,0,"681365,476716","5348301,76857","11,443798833","48,261943097",0,1,#66c2a5,bicycle
219176,9,1,78,142,2019,10,12,5,3,1,3,0,0,1,0,0,0,0,"714487,806123","5377214,99984","11,904313442","48,511385895",0,2,#fc8d62,car
219177,9,1,78,124,2019,10,7,5,3,5,3,0,1,1,0,0,0,0,"702127,001283","5364798,12103","11,731147907","48,403904663",0,1,#66c2a5,bicycle
219178,9,1,77,130,2019,10,17,5,3,5,3,0,1,1,0,0,0,0,"710941,767612","5350962,82686","11,843176343","48,276699771",0,1,#66c2a5,bicycle
219179,9,1,77,117,2019,10,17,5,3,5,3,0,0,1,0,1,0,0,"715498,183724","5354873,88056","11,906504223","48,310307194",0,2,#fc8d62,car
219180,9,1,62,0,2019,10,19,4,3,5,7,2,1,0,0,0,0,0,"692546,050984","5334561,53792","11,588063782","48,135151601",0,1,#66c2a5,bicycle
219181,9,1,84,146,2019,10,18,4,3,0,3,1,1,0,0,0,0,0,"699385,492755","5328266,43663","11,676950647","48,076470474",1,1,#66c2a5,bicycle
219182,9,1,62,0,2019,10,12,4,3,6,7,0,0,0,1,0,0,1,"689189,3964","5336148,31552","11,543697592","48,150420419",0,3,#8da0cb,toilet
219183,9,1,84,122,2019,10,15,4,3,3,7,0,0,1,0,1,0,0,"688191,383319","5324162,18829","11,525008609","48,04298194",0,2,#fc8d62,car
219184,9,1,84,148,2019,10,14,4,3,5,3,0,0,1,0,0,0,0,"694585,353915","5325948,70727","11,611519485","48,057122109",0,2,#fc8d62,car
219185,9,1,62,0,2019,10,11,4,3,3,6,0,0,1,0,0,1,0,"689005,316672","5334948,99969","11,540692724","48,139695572",0,2,#fc8d62,car
219186,9,1,62,0,2019,10,10,4,3,5,2,0,1,1,0,0,0,0,"686543,259587","5329816,35005","11,505384346","48,094287917",0,1,#66c2a5,bicycle
219187,9,1,62,0,2019,10,7,4,3,5,3,2,1,1,0,0,0,0,"687587,524191","5328906,5325","11,518995755","48,085803654",1,1,#66c2a5,bicycle
219188,9,1,62,0,2019,10,0,4,3,4,2,2,0,0,0,1,0,1,"690798,324321","5342262,44122","11,568052357","48,204892805",1,4,#e78ac3,marker
219189,9,1,62,0,2019,10,15,4,3,6,4,0,0,0,1,1,0,0,"690052,549244","5334737,20884","11,554661106","48,137480068",0,3,#8da0cb,toilet
219190,9,1,62,0,2019,10,15,4,2,6,4,0,0,1,1,0,0,0,"690274,93313","5335643,97993","11,558052428","48,145563661",0,2,#fc8d62,car
219191,9,1,62,0,2019,10,18,4,2,6,4,2,0,1,1,0,0,0,"689020,466713","5335512,77214","11,541146419","48,144758318",0,2,#fc8d62,car
219192,9,1,62,0,2019,10,17,4,3,5,3,0,1,1,0,0,0,0,"694437,82298","5340810,9183","11,616320937","48,190743067",0,1,#66c2a5,bicycle
219193,9,1,62,0,2019,10,16,4,3,6,2,0,0,1,1,0,0,0,"692678,986369","5339884,84579","11,592259557","48,182955804",0,2,#fc8d62,car
219194,9,1,62,0,2019,10,9,4,3,5,3,0,1,1,0,0,0,0,"688066,753","5337432,414","11,52918623","48,162295037",1,1,#66c2a5,bicycle
219195,9,1,62,0,2019,10,17,4,3,3,6,0,1,0,0,0,0,0,"689601,273771","5336041,10266","11,549181947","48,149334146",0,1,#66c2a5,bicycle
219196,9,1,84,134,2019,10,8,4,3,4,2,0,1,1,0,0,0,0,"692936,998771","5323339,30618","11,588244439","48,034169514",0,1,#66c2a5,bicycle
219197,9,1,62,0,2019,10,6,4,3,1,7,2,0,1,0,1,0,0,"693729,233881","5332141,47974","11,602850409","48,113041791",1,2,#fc8d62,car
219198,9,1,62,0,2019,10,15,4,3,0,1,0,1,0,0,0,0,0,"696464,786947","5335938,51616","11,641314336","48,146329411",0,1,#66c2a5,bicycle
219205,9,7,62,0,2019,10,18,4,3,0,1,1,1,0,0,0,0,0,"621747,02244","5305550,36082","10,62871289","47,891728737",0,1,#66c2a5,bicycle
219206,9,7,62,0,2019,10,16,4,3,4,6,0,1,0,0,0,0,0,"621512,40584","5304672,10954","10,625328323","47,883874443",0,1,#66c2a5,bicycle
219210,9,7,72,200,2019,10,13,4,3,5,3,0,0,1,0,0,0,0,"630619,96756","5338452,10856","10,757395422","48,185866691",0,2,#fc8d62,car
219211,9,7,71,130,2019,10,15,4,3,5,3,0,0,0,0,1,0,1,"646758,891609","5357662,26656","10,981073516","48,355069299",0,4,#e78ac3,marker
219212,9,7,71,130,2019,10,7,4,3,0,1,0,1,0,0,0,0,0,"644757,490746","5357422,62366","10,95399097","48,353376553",0,1,#66c2a5,bicycle
219213,9,7,72,125,2019,10,13,4,3,5,3,0,0,1,0,0,0,0,"633916,340285","5348406,47572","10,804869135","48,274693572",0,2,#fc8d62,car
219214,9,7,61,0,2019,10,15,4,3,0,7,0,1,0,0,0,0,0,"641357,084848","5360421,6411","10,909125786","48,381112876",0,1,#66c2a5,bicycle
219236,9,2,61,0,2019,10,18,4,3,7,1,2,1,0,0,0,0,0,"731603,282897","5382491,01751","12,138651126","48,552703061",0,1,#66c2a5,bicycle
219237,9,2,61,0,2019,10,8,4,3,8,6,0,0,1,0,1,0,0,"729747,396","5380551,889","12,112469964","48,535966279",0,2,#fc8d62,car
219239,9,1,73,126,2019,10,7,4,3,4,2,1,1,1,0,0,0,0,"684876,25337","5304855,62787","11,472274137","47,87040693",0,1,#66c2a5,bicycle
219246,9,1,79,126,2019,10,13,4,3,5,3,0,1,1,0,0,0,0,"677086,430451","5339460,26004","11,382500364","48,183676933",0,1,#66c2a5,bicycle
219247,9,1,81,128,2019,10,17,4,3,3,6,0,0,1,0,0,0,1,"639305,863548","5326772,47546","10,870375759","48,078995948",0,2,#fc8d62,car