OBJECTID,ULAND,UREGBEZ,UKREIS,UGEMEINDE,UJAHR,UMONAT,USTUNDE,UWOCHENTAG,UKATEGORIE,UART,UTYP1,ULICHTVERH,IstRad,IstPKW,IstFuss,IstKrad,IstGkfz,IstSonstig,LINREFX,LINREFY,XGCSWGS84,YGCSWGS84,STRZUSTAND,Teilnehmer,color,symbol
219248,9,1,79,121,2019,10,19,4,2,4,2,2,0,1,0,0,0,0,"666503,051573","5337758,52581","11,239562584","48,171240363",0,2,#fc8d62,car
219249,9,1,79,121,2019,10,11,4,2,0,7,0,1,0,0,0,0,0,"667503,612599","5338577,61834","11,253332731","48,178341052",0,1,#66c2a5,bicycle
219250,9,1,75,132,2019,10,15,4,3,5,3,0,1,1,0,0,0,0,"707477,835839","5334919,44045","11,788702561","48,133675561",0,1,#66c2a5,bicycle
219251,9,1,75,132,2019,10,17,4,1,0,7,0,1,0,0,0,0,0,"707951,493014","5330165,88464","11,792743708","48,090804095",0,1,#66c2a5,bicycle
219252,9,1,78,116,2019,10,21,4,3,0,1,2,1,0,0,0,0,0,"702456,011594","5381892,54591","11,743866825","48,557411911",0,1,#66c2a5,bicycle
219253,9,1,77,118,2019,10,13,4,3,5,3,0,0,1,0,0,0,1,"706753,809484","5345772,03542","11,784263414","48,231435682",0,2,#fc8d62,car
219254,9,1,62,0,2019,10,7,3,3,5,7,0,0,1,0,0,0,0,"681242,533845","5338094,4202","11,43778173","48,170227692",0,2,#fc8d62,car
219255,9,1,62,0,2019,10,9,3,3,1,1,0,0,1,0,1,0,0,"692527,903","5334794,205","11,587925266","48,137248253",0,2,#fc8d62,car
219256,9,1,62,0,2019,10,13,3,3,1,6,0,0,1,0,1,0,0,"686676,818202","5338302,37451","11,51089448","48,170524103",0,2,#fc8d62,car
219257,9,1,62,0,2019,10,12,3,3,5,2,0,1,0,0,0,0,1,"689798,227906","5340133,86651","11,55365398","48,186061103",0,1,#66c2a5,bicycle
219258,9,1,84,129,2019,10,8,3,3,1,7,0,1,1,0,0,0,0,"699882,03402","5326376,03847","11,682725926","48,059325645",0,1,#66c2a5,bicycle
219259,9,1,84,149,2019,10,15,3,3,6,4,0,0,1,1,0,0,0,"691464,409918","5351653,73982","11,581254835","48,289098198",0,2,#fc8d62,car
219260,9,1,62,0,2019,10,8,3,3,6,7,0,0,0,1,0,1,0,"688620,052654","5331792,16172","11,534122061","48,111435682",0,3,#8da0cb,toilet
219261,9,1,62,0,2019,10,8,3,3,5,2,0,1,1,0,0,0,0,"690903,426879","5333237,59879","11,565414768","48,123746959",0,1,#66c2a5,bicycle
219262,9,1,62,0,2019,10,7,3,3,6,7,0,1,0,1,0,0,0,"690784,426283","5334177,45069","11,564238015","48,132229988",0,1,#66c2a5,bicycle
219263,9,1,62,0,2019,10,10,3,2,6,3,0,0,1,1,0,0,0,"683181,976029","5340734,63719","11,464981286","48,19340349",0,2,#fc8d62,car
219264,9,1,62,0,2019,10,13,3,3,5,3,0,1,1,0,0,0,0,"683958,67","5339651,4","11,474953596","48,183442333",0,1,#66c2a5,bicycle
219265,9,1,84,123,2019,10,16,3,3,5,2,0,1,1,0,0,0,0,"702369,538854","5331994,64793","11,718734999","48,109035648",0,1,#66c2a5,bicycle
219266,9,1,62,0,2019,10,13,3,3,1,7,0,1,1,0,0,0,0,"693171,323065","5334701,19544","11,596522627","48,136217322",0,1,#66c2a5,bicycle
219267,9,1,62,0,2019,10,18,3,3,0,6,0,0,1,0,1,0,0,"692228,301443","5337128,25896","11,58495627","48,158316815",0,2,#fc8d62,car
219268,9,1,62,0,2019,10,14,3,3,6,4,0,0,1,1,0,0,0,"691292,505296","5334749,02463","11,571316384","48,13721474",0,2,#fc8d62,car
219274,9,1,62,0,2019,10,14,6,2,3,2,0,0,1,0,1,0,0,"690367,106971","5335286,86955","11,55913067","48,142326387",0,2,#fc8d62,car
219275,9,7,62,0,2019,10,11,3,3,5,3,0,1,1,0,0,0,0,"621382,50641","5304631,48373","10,623580113","47,883533641",0,1,#66c2a5,bicycle
219277,9,7,71,142,2019,10,16,3,3,0,1,0,1,0,0,0,0,0,"646144,872484","5350915,20129","10,970451052","48,294546525",0,1,#66c2a5,bicycle
219278,9,7,61,0,2019,10,7,3,3,5,3,0,1,1,0,0,0,0,"638850,738122","5359234,40757","10,874902707","48,370994147",0,1,#66c2a5,bicycle
219279,9,7,61,0,2019,10,11,3,3,0,7,0,1,0,0,0,0,0,"638631,69224","5357819,77038","10,871480343","48,358322157",1,1,#66c2a5,bicycle
219280,9,7,61,0,2019,10,14,3,2,1,5,0,1,1,0,0,0,0,"641788,480113","5360234,11341","10,914885435","48,379329904",0,1,#66c2a5,bicycle
219323,9,2,61,0,2019,10,6,4,3,0,1,2,1,0,0,0,0,0,"731438,649897","5382910,5566","12,136656712","48,556532469",0,1,#66c2a5,bicycle
219324,9,2,61,0,2019,10,17,4,3,1,7,0,1,1,0,0,0,0,"732683,723706","5379423,47172","12,151557431","48,524748347",0,1,#66c2a5,bicycle
219328,9,1,63,0,2019,10,7,4,3,5,3,0,0,1,0,0,0,0,"733323,737325","5305276,68184","12,119479702","47,858423313",0,2,#fc8d62,car
219329,9,1,87,117,2019,10,11,4,1,6,4,0,0,0,1,0,1,0,"725169,275817","5305584,6942","12,010775432","47,864099741",0,3,#8da0cb,toilet
219330,9,1,85,158,2019,10,19,4,3,0,1,2,1,0,0,0,0,0,"667849,728729","5380494,88601","11,274712565","48,55506769",1,1,#66c2a5,bicycle
219332,9,1,79,119,2019,10,15,4,3,0,7,0,1,0,0,0,0,0,"669123,8652","5339201,2384","11,275359551","48,183518086",0,1,#66c2a5,bicycle
219333,9,1,88,137,2019,10,8,4,3,0,1,0,1,0,0,0,0,0,"672078,059669","5314905,10567","11,305289421","47,964308642",0,1,#66c2a5,bicycle
219334,9,1,79,142,2019,10,7,4,3,6,3,0,0,1,1,0,0,0,"674434,041668","5342334,1102","11,348027542","48,210244689",0,2,#fc8d62,car
219335,9,1,79,119,2019,10,17,4,2,4,3,1,1,1,0,0,0,0,"669163,737438","5339259,08668","11,275918579","48,184027514",0,1,#66c2a5,bicycle
219336,9,1,74,115,2019,10,15,4,3,1,6,0,0,1,0,0,0,0,"683754,373445","5347683,15675","11,475688228","48,25569446",0,2,#fc8d62,car
219337,9,1,74,126,2019,10,11,4,3,4,6,0,1,1,0,0,0,0,"683663,592915","5344577,19453","11,473119417","48,22780311",0,1,#66c2a5,bicycle
219338,9,1,62,0,2019,10,10,3,3,5,6,0,1,0,0,0,0,0,"689887,128006","5335954,17403","11,552982515","48,148467561",0,1,#66c2a5,bicycle
219339,9,1,84,145,2019,10,15,3,2,5,3,0,1,0,0,0,0,1,"693967,944323","5324773,0139","11,602709242","48,046743164",0,1,#66c2a5,bicycle
219340,9,1,62,0,2019,10,11,3,3,4,2,0,0,1,0,0,0,1,"685476,360886","5335301,78951","11,493455642","48,143905064",0,2,#fc8d62,car
219341,9,1,62,0,2019,10,16,3,3,0,7,0,1,0,0,0,0,0,"688714,155","5333408,538","11,536100452","48,125936088",0,1,#66c2a5,bicycle
219342,9,1,62,0,2019,10,8,3,3,0,7,0,1,0,0,0,0,0,"687346,302078","5333227,40522","11,517656943","48,124712028",0,1,#66c2a5,bicycle
219343,9,1,62,0,2019,10,17,3,3,3,2,1,0,1,0,0,0,0,"692298,027026","5332203,4344","11,583669701","48,11403236",0,2,#fc8d62,car
219344,9,1,62,0,2019,10,7,3,3,5,3,0,1,0,0,1,0,0,"692402,49427","5334201,87975","11,585973812","48,131962481",0,1,#66c2a5,bicycle
219349,9,7,77,121,2019,10,14,3,2,5,3,0,0,1,0,1,0,0,"627784,867356","5321715,66801","10,714254623","48,0359331",0,2,#fc8d62,car
219354,9,7,72,147,2019,10,8,3,3,0,5,0,1,0,0,0,0,0,"638867,15606","5363763,00734","10,876621504","48,411710545",0,1,#66c2a5,bicycle
219355,9,7,71,111,2019,10,18,3,3,0,1,1,1,0,0,0,0,0,"658604,996194","5359298,63244","11,141487151","48,366916699",1,1,#66c2a5,bicycle
219356,9,7,61,0,2019,10,22,3,3,0,1,2,1,0,0,0,0,0,"638070,607103","5359397,70633","10,86442803","48,372633659",0,1,#66c2a5,bicycle
219357,9,7,61,0,2019,10,8,3,3,3,6,0,1,0,0,0,0,0,"641551,921946","5359536,29092","10,911457538","48,373108493",0,1,#66c2a5,bicycle
219388,9,2,61,0,2019,10,5,3,3,5,3,2,0,1,0,0,0,0,"731603,618006","5381866,49225","12,138308389","48,547092944",0,2,#fc8d62,car
219393,9,1,63,0,2019,10,16,3,3,0,1,0,1,0,0,0,0,0,"731994,717568","5304587,45203","12,101368403","47,852712256",0,1,#66c2a5,bicycle
219394,9,1,63,0,2019,10,9,3,3,5,3,0,1,1,0,0,0,0,"733892,307353","5305592,38861","12,127240383","47,861052949",0,1,#66c2a5,bicycle
219396,9,1,88,117,2019,10,13,3,3,5,3,0,1,1,0,0,0,0,"665197,74578","5319843,07137","11,215087931","48,010515834",0,1,#66c2a5,bicycle
219397,9,1,74,113,2019,10,5,3,3,5,6,2,1,1,0,0,0,0,"676262,507763","5345496,71463","11,3739334","48,238168548",0,1,#66c2a5,bicycle
219398,9,1,77,144,2019,10,7,3,3,5,3,1,0,1,0,0,0,1,"715158,545514","5347224,71949","11,898036671","48,241693439",0,2,#fc8d62,car
219399,9,1,62,0,2019,10,9,2,3,6,4,0,0,1,1,0,0,0,"690270,439528","5335220,86109","11,557803007","48,141762019",0,2,#fc8d62,car
219400,9,1,62,0,2019,10,11,2,3,1,6,0,0,1,0,0,0,0,"688733,013325","5343308,345","11,540748069","48,214910737",0,2,#fc8d62,car
219401,9,1,62,0,2019,10,16,2,3,5,7,0,1,1,0,0,0,0,"690366,099369","5333672,28144","11,558395631","48,127814782",0,1,#66c2a5,bicycle
219402,9,1,62,0,2019,10,9,2,3,0,7,0,1,0,0,0,0,0,"683974,378324","5338083,43725","11,474486043","48,16934414",0,1,#66c2a5,bicycle
219403,9,1,62,0,2019,10,16,2,3,0,7,0,0,0,0,0,0,1,"693380,903462","5336110,15877","11,599976552","48,148816999",0,6,#ffd92f,circle
219404,9,1,62,0,2019,10,15,2,2,0,7,0,1,0,0,0,0,0,"683797,602147","5337640,27453","11,471919128","48,165411895",0,1,#66c2a5,bicycle
219405,9,1,62,0,2019,10,17,2,3,3,3,1,0,1,0,0,0,0,"689027,751762","5334294,37472","11,540703496","48,133805063",0,2,#fc8d62,car
219406,9,1,62,0,2019,10,11,2,3,0,7,0,1,1,0,0,0,0,"693890,049585","5334659,76549","11,606154224","48,135626396",0,1,#66c2a5,bicycle
219407,9,1,62,0,2019,10,15,2,3,0,7,0,1,1,0,0,0,0,"685373,101915","5332706,18375","11,490939524","48,120604654",0,1,#66c2a5,bicycle
219408,9,1,62,0,2019,10,7,2,3,4,2,0,1,1,0,0,0,0,"686757,24134","5330262,68343","11,508450652","48,098237072",0,1,#66c2a5,bicycle
219409,9,1,62,0,2019,10,14,2,3,6,7,0,0,1,1,0,0,0,"691669,849597","5342413,55821","11,5798386","48,205988484",0,2,#fc8d62,car
219410,9,1,62,0,2019,10,6,2,3,5,3,1,1,1,0,0,0,0,"698200,395264","5329730,86564","11,66173677","48,090001214",0,1,#66c2a5,bicycle
219411,9,1,62,0,2019,10,9,2,3,5,2,0,1,1,0,0,0,0,"689566,758844","5333540,98521","11,547605653","48,126873222",0,1,#66c2a5,bicycle
219412,9,1,62,0,2019,10,17,2,3,5,3,0,1,1,0,0,0,0,"694810,455982","5340413,83908","11,621147464","48,187060155",0,1,#66c2a5,bicycle
219413,9,1,62,0,2019,10,8,2,3,5,3,0,0,1,0,0,0,0,"685615,473195","5338987,47464","11,49693212","48,176992857",0,2,#fc8d62,car
219414,9,1,62,0,2019,10,19,2,3,3,6,2,0,1,0,0,0,0,"688275,937565","5339929,14484","11,533102345","48,184674032",0,2,#fc8d62,car
219415,9,1,62,0,2019,10,9,2,3,5,3,0,1,0,0,0,0,0,"690052,102826","5336258,90527","11,55533433","48,151157215",0,1,#66c2a5,bicycle
219416,9,1,62,0,2019,10,7,2,3,5,2,0,1,1,0,0,0,0,"689261,793675","5336135,75939","11,544664412","48,150286026",0,1,#66c2a5,bicycle
219417,9,1,62,0,2019,10,7,2,3,5,3,0,1,1,0,0,0,0,"687359,334","5334929,285","11,518580297","48,140005163",0,1,#66c2a5,bicycle
219418,9,1,62,0,2019,10,17,2,3,1,6,1,0,1,0,0,0,0,"697120,927227","5332098,8587","11,648349787","48,111618074",0,2,#fc8d62,car
219419,9,1,62,0,2019,10,13,2,3,0,7,0,1,0,0,0,0,0,"698142,688859","5335347,23746","11,66357209","48,140495073",0,1,#66c2a5,bicycle
219422,9,7,62,0,2019,10,7,2,3,2,6,0,0,1,0,0,0,0,"622146,668841","5305300,12039","10,633986237","47,889402205",0,2,#fc8d62,car
219425,9,7,72,177,2019,10,22,2,3,8,1,2,0,0,0,1,0,0,"636494,774987","5378368,5979","10,849348004","48,543558748",0,4,#e78ac3,marker
219426,9,7,61,0,2019,10,11,2,3,5,3,0,1,1,0,0,0,0,"636743,699965","5360871,99389","10,846999607","48,386179242",0,1,#66c2a5,bicycle
219427,9,7,61,0,2019,10,15,2,3,0,7,0,0,1,0,0,0,0,"639176,166837","5358989,22813","10,879213373","48,36871787",0,2,#fc8d62,car
219428,9,7,61,0,2019,10,20,2,3,4,3,2,1,1,0,0,0,0,"638434,058","5355585,046","10,868079023","48,338271214",0,1,#66c2a5,bicycle
219429,9,7,61,0,2019,10,11,2,3,0,1,0,1,0,0,0,0,0,"640606,505737","5359276,4049","10,898611443","48,370983044",1,1,#66c2a5,bicycle
219430,9,7,71,113,2019,10,16,2,3,3,6,0,1,0,0,0,0,0,"657745,816027","5369474,64447","11,133720909","48,458617432",0,1,#66c2a5,bicycle
219459,9,2,61,0,2019,10,9,2,3,0,1,0,1,0,0,0,0,0,"731685,195872","5381948,72768","12,139457806","48,54780153",0,1,#66c2a5,bicycle
219460,9,2,61,0,2019,10,11,2,3,5,3,0,0,1,0,0,0,0,"732924,124046","5381888,91675","12,156186032","48,546805537",0,2,#fc8d62,car
219461,9,2,61,0,2019,10,18,2,2,0,1,2,0,0,0,0,0,1,"731905,289858","5379597,14721","12,141127127","48,52659643",0,6,#ffd92f,circle
219464,9,1,90,157,2019,10,11,2,3,1,6,0,1,1,0,0,0,0,"660488,797501","5301308,35178","11,145088622","47,845070606",0,1,#66c2a5,bicycle
219465,9,1,90,140,2019,10,22,2,3,5,3,2,0,1,0,0,0,0,"644331,873027","5295200,05451","10,927234484","47,793973622",0,2,#fc8d62,car
219466,9,1,83,119,2019,10,16,2,3,2,6,0,0,1,0,0,0,0,"736895,552327","5339080,46751","12,18582578","48,160787282",0,2,#fc8d62,car
219467,9,1,83,119,2019,10,7,2,2,6,4,1,0,1,1,0,0,0,"736658,303","5339153,418","12,182680883","48,161530932",0,2,#fc8d62,car
219471,9,1,63,0,2019,10,19,2,3,6,7,2,0,1,1,0,0,0,"732362,722251","5305873,80772","12,106971589","47,864136171",0,2,#fc8d62,car
219472,9,1,63,0,2019,10,8,2,3,5,3,0,1,1,0,0,0,0,"733325,038899","5305279,46981","12,119498581","47,858447887",0,1,#66c2a5,bicycle
219473,9,1,82,136,2019,10,16,2,2,0,1,0,1,0,0,0,0,0,"703598,34692","5301161,03424","11,720619813","47,831541634",0,1,#66c2a5,bicycle
219476,9,1,74,121,2019,10,13,2,3,0,6,0,0,0,0,1,1,0,"689263,187426","5354328,95515","11,552808895","48,313804424",1,4,#e78ac3,marker
219477,9,1,62,0,2019,10,17,1,3,1,7,0,0,1,0,0,0,0,"691567,688896","5333610,90621","11,574499764","48,126902683",0,2,#fc8d62,car
219478,9,1,62,0,2019,10,17,1,2,2,6,0,0,1,0,1,0,0,"690416,752478","5342773,43981","11,563151236","48,209600144",0,2,#fc8d62,car
219479,9,1,62,0,2019,10,19,1,3,1,1,2,0,1,0,0,0,0,"686839,61406","5344350,8195","11,515743861","48,22484092",0,2,#fc8d62,car
219480,9,1,62,0,2019,10,16,1,2,0,7,0,1,0,0,0,0,0,"690014,078313","5335522,54934","11,554494926","48,144550208",0,1,#66c2a5,bicycle
219481,9,1,62,0,2019,10,23,1,3,1,1,2,0,1,0,0,0,0,"690145,561018","5334661,73388","11,555876376","48,136773913",0,2,#fc8d62,car
219482,9,1,62,0,2019,10,14,1,2,0,7,0,0,1,0,0,0,0,"698802,882","5331948,488","11,670851677","48,109743915",0,2,#fc8d62,car
219483,9,1,62,0,2019,10,16,1,3,0,1,0,1,0,0,0,0,0,"693366,321691","5336116,4703","11,599783579","48,148878158",0,1,#66c2a5,bicycle
219484,9,1,62,0,2019,10,11,1,3,5,3,0,0,1,0,0,0,0,"687137,944385","5341506,71164","11,518502117","48,199189728",0,2,#fc8d62,car
219485,9,1,62,0,2019,10,18,1,3,0,7,2,1,0,0,1,0,0,"689393,772381","5333041,40179","11,545061269","48,122434404",0,1,#66c2a5,bicycle
219489,9,7,77,152,2019,10,12,1,3,0,1,0,1,0,0,0,0,0,"624553,660741","5301277,50039","10,665011665","47,852761811",0,1,#66c2a5,bicycle
219491,9,7,72,163,2019,10,12,1,3,5,3,0,1,1,0,0,0,0,"640242,778874","5349281,3137","10,890377437","48,281190484",0,1,#66c2a5,bicycle
219492,9,7,61,0,2019,10,18,1,3,2,1,1,0,1,0,0,0,0,"641119,132","5356640,688","10,904645495","48,3471692",0,2,#fc8d62,car
219493,9,7,61,0,2019,10,11,1,3,5,3,0,0,1,0,0,0,0,"640122,073393","5352562,80219","10,889840351","48,31072378",0,2,#fc8d62,car
219494,9,7,61,0,2019,10,17,1,3,4,2,0,0,1,0,0,0,0,"640550,985962","5359230,89898","10,897846977","48,370586237",0,2,#fc8d62,car
219508,9,2,74,126,2019,10,15,1,3,0,1,0,1,0,0,0,0,0,"733844,946801","5382891,59442","12,169206562","48,555469616",0,1,#66c2a5,bicycle
219514,9,1,87,130,2019,10,13,1,3,2,6,0,1,0,0,1,0,0,"711896,071466","5309022,90256","11,835215572","47,899511545",0,1,#66c2a5,bicycle
219515,9,1,86,143,2019,10,11,1,3,5,2,0,0,1,0,1,0,0,"685122,99189","5378533,99625","11,507707004","48,532583107",0,2,#fc8d62,car
219517,9,1,74,115,2019,10,18,1,3,0,1,1,0,0,0,1,0,0,"680957,593575","5346953,5168","11,437731491","48,249940788",0,4,#e78ac3,marker
219518,9,1,62,0,2019,10,15,7,3,2,6,0,0,1,0,0,0,0,"692849,66235","5338460,87744","11,593907271","48,170105854",0,2,#fc8d62,car
219519,9,1,62,0,2019,10,13,7,2,0,2,0,0,1,0,0,0,1,"686757,903266","5336998,31827","11,511411402","48,15877907",0,2,#fc8d62,car
219520,9,1,62,0,2019,10,12,7,3,5,3,0,1,1,0,0,0,0,"693542,533404","5333614,71202","11,601013433","48,126339552",0,1,#66c2a5,bicycle
219521,9,1,62,0,2019,10,14,7,3,5,2,0,1,1,0,0,0,0,"688450,895623","5330500,74523","11,531281351","48,099878207",0,1,#66c2a5,bicycle
219522,9,1,62,0,2019,10,22,7,3,2,6,2,0,1,0,0,0,0,"690939,266647","5340322,76002","11,569075104","48,187416924",0,2,#fc8d62,car
219523,9,1,62,0,2019,10,3,7,3,5,3,2,0,1,0,0,0,1,"692552,492","5335441,831","11,588548243","48,14306153",0,2,#fc8d62,car
219524,9,1,62,0,2019,10,16,7,3,5,3,0,0,1,0,0,0,0,"690187,359926","5333723,9361","11,556019022","48,128332482",0,2,#fc8d62,car
219525,9,1,62,0,2019,10,15,7,3,2,2,0,0,1,0,0,0,0,"690432,743519","5342523,44079","11,56325406","48,207348395",0,2,#fc8d62,car
219526,9,1,62,0,2019,10,10,7,2,4,2,0,1,1,0,0,0,0,"689021,965739","5337545,56592","11,542069457","48,163028792",0,1,#66c2a5,bicycle
219527,9,1,62,0,2019,10,21,7,3,6,2,2,0,1,1,0,0,0,"686208,677171","5335683,8901","11,50345794","48,147125606",0,2,#fc8d62,car
219528,9,1,62,0,2019,10,11,7,2,9,1,0,0,1,0,0,0,0,"695062,267672","5330004,87084","11,619764416","48,093431929",0,2,#fc8d62,car
219529,9,1,62,0,2019,10,23,7,2,2,6,2,1,0,0,0,0,0,"690862,3558","5331338,89151","11,564013654","48,106693723",1,1,#66c2a5,bicycle
219530,9,1,62,0,2019,10,13,7,3,3,2,0,0,1,0,1,0,0,"694511,457208","5334960,1824","11,61463499","48,138136798",0,2,#fc8d62,car
219531,9,1,62,0,2019,10,9,7,3,4,2,0,0,1,0,0,0,0,"692275,197179","5332760,954","11,583614669","48,119050153",0,2,#fc8d62,car
219532,9,1,62,0,2019,10,12,7,3,4,2,0,0,1,0,0,0,1,"692226,355005","5335502,39728","11,584195845","48,143704507",0,2,#fc8d62,car
219533,9,1,62,0,2019,10,23,7,3,2,6,2,0,1,0,0,0,0,"692194,264274","5334915,63492","11,58350008","48,138440495",0,2,#fc8d62,car
219542,9,7,77,121,2019,10,18,7,3,4,2,2,1,1,0,0,0,0,"628822,308077","5321176,16595","10,728003255","48,030872874",0,1,#66c2a5,bicycle
219544,9,7,72,215,2019,10,9,7,3,0,6,0,0,1,0,0,0,0,"633703,755165","5345281,29653","10,801017721","48,246635869",0,2,#fc8d62,car
219545,9,7,72,125,2019,10,17,7,2,0,1,0,1,0,0,0,0,0,"635860,590786","5348293,77319","10,831022917","48,273265975",1,1,#66c2a5,bicycle
219546,9,7,61,0,2019,10,22,7,3,0,1,2,0,0,0,1,0,0,"642043,84998","5360063,4984","10,918274597","48,37773837",0,4,#e78ac3,marker
219547,9,7,61,0,2019,10,12,7,3,2,1,0,0,1,0,0,0,0,"640119,796011","5352465,19261","10,889777235","48,309846599",1,2,#fc8d62,car
219548,9,7,61,0,2019,10,13,7,2,0,1,0,1,0,0,0,0,0,"640505,315491","5358047,19418","10,896835241","48,359952917",1,1,#66c2a5,bicycle
219561,9,1,90,157,2019,10,13,7,3,0,5,0,1,1,0,0,0,0,"660332,133357","5300615,49002","11,142739498","47,838880087",1,1,#66c2a5,bicycle
219562,9,1,73,126,2019,10,11,7,3,0,7,0,0,0,0,1,0,0,"682720,92451","5306350,18573","11,444111232","47,884458559",0,4,#e78ac3,marker
219564,9,1,87,169,2019,10,17,7,3,4,1,0,0,1,0,0,0,0,"737849,878592","5297779,70779","12,175782879","47,789414314",0,2,#fc8d62,car
219565,9,1,85,158,2019,10,13,7,3,5,3,0,1,1,0,0,0,0,"667048,722212","5381369,5831","11,264217178","48,563144469",1,1,#66c2a5,bicycle
219567,9,1,79,126,2019,10,12,7,2,3,6,0,1,1,0,0,0,0,"675564,28868","5339595,02955","11,362095477","48,185310873",0,1,#66c2a5,bicycle
219568,9,1,74,115,2019,10,13,7,3,5,3,0,1,0,0,0,0,0,"680618,488","5347106,88","11,433233022","48,25141604",0,1,#66c2a5,bicycle
219569,9,1,62,0,2019,10,16,6,3,4,2,0,0,1,0,0,0,0,"695507,260098","5337320,94686","11,629090279","48,159048948",0,2,#fc8d62,car
219570,9,1,62,0,2019,10,19,6,3,0,1,2,0,0,0,1,0,0,"696265,503861","5336994,10615","11,639124824","48,155877928",0,4,#e78ac3,marker
219571,9,1,62,0,2019,10,20,6,3,2,6,2,0,1,0,0,0,0,"691770,858483","5335672,02887","11,578155215","48,145366588",0,2,#fc8d62,car
219572,9,1,84,145,2019,10,15,6,2,0,7,0,1,0,0,0,0,0,"695418,524027","5324778,35724","11,622154871","48,046348795",0,1,#66c2a5,bicycle
219573,9,1,62,0,2019,10,17,6,3,3,2,0,1,0,0,0,0,1,"697289,46135","5329939,93228","11,649613543","48,092162777",0,1,#66c2a5,bicycle
219574,9,1,62,0,2019,10,11,6,2,0,7,0,0,0,0,0,0,1,"691516,189667","5336827,05601","11,575254753","48,15582452",0,6,#ffd92f,circle
219575,9,1,62,0,2019,10,10,6,3,1,5,0,1,1,0,0,0,0,"690674,299905","5333463,02363","11,562439731","48,125841736",0,1,#66c2a5,bicycle
219576,9,1,62,0,2019,10,8,6,3,6,2,0,0,1,1,0,0,0,"689848,831683","5335988,48794","11,552483464","48,148787406",0,2,#fc8d62,car
219577,9,1,62,0,2019,10,13,6,3,1,5,0,1,1,0,0,0,0,"691681,308208","5337716,7255","11,577873567","48,163770963",0,1,#66c2a5,bicycle
219578,9,1,84,130,2019,10,16,6,3,5,3,0,0,1,0,0,0,0,"700019,712117","5345251,19612","11,693438241","48,228914316",0,2,#fc8d62,car
219579,9,1,84,129,2019,10,14,6,3,5,3,0,0,1,1,0,0,0,"699339,054604","5326389,58961","11,675452862","48,059617285",0,2,#fc8d62,car
219580,9,1,62,0,2019,10,10,6,3,0,2,0,0,1,0,0,0,1,"692105,971088","5340415,46804","11,584798433","48,18789841",0,2,#fc8d62,car
219581,9,1,62,0,2019,10,23,6,3,4,3,2,1,0,0,1,0,0,"691389,762918","5336910,50272","11,573594048","48,156612587",0,1,#66c2a5,bicycle
219586,9,7,61,0,2019,10,15,4,3,6,7,0,1,0,1,0,0,0,"639335,929","5358981,473","10,881366769","48,368612889",0,1,#66c2a5,bicycle
219588,9,7,62,0,2019,10,15,4,2,9,1,0,1,0,0,0,0,0,"621908,626182","5306200,74514","10,631057629","47,897547421",1,1,#66c2a5,bicycle
219591,9,7,61,0,2019,10,16,4,3,0,5,0,1,1,0,0,0,0,"644081,077378","5360070,88812","10,945773106","48,377342903",0,1,#66c2a5,bicycle
219594,9,7,77,121,2019,10,11,4,2,5,3,0,0,1,0,0,1,0,"628817,865438","5321178,76932","10,727944473","48,030897182",0,2,#fc8d62,car
219596,9,7,72,163,2019,10,16,4,3,5,3,0,1,0,0,1,0,0,"639471,787642","5346145,21883","10,878956506","48,253161291",0,1,#66c2a5,bicycle
219600,9,7,61,0,2019,10,16,4,3,5,3,0,1,1,0,0,0,0,"643004,449597","5362095,03269","10,931931154","48,395787847",0,1,#66c2a5,bicycle
219602,9,7,61,0,2019,10,16,4,3,5,2,0,1,1,0,0,0,0,"637139,020819","5360170,84715","10,852107493","48,37978879",0,1,#66c2a5,bicycle
219603,9,1,88,141,2019,10,11,1,2,0,1,0,1,0,0,0,0,0,"670233,256166","5308570,94078","11,278091284","47,907856717",0,1,#66c2a5,bicycle
219604,9,1,79,126,2019,10,10,1,3,5,3,0,0,1,0,0,0,0,"677295,179561","5339910,29275","11,385494148","48,187664096",0,2,#fc8d62,car
219605,9,1,81,144,2019,10,14,1,3,3,7,0,1,0,0,0,0,0,"656223,578423","5320655,04801","11,095137544","48,020073102",0,1,#66c2a5,bicycle
219606,9,1,78,143,2019,10,1,1,3,9,1,2,0,1,0,0,0,0,"717579,613851","5372069,08908","11,943442356","48,464089023",0,2,#fc8d62,car
219607,9,1,77,119,2019,10,14,1,2,0,1,0,1,0,0,0,0,0,"717723,61884","5341109,95309","11,929401458","48,185876318",0,1,#66c2a5,bicycle
219608,9,1,62,0,2019,10,13,7,3,5,3,0,0,1,0,0,0,0,"699916,099773","5328467,3695","11,684160484","48,07811018",0,2,#fc8d62,car
219609,9,1,62,0,2019,10,16,7,3,2,6,0,0,1,0,1,0,0,"686232,036283","5333487,1245","11,502811206","48,127373416",0,2,#fc8d62,car
219610,9,1,62,0,2019,10,21,7,3,0,7,2,0,1,0,1,0,0,"681464,90785","5335800,90132","11,439791607","48,14954834",0,2,#fc8d62,car