OBJECTID,ULAND,UREGBEZ,UKREIS,UGEMEINDE,UJAHR,UMONAT,USTUNDE,UWOCHENTAG,UKATEGORIE,UART,UTYP1,ULICHTVERH,IstRad,IstPKW,IstFuss,IstKrad,IstGkfz,IstSonstig,LINREFX,LINREFY,XGCSWGS84,YGCSWGS84,STRZUSTAND,Teilnehmer,color,symbol
219611,9,1,62,0,2019,10,18,7,3,0,7,0,1,0,0,0,0,0,"690751,012","5335745,628","11,564491723","48,146334699",0,1,#66c2a5,bicycle
219612,9,1,62,0,2019,10,10,7,3,1,5,0,0,1,0,1,0,0,"686800,721205","5334365,22021","11,51083125","48,135099409",0,2,#fc8d62,car
219613,9,1,62,0,2019,10,12,7,2,2,1,0,0,1,0,1,0,0,"693195,614948","5333687,1545","11,596389012","48,127096022",0,2,#fc8d62,car
219614,9,1,62,0,2019,10,15,7,3,3,7,0,0,1,0,0,0,1,"689015,045302","5332169,82543","11,53959078","48,11471309",0,2,#fc8d62,car
219615,9,1,62,0,2019,10,17,7,3,5,6,0,0,1,0,0,0,0,"682496,772309","5337790,18157","11,454505135","48,16713412",0,2,#fc8d62,car
219616,9,1,62,0,2019,10,19,7,2,0,7,1,1,0,0,0,0,0,"690368,042332","5343150,76595","11,56266556","48,213006104",0,1,#66c2a5,bicycle
219617,9,1,62,0,2019,10,15,7,3,5,7,0,0,1,0,0,0,0,"693022,247241","5333832,24339","11,594127284","48,128452636",0,2,#fc8d62,car
219618,9,1,62,0,2019,10,13,7,3,5,2,0,1,1,0,0,0,0,"688917,65683","5333842,73212","11,539024975","48,129778328",0,1,#66c2a5,bicycle
219619,9,1,62,0,2019,10,14,7,3,5,2,0,1,1,0,0,0,0,"693428,902243","5340349,11878","11,602549354","48,186900643",0,1,#66c2a5,bicycle
219626,9,7,72,217,2019,10,11,7,3,6,7,0,0,0,1,0,0,1,"635586,17652","5381637,75522","10,838109158","48,573150997",0,3,#8da0cb,toilet
219627,9,7,71,145,2019,10,14,7,3,0,1,0,1,0,0,0,0,0,"647954,714728","5344379,08811","10,992551189","48,235357691",0,1,#66c2a5,bicycle
219628,9,7,61,0,2019,10,11,7,2,5,3,0,1,1,0,0,0,0,"638852,382783","5362627,44549","10,876046264","48,401503148",0,1,#66c2a5,bicycle
219629,9,7,61,0,2019,10,13,7,3,5,3,0,0,1,0,0,0,0,"641944,244279","5360944,47368","10,917227784","48,385682115",0,2,#fc8d62,car
219630,9,7,61,0,2019,10,17,7,3,1,1,0,0,1,0,0,0,0,"640969,945569","5351267,38374","10,900836448","48,29888728",0,2,#fc8d62,car
219631,9,7,61,0,2019,10,6,7,3,0,1,2,1,0,0,0,0,0,"640492,217718","5359203,05184","10,897044583","48,37034893",0,1,#66c2a5,bicycle
219632,9,7,61,0,2019,10,23,7,3,0,1,2,1,0,0,0,0,0,"640591,089819","5358892,82627","10,898275165","48,367537469",0,1,#66c2a5,bicycle
219633,9,7,71,112,2019,10,17,7,2,4,6,0,0,0,0,1,0,1,"645640,169465","5366401,60313","10,969012141","48,433905922",1,4,#e78ac3,marker
219661,9,1,63,0,2019,10,14,7,3,5,3,0,1,1,0,0,0,0,"733765,254571","5303854,44628","12,1246052","47,845485471",0,1,#66c2a5,bicycle
219663,9,1,79,123,2019,10,16,7,3,5,3,0,0,1,0,0,0,0,"676710,769","5332167,754","11,374422997","48,118227703",0,2,#fc8d62,car
219664,9,1,88,120,2019,10,11,7,3,0,7,0,0,1,0,0,0,0,"676890,975612","5327050,69096","11,374721967","48,072178885",0,2,#fc8d62,car
219665,9,1,74,118,2019,10,12,7,3,6,7,0,0,1,1,0,0,0,"671121,080093","5355106,70583","11,308638529","48,325965394",0,2,#fc8d62,car
219666,9,1,77,115,2019,10,16,7,3,8,1,0,0,1,0,0,0,0,"735464,847","5352088,856","12,173838227","48,2781737",0,2,#fc8d62,car
219667,9,1,62,0,2019,10,15,6,3,1,6,0,0,1,0,0,0,0,"690750,62428","5342746,06256","11,56762841","48,209253839",0,2,#fc8d62,car
219668,9,1,62,0,2019,10,13,6,3,0,7,0,0,1,0,1,0,0,"694543,493887","5336730,98014","11,615874316","48,154042178",0,2,#fc8d62,car
219669,9,1,62,0,2019,10,21,6,3,0,7,2,0,0,0,0,0,1,"691887,23757","5335650,37508","11,579708404","48,145136876",0,6,#ffd92f,circle
219670,9,1,62,0,2019,10,17,6,3,1,3,1,1,1,0,0,0,0,"692324,426708","5337429,0441","11,586383507","48,160991134",0,1,#66c2a5,bicycle
219671,9,1,62,0,2019,10,15,6,3,3,6,0,0,1,0,0,0,0,"686213,944803","5334864,38783","11,5031703","48,139758079",0,2,#fc8d62,car
219672,9,1,62,0,2019,10,18,6,3,6,4,2,0,1,1,0,0,0,"700331,12533","5334423,41963","11,692522623","48,131507476",0,2,#fc8d62,car
219673,9,1,62,0,2019,10,19,6,3,5,7,2,0,1,1,0,0,0,"689396,437476","5332166,58333","11,544708459","48,114570642",0,2,#fc8d62,car
219674,9,1,62,0,2019,10,16,6,3,3,2,0,1,1,0,0,0,0,"692550,552167","5335432,2371","11,588517855","48,142975889",0,1,#66c2a5,bicycle
219683,9,7,72,184,2019,10,12,6,3,0,7,0,0,1,0,0,0,0,"634889,271856","5361664,82076","10,822219675","48,393707654",0,2,#fc8d62,car
219684,9,7,61,0,2019,10,23,6,3,0,7,2,1,0,0,0,0,0,"641778,84342","5361983,22186","10,915345636","48,39505926",0,1,#66c2a5,bicycle
219685,9,7,61,0,2019,10,17,6,3,6,4,0,0,1,1,0,0,0,"640164,45525","5365603,04487","10,894757992","48,427968238",0,2,#fc8d62,car
219686,9,7,61,0,2019,10,12,6,3,5,3,0,1,1,0,0,0,0,"639129,396498","5356885,04875","10,877886447","48,349807859",0,1,#66c2a5,bicycle
219687,9,7,61,0,2019,10,10,6,3,2,1,0,0,1,0,0,0,0,"641322,18692","5358908,29269","10,908146031","48,367513268",0,2,#fc8d62,car
219688,9,7,61,0,2019,10,2,6,3,0,1,2,0,0,0,0,0,1,"640798,053896","5359365,67883","10,901226334","48,371743059",0,6,#ffd92f,circle
219689,9,7,61,0,2019,10,18,6,3,4,2,2,0,1,0,1,0,0,"640224,041953","5359981,87053","10,893685263","48,377411459",0,2,#fc8d62,car
219709,9,2,61,0,2019,10,12,6,3,9,1,0,1,0,0,0,0,0,"732734,681188","5380907,82207","12,153075099","48,538062963",0,1,#66c2a5,bicycle
219710,9,2,61,0,2019,10,15,6,3,2,6,0,0,1,0,0,0,1,"731200,86","5383112,502","12,133551147","48,558434212",0,2,#fc8d62,car
219721,9,1,63,0,2019,10,6,6,3,1,5,2,1,1,0,0,0,0,"733730,251182","5303675,14318","12,124041227","47,84388733",0,1,#66c2a5,bicycle
219722,9,1,82,120,2019,10,13,6,3,4,2,0,1,1,0,0,0,0,"702754,312898","5308083,95272","11,71260075","47,894026731",0,1,#66c2a5,bicycle
219724,9,1,79,145,2019,10,16,6,3,5,3,0,1,1,0,0,0,0,"675653,652985","5338122,53533","11,362688123","48,172049558",0,1,#66c2a5,bicycle
219725,9,1,79,123,2019,10,14,6,3,1,7,0,0,1,0,0,0,1,"677545,284075","5334569,82992","11,386626948","48,139588243",0,2,#fc8d62,car
219726,9,1,81,130,2019,10,12,6,3,2,6,0,0,1,0,1,0,0,"638652,383815","5325058,85286","10,861050805","48,063728951",0,2,#fc8d62,car
219727,9,1,81,128,2019,10,8,6,3,5,3,0,1,1,0,0,0,0,"637991,129306","5328319,42414","10,853233058","48,093192547",0,1,#66c2a5,bicycle
219728,9,1,88,124,2019,10,15,6,3,0,1,0,1,0,0,0,0,0,"661272,871338","5319674,54912","11,16243637","48,010003129",0,1,#66c2a5,bicycle
219729,9,1,79,145,2019,10,23,6,3,1,5,2,0,0,0,1,1,0,"675989,989526","5338015,47803","11,36716381","48,170994151",0,4,#e78ac3,marker
219730,9,1,79,113,2019,10,15,6,2,4,6,0,1,0,0,0,0,0,"671014,57783","5333867,07867","11,298631388","48,135059551",0,1,#66c2a5,bicycle
219731,9,1,88,120,2019,10,12,6,3,6,7,0,0,1,1,0,0,0,"676491,351096","5327198,85539","11,369423037","48,073621502",0,2,#fc8d62,car
219732,9,1,78,120,2019,10,14,6,2,4,3,0,0,1,0,1,0,0,"695402,382618","5353470,87889","11,635128307","48,30422585",0,2,#fc8d62,car
219733,9,1,78,124,2019,10,7,6,3,4,2,0,1,1,0,0,0,0,"702752,523676","5364819,12855","11,739600101","48,403892598",0,1,#66c2a5,bicycle
219735,9,1,77,117,2019,10,13,6,3,0,6,0,1,0,1,0,0,0,"715107,852","5353198,923","11,900393219","48,295390272",0,1,#66c2a5,bicycle
219736,9,1,62,0,2019,10,20,5,3,3,6,2,1,1,0,0,0,0,"691248,219408","5335518,4114","11,571067236","48,144143221",0,1,#66c2a5,bicycle
219737,9,1,62,0,2019,10,8,5,3,5,3,0,1,1,0,0,0,0,"690629,671356","5335501,94437","11,562752984","48,144180855",0,1,#66c2a5,bicycle
219738,9,1,62,0,2019,10,7,5,3,4,2,0,0,1,0,0,0,0,"691697,575563","5333717,00426","11,57629122","48,12781718",0,2,#fc8d62,car
219739,9,1,62,0,2019,10,11,5,3,1,7,0,0,1,0,0,0,1,"684326,055186","5332455,76546","11,476775306","48,118657723",0,2,#fc8d62,car
219740,9,1,62,0,2019,10,8,5,3,5,3,0,0,1,0,1,0,0,"690140,797","5334934,817","11,555934313","48,13922981",0,2,#fc8d62,car
219741,9,1,62,0,2019,10,18,5,3,5,3,1,0,1,0,1,0,0,"683981,195565","5338084,34179","11,474578038","48,169350298",0,2,#fc8d62,car
219742,9,1,84,134,2019,10,13,5,2,3,6,0,1,0,0,0,0,0,"691193,043713","5320003,57262","11,563385995","48,004711956",0,1,#66c2a5,bicycle
219743,9,1,62,0,2019,10,22,5,3,5,2,2,1,1,0,0,0,0,"688282,499622","5330472,71411","11,529009368","48,099676038",0,1,#66c2a5,bicycle
219744,9,1,88,127,2019,10,18,5,3,5,2,2,1,1,0,0,0,0,"680025,057185","5330163,42147","11,418069757","48,0992824",0,1,#66c2a5,bicycle
219745,9,1,84,122,2019,10,10,5,3,6,4,0,0,1,1,0,0,0,"689913,762565","5326870,10166","11,549296541","48,066811171",0,2,#fc8d62,car
219746,9,1,84,131,2019,10,14,5,3,5,7,0,1,1,0,0,0,0,"704633,954439","5339268,77362","11,752615371","48,173681806",0,1,#66c2a5,bicycle
219747,9,1,62,0,2019,10,6,5,3,0,7,2,1,0,0,0,0,0,"688846,37598","5333369,64247","11,537858308","48,12554728",1,1,#66c2a5,bicycle
219748,9,1,62,0,2019,10,9,5,3,5,3,0,1,0,0,1,0,0,"693472,057776","5338357,2072","11,602222631","48,168984968",1,1,#66c2a5,bicycle
219749,9,1,62,0,2019,10,17,5,3,3,7,1,0,1,0,1,0,0,"690159,437359","5333712,05426","11,555638843","48,12823403",0,2,#fc8d62,car
219755,9,7,73,182,2019,10,7,5,3,5,2,0,0,1,0,1,0,0,"623838,231375","5380598,56597","10,678610313","48,566238007",0,2,#fc8d62,car
219756,9,7,72,202,2019,10,18,5,3,7,7,1,1,0,0,0,0,1,"636824,542963","5358705,7987","10,847385892","48,366683476",0,1,#66c2a5,bicycle
219757,9,7,61,0,2019,10,18,5,3,5,3,2,0,1,0,0,0,0,"637531,792418","5361468,51216","10,857833878","48,391371697",0,2,#fc8d62,car
219758,9,7,61,0,2019,10,6,5,3,0,7,2,1,0,0,0,0,0,"644464,737164","5356052,83864","10,949571666","48,341127272",1,1,#66c2a5,bicycle
219759,9,7,61,0,2019,10,11,5,3,5,3,0,1,1,0,0,0,0,"642458,424592","5359801,84436","10,923781397","48,375292237",0,1,#66c2a5,bicycle
219760,9,7,61,0,2019,10,8,5,3,0,7,0,0,1,1,0,0,0,"640933,913","5358281,954","10,902696676","48,361968267",0,2,#fc8d62,car
219761,9,7,61,0,2019,10,6,5,3,0,1,1,0,0,0,1,0,0,"640995,833915","5360026,05105","10,904116941","48,377636721",1,4,#e78ac3,marker
219762,9,7,61,0,2019,10,9,5,3,2,6,0,1,1,0,0,0,0,"640817,640107","5358705,33032","10,901269545","48,365801068",0,1,#66c2a5,bicycle
219792,9,1,90,157,2019,10,23,5,3,2,1,2,1,1,0,0,0,0,"662482,393814","5300952,43636","11,17158168","47,841369772",0,1,#66c2a5,bicycle
219793,9,1,90,140,2019,10,16,5,3,0,1,0,0,0,0,1,0,1,"643807,378","5296301,554","10,920600236","47,803996139",0,4,#e78ac3,marker
219802,9,1,79,126,2019,10,12,5,3,0,6,0,1,0,0,0,0,0,"675926,861","5339848,82727","11,367074429","48,187492009",0,1,#66c2a5,bicycle
219803,9,1,74,122,2019,10,5,5,3,8,1,2,0,1,0,0,0,0,"686585,4016","5350393,38556","11,514987952","48,279227061",1,2,#fc8d62,car
219804,9,1,62,0,2019,10,6,4,3,5,3,2,1,1,0,0,0,0,"699042,93548","5333921,7793","11,674994215","48,127403289",1,1,#66c2a5,bicycle
219805,9,1,62,0,2019,10,6,4,3,6,6,1,0,1,1,1,0,0,"689044,631591","5333348,78651","11,54051065","48,125300982",0,2,#fc8d62,car
219806,9,1,84,130,2019,10,7,4,3,2,6,1,1,1,0,0,0,0,"699505,232239","5345167,39496","11,686478797","48,228323216",0,1,#66c2a5,bicycle
219807,9,1,62,0,2019,10,10,4,3,5,3,0,1,1,0,0,0,0,"679791,223","5336454,234","11,417585837","48,155896389",0,1,#66c2a5,bicycle
219808,9,1,62,0,2019,10,9,4,3,6,6,0,1,0,1,0,0,0,"690868,673777","5334245,6356","11,565399713","48,132817571",0,1,#66c2a5,bicycle
219809,9,1,62,0,2019,10,9,4,3,0,7,0,0,0,0,0,0,1,"694335,565704","5336480,51217","11,612967116","48,151854645",0,6,#ffd92f,circle
219810,9,1,62,0,2019,10,14,4,3,0,7,0,1,1,0,0,0,0,"692631,127704","5338126,51371","11,59081954","48,167166954",0,1,#66c2a5,bicycle
219811,9,1,62,0,2019,10,14,4,3,5,3,0,1,1,0,0,0,0,"691750,293585","5339365,57956","11,579543995","48,178569718",0,1,#66c2a5,bicycle
219812,9,1,62,0,2019,10,21,4,3,1,7,2,0,1,0,1,0,0,"690809,323937","5335147,82187","11,565006977","48,140944169",0,2,#fc8d62,car
219813,9,1,62,0,2019,10,15,4,3,5,3,0,1,1,0,0,0,0,"692310,901817","5330998,56125","11,583299368","48,103199242",0,1,#66c2a5,bicycle
219814,9,1,62,0,2019,10,8,4,3,2,6,0,1,1,0,0,0,0,"688807,901997","5337246,73188","11,539060908","48,160406451",0,1,#66c2a5,bicycle
219815,9,1,62,0,2019,10,19,4,3,1,6,2,1,1,0,0,0,0,"689796,882596","5335825,03551","11,551712862","48,147333794",0,1,#66c2a5,bicycle
219816,9,1,62,0,2019,10,11,4,3,5,3,0,1,1,0,0,0,0,"686201,762437","5335582,39215","11,503320676","48,14621533",0,1,#66c2a5,bicycle
219817,9,1,62,0,2019,10,19,4,3,5,2,2,0,1,0,1,0,0,"687680,242497","5334308,41447","11,522616214","48,134330056",0,2,#fc8d62,car
219818,9,1,62,0,2019,10,7,4,3,3,7,0,1,1,0,0,0,0,"697872,579177","5331993,0693","11,658388023","48,110434249",1,1,#66c2a5,bicycle
219819,9,1,62,0,2019,10,10,4,3,5,3,0,0,1,0,0,0,0,"691036,396476","5329304,29008","11,565438724","48,088354555",0,2,#fc8d62,car
219820,9,1,62,0,2019,10,16,4,3,5,3,0,0,1,0,0,0,0,"694641,759341","5332074,37674","11,615066819","48,112160477",0,2,#fc8d62,car
219821,9,1,62,0,2019,10,8,4,3,4,6,0,1,0,0,0,0,0,"692354,57818","5335462,43549","11,585899741","48,143306585",1,1,#66c2a5,bicycle
219827,9,7,77,112,2019,10,6,4,2,5,3,2,1,1,0,0,0,0,"624146,65319","5296914,2549","10,658322149","47,813598966",0,1,#66c2a5,bicycle
219829,9,7,61,0,2019,10,19,4,3,0,7,0,0,1,1,0,0,0,"640901,698758","5358442,40154","10,902315752","48,363418146",0,2,#fc8d62,car
219836,9,7,61,0,2019,11,17,6,3,4,2,2,1,1,0,0,0,0,"640130,12824","5357302,95099","10,891525226","48,353344278",1,1,#66c2a5,bicycle
219837,9,7,61,0,2019,11,17,6,3,2,1,2,0,1,0,0,0,0,"639456,408488","5358373,03042","10,882790883","48,363115318",1,2,#fc8d62,car
219838,9,7,61,0,2019,11,19,6,3,0,1,2,1,0,0,0,0,0,"640753,416256","5360058,31995","10,900855826","48,377980996",1,1,#66c2a5,bicycle
219851,9,2,61,0,2019,11,0,6,3,0,7,2,0,0,0,0,0,1,"731811,550821","5383061,00762","12,141786445","48,557746225",0,6,#ffd92f,circle
219852,9,1,90,157,2019,11,11,6,3,0,7,0,1,0,0,0,0,0,"659106,948261","5301012,63712","11,126523352","47,842755282",0,1,#66c2a5,bicycle
219853,9,1,90,157,2019,11,19,6,3,5,3,2,1,1,0,0,0,0,"660136,712985","5300758,75924","11,140182713","47,840216944",1,1,#66c2a5,bicycle
219857,9,1,63,0,2019,11,15,6,3,0,1,0,1,0,0,0,0,0,"733771,089852","5303740,93571","12,124621771","47,844463567",0,1,#66c2a5,bicycle
219862,9,1,79,114,2019,11,17,6,3,5,3,1,0,1,0,1,0,0,"653721,53786","5342885,11266","11,06962123","48,220553705",0,2,#fc8d62,car
219863,9,1,62,0,2019,10,8,5,3,3,6,0,1,0,0,0,0,0,"689708,01","5332045,273","11,548836459","48,113387559",1,1,#66c2a5,bicycle
219864,9,1,62,0,2019,10,11,5,3,2,6,0,0,1,0,0,1,0,"690147,347524","5335273,28778","11,556173401","48,142270028",0,2,#fc8d62,car
219865,9,1,62,0,2019,10,20,5,3,6,4,2,0,1,1,0,0,0,"691971,94691","5337657,60752","11,581751498","48,163151932",0,2,#fc8d62,car
219866,9,1,62,0,2019,10,18,5,3,5,3,1,1,1,0,0,0,0,"692057,526595","5340392,36608","11,584136853","48,187705424",0,1,#66c2a5,bicycle
219867,9,1,62,0,2019,10,22,5,3,4,2,2,0,1,0,0,0,0,"679051,659","5334699,99","11,406912445","48,140336146",0,2,#fc8d62,car
219868,9,1,62,0,2019,10,20,5,3,5,3,2,0,1,0,0,0,0,"689238,478377","5340134,24731","11,546130688","48,186231512",0,2,#fc8d62,car
219869,9,1,62,0,2019,10,18,5,3,5,2,1,0,1,0,0,0,0,"686242,860853","5332679,97642","11,502603872","48,120115281",0,2,#fc8d62,car
219870,9,1,62,0,2019,10,18,5,3,3,6,2,0,1,0,0,0,0,"689599,101002","5334898,29904","11,548643886","48,139063221",0,2,#fc8d62,car
219875,9,7,72,151,2019,10,15,5,3,0,7,0,0,1,1,0,0,0,"632392,086724","5343051,28869","10,7826612","48,226857958",0,2,#fc8d62,car
219876,9,7,71,130,2019,10,11,5,3,0,1,0,1,1,0,0,0,0,"646964,06475","5358186,85148","10,984024593","48,359738242",0,1,#66c2a5,bicycle
219877,9,7,61,0,2019,10,14,5,3,5,1,0,1,1,0,0,0,0,"639843,064","5357119,564","10,887591594","48,351758944",0,1,#66c2a5,bicycle
219878,9,7,61,0,2019,10,23,5,3,0,3,2,1,0,0,0,0,1,"640875,911431","5358279,14959","10,901913128","48,361955997",0,1,#66c2a5,bicycle
219906,9,2,74,126,2019,10,11,5,3,5,3,0,1,1,0,0,0,0,"732836,484379","5383609,36312","12,155962366","48,562292248",0,1,#66c2a5,bicycle
219907,9,2,61,0,2019,10,14,5,3,3,6,0,0,1,0,0,0,0,"732897,242","5382677,759","12,156263448","48,553901418",0,2,#fc8d62,car
219908,9,2,61,0,2019,10,8,5,3,5,3,0,0,1,0,0,0,1,"731384,552","5381790,583","12,13530244","48,546491892",0,2,#fc8d62,car
219913,9,1,85,158,2019,10,18,5,3,4,2,2,0,1,0,1,0,0,"668830,166991","5381536,45842","11,288411037","48,564167328",0,2,#fc8d62,car
219917,9,1,74,115,2019,10,19,5,2,5,2,2,0,1,0,1,0,0,"681756,030579","5347803,05365","11,448842105","48,257348455",0,2,#fc8d62,car
219918,9,1,78,124,2019,10,13,5,3,0,1,0,1,0,0,0,0,0,"703350,321847","5364813,14225","11,747665026","48,403646283",0,1,#66c2a5,bicycle
219919,9,1,62,0,2019,10,12,4,3,0,7,0,0,0,0,0,0,1,"689471,931542","5334921,4381","11,546946485","48,139309075",0,6,#ffd92f,circle
219920,9,1,62,0,2019,10,16,4,3,5,2,1,0,1,0,0,0,0,"698022,928116","5335355,29145","11,66196773","48,140604738",0,2,#fc8d62,car
219921,9,1,62,0,2019,10,16,4,3,5,3,0,1,1,0,0,0,0,"694357,542297","5334217,82743","11,612229606","48,131511827",0,1,#66c2a5,bicycle
219922,9,1,62,0,2019,10,8,4,3,5,3,0,0,0,0,1,0,1,"688898,498233","5332414,24862","11,538134727","48,116944586",1,4,#e78ac3,marker
219923,9,1,62,0,2019,10,13,4,3,6,4,0,0,1,1,0,0,0,"690562,714584","5342699,48678","11,565080736","48,208891664",0,2,#fc8d62,car
219924,9,1,62,0,2019,10,9,4,3,3,2,0,0,1,0,1,0,0,"696829,85641","5333781,63233","11,645220354","48,126831853",0,2,#fc8d62,car
219925,9,1,62,0,2019,10,12,4,3,5,2,0,1,1,0,0,0,0,"686408,761158","5337547,27612","11,506961568","48,163815722",0,1,#66c2a5,bicycle
219926,9,1,84,136,2019,10,11,4,3,0,7,0,1,0,0,0,0,0,"699561,300745","5327378,0309","11,678893626","48,06843118",0,1,#66c2a5,bicycle
219927,9,1,84,112,2019,10,14,4,3,5,3,0,0,1,0,0,0,0,"703089,833379","5338103,49394","11,731312822","48,163705084",0,2,#fc8d62,car
219928,9,1,62,0,2019,10,12,4,3,0,7,0,0,1,0,1,0,1,"690293,924262","5329508,22159","11,555569193","48,090409588",1,2,#fc8d62,car
219929,9,1,62,0,2019,10,16,4,3,3,2,1,1,1,0,0,0,0,"688152,626592","5333833,26519","11,52874931","48,129919836",0,1,#66c2a5,bicycle
219934,9,7,72,170,2019,10,5,4,3,8,1,2,0,1,0,0,0,0,"632246,511142","5331908,36446","10,777234419","48,126684834",1,2,#fc8d62,car
219954,9,2,61,0,2019,10,12,4,2,0,1,0,1,0,0,0,0,0,"732928,958188","5379527,38553","12,154931772","48,52559085",0,1,#66c2a5,bicycle
219955,9,1,90,139,2019,10,12,4,3,0,7,0,0,1,0,0,0,0,"655226,984342","5296164,80205","11,072964959","47,800114229",0,2,#fc8d62,car
219956,9,1,90,140,2019,10,17,4,3,6,6,2,0,0,1,0,0,1,"645043,140832","5295060,55752","10,93667968","47,792559399",1,3,#8da0cb,toilet
219963,9,1,63,0,2019,10,11,4,3,0,7,0,1,0,0,0,0,0,"732742,008322","5304874,13965","12,111497414","47,855017757",0,1,#66c2a5,bicycle
219964,9,1,86,143,2019,10,14,4,3,5,3,0,0,1,0,1,0,0,"685165,755526","5378776,61334","11,508393489","48,534751066",0,2,#fc8d62,car
219967,9,1,79,126,2019,10,15,4,3,0,1,0,1,0,0,0,0,0,"676697,871102","5340641,64462","11,37776889","48,194404747",0,1,#66c2a5,bicycle
219968,9,1,88,144,2019,10,10,4,2,0,1,0,1,0,0,0,0,0,"668748,587297","5327807,28981","11,265801713","48,081187177",1,1,#66c2a5,bicycle
219969,9,1,74,115,2019,10,9,4,3,0,2,0,1,1,0,0,0,0,"681845,692018","5347806,47863","11,45005046","48,257353517",1,1,#66c2a5,bicycle
219970,9,1,78,143,2019,10,10,4,3,0,1,0,1,0,0,0,0,0,"716937,771979","5373149,32514","11,935331501","48,474016172",0,1,#66c2a5,bicycle
219971,9,1,77,139,2019,10,14,4,3,1,5,0,0,1,0,0,0,0,"731741,863271","5360530,72909","12,1283717","48,355382676",0,2,#fc8d62,car
219972,9,1,62,0,2019,10,18,3,3,5,3,2,1,1,0,0,0,0,"691998,010468","5336344,25638","11,581509008","48,15133993",0,1,#66c2a5,bicycle
219973,9,1,62,0,2019,10,8,3,3,9,1,0,0,1,0,0,0,0,"690432,004729","5330173,83504","11,557718512","48,096350927",1,2,#fc8d62,car
219974,9,1,62,0,2019,10,15,3,2,0,7,1,1,0,0,0,0,0,"693810,292718","5336082,47078","11,605730832","48,148437469",1,1,#66c2a5,bicycle
219975,9,1,62,0,2019,10,10,3,3,5,3,0,0,1,0,0,0,0,"691463,890203","5332776,2129","11,572731357","48,119431761",1,2,#fc8d62,car
219976,9,1,62,0,2019,10,14,3,3,0,7,0,1,0,0,0,0,0,"691133,342","5336776,542","11,570089417","48,155485685",1,1,#66c2a5,bicycle
219977,9,1,62,0,2019,10,19,3,3,5,3,2,0,1,0,1,0,0,"687406,135456","5333983,7629","11,518792823","48,131492774",0,2,#fc8d62,car
219978,9,1,62,0,2019,10,13,3,3,3,2,0,1,0,0,0,0,1,"686757,24134","5330262,68343","11,508450652","48,098237072",0,1,#66c2a5,bicycle
219979,9,1,62,0,2019,10,19,3,3,5,2,2,1,1,0,0,0,0,"689698,807772","5331914,05172","11,548654586","48,11221087",0,1,#66c2a5,bicycle
219980,9,1,84,136,2019,10,14,3,3,6,6,0,0,1,1,0,0,0,"698084,049874","5327141,116","11,658975598","48,066762367",1,2,#fc8d62,car
219981,9,1,62,0,2019,10,9,3,3,5,3,0,0,1,0,0,0,0,"688562,243216","5332393,91074","11,533612227","48,116861441",1,2,#fc8d62,car
219982,9,1,62,0,2019,10,13,3,3,3,3,0,0,1,0,0,0,0,"691543,355631","5333665,09005","11,574197441","48,127397004",1,2,#fc8d62,car
219983,9,1,62,0,2019,10,14,3,3,4,3,0,1,1,0,0,0,0,"684076,282","5335095,407","11,474562709","48,142456618",1,1,#66c2a5,bicycle
219984,9,1,62,0,2019,10,18,3,3,2,7,2,1,1,0,0,0,0,"688342,577021","5337253,56801","11,532812664","48,160605899",1,1,#66c2a5,bicycle
219985,9,1,62,0,2019,10,8,3,3,2,6,0,0,1,0,1,0,0,"687889,352666","5334100,66973","11,525332422","48,132401099",1,2,#fc8d62,car
219986,9,1,62,0,2019,10,9,3,3,3,6,0,0,1,0,0,0,1,"698544,65954","5335164,0668","11,668884197","48,138723584",1,2,#fc8d62,car
219987,9,1,62,0,2019,10,8,3,3,5,3,0,0,1,0,0,0,0,"695595,824976","5330954,30914","11,627357539","48,101801547",1,2,#fc8d62,car
219991,9,7,77,177,2019,10,20,3,3,8,7,2,0,1,0,0,0,0,"633201,616395","5319706,87758","10,786260839","48,016761517",1,2,#fc8d62,car
219992,9,7,61,0,2019,10,19,3,3,5,3,2,0,1,0,0,0,0,"640345,610435","5357279,50311","10,894424409","48,353085589",0,2,#fc8d62,car
219993,9,7,71,112,2019,10,17,3,3,8,6,1,0,1,0,0,0,0,"649780,309","5368787,323","11,025802891","48,454384505",1,2,#fc8d62,car
220017,9,2,61,0,2019,10,19,3,3,4,2,2,1,1,0,0,0,0,"732369,159696","5381834,89708","12,148647825","48,546526074",0,1,#66c2a5,bicycle
220018,9,2,61,0,2019,10,10,3,3,0,1,0,0,0,0,1,0,0,"733923,383704","5381002,00115","12,169206827","48,53846701",1,4,#e78ac3,marker
220021,9,1,87,117,2019,10,18,3,3,6,4,2,0,1,1,0,0,0,"725428,207382","5305434,68262","12,014154488","47,862661104",1,2,#fc8d62,car
220025,9,1,88,139,2019,10,16,3,2,6,4,1,0,1,1,0,0,0,"674680,62471","5319081,41475","11,34182389","48,001147549",1,2,#fc8d62,car
220026,9,1,79,126,2019,10,17,3,3,4,6,2,1,0,0,0,0,0,"676349,078","5340784,422","11,373138772","48,195785146",1,1,#66c2a5,bicycle