OBJECTID,ULAND,UREGBEZ,UKREIS,UGEMEINDE,UJAHR,UMONAT,USTUNDE,UWOCHENTAG,UKATEGORIE,UART,UTYP1,ULICHTVERH,IstRad,IstPKW,IstFuss,IstKrad,IstGkfz,IstSonstig,LINREFX,LINREFY,XGCSWGS84,YGCSWGS84,STRZUSTAND,Teilnehmer,color,symbol
220027,9,1,79,121,2019,10,6,3,3,5,3,1,1,1,0,0,0,0,"667624,443484","5339143,48233","11,255180125","48,183396263",1,1,#66c2a5,bicycle
220028,9,1,62,0,2019,10,9,2,3,0,7,0,1,0,0,0,0,0,"695113,515829","5340988,17608","11,625484485","48,192128962",1,1,#66c2a5,bicycle
220029,9,1,62,0,2019,10,21,2,3,5,2,2,0,1,0,1,0,0,"690343,730945","5334740,41218","11,558572518","48,13742183",0,2,#fc8d62,car
220030,9,1,84,149,2019,10,19,2,2,6,2,2,0,0,1,0,0,1,"690356,015716","5349893,32464","11,565534539","48,273610382",0,3,#8da0cb,toilet
220031,9,1,62,0,2019,10,10,2,3,4,1,0,0,1,0,0,1,0,"692175,828751","5332821,27091","11,582308042","48,11962227",1,2,#fc8d62,car
220032,9,1,62,0,2019,10,8,2,3,5,2,0,0,1,0,0,0,1,"689929,055","5336600,528","11,55383406","48,154264475",1,2,#fc8d62,car
220033,9,1,62,0,2019,10,20,2,3,6,7,2,0,1,1,0,0,0,"685189,17966","5335315,14562","11,489604507","48,144108774",0,2,#fc8d62,car
220034,9,1,62,0,2019,10,18,2,3,0,7,2,1,0,0,0,0,1,"683417,72975","5337579,60471","11,466788925","48,164976273",0,1,#66c2a5,bicycle
220035,9,1,84,147,2019,10,17,2,3,0,7,1,0,1,0,0,0,0,"697029,612341","5340242,00222","11,650893228","48,184831422",1,2,#fc8d62,car
220036,9,1,62,0,2019,10,18,2,3,2,6,2,1,1,0,0,0,0,"691836,508514","5336806,62277","11,579548238","48,155544325",0,1,#66c2a5,bicycle
220039,9,7,61,0,2019,10,9,2,3,2,1,0,1,1,0,0,0,0,"640813,04","5356909,321","10,90060647","48,349652976",0,1,#66c2a5,bicycle
220051,9,1,73,126,2019,10,6,2,3,6,2,1,0,1,1,0,0,0,"684896,316742","5304841,84023","11,472536279","47,870277218",1,2,#fc8d62,car
220053,9,1,77,131,2019,10,10,2,3,5,3,0,1,1,0,0,0,0,"711811,288339","5347284,80518","11,853039982","48,243360311",1,1,#66c2a5,bicycle
220054,9,1,62,0,2019,10,15,1,3,5,6,0,1,1,0,0,0,0,"690499,760887","5330602,21705","11,558818794","48,100180996",1,1,#66c2a5,bicycle
220055,9,1,62,0,2019,10,13,1,3,0,7,0,1,0,0,0,0,0,"680725,451474","5335622,96093","11,429783377","48,14815939",0,1,#66c2a5,bicycle
220056,9,1,62,0,2019,10,13,1,3,5,2,0,1,0,0,0,0,0,"688251,447","5328939,874","11,527916875","48,085907629",0,1,#66c2a5,bicycle
220057,9,1,84,146,2019,10,11,1,3,5,3,0,1,1,0,0,0,0,"697403,867086","5328332,02492","11,65040528","48,077676425",0,1,#66c2a5,bicycle
220058,9,1,62,0,2019,10,19,1,3,4,6,1,0,1,0,0,0,0,"692247,71241","5337198,15077","11,585248602","48,158939118",0,2,#fc8d62,car
220061,9,7,72,125,2019,10,21,1,3,8,3,2,0,1,0,0,0,0,"637274,962241","5347632,05751","10,849859604","48,267010763",0,2,#fc8d62,car
220062,9,7,61,0,2019,10,16,1,3,2,6,0,0,1,0,0,0,0,"641749,005","5360073,835","10,914298572","48,37789762",0,2,#fc8d62,car
220063,9,7,61,0,2019,10,1,1,1,8,1,2,0,1,0,0,0,0,"640778,923575","5355252,33709","10,899592375","48,334761484",0,2,#fc8d62,car
220064,9,7,61,0,2019,10,23,1,3,5,3,2,1,1,0,0,0,0,"639752,357362","5360035,31536","10,887336668","48,377996669",1,1,#66c2a5,bicycle
220078,9,2,74,124,2019,10,12,1,3,8,1,0,0,0,0,1,0,0,"723246,883","5374955,267","12,021541068","48,488033029",0,4,#e78ac3,marker
220083,9,1,63,0,2019,10,12,1,3,5,7,0,1,1,0,0,0,0,"732784,556914","5305184,81819","12,112232564","47,857793523",0,1,#66c2a5,bicycle
220084,9,1,87,137,2019,10,11,1,3,0,1,0,1,0,0,0,0,0,"729225,672","5306862,459","12,0656122","47,874145531",0,1,#66c2a5,bicycle
220085,9,1,87,179,2019,10,12,1,3,2,6,0,1,0,0,0,0,0,"724745,339896","5311127,48694","12,008000021","47,914049941",0,1,#66c2a5,bicycle
220086,9,1,87,137,2019,10,11,1,2,0,1,0,1,0,0,0,0,0,"728723,258926","5307132,98082","12,059046147","47,876755149",0,1,#66c2a5,bicycle
220088,9,1,86,152,2019,10,13,1,3,0,1,0,0,0,0,1,0,0,"690775,888833","5373407,32264","11,581859042","48,484815733",0,4,#e78ac3,marker
220089,9,1,62,0,2019,11,12,4,3,5,3,0,1,1,0,0,0,0,"685018,825454","5328389,9557","11,484312415","48,081911049",0,1,#66c2a5,bicycle
220090,9,1,62,0,2019,11,13,4,3,3,2,0,1,1,0,0,0,0,"689840,949552","5337417,84847","11,553015274","48,161636856",0,1,#66c2a5,bicycle
220091,9,1,62,0,2019,11,10,4,3,5,3,0,0,1,0,0,0,0,"683981,190106","5337546,30118","11,474345188","48,164514108",0,2,#fc8d62,car
220092,9,1,62,0,2019,11,8,4,3,4,2,0,1,1,0,0,0,0,"684309,477726","5336608,81369","11,478349845","48,155992406",0,1,#66c2a5,bicycle
220093,9,1,62,0,2019,11,18,4,3,3,6,2,0,1,0,0,0,1,"688509,550022","5336351,30394","11,534656091","48,152446755",0,2,#fc8d62,car
220094,9,1,62,0,2019,11,18,4,3,2,6,2,1,0,0,0,0,1,"696984,890069","5335236,28887","11,647974127","48,139857422",0,1,#66c2a5,bicycle
220095,9,1,62,0,2019,11,8,4,3,5,3,0,1,1,0,0,0,0,"693923,757","5335656,411","11,607060624","48,14457362",0,1,#66c2a5,bicycle
220096,9,1,62,0,2019,11,17,4,3,2,5,2,1,1,0,0,0,0,"691640,40286","5336734,68687","11,576881656","48,154956903",0,1,#66c2a5,bicycle
220105,9,7,61,0,2019,11,9,4,3,3,5,0,1,1,0,0,0,0,"640173,429978","5359500,04388","10,892841495","48,373090273",1,1,#66c2a5,bicycle
220106,9,7,72,147,2019,11,11,4,3,0,7,0,1,0,0,0,0,0,"637963,145787","5365869,08631","10,865104561","48,430846441",0,1,#66c2a5,bicycle
220107,9,7,61,0,2019,11,5,4,3,6,4,2,0,1,1,0,0,0,"637586,156138","5361465,09021","10,858566722","48,39132907",0,2,#fc8d62,car
220108,9,7,61,0,2019,11,19,4,3,0,6,2,1,0,0,0,0,0,"640920,3055","5361409,04871","10,903561342","48,390088975",0,1,#66c2a5,bicycle
220109,9,7,61,0,2019,11,9,4,2,0,1,0,1,0,0,0,0,0,"638767,089081","5357282,49087","10,873129977","48,353461296",1,1,#66c2a5,bicycle
220110,9,1,79,142,2019,11,17,5,2,6,7,2,0,0,1,0,0,1,"672704,668117","5340503,18855","11,32402368","48,194258619",0,3,#8da0cb,toilet
220111,9,1,88,121,2019,11,9,5,3,5,3,0,1,0,1,0,0,0,"670264,230598","5330511,4598","11,287214059","48,105094354",0,1,#66c2a5,bicycle
220112,9,1,79,123,2019,11,8,5,2,5,3,0,1,1,0,0,0,0,"677735,635366","5333822,35286","11,388871519","48,132815922",0,1,#66c2a5,bicycle
220113,9,1,79,121,2019,11,11,5,3,2,6,0,0,1,0,0,0,0,"666521,503744","5337764,39029","11,239812877","48,17128825",0,2,#fc8d62,car
220114,9,1,78,145,2019,11,18,5,2,0,1,2,1,0,0,0,0,0,"697835,430887","5354670,28566","11,66846511","48,314248726",0,1,#66c2a5,bicycle
220115,9,1,77,117,2019,11,7,5,3,2,6,0,1,1,0,0,0,0,"715673,030386","5354879,13877","11,908861975","48,310294852",0,1,#66c2a5,bicycle
220116,9,1,62,0,2019,11,9,4,3,6,7,0,0,0,1,0,0,1,"687680,390119","5336741,97991","11,523690941","48,156203446",0,3,#8da0cb,toilet
220117,9,1,62,0,2019,11,17,4,3,5,2,2,1,1,0,0,0,0,"696600,183048","5333522,36415","11,642017562","48,124572673",0,1,#66c2a5,bicycle
220118,9,1,62,0,2019,11,14,4,3,5,2,0,0,1,0,0,0,0,"687485,573699","5338922,41902","11,522035182","48,175859141",0,2,#fc8d62,car
220119,9,7,61,0,2019,11,14,4,3,5,2,0,1,1,0,0,0,0,"641459,834141","5358558,73687","10,909885922","48,364339365",0,1,#66c2a5,bicycle
220120,9,7,61,0,2019,11,7,4,3,8,1,0,0,0,0,1,0,0,"640435,84333","5359926,11161","10,896525323","48,376862988",0,4,#e78ac3,marker
220145,9,2,74,126,2019,11,13,4,3,0,3,0,1,1,0,0,0,0,"733578,596245","5383867,70268","12,166150262","48,564336811",0,1,#66c2a5,bicycle
220148,9,1,63,0,2019,11,7,4,3,5,3,0,0,1,0,1,0,0,"733061,487003","5306701,62602","12,116746942","47,871320277",0,2,#fc8d62,car
220151,9,1,62,0,2019,11,13,3,3,0,1,0,0,0,0,1,0,0,"686248,644315","5332194,86258","11,502469612","48,115753187",1,4,#e78ac3,marker
220152,9,1,62,0,2019,11,5,3,3,5,2,2,1,1,0,0,0,0,"687450,209506","5336041,60697","11,520290383","48,149976222",1,1,#66c2a5,bicycle
220153,9,1,62,0,2019,11,7,3,3,3,2,0,1,1,0,0,0,0,"691162,219445","5340863,9359","11,572315354","48,192213859",1,1,#66c2a5,bicycle
220154,9,1,62,0,2019,11,17,3,3,5,2,2,1,1,0,0,0,0,"686388,038145","5338400,66352","11,507057198","48,171492301",0,1,#66c2a5,bicycle
220155,9,1,62,0,2019,11,7,3,3,3,2,0,1,1,0,0,0,0,"689629,276534","5342586,84459","11,552478769","48,208158784",1,1,#66c2a5,bicycle
220156,9,1,62,0,2019,11,19,3,3,6,6,2,1,0,1,0,0,0,"689038,431384","5332268,67827","11,539948492","48,115594654",0,1,#66c2a5,bicycle
220157,9,1,62,0,2019,11,7,3,3,2,6,0,1,1,0,0,0,0,"691222,480359","5337355,03346","11,571546768","48,160658293",1,1,#66c2a5,bicycle
220162,9,7,72,159,2019,11,11,3,3,0,2,0,0,1,0,0,0,0,"622330,338083","5361262,35873","10,652520935","48,39264991",1,2,#fc8d62,car
220163,9,7,61,0,2019,11,15,3,3,1,6,0,1,1,0,0,0,0,"638482,337601","5359754,89127","10,870102386","48,375755179",0,1,#66c2a5,bicycle
220164,9,7,61,0,2019,11,14,3,3,5,7,0,1,1,0,0,0,0,"640614,002257","5354940,34643","10,897264172","48,33199287",0,1,#66c2a5,bicycle
220165,9,7,61,0,2019,11,17,3,3,5,3,1,0,1,0,0,0,0,"639979,442841","5360253,56435","10,890474377","48,379908757",0,2,#fc8d62,car
220189,9,1,73,126,2019,11,16,3,3,1,7,0,0,1,0,0,0,1,"686739,705344","5303403,43589","11,496541711","47,856814333",1,2,#fc8d62,car
220192,9,1,63,0,2019,11,15,3,3,0,3,0,0,1,0,1,0,0,"733494,938856","5304909,38727","12,121566848","47,855061345",1,2,#fc8d62,car
220195,9,1,86,143,2019,11,15,3,3,5,4,0,0,1,1,0,0,0,"683800,616383","5377719,73695","11,489452593","48,525653317",0,2,#fc8d62,car
220197,9,1,79,142,2019,11,18,3,3,6,6,2,0,1,1,0,0,0,"672817,113484","5340203,18609","11,32541343","48,191531169",0,2,#fc8d62,car
220198,9,1,74,115,2019,11,14,3,3,2,6,0,0,1,0,0,0,0,"683245,991322","5349759,81744","11,469745168","48,274507534",0,2,#fc8d62,car
220199,9,1,78,143,2019,11,7,3,3,0,1,0,1,1,0,0,0,0,"716876,080441","5373180,51252","11,934514081","48,474317654",1,1,#66c2a5,bicycle
220200,9,1,77,117,2019,11,7,3,3,5,3,0,1,1,0,0,0,0,"715392,289","5352045,627","11,903635265","48,284930984",1,1,#66c2a5,bicycle
220201,9,1,62,0,2019,11,16,2,3,2,6,1,0,1,0,0,0,0,"688141,990149","5337135,9652","11,530065911","48,159608251",0,2,#fc8d62,car
220202,9,1,62,0,2019,11,14,2,3,5,3,0,1,1,0,0,0,0,"691335,966","5338426,502","11,573553359","48,170254344",1,1,#66c2a5,bicycle
220203,9,1,62,0,2019,11,16,2,3,5,3,0,1,0,0,0,0,0,"690911,407135","5335116,15862","11,566363637","48,140628961",1,1,#66c2a5,bicycle
220204,9,1,62,0,2019,11,9,2,2,5,7,0,1,1,0,0,0,0,"690378,695178","5332740,1211","11,558148415","48,119432746",0,1,#66c2a5,bicycle
220205,9,1,84,149,2019,11,12,2,3,5,3,0,1,1,0,0,0,0,"690143,371004","5350493,46366","11,562941529","48,279068154",0,1,#66c2a5,bicycle
220206,9,1,62,0,2019,11,18,2,3,5,3,2,1,1,0,0,0,0,"697507,34055","5332827,75636","11,6538731","48,118049226",1,1,#66c2a5,bicycle
220207,9,1,62,0,2019,11,7,2,3,6,4,0,1,0,1,0,0,1,"697989,534988","5333739,47861","11,660768456","48,126093396",0,1,#66c2a5,bicycle
220208,9,1,62,0,2019,11,17,2,2,6,2,2,0,1,1,0,0,0,"692061,411","5333346,753","11,581008947","48,124379749",1,2,#fc8d62,car
220209,9,1,62,0,2019,11,16,2,3,5,3,1,0,1,0,0,0,0,"683903,222","5339492,407","11,474139512","48,182029277",1,2,#fc8d62,car
220210,9,1,62,0,2019,11,16,2,3,5,2,0,0,1,0,0,0,0,"699372,28","5328558,095","11,676909523","48,079095807",1,2,#fc8d62,car
220211,9,1,62,0,2019,11,16,2,3,6,4,0,1,0,1,0,0,0,"688759,231","5332405,949","11,53626169","48,116911284",1,1,#66c2a5,bicycle
220212,9,1,62,0,2019,11,19,2,3,5,3,2,0,1,0,0,0,0,"688078,374558","5334844,12059","11,528198658","48,139027559",1,2,#fc8d62,car
220213,9,1,62,0,2019,11,12,2,3,0,7,0,1,0,0,0,0,1,"692607,936262","5338053,99019","11,590475108","48,16652216",0,1,#66c2a5,bicycle
220219,9,7,78,203,2019,11,12,2,3,0,1,0,1,0,0,0,0,0,"621844,995752","5323753,40867","10,635184831","48,055420558",0,1,#66c2a5,bicycle
220222,9,7,71,130,2019,11,21,2,3,2,6,2,0,1,0,0,0,0,"646827,029419","5363904,4024","10,984173749","48,411177685",1,2,#fc8d62,car
220223,9,7,71,142,2019,11,18,2,3,5,3,2,1,1,0,0,0,0,"645256,147529","5353026,05315","10,959202305","48,313730759",1,1,#66c2a5,bicycle
220224,9,7,61,0,2019,11,18,2,3,1,1,2,0,1,0,0,0,0,"641121,991202","5358781,77842","10,905402074","48,366420491",0,2,#fc8d62,car
220225,9,7,61,0,2019,11,17,2,3,5,1,2,0,1,0,0,0,1,"640565,266024","5353705,37225","10,896195133","48,320899146",1,2,#fc8d62,car
220226,9,7,61,0,2019,11,15,2,3,0,1,0,0,1,0,0,0,0,"642958,868835","5358001,70939","10,929923622","48,358993148",1,2,#fc8d62,car
220227,9,7,61,0,2019,11,21,2,3,6,6,2,0,0,1,0,0,1,"640793,423","5359133,743","10,90108618","48,369658607",1,3,#8da0cb,toilet
220263,9,2,61,0,2019,11,7,2,3,2,6,0,0,1,0,0,0,0,"732821,481894","5381870,78247","12,154787265","48,54668074",0,2,#fc8d62,car
220267,9,1,87,177,2019,11,10,2,3,5,3,0,0,1,0,0,0,0,"735300,12263","5305390,70566","12,145924498","47,858727127",0,2,#fc8d62,car
220268,9,1,87,117,2019,11,7,2,3,5,3,0,0,1,0,1,0,0,"725612,020198","5304629,60509","12,01618872","47,855363028",0,2,#fc8d62,car
220269,9,1,86,143,2019,11,16,2,2,6,4,2,0,1,1,0,0,0,"685276,888744","5378176,61687","11,509630801","48,529325672",1,2,#fc8d62,car
220271,9,1,88,137,2019,11,18,2,3,5,3,1,0,1,0,1,0,0,"672057,429678","5314967,62959","11,305038299","47,964876274",0,2,#fc8d62,car
220272,9,1,88,118,2019,11,17,2,3,4,6,2,0,1,0,0,0,0,"671137,56718","5312979,16358","11,291934087","47,947246444",0,2,#fc8d62,car
220273,9,1,81,130,2019,11,13,2,3,0,1,0,0,0,0,0,0,1,"639099,128464","5323675,7018","10,866594118","48,051193962",0,6,#ffd92f,circle
220274,9,1,79,121,2019,11,7,2,3,7,1,0,0,0,0,1,0,0,"662131,321936","5338860,30849","11,181225407","48,182276095",0,4,#e78ac3,marker
220275,9,1,81,123,2019,11,18,2,3,8,1,2,0,0,0,0,0,1,"654116,160284","5326152,81039","11,068873283","48,070016683",1,6,#ffd92f,circle
220276,9,1,74,115,2019,11,18,2,3,5,3,2,0,1,0,0,0,0,"683624,339458","5348723,98739","11,47438973","48,265087532",0,2,#fc8d62,car
220277,9,1,74,115,2019,11,14,2,3,6,7,0,0,1,1,0,0,0,"680933,93391","5346426,31757","11,437187764","48,245208733",1,2,#fc8d62,car
220278,9,1,78,124,2019,11,11,2,3,0,6,0,1,1,0,0,0,0,"702560,539096","5364646,52201","11,736925798","48,402403217",0,1,#66c2a5,bicycle
220279,9,1,77,117,2019,11,8,2,2,5,3,0,1,0,0,0,0,0,"715372,790143","5354299,10624","11,904521938","48,305185477",0,1,#66c2a5,bicycle
220280,9,1,77,117,2019,11,14,2,3,0,4,0,0,0,1,1,0,0,"715868,866457","5354393,57756","11,911251385","48,305865249",0,3,#8da0cb,toilet
220281,9,1,75,115,2019,11,11,2,3,9,1,0,0,1,0,0,0,0,"715621,319482","5334549,27474","11,897829088","48,127642919",1,2,#fc8d62,car
220282,9,1,62,0,2019,11,17,1,3,1,1,2,0,1,0,0,0,0,"692028,08467","5332389,3748","11,580130361","48,115785017",1,2,#fc8d62,car
220283,9,1,62,0,2019,11,19,1,3,0,7,2,0,1,0,1,0,0,"692852,331597","5332462,08199","11,59122628","48,116189426",1,2,#fc8d62,car
220284,9,1,62,0,2019,11,14,1,3,0,7,0,1,0,0,0,0,0,"689658,175801","5333409,11929","11,548774275","48,125660772",1,1,#66c2a5,bicycle
220285,9,1,62,0,2019,11,18,1,2,5,2,2,0,1,0,0,0,0,"695670,919286","5330908,38248","11,628344093","48,101365722",1,2,#fc8d62,car
220286,9,1,62,0,2019,11,12,1,3,0,7,0,1,0,0,0,0,0,"696709,009538","5333470,00734","11,643454255","48,124068506",0,1,#66c2a5,bicycle
220287,9,1,62,0,2019,11,18,1,3,6,3,2,0,1,1,0,0,0,"683444,924871","5335912,17731","11,466435399","48,149980603",1,2,#fc8d62,car
220288,9,1,62,0,2019,11,17,1,3,2,6,2,0,1,0,0,0,0,"689680,691082","5340133,12663","11,552073871","48,186089558",1,2,#fc8d62,car
220289,9,1,62,0,2019,11,19,1,3,3,6,2,0,1,0,1,0,0,"692280,094897","5334899,01375","11,584645105","48,138265178",1,2,#fc8d62,car
220292,9,7,61,0,2019,11,1,1,3,5,3,2,0,1,0,0,0,0,"639036,323605","5362830,21567","10,878597277","48,40328586",0,2,#fc8d62,car
220293,9,7,61,0,2019,11,1,1,3,0,7,2,0,0,0,0,0,1,"637514,464354","5361930,85597","10,857751318","48,395532795",0,6,#ffd92f,circle
220304,9,1,88,132,2019,11,12,1,3,4,6,0,0,1,0,0,0,0,"667056,452168","5322599,1218","11,241065413","48,034810337",1,2,#fc8d62,car
220305,9,1,88,144,2019,11,16,1,3,0,1,1,1,0,0,0,0,0,"667095,454943","5326528,28636","11,243122594","48,070124132",1,1,#66c2a5,bicycle
220306,9,1,62,0,2019,11,22,7,3,0,1,1,0,0,0,0,0,1,"691729,68846","5334957,73678","11,577280705","48,138959048",0,6,#ffd92f,circle
220307,9,1,62,0,2019,11,19,7,3,4,7,2,1,1,0,0,0,0,"691769,835632","5336434,63309","11,57848503","48,152221056",0,1,#66c2a5,bicycle
220308,9,1,62,0,2019,11,19,7,3,0,7,2,0,0,0,1,0,0,"681121,291459","5336567,37033","11,435502231","48,156535922",1,4,#e78ac3,marker
220309,9,1,62,0,2019,11,16,7,3,2,6,0,0,1,0,0,0,0,"697008,362953","5331221,27069","11,646433906","48,103765659",0,2,#fc8d62,car
220310,9,1,62,0,2019,11,16,7,3,5,3,0,0,1,0,0,0,1,"690943,695","5334311,699","11,566436606","48,133388843",0,2,#fc8d62,car
220311,9,1,84,149,2019,11,11,7,3,5,3,0,0,1,0,0,0,0,"690772,210357","5349729,29734","11,571063959","48,272010929",0,2,#fc8d62,car
220312,9,1,62,0,2019,11,20,7,3,7,7,2,1,0,0,0,0,1,"690133,668543","5336020,85135","11,556323549","48,148993213",1,1,#66c2a5,bicycle
220313,9,1,62,0,2019,11,14,7,3,5,2,0,1,1,0,0,0,0,"688631,072488","5331509,88681","11,534145142","48,108895275",1,1,#66c2a5,bicycle
220314,9,1,62,0,2019,11,12,7,3,0,7,0,1,0,0,0,0,0,"691488,364222","5337326,50723","11,575105771","48,160321887",1,1,#66c2a5,bicycle
220316,9,7,61,0,2019,11,11,7,3,0,1,0,1,0,0,0,0,0,"640670,240067","5359922,17795","10,899687625","48,376775406",0,1,#66c2a5,bicycle
220317,9,7,71,146,2019,11,17,7,2,8,7,2,1,0,1,0,0,0,"647546,491112","5346666,61474","10,987854135","48,256020834",0,1,#66c2a5,bicycle
220318,9,7,61,0,2019,11,14,7,2,4,2,0,1,1,0,0,0,0,"636346,081463","5360441,36437","10,841492121","48,382393125",0,1,#66c2a5,bicycle
220319,9,7,61,0,2019,11,11,7,3,5,3,0,0,1,0,0,0,0,"638135,279434","5360489,15159","10,865659525","48,382433585",0,2,#fc8d62,car
220320,9,7,61,0,2019,11,16,7,3,3,7,1,1,1,0,0,0,0,"637761,663685","5355108,51013","10,858854642","48,334133208",1,1,#66c2a5,bicycle
220321,9,7,61,0,2019,11,13,7,3,0,1,0,1,0,1,0,0,1,"640357,884579","5356310,48865","10,894266939","48,344369759",0,1,#66c2a5,bicycle
220322,9,7,61,0,2019,11,21,7,3,2,6,2,0,1,0,0,0,0,"640769,804378","5359246,21946","10,900805101","48,370675224",0,2,#fc8d62,car
220341,9,2,74,113,2019,11,9,7,3,5,3,0,0,1,0,0,0,0,"729237,867","5382434,412","12,106613573","48,553063471",0,2,#fc8d62,car
220342,9,1,90,148,2019,11,16,7,3,0,1,0,1,0,0,0,0,0,"642281,349845","5297497,0399","10,900623554","47,815085694",0,1,#66c2a5,bicycle
220343,9,1,63,0,2019,11,10,7,3,5,3,0,1,0,0,0,0,0,"733367,282","5305123,418","12,119978301","47,857030571",0,1,#66c2a5,bicycle
220345,9,1,88,139,2019,11,11,7,3,6,7,0,0,1,1,0,0,0,"674652,229041","5319200,10244","11,341491847","48,002222269",0,2,#fc8d62,car
220346,9,1,81,130,2019,11,13,7,3,5,2,0,1,1,0,0,0,0,"639196,091846","5324408,57436","10,86813302","48,057763041",0,1,#66c2a5,bicycle
220347,9,1,62,0,2019,11,1,6,3,0,7,2,0,0,0,0,0,1,"691840,287602","5335736,99654","11,579116908","48,145929575",1,6,#ffd92f,circle
220348,9,1,62,0,2019,11,11,6,3,1,5,0,1,1,0,0,0,0,"692909,118","5337537,806","11,594287422","48,161791531",0,1,#66c2a5,bicycle
220349,9,7,61,0,2019,11,13,6,3,5,3,0,0,1,0,0,0,0,"637812,912446","5358593,7643","10,860686718","48,365461056",0,2,#fc8d62,car
220367,9,7,61,0,2019,11,15,3,3,0,1,0,1,0,0,0,0,0,"638718,995546","5356539,55227","10,87223634","48,346791488",0,1,#66c2a5,bicycle
220372,9,7,61,0,2019,11,13,3,3,6,6,0,0,0,1,1,0,0,"640060,796554","5359370,14613","10,891278133","48,371947281",0,3,#8da0cb,toilet
220379,9,1,90,157,2019,11,20,3,2,5,3,2,1,1,0,0,0,0,"659974,082354","5301147,09661","11,138154303","47,843749035",0,1,#66c2a5,bicycle
220380,9,1,90,157,2019,11,8,3,3,5,3,0,1,1,0,0,0,0,"661307,596","5300386,206","11,155681006","47,836574594",1,1,#66c2a5,bicycle
220381,9,1,83,144,2019,11,12,3,3,5,3,0,0,1,0,0,0,0,"742199,871187","5351421,67124","12,264086787","48,26964132",1,2,#fc8d62,car
220384,9,1,79,123,2019,11,7,3,3,0,7,0,1,0,0,0,0,0,"675899,880853","5333220,42847","11,363971308","48,127915058",1,1,#66c2a5,bicycle
220385,9,1,74,115,2019,11,14,3,3,1,1,0,0,0,0,1,0,1,"680351,06622","5347429,53319","11,429771252","48,254392421",0,4,#e78ac3,marker
220386,9,1,78,145,2019,11,19,3,3,4,1,2,1,0,1,0,0,0,"696772,909235","5354581,87588","11,654108277","48,313785656",0,1,#66c2a5,bicycle
220387,9,1,78,143,2019,11,6,3,3,0,1,2,1,0,0,0,0,0,"716774,528656","5373321,05289","11,933214725","48,475615366",1,1,#66c2a5,bicycle
220388,9,1,78,124,2019,11,16,3,3,0,1,2,1,0,0,0,0,0,"701591,642","5364514,921","11,723786644","48,401531123",1,1,#66c2a5,bicycle
220389,9,1,75,115,2019,11,15,3,2,5,2,0,1,1,0,0,0,0,"719925,685865","5328898,9847","11,952687035","48,075402385",0,1,#66c2a5,bicycle
220390,9,1,62,0,2019,11,14,2,3,3,6,0,0,1,0,0,1,0,"691800,507001","5340395,10811","11,580683531","48,187807723",1,2,#fc8d62,car
220391,9,1,62,0,2019,11,11,2,3,2,6,0,0,1,0,0,0,0,"693193,556371","5340382,21426","11,599401256","48,187269708",0,2,#fc8d62,car
220392,9,1,62,0,2019,11,17,2,3,3,2,1,1,1,0,0,0,0,"692461,121674","5335456,87847","11,587328022","48,143224419",0,1,#66c2a5,bicycle
220393,9,1,62,0,2019,11,17,2,3,3,7,1,1,0,0,0,0,0,"699930,345039","5335388,22635","11,687594952","48,140304271",1,1,#66c2a5,bicycle
220394,9,1,62,0,2019,11,16,2,3,1,5,0,1,1,0,0,0,0,"688400,289656","5339649,284","11,534649608","48,182121754",0,1,#66c2a5,bicycle
220395,9,1,62,0,2019,11,13,2,3,1,5,0,1,1,0,0,0,0,"685735,44424","5329916,81403","11,494589308","48,095426878",0,1,#66c2a5,bicycle
220396,9,1,62,0,2019,11,9,2,3,5,3,0,1,1,0,0,0,0,"692179,261","5331292,473","11,581665278","48,105880607",0,1,#66c2a5,bicycle
220399,9,7,62,0,2019,11,14,2,3,0,7,0,1,0,0,0,0,0,"620890,658067","5305051,91483","10,617121718","47,887407725",0,1,#66c2a5,bicycle
220400,9,7,62,0,2019,11,16,2,2,1,5,0,1,1,0,0,0,0,"621828,991399","5307482,4985","10,630354646","47,909090243",0,1,#66c2a5,bicycle
220401,9,7,62,0,2019,11,10,2,3,3,2,0,1,1,0,0,0,0,"621502,242504","5304656,56116","10,625188061","47,883736528",0,1,#66c2a5,bicycle
220403,9,7,72,184,2019,11,5,2,3,4,2,2,0,1,0,0,0,0,"636060,424438","5364143,58981","10,838835892","48,415744929",1,2,#fc8d62,car
220417,9,2,61,0,2019,11,6,2,3,6,4,2,0,1,1,0,0,0,"732129,252532","5381009,04329","12,144942056","48,539196429",0,2,#fc8d62,car
220419,9,1,73,126,2019,11,5,2,3,0,7,2,1,0,0,0,0,0,"685202,476132","5304375,92299","11,47642682","47,866000892",1,1,#66c2a5,bicycle
220423,9,1,63,0,2019,11,7,2,3,0,1,0,1,0,0,0,0,0,"731065,941079","5301524,53347","12,087336335","47,825528443",0,1,#66c2a5,bicycle
220426,9,1,79,134,2019,11,22,2,3,8,1,2,0,1,0,0,0,0,"668591,758481","5342715,7465","11,269602383","48,21525428",2,2,#fc8d62,car
220427,9,1,81,130,2019,11,18,2,3,5,3,2,0,1,0,0,0,1,"638554,286743","5325476,8762","10,859870289","48,067509273",0,2,#fc8d62,car