OBJECTID,ULAND,UREGBEZ,UKREIS,UGEMEINDE,UJAHR,UMONAT,USTUNDE,UWOCHENTAG,UKATEGORIE,UART,UTYP1,ULICHTVERH,IstRad,IstPKW,IstFuss,IstKrad,IstGkfz,IstSonstig,LINREFX,LINREFY,XGCSWGS84,YGCSWGS84,STRZUSTAND,Teilnehmer,color,symbol
220428,9,1,74,121,2019,11,6,2,3,4,6,2,0,1,0,0,0,0,"689009,243509","5354823,82955","11,549608937","48,318328186",0,2,#fc8d62,car
220429,9,1,78,124,2019,11,18,2,3,2,6,2,0,1,0,0,0,0,"700264,472765","5360675,55204","11,704045988","48,36745138",0,2,#fc8d62,car
220430,9,1,77,117,2019,11,12,2,3,0,1,0,1,0,0,0,0,0,"715739,748768","5354686,70062","11,909662245","48,308543028",0,1,#66c2a5,bicycle
220431,9,1,62,0,2019,11,2,1,3,8,1,2,0,1,0,0,0,0,"687699,952996","5334293,51185","11,522874311","48,134190295",0,2,#fc8d62,car
220432,9,1,62,0,2019,11,1,1,3,2,6,2,0,1,0,0,0,0,"690832,238494","5334553,69985","11,565048502","48,135597363",0,2,#fc8d62,car
220433,9,1,62,0,2019,11,15,1,3,4,2,2,0,1,0,0,0,0,"700035,19472","5335228,5288","11,688927796","48,138836109",0,2,#fc8d62,car
220434,9,1,62,0,2019,11,17,1,3,5,3,2,1,1,0,0,0,0,"688340,67821","5341062,77906","11,534475188","48,194844035",0,1,#66c2a5,bicycle
220435,9,1,62,0,2019,11,15,1,3,0,1,0,1,0,0,0,0,0,"695816,615503","5335160,12911","11,632251794","48,139533533",1,1,#66c2a5,bicycle
220436,9,7,77,121,2019,11,10,1,3,5,3,0,0,1,0,0,0,0,"628084,407463","5321378,44184","10,718170277","48,032840381",0,2,#fc8d62,car
220451,9,1,88,121,2019,11,4,1,3,9,1,2,0,1,0,0,0,0,"670307,025495","5330719,71315","11,28787159","48,106955078",0,2,#fc8d62,car
220452,9,1,62,0,2019,11,9,7,3,0,7,0,0,0,0,0,0,1,"691281,182795","5334766,53153","11,57117221","48,137375494",1,6,#ffd92f,circle
220453,9,1,62,0,2019,11,18,7,3,6,4,2,0,1,1,0,0,0,"690795,671","5334656,33","11,564603463","48,136530762",0,2,#fc8d62,car
220454,9,1,62,0,2019,11,0,7,3,0,7,2,0,0,0,0,0,1,"691208,108882","5334519,64991","11,570080168","48,135178505",0,6,#ffd92f,circle
220455,9,1,62,0,2019,11,10,7,3,5,2,0,0,1,0,1,0,0,"701807,201216","5331710,95244","11,711054862","48,106664494",1,2,#fc8d62,car
220456,9,1,62,0,2019,11,13,7,2,0,1,0,1,0,0,0,0,0,"692578,160248","5334837,48106","11,588619665","48,137622001",0,1,#66c2a5,bicycle
220457,9,1,62,0,2019,11,0,7,2,4,6,2,0,1,0,1,0,0,"691651,276394","5334458,26885","11,576003052","48,134493517",0,2,#fc8d62,car
220458,9,1,62,0,2019,11,5,7,3,6,7,2,0,1,1,0,0,0,"691214,443712","5335286,9013","11,570509682","48,142072584",0,2,#fc8d62,car
220459,9,1,62,0,2019,11,1,7,3,0,6,2,0,1,0,0,0,1,"691974,297","5333432,017","11,579877902","48,125172364",0,2,#fc8d62,car
220460,9,1,62,0,2019,11,17,7,3,2,6,2,0,1,0,0,0,0,"699506,633741","5334830,4177","11,681644357","48,135424176",1,2,#fc8d62,car
220461,9,1,62,0,2019,11,10,7,3,2,6,0,0,1,0,0,0,0,"689315,569249","5340133,6838","11,547166601","48,186203479",1,2,#fc8d62,car
220462,9,1,62,0,2019,11,10,7,3,1,6,0,0,1,0,0,0,0,"686095,588686","5337612,34366","11,502782438","48,164492317",0,2,#fc8d62,car
220463,9,1,62,0,2019,11,11,7,3,5,3,0,0,1,0,0,0,0,"685212,052401","5327665,37941","11,486590347","48,075342036",1,2,#fc8d62,car
220464,9,1,62,0,2019,11,21,7,3,0,4,2,0,1,1,0,0,0,"694595,522967","5336147,35338","11,616306321","48,148780881",0,2,#fc8d62,car
220465,9,1,62,0,2019,11,21,7,3,2,6,2,0,1,0,0,0,0,"691272,416306","5338950,60754","11,572935284","48,174984044",0,2,#fc8d62,car
220468,9,7,71,145,2019,11,8,7,3,0,1,0,1,0,0,0,0,0,"647532,078351","5345578,39543","10,987280769","48,246239604",0,1,#66c2a5,bicycle
220469,9,7,61,0,2019,11,13,7,3,0,1,0,1,0,0,0,0,0,"641352,219543","5352523,84974","10,906408901","48,310099786",0,1,#66c2a5,bicycle
220470,9,7,61,0,2019,11,17,7,3,0,1,0,1,0,0,0,0,0,"640716,360825","5359114,60487","10,900039827","48,36950371",0,1,#66c2a5,bicycle
220483,9,1,88,139,2019,11,17,7,3,0,1,2,1,0,0,0,0,0,"674057,318187","5318047,51536","11,333055549","47,992023072",1,1,#66c2a5,bicycle
220484,9,1,88,139,2019,11,8,7,3,5,3,0,1,1,0,0,0,0,"674959,239","5319383,01","11,345678823","48,003782599",1,1,#66c2a5,bicycle
220485,9,1,79,121,2019,11,9,7,3,1,5,0,0,1,0,0,0,0,"665655,317826","5338559,49033","11,22848121","48,178662636",0,2,#fc8d62,car
220486,9,1,78,120,2019,11,16,7,2,6,1,1,0,0,1,0,0,1,"695237,223366","5353578,63764","11,632953316","48,305245288",1,3,#8da0cb,toilet
220487,9,1,77,139,2019,11,8,7,3,0,1,0,1,0,0,0,0,0,"731915,527224","5360198,22126","12,130529254","48,352331956",1,1,#66c2a5,bicycle
220488,9,1,62,0,2019,11,8,6,2,6,4,0,0,1,1,0,0,0,"690408,657067","5334942,83281","11,559534834","48,139221759",0,2,#fc8d62,car
220489,9,1,84,119,2019,11,15,6,3,5,3,0,0,1,0,1,0,0,"697134,861741","5346714,47795","11,655315727","48,242968136",1,2,#fc8d62,car
220490,9,1,62,0,2019,11,9,6,3,5,3,0,0,1,0,0,0,1,"689325,264453","5341479,08966","11,547896713","48,198293071",0,2,#fc8d62,car
220491,9,1,62,0,2019,11,8,6,3,3,7,0,0,1,0,0,0,1,"694685,640016","5336680,75833","11,6177606","48,15354731",0,2,#fc8d62,car
220492,9,1,84,148,2019,11,17,6,3,2,6,2,0,1,0,0,0,0,"693995,105714","5325844,75121","11,603559146","48,05636748",0,2,#fc8d62,car
220493,9,1,62,0,2019,11,7,6,3,5,3,0,1,1,0,0,0,0,"685112,04716","5338925,39856","11,490139554","48,176581739",0,1,#66c2a5,bicycle
220494,9,1,62,0,2019,11,11,6,3,3,6,0,0,1,0,0,1,0,"698009,329113","5334609,08987","11,661438253","48,133902668",1,2,#fc8d62,car
220495,9,1,62,0,2019,11,20,6,3,3,6,2,1,1,0,0,0,0,"692116,868963","5337030,03312","11,58341503","48,157467658",0,1,#66c2a5,bicycle
220496,9,1,62,0,2019,11,17,6,3,5,3,2,0,1,0,0,0,1,"680637,173487","5338487,45067","11,429814008","48,1739329",0,2,#fc8d62,car
220497,9,1,84,123,2019,11,14,6,3,0,7,0,0,0,0,1,0,0,"703528,503002","5332862,09673","11,734700692","48,116461959",1,4,#e78ac3,marker
220498,9,1,62,0,2019,11,11,6,3,3,5,0,1,1,0,0,0,0,"690145,127003","5334704,45537","11,555889619","48,137158024",1,1,#66c2a5,bicycle
220508,9,7,72,200,2019,11,18,6,3,5,3,2,0,1,0,0,0,0,"630666,774785","5337692,96692","10,757791382","48,179030361",1,2,#fc8d62,car
220509,9,7,72,184,2019,11,14,6,3,5,3,0,0,1,0,0,0,0,"635268,782133","5362098,61114","10,827483507","48,397526996",0,2,#fc8d62,car
220510,9,7,71,142,2019,11,18,6,3,6,2,2,0,1,1,0,0,0,"645269,907","5353030,257","10,959389226","48,313765397",0,2,#fc8d62,car
220511,9,7,71,146,2019,11,7,6,2,5,3,0,1,0,0,0,0,1,"647144,170921","5348269,20338","10,982994657","48,270523869",1,1,#66c2a5,bicycle
220512,9,7,61,0,2019,11,22,6,3,5,1,2,1,0,0,0,0,0,"639192,117","5357275,444","10,87886163","48,353304392",0,1,#66c2a5,bicycle
220513,9,7,61,0,2019,11,13,6,3,3,1,0,1,1,0,0,0,0,"639364,11742","5358677,82241","10,881646548","48,365876314",1,1,#66c2a5,bicycle
220514,9,7,71,113,2019,11,9,6,3,1,7,0,0,1,0,0,1,0,"656776,144835","5369831,72779","11,120747985","48,462070073",0,2,#fc8d62,car
220550,9,1,63,0,2019,11,21,6,3,0,1,2,1,0,0,0,0,0,"732704,899312","5305066,52205","12,111105557","47,856759583",0,1,#66c2a5,bicycle
220554,9,1,79,142,2019,11,9,6,2,5,3,0,1,1,0,0,0,0,"673977,393277","5344078,90679","11,342601852","48,226054553",0,1,#66c2a5,bicycle
220555,9,1,79,126,2019,11,8,6,3,5,3,0,0,1,0,0,0,0,"677313,365931","5339892,67994","11,385731271","48,187500697",0,2,#fc8d62,car
220556,9,1,81,126,2019,11,14,6,2,4,1,0,0,1,0,0,0,0,"636723,415724","5331788,64133","10,837328676","48,124662343",0,2,#fc8d62,car
220557,9,1,84,149,2019,11,6,5,3,0,6,2,0,1,0,1,0,0,"690309,888571","5350090,67474","11,565002342","48,275397974",1,2,#fc8d62,car
220558,9,1,62,0,2019,11,12,5,3,0,2,0,1,0,0,0,1,1,"691733,974222","5334078,49077","11,576942528","48,131055213",0,1,#66c2a5,bicycle
220559,9,1,62,0,2019,11,14,5,3,9,1,0,0,1,0,0,0,0,"685357,251","5332463,074","11,490621045","48,118424079",0,2,#fc8d62,car
220560,9,1,62,0,2019,11,14,5,3,1,6,0,0,1,0,0,0,0,"690369,849677","5342866,83647","11,562562452","48,210453648",0,2,#fc8d62,car
220561,9,1,62,0,2019,11,23,5,3,3,6,2,0,1,0,0,0,0,"688467,496131","5339014,69946","11,535271428","48,176398122",0,2,#fc8d62,car
220562,9,1,62,0,2019,11,7,5,3,5,3,0,1,1,0,0,0,0,"677114,865744","5337276,81364","11,381972835","48,16404173",0,1,#66c2a5,bicycle
220563,9,1,62,0,2019,11,9,5,2,5,2,0,1,1,0,0,0,0,"690562,861649","5341535,34404","11,564560007","48,198428489",0,1,#66c2a5,bicycle
220564,9,1,62,0,2019,11,5,5,3,4,6,2,1,0,0,0,0,0,"691156,588222","5342264,66047","11,572870372","48,20480498",0,1,#66c2a5,bicycle
220565,9,1,62,0,2019,11,8,5,3,2,6,0,0,1,0,0,0,0,"688625,441479","5339017,35311","11,537395131","48,176375112",0,2,#fc8d62,car
220566,9,1,62,0,2019,11,8,5,3,5,3,0,0,1,0,1,0,0,"684389,11958","5339408,58144","11,480633803","48,181134986",0,2,#fc8d62,car
220567,9,1,84,112,2019,11,15,5,3,3,2,0,1,1,0,0,0,0,"699423,512765","5335859,2708","11,681010119","48,144696642",0,1,#66c2a5,bicycle
220568,9,1,62,0,2019,11,9,5,3,3,2,0,1,1,0,0,0,0,"692664,150675","5334192,95212","11,589482829","48,131803092",0,1,#66c2a5,bicycle
220569,9,1,62,0,2019,11,0,5,3,0,1,2,1,0,0,0,0,0,"689727,799683","5335437,95517","11,550612542","48,143875311",0,1,#66c2a5,bicycle
220570,9,1,62,0,2019,11,15,5,3,2,7,0,0,1,0,1,0,0,"691629,412","5338051,891","11,577327377","48,166799012",0,2,#fc8d62,car
220571,9,1,62,0,2019,11,13,5,3,5,6,0,0,0,0,0,0,1,"690822,119823","5337379,93726","11,566179526","48,161002404",0,6,#ffd92f,circle
220578,9,7,72,202,2019,11,16,5,3,4,2,1,1,1,0,0,0,0,"637052,216703","5357756,45182","10,850148967","48,35809763",0,1,#66c2a5,bicycle
220579,9,7,72,148,2019,11,11,5,3,5,3,0,0,1,0,0,0,0,"626411,397037","5353355,93319","10,705250542","48,320745466",0,2,#fc8d62,car
220580,9,7,72,184,2019,11,9,5,3,2,5,0,0,1,0,0,0,0,"634058,576514","5360412,46317","10,810604008","48,382623501",0,2,#fc8d62,car
220581,9,7,72,125,2019,11,16,5,3,5,3,0,1,1,0,0,0,0,"636281,341196","5348894,40497","10,836884097","48,278576522",0,1,#66c2a5,bicycle
220582,9,7,72,163,2019,11,7,5,3,1,6,0,0,1,0,0,0,0,"640417,786332","5349199,30766","10,892707832","48,280414307",0,2,#fc8d62,car
220583,9,7,72,125,2019,11,22,5,3,9,7,2,0,1,0,0,0,0,"637616,747153","5349372,94495","10,855029613","48,282590718",1,2,#fc8d62,car
220584,9,7,61,0,2019,11,7,5,3,6,4,0,0,1,1,0,0,0,"642796,739263","5357800,85829","10,927668026","48,357223879",0,2,#fc8d62,car
220585,9,7,61,0,2019,11,17,5,3,2,6,2,1,0,0,0,0,0,"641028,758725","5358662,86226","10,904104119","48,365372077",0,1,#66c2a5,bicycle
220586,9,7,61,0,2019,11,8,5,3,1,5,0,1,1,0,0,0,0,"640185,039317","5358076,094","10,892523566","48,360283971",0,1,#66c2a5,bicycle
220604,9,2,61,0,2019,11,7,5,3,0,1,0,1,0,0,0,0,0,"733349,844448","5381640,67728","12,161806475","48,544417508",0,1,#66c2a5,bicycle
220609,9,1,63,0,2019,11,8,5,3,2,6,0,0,1,0,0,0,0,"733749,519","5303791,749","12,124361335","47,844927917",0,2,#fc8d62,car
220610,9,1,82,127,2019,11,14,5,3,6,7,0,1,0,1,0,0,0,"699803,262","5309847,631","11,673980932","47,910803353",0,1,#66c2a5,bicycle
220612,9,1,86,143,2019,11,9,5,3,5,3,0,1,1,0,0,0,0,"685237,616285","5378532,7241","11,509257609","48,532537854",0,1,#66c2a5,bicycle
220628,9,7,71,146,2019,11,11,2,3,0,1,0,1,0,0,0,0,0,"646656,156062","5348720,56954","10,976578553","48,274695476",0,1,#66c2a5,bicycle
220630,9,7,72,163,2019,11,20,2,3,0,1,2,1,0,0,0,0,0,"640688,629044","5350160,92434","10,8966767","48,289000848",0,1,#66c2a5,bicycle
220631,9,7,61,0,2019,11,5,2,3,8,7,2,1,0,0,0,0,0,"641915,534267","5364055,17299","10,917891722","48,413658474",0,1,#66c2a5,bicycle
220632,9,7,61,0,2019,11,14,2,3,0,7,0,1,0,0,0,0,0,"641888,784915","5361098,24874","10,916531068","48,387077267",0,1,#66c2a5,bicycle
220633,9,7,61,0,2019,11,7,2,3,4,2,0,0,0,0,0,1,1,"640553,477643","5359218,56115","10,897876479","48,370474744",0,5,#a6d854,bus
220642,9,1,90,139,2019,11,6,2,3,5,3,2,1,1,0,0,0,0,"654711,741245","5295051,82472","11,065691974","47,790230743",0,1,#66c2a5,bicycle
220643,9,1,90,140,2019,11,13,2,3,5,5,0,1,1,0,0,0,0,"644193,380773","5295432,27582","10,925463478","47,79609288",0,1,#66c2a5,bicycle
220645,9,1,63,0,2019,11,18,2,3,2,6,2,0,1,0,0,0,0,"733665,23013","5303503,66454","12,123080927","47,842370389",0,2,#fc8d62,car
220648,9,1,86,143,2019,11,5,2,2,5,3,2,1,1,0,0,0,0,"685123,170289","5379164,72507","11,507989575","48,538251867",0,1,#66c2a5,bicycle
220650,9,1,88,139,2019,11,8,2,3,6,3,0,0,0,1,0,1,0,"675437,123996","5319417,44008","11,352094323","48,00396115",0,3,#8da0cb,toilet
220651,9,1,79,145,2019,11,13,2,3,0,7,0,0,1,0,0,0,1,"676257,21264","5338915,98003","11,371128328","48,179014895",0,2,#fc8d62,car
220652,9,1,74,126,2019,11,10,2,3,6,7,0,0,1,1,0,0,0,"683914,695015","5344022,91083","11,47625687","48,222748223",0,2,#fc8d62,car
220653,9,1,77,115,2019,11,13,2,3,1,1,0,1,1,0,0,0,1,"733868,113307","5351921,20446","12,152257012","48,277259299",0,1,#66c2a5,bicycle
220654,9,1,62,0,2019,11,17,1,3,5,3,2,1,1,0,0,0,0,"689125,424009","5343469,95513","11,546097407","48,216246463",0,1,#66c2a5,bicycle
220655,9,1,62,0,2019,11,16,1,3,5,3,1,1,1,0,0,0,0,"690357,163992","5334415,93114","11,558607896","48,134501379",0,1,#66c2a5,bicycle
220656,9,1,62,0,2019,11,22,1,3,1,6,2,0,1,0,0,0,0,"694045,927587","5333032,8228","11,607506393","48,120956487",1,2,#fc8d62,car
220657,9,1,62,0,2019,11,6,1,3,6,4,2,0,1,1,0,0,0,"694225,576232","5332759,9717","11,609793544","48,118449421",1,2,#fc8d62,car
220658,9,1,62,0,2019,11,3,1,3,0,7,2,1,0,0,0,0,0,"692818,222051","5334759,03654","11,591807624","48,136844267",1,1,#66c2a5,bicycle
220661,9,7,72,202,2019,11,12,1,3,8,1,0,0,1,0,0,0,0,"636417,314","5356775,317","10,841264649","48,349412783",1,2,#fc8d62,car
220662,9,7,61,0,2019,11,12,1,3,5,3,0,1,1,0,0,0,0,"640623,945949","5359077,54962","10,898780306","48,369191119",0,1,#66c2a5,bicycle
220674,9,1,78,124,2019,11,2,1,3,9,6,2,0,1,0,0,0,0,"703479,864293","5359322,2788","11,746755556","48,354262319",1,2,#fc8d62,car
220675,9,1,62,0,2019,11,9,7,3,6,2,0,0,1,1,0,0,0,"683878,815841","5336164,1754","11,472372348","48,15212042",0,2,#fc8d62,car
220676,9,1,62,0,2019,11,11,7,3,1,5,0,1,1,0,0,0,0,"689285,742668","5335983,9465","11,544918573","48,148914395",0,1,#66c2a5,bicycle
220677,9,1,62,0,2019,11,16,7,3,5,2,1,1,1,0,0,0,0,"690323,644308","5335859,79107","11,5588031","48,147488795",0,1,#66c2a5,bicycle
220678,9,1,62,0,2019,11,13,7,3,3,6,0,0,1,0,0,0,1,"686220,560803","5334304,33563","11,503014296","48,134722183",0,2,#fc8d62,car
220679,9,1,62,0,2019,11,19,7,3,5,7,2,1,1,0,0,0,0,"696979,854261","5331565,2427","11,646210158","48,106865893",0,1,#66c2a5,bicycle
220680,9,1,62,0,2019,11,14,7,3,8,1,0,1,0,0,0,0,0,"695393,733359","5333129,6244","11,625642344","48,121414324",0,1,#66c2a5,bicycle
220681,9,1,62,0,2019,11,13,7,3,5,2,0,1,1,0,0,0,0,"693886,230343","5331334,51122","11,604590718","48,105741221",0,1,#66c2a5,bicycle
220682,9,1,62,0,2019,11,19,7,3,6,7,2,0,1,1,0,0,0,"693679,316","5333876,486","11,602968649","48,128650696",0,2,#fc8d62,car
220686,9,7,62,0,2019,11,6,7,2,8,1,2,0,1,0,0,0,0,"621456,549457","5308514,69056","10,625663405","47,918444108",1,2,#fc8d62,car
220687,9,7,72,163,2019,11,12,7,3,5,3,0,0,1,0,0,0,0,"640572,819432","5349784,67558","10,894991107","48,285643424",0,2,#fc8d62,car
220688,9,7,72,163,2019,11,10,7,3,0,1,0,1,0,0,0,0,0,"640057,304515","5349812,67252","10,88805492","48,286009443",0,1,#66c2a5,bicycle
220701,9,2,61,0,2019,11,12,7,3,1,6,0,0,1,0,0,0,0,"731529,02427","5383462,20917","12,138186434","48,5614545",0,2,#fc8d62,car
220702,9,2,61,0,2019,11,23,7,2,0,7,2,1,0,0,0,0,0,"732554,20428","5380421,29764","12,150362425","48,533759545",0,1,#66c2a5,bicycle
220703,9,2,61,0,2019,11,23,7,2,5,3,2,0,1,0,0,0,0,"732447,472","5382736,028","12,150210223","48,554591666",0,2,#fc8d62,car
220706,9,1,82,136,2019,11,16,7,3,5,3,1,0,1,0,0,0,0,"703624,62666","5299459,96119","11,720171144","47,816245244",1,2,#fc8d62,car
220708,9,1,86,143,2019,11,11,7,3,0,1,0,1,0,0,0,0,0,"685304,263168","5377472,91878","11,50968851","48,522992951",0,1,#66c2a5,bicycle
220710,9,1,79,121,2019,11,15,7,2,7,1,0,1,0,1,0,0,0,"663689,360947","5337368,71839","11,201595977","48,168466795",1,1,#66c2a5,bicycle
220711,9,1,74,115,2019,11,18,7,3,8,1,2,0,1,0,0,0,0,"679438,049784","5349505,15064","11,41836256","48,273308799",1,2,#fc8d62,car
220712,9,1,77,119,2019,11,12,7,3,6,7,0,0,1,1,0,0,0,"721440,825825","5341129,35814","11,979355818","48,18476599",0,2,#fc8d62,car
220713,9,1,62,0,2019,11,1,6,2,0,7,2,1,0,0,0,0,0,"691419,599039","5332117,66042","11,571841217","48,113526054",0,1,#66c2a5,bicycle
220714,9,1,62,0,2019,11,8,6,3,3,2,0,1,1,0,0,0,0,"691861,778661","5335837,7663","11,579450944","48,146828795",0,1,#66c2a5,bicycle
220715,9,1,62,0,2019,11,13,6,3,0,7,0,1,0,0,0,0,0,"685046,396097","5334822,87963","11,487472949","48,1397256",0,1,#66c2a5,bicycle
220716,9,1,62,0,2019,11,12,6,3,5,3,0,1,1,0,0,0,0,"696155,706302","5333613,26886","11,636092845","48,125526775",0,1,#66c2a5,bicycle
220717,9,1,62,0,2019,11,17,6,3,5,3,2,0,0,0,0,0,1,"698789,820814","5332597,00154","11,670978648","48,115576328",1,6,#ffd92f,circle
220718,9,1,62,0,2019,11,17,6,3,6,4,2,1,0,1,0,0,0,"691470,456453","5340009,90519","11,576073735","48,184445168",0,1,#66c2a5,bicycle
220719,9,1,62,0,2019,11,8,6,2,0,1,0,1,0,0,0,0,0,"689375,75129","5340706,9651","11,548231092","48,191338184",0,1,#66c2a5,bicycle
220720,9,1,62,0,2019,11,13,6,3,5,2,0,1,1,0,0,0,0,"691616,120154","5330011,41357","11,573533048","48,094536152",0,1,#66c2a5,bicycle
220721,9,1,62,0,2019,11,17,6,3,2,6,1,0,1,0,0,0,0,"692746,014464","5337961,33244","11,592288221","48,16564753",0,2,#fc8d62,car
220722,9,1,62,0,2019,11,12,6,3,3,6,0,1,1,0,0,0,0,"692178,20865","5337011,87319","11,584230798","48,157285906",0,1,#66c2a5,bicycle
220727,9,7,61,0,2019,11,11,6,3,5,3,0,1,1,0,0,0,0,"639208,535479","5358956,98186","10,87963951","48,368420781",0,1,#66c2a5,bicycle
220728,9,7,61,0,2019,11,19,6,2,6,4,2,0,1,1,0,0,0,"640200,062179","5359683,98395","10,893262259","48,374738288",0,2,#fc8d62,car
220729,9,7,61,0,2019,11,14,6,3,5,3,0,1,1,0,0,0,0,"639286,300135","5359514,7526","10,880873683","48,37341896",0,1,#66c2a5,bicycle
220730,9,7,61,0,2019,11,11,6,3,2,6,0,0,1,0,0,0,0,"640050,675987","5359108,15137","10,89105429","48,36959375",0,2,#fc8d62,car
220731,9,7,71,162,2019,11,16,6,3,9,1,1,0,0,0,0,1,0,"670075,776838","5368757,76105","11,30007387","48,448961435",0,5,#a6d854,bus
220744,9,2,61,0,2019,11,16,6,2,0,7,0,1,0,1,0,0,0,"731960,204688","5380334,29887","12,142279854","48,533197839",0,1,#66c2a5,bicycle
220748,9,1,79,142,2019,11,6,6,3,6,4,2,0,0,1,0,0,1,"672339,128751","5342644,36899","11,31997846","48,213606031",2,3,#8da0cb,toilet
220749,9,1,88,121,2019,11,9,6,3,8,1,0,0,1,0,0,0,0,"670454,971269","5332007,03392","11,290371917","48,118488282",1,2,#fc8d62,car
220750,9,1,88,120,2019,11,16,6,3,0,7,1,1,1,0,0,0,0,"677520,383167","5326786,3466","11,383054286","48,06962774",0,1,#66c2a5,bicycle
220751,9,1,74,115,2019,11,10,6,3,5,2,0,1,1,0,0,0,1,"681389,196191","5347833,34607","11,443917318","48,257725852",0,1,#66c2a5,bicycle
220752,9,1,84,136,2019,11,20,5,2,4,2,2,1,1,0,0,0,0,"700465,694589","5327032,99392","11,690858527","48,065046715",0,1,#66c2a5,bicycle
220753,9,1,62,0,2019,11,18,5,3,2,6,1,0,1,0,0,0,0,"692099,877649","5336667,60456","11,58302317","48,15421536",0,2,#fc8d62,car
220754,9,1,62,0,2019,11,17,5,3,6,4,1,0,1,1,0,0,0,"691840,292221","5336114,98627","11,579287306","48,14932688",0,2,#fc8d62,car
220755,9,1,62,0,2019,11,9,5,3,5,2,0,1,1,0,0,0,0,"687760,22","5330376,496","11,521958841","48,098965314",0,1,#66c2a5,bicycle
220756,9,1,62,0,2019,11,5,5,2,3,3,2,1,1,0,0,0,0,"689416,377613","5337213,91249","11,547220609","48,159930498",0,1,#66c2a5,bicycle
220757,9,1,62,0,2019,11,13,5,2,0,7,0,1,1,0,0,0,1,"701161,479169","5332566,22824","11,702793646","48,114555075",0,1,#66c2a5,bicycle
220758,9,1,62,0,2019,11,7,5,3,2,6,0,1,1,0,0,0,0,"695725,095012","5332503,60049","11,629802861","48,115686155",1,1,#66c2a5,bicycle
220759,9,1,62,0,2019,11,7,5,3,1,5,0,1,1,0,0,0,0,"689589,283109","5335344,17102","11,548710544","48,143073667",0,1,#66c2a5,bicycle
220760,9,1,62,0,2019,11,18,5,3,7,7,2,1,0,0,0,0,1,"689757,244051","5335652,33385","11,551103516","48,145793372",0,1,#66c2a5,bicycle
220767,9,7,61,0,2019,11,16,5,3,0,3,0,0,1,0,1,0,0,"643132,24362","5360298,77914","10,933044595","48,379607929",0,2,#fc8d62,car
220768,9,7,61,0,2019,11,16,5,3,5,3,0,0,1,0,1,0,0,"642458,424592","5359801,84436","10,923781397","48,375292237",0,2,#fc8d62,car
220769,9,7,61,0,2019,11,18,5,3,2,1,2,0,1,0,0,0,0,"639731,273987","5356798,51786","10,885976947","48,34889692",0,2,#fc8d62,car
220770,9,7,61,0,2019,11,5,5,3,3,7,2,0,1,0,1,0,0,"640475,228","5359194,24","10,896812361","48,370273478",0,2,#fc8d62,car
220771,9,7,61,0,2019,11,18,5,3,2,6,2,0,1,0,0,0,0,"640395,840925","5358414,78189","10,895480834","48,363282505",0,2,#fc8d62,car
220798,9,2,74,146,2019,11,18,5,3,6,7,2,0,1,1,0,0,0,"733381,627582","5376545,46839","12,159385924","48,498637141",0,2,#fc8d62,car
220802,9,1,63,0,2019,11,7,5,3,3,6,0,1,1,0,0,0,0,"733892,158133","5305592,34064","12,127238365","47,861052573",1,1,#66c2a5,bicycle
220803,9,1,85,158,2019,11,17,5,3,0,2,2,0,1,0,1,0,0,"667037,877959","5381450,90677","11,264102957","48,563878399",0,2,#fc8d62,car
220805,9,1,81,134,2019,11,18,5,3,9,1,2,0,1,0,0,0,0,"644911,405897","5340380,1496","10,950224324","48,200103535",0,2,#fc8d62,car
220806,9,1,74,115,2019,11,12,5,3,5,3,0,0,1,0,0,0,1,"683193,955","5348437,869","11,468471865","48,262640383",0,2,#fc8d62,car
220807,9,1,78,130,2019,11,14,5,3,8,1,0,0,1,0,0,0,0,"703810,898","5354447,589","11,748861483","48,310350206",0,2,#fc8d62,car
220808,9,1,62,0,2019,11,19,4,2,6,4,1,1,0,1,0,0,0,"690312,925752","5335871,96575","11,558664587","48,147601428",1,1,#66c2a5,bicycle
220809,9,1,62,0,2019,11,17,4,3,5,3,2,0,1,0,0,0,0,"690785,885792","5339769,06972","11,566764878","48,182486519",0,2,#fc8d62,car
220810,9,1,62,0,2019,11,21,4,2,5,6,2,1,1,0,0,0,0,"695725,863988","5333912,19098","11,630459887","48,128345632",0,1,#66c2a5,bicycle
220811,9,1,62,0,2019,11,8,4,3,5,2,1,1,0,0,0,0,0,"687985,024","5337766,614","11,528235929","48,16532305",1,1,#66c2a5,bicycle
220812,9,1,62,0,2019,11,15,4,3,5,3,0,1,1,0,0,0,0,"692431,571521","5333868,05798","11,586213456","48,128953365",0,1,#66c2a5,bicycle
220813,9,1,62,0,2019,11,9,4,3,3,6,0,0,1,0,0,0,0,"690081,134561","5333648,97827","11,554559447","48,127690488",1,2,#fc8d62,car
220814,9,1,62,0,2019,11,16,4,2,6,4,1,0,1,1,0,0,0,"686214,5","5334378,499","11,502965332","48,135390565",1,2,#fc8d62,car
220815,9,1,62,0,2019,11,7,4,3,5,2,0,1,1,0,0,0,0,"694042,377529","5341817,08835","11,611465444","48,199906974",1,1,#66c2a5,bicycle