OBJECTID,ULAND,UREGBEZ,UKREIS,UGEMEINDE,UJAHR,UMONAT,USTUNDE,UWOCHENTAG,UKATEGORIE,UART,UTYP1,ULICHTVERH,IstRad,IstPKW,IstFuss,IstKrad,IstGkfz,IstSonstig,LINREFX,LINREFY,XGCSWGS84,YGCSWGS84,STRZUSTAND,Teilnehmer,color,symbol
220816,9,1,62,0,2019,11,8,4,3,5,2,0,1,1,0,0,0,0,"692320,957565","5341906,11418","11,588363173","48,201230828",1,1,#66c2a5,bicycle
220817,9,1,62,0,2019,11,6,4,3,1,6,2,0,1,0,0,0,0,"692983,967909","5340409,0462","11,596596459","48,187574569",1,2,#fc8d62,car
220818,9,1,62,0,2019,11,18,4,3,6,2,2,0,1,1,0,0,0,"683128,970844","5334841,03039","11,461730708","48,14044349",1,2,#fc8d62,car
220819,9,1,62,0,2019,11,7,4,3,2,6,0,0,1,0,0,0,0,"686773,201752","5336717,76635","11,511493767","48,156252895",1,2,#fc8d62,car
220820,9,1,62,0,2019,11,4,4,3,5,3,2,0,1,0,1,0,0,"688248,606404","5333757,00523","11,530004274","48,129206018",1,2,#fc8d62,car
220821,9,1,62,0,2019,11,8,4,3,5,3,0,1,1,0,0,0,0,"692218,428281","5339092,62488","11,585711542","48,175975039",0,1,#66c2a5,bicycle
220822,9,1,62,0,2019,11,14,4,3,5,3,0,1,1,0,0,0,0,"690667,785586","5336566,7157","11,563741772","48,153739532",0,1,#66c2a5,bicycle
220828,9,7,72,163,2019,11,9,4,3,5,2,0,1,1,0,0,0,0,"640140,480265","5348164,10891","10,888628886","48,27116739",0,1,#66c2a5,bicycle
220829,9,7,61,0,2019,11,16,4,3,2,6,1,0,1,0,0,0,0,"642243,524427","5362177,68154","10,921685396","48,396703094",0,2,#fc8d62,car
220830,9,7,61,0,2019,11,7,4,3,5,3,0,0,1,0,1,0,0,"639483,796449","5358282,19086","10,883130319","48,36229246",1,2,#fc8d62,car
220831,9,7,61,0,2019,11,17,4,3,5,2,2,1,1,0,0,0,0,"641260,846125","5358166,80145","10,907069276","48,360859788",0,1,#66c2a5,bicycle
220861,9,1,87,165,2019,11,13,4,3,5,3,0,1,1,0,0,0,0,"733359,024981","5298515,10289","12,116308674","47,797663669",1,1,#66c2a5,bicycle
220863,9,1,81,130,2019,11,17,4,3,5,3,1,1,1,0,0,0,0,"639076,014101","5324879,78738","10,866675588","48,062026521",0,1,#66c2a5,bicycle
220864,9,1,74,126,2019,11,7,4,3,0,1,0,0,0,0,1,0,0,"683939,486034","5344698,88479","11,476883663","48,228816972",1,4,#e78ac3,marker
220865,9,1,75,124,2019,11,10,4,2,4,2,0,1,1,0,0,0,0,"716561,104872","5328343,36229","11,90729397","48,071561183",1,1,#66c2a5,bicycle
220866,9,1,62,0,2019,11,9,3,3,4,2,0,1,1,0,0,0,0,"692164,007658","5335261,4335","11,583249822","48,141557605",1,1,#66c2a5,bicycle
220867,9,1,62,0,2019,11,15,3,2,5,3,0,1,0,0,0,0,1,"690985,672512","5333206,33316","11,56650485","48,123441278",0,1,#66c2a5,bicycle
220868,9,1,62,0,2019,11,9,3,3,5,3,0,0,1,0,0,0,0,"691614,505575","5337822,12402","11,577023582","48,164738402",1,2,#fc8d62,car
220869,9,1,62,0,2019,11,17,3,3,5,2,1,1,1,0,0,0,0,"684602,127293","5331355,34473","11,480004958","48,10868654",0,1,#66c2a5,bicycle
220870,9,1,62,0,2019,11,14,3,3,1,7,0,0,1,0,0,0,0,"686968,321958","5337728,11974","11,514558943","48,165276879",0,2,#fc8d62,car
220871,9,1,62,0,2019,11,17,3,3,5,3,2,1,1,0,0,0,0,"687837,989866","5332577,04317","11,523971298","48,118721527",0,1,#66c2a5,bicycle
220872,9,1,62,0,2019,11,16,3,3,3,6,1,0,1,0,0,1,0,"692137,232776","5334083,05895","11,582358759","48,13097467",1,2,#fc8d62,car
220873,9,1,62,0,2019,11,10,3,3,5,3,0,1,1,0,0,0,0,"691540,894","5337033,23","11,575679407","48,157670138",0,1,#66c2a5,bicycle
220874,9,1,62,0,2019,11,12,3,3,8,1,0,0,1,0,0,0,0,"694696,36941","5343009,77139","11,620804647","48,210425957",1,2,#fc8d62,car
220875,9,1,62,0,2019,11,10,3,3,3,2,0,1,1,0,0,0,0,"692391,656407","5334189,01143","11,585822489","48,131850099",1,1,#66c2a5,bicycle
220876,9,1,62,0,2019,11,7,3,3,2,6,0,0,1,0,0,0,0,"690487,480976","5342228,46166","11,563857657","48,204680745",1,2,#fc8d62,car
220877,9,1,62,0,2019,11,18,3,3,3,2,2,1,1,0,0,0,0,"683678,956399","5337561,56572","11,470290991","48,164738708",0,1,#66c2a5,bicycle
220878,9,1,84,134,2019,11,16,3,3,0,1,1,1,0,0,0,0,0,"693308,51251","5322604,68863","11,592891541","48,027454494",1,1,#66c2a5,bicycle
220879,9,1,62,0,2019,11,7,3,3,3,5,0,1,1,0,0,0,0,"698681,428742","5333311,1359","11,669856671","48,122028236",1,1,#66c2a5,bicycle
220880,9,1,62,0,2019,11,9,3,3,0,1,0,1,0,0,0,0,0,"693782,631488","5336041,99668","11,605340909","48,148082129",1,1,#66c2a5,bicycle
220881,9,1,62,0,2019,11,8,3,3,5,2,0,1,1,0,0,0,0,"693673,299534","5332441,50889","11,602235954","48,115755379",0,1,#66c2a5,bicycle
220886,9,7,72,163,2019,11,15,3,3,5,3,0,1,1,0,0,0,0,"640497,614662","5349535,3122","10,893894959","48,283417891",0,1,#66c2a5,bicycle
220887,9,7,72,163,2019,11,15,3,3,2,6,0,0,1,0,0,0,0,"640443,61775","5349292,56986","10,893086815","48,281247175",0,2,#fc8d62,car
220888,9,7,61,0,2019,11,8,3,3,5,3,0,0,1,0,0,0,0,"639310,818256","5358772,17071","10,880958575","48,366736437",0,2,#fc8d62,car
220893,9,1,63,0,2019,11,8,2,3,3,2,0,1,1,0,0,0,0,"733411,830993","5306220,8719","12,12116534","47,866873966",1,1,#66c2a5,bicycle
220894,9,1,63,0,2019,11,17,2,3,0,1,2,1,0,0,0,0,0,"734122,246213","5304757,09238","12,129857909","47,853464941",0,1,#66c2a5,bicycle
220897,9,1,79,142,2019,11,8,2,3,3,6,0,1,1,0,0,0,0,"675163,90965","5342454,40698","11,357893225","48,211125061",1,1,#66c2a5,bicycle
220898,9,1,79,123,2019,11,16,2,3,1,7,0,0,1,0,0,0,1,"676119,674616","5333971,75609","11,367233136","48,134608188",0,2,#fc8d62,car
220899,9,1,78,145,2019,11,21,2,2,6,1,2,0,1,1,0,0,0,"697589,94294","5354179,60062","11,664927822","48,309915705",1,2,#fc8d62,car
220900,9,1,84,149,2019,11,13,1,3,5,3,0,0,1,0,0,0,1,"691726,379","5351353,107","11,584646444","48,286316948",0,2,#fc8d62,car
220901,9,1,62,0,2019,11,15,1,3,3,6,0,1,0,0,0,0,0,"688847,088162","5332770,09428","11,537602264","48,120158234",0,1,#66c2a5,bicycle
220902,9,7,61,0,2019,11,0,1,2,5,3,2,1,1,0,0,0,0,"638484,570355","5359324,91009","10,86999089","48,371888383",0,1,#66c2a5,bicycle
220917,9,1,78,143,2019,11,20,1,3,0,1,2,1,0,0,0,0,0,"716633,244122","5372526,93894","11,930894289","48,468529202",0,1,#66c2a5,bicycle
220918,9,1,78,138,2019,11,22,1,3,0,1,2,0,1,0,0,0,0,"710597,062","5368850,231","11,847486222","48,437542437",0,2,#fc8d62,car
220919,9,1,77,115,2019,11,12,1,3,1,5,0,1,1,0,0,0,0,"734239,441954","5351199,73097","12,156854521","48,27064102",0,1,#66c2a5,bicycle
220920,9,1,62,0,2019,11,14,7,3,3,6,0,1,1,0,0,0,0,"690807,129129","5336512,21728","11,56558902","48,153207915",0,1,#66c2a5,bicycle
220921,9,1,62,0,2019,11,10,7,3,6,4,0,0,1,1,0,0,0,"688919,846739","5342677,88774","11,542979906","48,20918861",0,2,#fc8d62,car
220924,9,7,72,163,2019,11,17,7,3,2,6,2,0,1,0,0,0,0,"640598,743399","5349237,16184","10,895158183","48,280714525",0,2,#fc8d62,car
220925,9,7,61,0,2019,11,13,7,3,0,3,0,1,1,0,0,0,0,"639148,70213","5359224,11844","10,878920465","48,370836004",1,1,#66c2a5,bicycle
220926,9,7,61,0,2019,11,17,7,3,5,3,2,1,1,0,0,0,0,"641642,841641","5362113,73806","10,913553424","48,396263366",0,1,#66c2a5,bicycle
220927,9,7,61,0,2019,11,10,7,3,0,1,0,0,1,0,1,0,0,"641096,14","5355432,392","10,903930563","48,336309731",0,2,#fc8d62,car
220958,9,1,81,130,2019,11,17,7,3,2,6,2,0,1,0,0,0,0,"639046,514246","5324960,0473","10,866305956","48,062754673",0,2,#fc8d62,car
220959,9,1,79,145,2019,11,10,7,3,0,7,0,1,0,0,0,0,0,"674578,451758","5337193,00373","11,347856777","48,163989916",0,1,#66c2a5,bicycle
220960,9,1,78,145,2019,11,11,7,3,5,3,0,0,1,0,0,0,0,"697077,659","5354451,65","11,658153371","48,312520429",0,2,#fc8d62,car
220961,9,1,62,0,2019,11,11,6,3,6,7,0,0,1,1,0,0,0,"690563,510723","5342727,16355","11,565103872","48,209140179",0,2,#fc8d62,car
220962,9,1,62,0,2019,11,14,6,3,5,3,0,0,1,0,0,0,0,"684282,002385","5331191,76221","11,475637802","48,107308855",0,2,#fc8d62,car
220963,9,1,62,0,2019,11,10,6,2,6,4,0,0,0,1,0,0,1,"691315,056495","5336108,71429","11,5722301","48,149428698",0,3,#8da0cb,toilet
220964,9,1,62,0,2019,11,16,6,3,6,2,2,0,1,1,0,0,0,"697968,898648","5331225,98153","11,659324692","48,103510261",0,2,#fc8d62,car
220965,9,1,62,0,2019,11,8,6,3,0,1,0,0,0,0,1,0,0,"690527,708405","5335804,54908","11,561519071","48,146931197",0,4,#e78ac3,marker
220968,9,7,61,0,2019,11,16,6,3,5,2,1,1,1,0,0,0,0,"639049,477962","5362825,49132","10,878773348","48,403240478",0,1,#66c2a5,bicycle
220969,9,7,61,0,2019,11,7,6,3,5,2,0,1,1,0,0,0,0,"641149,353","5358180,15","10,905569425","48,361004751",0,1,#66c2a5,bicycle
220970,9,7,61,0,2019,11,18,6,3,6,4,2,0,1,1,0,0,0,"640652,283477","5357857,49382","10,898754779","48,358214468",0,2,#fc8d62,car
220971,9,7,61,0,2019,11,8,6,3,5,3,0,1,1,0,0,0,0,"641013,696813","5359309,62425","10,904117737","48,371190889",0,1,#66c2a5,bicycle
220989,9,2,74,183,2019,11,18,6,3,4,2,2,0,1,0,1,0,0,"741118,089324","5361761,49107","12,255441745","48,362928067",0,2,#fc8d62,car
220991,9,1,90,157,2019,11,6,6,3,6,4,2,0,1,1,0,0,0,"659913,97903","5300813,43234","11,137228277","47,840763957",0,2,#fc8d62,car
220992,9,1,90,140,2019,11,18,6,3,0,1,1,1,0,0,0,0,0,"643901,91531","5295683,6822","10,921657094","47,798418842",0,1,#66c2a5,bicycle
220994,9,1,82,120,2019,11,15,6,2,0,6,0,1,1,0,0,0,0,"702512,899","5306618,537","11,708687379","47,880932827",0,1,#66c2a5,bicycle
220995,9,1,87,117,2019,11,11,6,3,5,3,0,1,1,0,0,0,0,"724447,528015","5305974,70091","12,001341012","47,867856495",0,1,#66c2a5,bicycle
220998,9,1,88,124,2019,11,18,6,3,6,6,2,0,1,1,0,0,0,"659542,066998","5322551,17117","11,14031652","48,036300851",0,2,#fc8d62,car
220999,9,1,79,121,2019,11,13,6,3,5,3,0,1,1,0,0,0,0,"666913,19","5337749,835","11,245071383","48,171054653",0,1,#66c2a5,bicycle
221000,9,1,78,145,2019,11,16,6,3,6,1,0,1,0,1,0,0,0,"697541,575501","5354968,27074","11,6646455","48,317018555",0,1,#66c2a5,bicycle
221001,9,1,62,0,2019,11,14,5,3,6,4,0,0,1,1,0,0,0,"690914,940639","5334434,18495","11,566105416","48,134498365",0,2,#fc8d62,car
221002,9,1,62,0,2019,11,16,5,3,2,6,2,0,1,0,0,0,0,"690330,208872","5343437,26122","11,562285344","48,215592425",0,2,#fc8d62,car
221003,9,1,62,0,2019,11,17,5,3,6,4,2,0,1,1,0,0,0,"682097,925821","5334800,1025","11,447866433","48,140371514",0,2,#fc8d62,car
221004,9,1,62,0,2019,11,15,5,2,0,7,0,1,0,0,0,0,0,"689367,171301","5334928,50308","11,545542845","48,139403761",0,1,#66c2a5,bicycle
221005,9,1,62,0,2019,11,9,5,3,0,7,0,1,0,0,0,0,1,"689978,291102","5335530,54527","11,554017877","48,144632763",0,1,#66c2a5,bicycle
221006,9,1,62,0,2019,11,11,5,3,5,3,0,1,1,0,0,0,0,"686043,685728","5340299,07004","11,503261115","48,188656655",0,1,#66c2a5,bicycle
221007,9,1,62,0,2019,11,8,5,2,5,2,0,1,1,0,0,0,0,"688247,940513","5336819,89568","11,531349404","48,156736014",0,1,#66c2a5,bicycle
221008,9,1,62,0,2019,11,7,5,3,5,2,1,1,1,0,0,0,0,"687474,596458","5335657,71511","11,520448874","48,146518524",0,1,#66c2a5,bicycle
221009,9,1,62,0,2019,11,6,5,3,5,3,2,0,1,0,0,0,0,"694482,929","5333730,434","11,613690589","48,127093025",0,2,#fc8d62,car
221016,9,7,61,0,2019,11,20,5,3,4,2,2,1,1,0,0,0,0,"640566,37597","5357871,63159","10,897600443","48,358360722",0,1,#66c2a5,bicycle
221039,9,1,73,126,2019,11,8,5,3,6,7,0,0,1,1,0,0,0,"685459,44664","5304464,70542","11,479897655","47,866724818",0,2,#fc8d62,car
221043,9,1,82,120,2019,11,13,5,3,0,7,0,0,1,1,0,0,0,"701660,787936","5306071,36741","11,697047732","47,876283381",0,2,#fc8d62,car
221044,9,1,87,150,2019,11,11,5,3,2,6,0,0,1,0,0,0,0,"725718,478519","5304256,83332","12,017415419","47,851976323",0,2,#fc8d62,car
221045,9,1,86,143,2019,11,19,5,3,5,3,2,0,1,0,1,0,0,"684265,527795","5377510,53134","11,495650843","48,523636727",0,2,#fc8d62,car
221046,9,1,79,123,2019,11,12,5,3,0,1,0,1,0,0,0,1,0,"676057,370166","5333948,70294","11,366386912","48,134418196",0,1,#66c2a5,bicycle
221047,9,1,74,115,2019,11,17,5,3,1,1,0,0,1,0,0,0,0,"682822,828692","5348706,51709","11,463591988","48,265162313",0,2,#fc8d62,car
221048,9,1,62,0,2019,11,19,4,3,2,5,2,1,1,0,0,0,0,"691499,822485","5336541,72133","11,574906498","48,153264904",0,1,#66c2a5,bicycle
221049,9,1,62,0,2019,11,12,4,3,0,1,0,1,1,0,0,0,0,"691426,676594","5334569,57769","11,573037361","48,135561545",0,1,#66c2a5,bicycle
221050,9,1,62,0,2019,11,7,4,3,3,2,0,1,0,0,0,1,0,"691650,922165","5337313,69202","11,577283758","48,160157731",0,1,#66c2a5,bicycle
221051,9,1,84,138,2019,11,8,4,2,0,1,0,0,1,1,0,0,0,"679934,754598","5330718,14789","11,417091835","48,104294349",0,2,#fc8d62,car
221052,9,1,62,0,2019,11,18,4,2,2,6,2,1,0,0,0,0,0,"689440,05291","5336083,1137","11,547035259","48,149759778",0,1,#66c2a5,bicycle
221053,9,1,62,0,2019,11,7,4,3,1,7,0,1,1,0,0,0,0,"691332,973722","5340153,59784","11,574290673","48,185778068",0,1,#66c2a5,bicycle
221054,9,1,62,0,2019,11,10,4,3,5,3,0,1,1,0,0,0,0,"686487,722142","5338359,09466","11,508378455","48,171089428",0,1,#66c2a5,bicycle
221055,9,1,62,0,2019,11,19,4,3,0,7,2,0,0,0,1,0,0,"688475,109699","5336368,92166","11,534201287","48,152615312",0,4,#e78ac3,marker
221056,9,1,62,0,2019,11,11,4,3,6,4,0,0,0,1,0,0,1,"692028,051406","5332379,96085","11,580125676","48,115700416",0,3,#8da0cb,toilet
221057,9,1,62,0,2019,11,21,4,3,5,6,2,0,1,0,1,0,0,"692562,66913","5335439,08399","11,588683671","48,14303376",0,2,#fc8d62,car
221059,9,7,77,152,2019,11,6,4,2,8,1,2,0,0,0,1,0,0,"624348,892246","5307261,80207","10,663998562","47,906621772",0,4,#e78ac3,marker
221061,9,7,72,163,2019,11,12,4,3,2,6,0,0,1,0,0,0,0,"640942,852","5348396,524","10,899513522","48,273079164",0,2,#fc8d62,car
221062,9,7,61,0,2019,11,13,4,3,3,6,0,1,0,0,0,0,1,"638891,93985","5358466,60042","10,87520518","48,364081125",0,1,#66c2a5,bicycle
221063,9,7,61,0,2019,11,18,4,3,1,1,2,0,1,0,0,0,0,"640760,662321","5354781,18658","10,899188721","48,330529101",0,2,#fc8d62,car
221064,9,7,61,0,2019,11,15,4,2,3,2,0,1,1,0,0,0,0,"640794,241883","5355971,3452","10,900039265","48,341223179",0,1,#66c2a5,bicycle
221089,9,1,86,143,2019,11,6,4,3,6,2,2,0,1,1,0,0,0,"684919,614","5378148,117","11,504783589","48,529174877",1,2,#fc8d62,car
221091,9,1,79,123,2019,11,10,4,3,0,7,0,1,0,0,0,0,0,"674926,458728","5332761,38377","11,350712236","48,124056768",0,1,#66c2a5,bicycle
221092,9,1,77,117,2019,11,11,4,3,4,3,0,1,1,0,0,0,0,"714469,04881","5354166,82174","11,892283022","48,304303865",0,1,#66c2a5,bicycle
221093,9,1,77,117,2019,11,12,4,3,0,1,0,1,0,0,0,0,0,"716010,055167","5355156,43959","11,913543408","48,31267142",0,1,#66c2a5,bicycle
221094,9,1,75,122,2019,11,7,4,3,5,3,0,1,1,0,0,0,0,"721447,05898","5325256,37524","11,971198885","48,042147217",0,1,#66c2a5,bicycle
221095,9,1,62,0,2019,11,8,3,3,3,2,0,1,1,0,0,0,0,"688428,465961","5338192,35247","11,534382437","48,169018357",0,1,#66c2a5,bicycle
221096,9,1,62,0,2019,11,7,3,3,5,3,0,1,1,0,0,0,0,"695640,74175","5338195,29536","11,631285463","48,166866043",0,1,#66c2a5,bicycle
221097,9,1,62,0,2019,11,9,3,3,0,7,0,0,0,0,0,0,1,"693721,238366","5332474,05316","11,602894165","48,116033297",0,6,#ffd92f,circle
221098,9,1,62,0,2019,11,7,3,2,5,3,1,0,1,0,0,0,1,"697253,697308","5331829,35258","11,650006975","48,109154817",0,2,#fc8d62,car
221099,9,1,62,0,2019,11,22,3,3,6,4,2,0,1,1,0,0,0,"687638,084074","5335492,96475","11,522572018","48,144989509",0,2,#fc8d62,car
221100,9,1,62,0,2019,11,7,3,2,4,2,0,0,0,0,1,1,0,"683149,577348","5337548,6033","11,463172647","48,164774923",1,4,#e78ac3,marker
221101,9,1,62,0,2019,11,13,3,3,0,6,0,1,1,0,0,0,0,"691371,617069","5336814,177","11,573306976","48,155752286",0,1,#66c2a5,bicycle
221102,9,1,62,0,2019,11,6,3,3,5,2,2,1,1,0,0,0,0,"685450,294064","5339088,90422","11,494756546","48,177952769",0,1,#66c2a5,bicycle
221103,9,1,62,0,2019,11,17,3,3,2,6,2,0,1,0,0,0,0,"690700,268","5338144,862","11,564885533","48,167914032",0,2,#fc8d62,car
221104,9,1,62,0,2019,11,5,3,3,4,2,2,1,1,0,0,0,0,"686221,942021","5333339,54938","11,502611198","48,126049906",0,1,#66c2a5,bicycle
221105,9,1,62,0,2019,11,9,3,3,5,2,0,1,1,0,0,0,0,"693648,641201","5333330,03694","11,602308555","48,12374871",0,1,#66c2a5,bicycle
221110,9,7,72,209,2019,11,5,3,3,1,6,2,0,1,0,0,0,0,"634780,359893","5336221,69723","10,81263448","48,16494078",1,2,#fc8d62,car
221111,9,7,72,200,2019,11,8,3,3,4,6,0,0,1,0,0,0,0,"630370,73414","5337286,48521","10,753686138","48,175435814",0,2,#fc8d62,car
221112,9,7,72,147,2019,11,9,3,3,2,6,0,0,1,0,0,0,0,"638137,527758","5364170,2782","10,866901027","48,415532978",0,2,#fc8d62,car
221113,9,7,61,0,2019,11,10,3,3,0,3,0,1,1,0,0,0,0,"640846,854034","5359995,17115","10,902095808","48,377392335",0,1,#66c2a5,bicycle
221130,9,2,74,113,2019,11,12,3,3,5,3,0,0,1,0,0,0,0,"729159,227398","5382510,14713","12,105591164","48,55377254",0,2,#fc8d62,car
221131,9,1,90,157,2019,11,16,3,3,5,3,0,0,1,0,0,1,0,"660638,238209","5302245,32156","11,147432491","47,853457667",0,2,#fc8d62,car
221132,9,1,73,126,2019,11,7,3,3,1,5,1,0,1,0,0,0,0,"684757,755835","5305253,51813","11,470861163","47,874017667",0,2,#fc8d62,car
221133,9,1,73,126,2019,11,7,3,3,0,7,0,1,0,0,0,0,0,"685334,482629","5305202,73053","11,478544793","47,873394965",0,1,#66c2a5,bicycle
221135,9,1,88,137,2019,11,10,3,3,3,5,0,0,1,0,0,0,0,"671080,112914","5314841,01521","11,291905767","47,963999936",0,2,#fc8d62,car
221136,9,1,74,115,2019,11,11,3,3,1,7,0,1,1,0,0,0,0,"680898,889","5346612,591","11,436795734","48,246893082",0,1,#66c2a5,bicycle
221137,9,1,78,145,2019,11,6,3,2,6,2,2,0,1,1,0,0,0,"697501,742682","5354498,63076","11,663888922","48,312810362",0,2,#fc8d62,car
221138,9,1,78,124,2019,11,13,3,3,2,6,0,1,1,0,0,0,0,"702676,176494","5364285,70125","11,738312227","48,399123624",0,1,#66c2a5,bicycle
221139,9,1,77,117,2019,11,16,3,3,0,7,0,1,0,0,0,0,0,"715043,912367","5352386,61299","11,899118703","48,288113234",0,1,#66c2a5,bicycle
221140,9,1,62,0,2019,11,17,2,3,5,3,2,1,1,0,0,0,0,"693704,368882","5332253,48328","11,602567561","48,11405601",1,1,#66c2a5,bicycle
221141,9,1,62,0,2019,11,20,2,3,5,2,2,0,1,0,0,0,0,"688287,769125","5330495,66572","11,529090201","48,099880776",0,2,#fc8d62,car
221142,9,1,62,0,2019,11,13,2,3,6,6,0,1,0,1,0,0,0,"685522,210919","5333661,24487","11,493356902","48,129145757",0,1,#66c2a5,bicycle
221143,9,1,62,0,2019,11,9,2,2,5,3,0,1,1,0,0,0,0,"683141,001298","5336363,39298","11,462547199","48,154123994",0,1,#66c2a5,bicycle
221144,9,1,62,0,2019,11,17,2,3,0,3,1,0,1,0,0,0,1,"692083,718","5337283,7","11,58308424","48,159757575",0,2,#fc8d62,car
221145,9,1,62,0,2019,11,16,2,3,1,5,1,1,1,0,0,0,0,"688042,318144","5336711,84381","11,528539467","48,155825661",0,1,#66c2a5,bicycle
221146,9,1,62,0,2019,11,17,2,3,5,3,2,0,1,0,0,0,0,"687897,180384","5330444,07525","11,523826366","48,099532364",0,2,#fc8d62,car
221147,9,1,62,0,2019,11,8,2,3,5,3,0,1,1,0,0,0,0,"686250,241709","5332257,96062","11,502518612","48,116319871",0,1,#66c2a5,bicycle
221148,9,1,84,149,2019,11,13,2,3,0,7,0,1,0,0,0,0,0,"691316,867134","5349630,87234","11,578352132","48,270962037",0,1,#66c2a5,bicycle
221149,9,1,62,0,2019,11,17,2,3,5,3,1,1,1,0,0,0,0,"688482,676","5335942,73","11,53411419","48,1487824",0,1,#66c2a5,bicycle
221150,9,1,62,0,2019,11,13,2,3,3,2,0,0,0,0,0,0,1,"695872,573597","5338457,44694","11,634520836","48,169150717",0,6,#ffd92f,circle
221151,9,1,62,0,2019,11,8,2,3,0,1,0,1,0,0,0,0,0,"696648,928878","5338025,2009","11,644751556","48,165026283",0,1,#66c2a5,bicycle
221153,9,1,84,119,2019,11,7,6,3,1,3,0,1,1,0,0,0,0,"697223,359087","5347603,61507","11,656920564","48,250931393",0,1,#66c2a5,bicycle
221154,9,1,62,0,2019,11,9,6,3,5,2,0,1,1,0,0,0,0,"689821,342843","5337403,86712","11,552745632","48,161517045",0,1,#66c2a5,bicycle
221155,9,1,62,0,2019,11,12,6,3,3,2,0,1,1,0,0,0,0,"690824,622055","5335424,02538","11,565336184","48,143422081",0,1,#66c2a5,bicycle
221156,9,1,62,0,2019,11,7,6,3,5,3,0,0,1,0,1,0,0,"687944,595102","5340209,46739","11,528772924","48,187291714",1,2,#fc8d62,car
221157,9,1,62,0,2019,11,14,6,3,1,5,0,1,1,0,0,0,0,"688254,980242","5337546,0929","11,531765325","48,163261094",1,1,#66c2a5,bicycle
221158,9,1,84,134,2019,11,17,6,3,6,4,2,0,1,1,0,0,0,"692575,805691","5323023,58579","11,583262222","48,031440839",1,2,#fc8d62,car
221159,9,1,62,0,2019,11,17,6,3,6,4,2,0,1,1,0,0,0,"694163,340891","5334955,49596","11,609958493","48,13820099",0,2,#fc8d62,car
221160,9,1,62,0,2019,11,12,6,3,1,6,0,1,1,0,0,0,0,"689398,225869","5332074,34301","11,5446915","48,113741042",1,1,#66c2a5,bicycle
221161,9,1,62,0,2019,11,6,6,3,1,5,2,1,1,0,0,0,0,"689726,630172","5333565,1879","11,549762748","48,127043131",1,1,#66c2a5,bicycle
221162,9,1,62,0,2019,11,18,6,3,5,3,2,1,1,0,0,0,0,"692228,128357","5335518,49761","11,584226928","48,143848678",0,1,#66c2a5,bicycle
221167,9,7,77,152,2019,11,6,6,3,4,2,2,1,1,0,0,0,0,"624842,248734","5305618,80484","10,670122176","47,891749609",0,1,#66c2a5,bicycle
221168,9,7,62,0,2019,11,8,6,3,6,4,0,0,1,1,0,0,0,"621881,239","5303646,79","10,62997036","47,874583068",0,2,#fc8d62,car
221170,9,7,72,177,2019,11,18,6,3,4,2,2,0,1,0,1,0,0,"635790,003774","5376851,88713","10,839310039","48,530073893",0,2,#fc8d62,car
221171,9,7,72,171,2019,11,14,6,3,5,3,0,1,1,0,0,0,0,"637816,628576","5370004,65974","10,864486175","48,468064418",1,1,#66c2a5,bicycle
221172,9,7,72,163,2019,11,7,6,2,5,2,1,1,0,0,0,0,1,"640171,423198","5348359,59554","10,889110473","48,272918331",1,1,#66c2a5,bicycle
221173,9,7,72,125,2019,11,7,6,3,4,2,2,0,1,0,0,0,1,"637265,781285","5347617,3094","10,849731165","48,266880137",1,2,#fc8d62,car
221174,9,7,72,125,2019,11,8,6,3,0,1,0,1,0,0,0,0,0,"636277,087978","5347464,94268","10,836366019","48,265723525",1,1,#66c2a5,bicycle
221175,9,7,61,0,2019,11,8,6,3,5,3,0,1,1,0,0,0,0,"638755,104","5360331,546","10,873974211","48,380880407",1,1,#66c2a5,bicycle
221176,9,7,61,0,2019,11,7,6,2,6,2,0,0,1,1,0,0,0,"641945,553359","5360935,85311","10,917242543","48,385604308",0,2,#fc8d62,car
221177,9,7,61,0,2019,11,9,6,3,3,2,0,1,1,0,0,0,0,"640312,585321","5359148,91896","10,894602352","48,369902146",0,1,#66c2a5,bicycle
221178,9,7,61,0,2019,11,18,6,3,5,3,2,0,1,0,1,0,0,"641507,427335","5357495,41657","10,910170508","48,354767731",1,2,#fc8d62,car
221179,9,7,61,0,2019,11,17,6,3,5,3,2,0,1,0,0,0,0,"639876,521121","5359254,72178","10,888752823","48,37095029",1,2,#fc8d62,car
221203,9,2,61,0,2019,11,7,6,3,6,4,0,0,1,1,0,0,0,"731861,394","5379583,212","12,140525746","48,526487464",0,2,#fc8d62,car
221204,9,1,90,140,2019,11,12,6,2,0,2,0,0,1,0,1,0,0,"644373,874232","5295155,40271","10,927780133","47,793562679",1,2,#fc8d62,car
221205,9,1,83,119,2019,11,13,6,3,5,3,0,0,1,0,0,0,0,"735522,695381","5339314,93397","12,167522438","48,163403461",0,2,#fc8d62,car
221208,9,1,63,0,2019,11,17,6,3,5,7,2,1,1,0,0,0,0,"731275,687296","5304113,90114","12,091517589","47,848716836",1,1,#66c2a5,bicycle
221209,9,1,88,139,2019,11,7,6,3,6,4,0,0,1,1,0,0,0,"673545,936187","5319951,03725","11,326976723","48,009274244",1,2,#fc8d62,car