OBJECTID,ULAND,UREGBEZ,UKREIS,UGEMEINDE,UJAHR,UMONAT,USTUNDE,UWOCHENTAG,UKATEGORIE,UART,UTYP1,ULICHTVERH,IstRad,IstPKW,IstFuss,IstKrad,IstGkfz,IstSonstig,LINREFX,LINREFY,XGCSWGS84,YGCSWGS84,STRZUSTAND,Teilnehmer,color,symbol
221210,9,1,81,130,2019,11,10,6,2,4,1,0,0,1,0,0,0,0,"637314,718667","5321153,80801","10,841852923","48,028902353",1,2,#fc8d62,car
221211,9,1,79,121,2019,11,17,6,3,0,2,2,0,1,1,0,0,0,"666002,875051","5337869,08152","11,2328834","48,172365105",1,2,#fc8d62,car
221212,9,1,81,120,2019,11,7,6,3,5,2,0,0,1,0,0,0,0,"650601,656588","5320131,08453","11,019606465","48,016711815",1,2,#fc8d62,car
221213,9,1,74,136,2019,11,23,6,3,6,4,2,0,1,1,0,0,0,"682890,35195","5364947,77528","11,471551562","48,411124112",1,2,#fc8d62,car
221214,9,1,78,124,2019,11,18,6,2,6,4,2,0,1,1,0,0,0,"703783,327303","5364941,14287","11,753570899","48,404656713",1,2,#fc8d62,car
221215,9,1,62,0,2019,11,2,5,3,0,1,2,0,0,0,0,0,1,"691202,884877","5335132,32693","11,570285056","48,140686759",0,6,#ffd92f,circle
221216,9,1,62,0,2019,11,6,5,3,5,2,2,1,1,0,0,0,0,"690364,246089","5334231,90169","11,558620759","48,132845204",1,1,#66c2a5,bicycle
221217,9,1,62,0,2019,11,12,5,3,5,3,0,0,1,0,0,0,0,"690898,564474","5333099,07904","11,565287461","48,122503406",0,2,#fc8d62,car
221218,9,1,62,0,2019,11,14,5,3,0,7,0,0,0,0,0,0,1,"691840,791735","5336114,79854","11,57929393","48,149325042",0,6,#ffd92f,circle
221219,9,1,62,0,2019,11,0,5,3,0,1,2,0,0,0,0,0,1,"691483,510717","5335099,18024","11,574038578","48,140304452",0,6,#ffd92f,circle
221220,9,1,62,0,2019,11,14,5,3,3,6,0,1,1,0,0,0,0,"688824,36424","5334513,57557","11,538069728","48,135835646",0,1,#66c2a5,bicycle
221221,9,1,62,0,2019,11,11,5,3,5,3,0,0,1,0,0,0,0,"692736,936405","5339280,67886","11,592764359","48,177508168",0,2,#fc8d62,car
221222,9,1,62,0,2019,11,14,5,3,3,3,0,0,1,0,0,0,1,"690151,526279","5334921,60067","11,55607249","48,139107815",0,2,#fc8d62,car
221223,9,1,62,0,2019,11,20,5,2,2,6,2,1,1,0,0,0,0,"691733,088993","5336115,37318","11,577847649","48,14936268",0,1,#66c2a5,bicycle
221224,9,1,62,0,2019,11,22,5,3,5,3,2,0,1,0,0,0,1,"689907,924351","5342614,27242","11,556237874","48,208322001",0,2,#fc8d62,car
221225,9,1,62,0,2019,11,16,5,3,5,3,0,0,1,0,0,0,0,"690646,723827","5329337,49276","11,56022603","48,088769644",0,2,#fc8d62,car
221226,9,1,62,0,2019,11,7,5,3,5,2,1,1,0,0,0,0,0,"683228,140409","5341226,68159","11,465814236","48,197812934",1,1,#66c2a5,bicycle
221227,9,1,62,0,2019,11,9,5,3,5,2,0,1,1,0,0,0,0,"689967,614887","5335944,88432","11,554059379","48,148360034",1,1,#66c2a5,bicycle
221228,9,1,62,0,2019,11,7,5,3,5,3,0,0,1,0,0,0,0,"694515,533718","5336881,75674","11,615567683","48,155405843",1,2,#fc8d62,car
221229,9,1,62,0,2019,11,8,5,3,0,1,0,1,0,0,0,0,0,"696684,632835","5337791,82626","11,645123294","48,162917823",1,1,#66c2a5,bicycle
221230,9,1,62,0,2019,11,7,5,3,6,4,0,0,1,1,0,0,0,"697735,591026","5336073,43472","11,658442943","48,14714824",1,2,#fc8d62,car
221231,9,1,62,0,2019,11,7,5,3,0,2,1,0,1,1,0,0,0,"685633,211292","5334429,21224","11,495181851","48,136016223",0,2,#fc8d62,car
221232,9,1,62,0,2019,11,20,5,3,0,1,2,1,0,0,0,0,0,"688070,529176","5334970,0006","11,528148892","48,140161313",0,1,#66c2a5,bicycle
221233,9,1,62,0,2019,11,7,5,3,1,1,0,1,1,0,0,0,0,"692580,3518","5335000,47382","11,588722789","48,139086281",1,1,#66c2a5,bicycle
221239,9,7,62,0,2019,11,7,5,3,5,3,0,0,1,0,1,0,0,"622007,235817","5305493,09774","10,632176337","47,891164309",0,2,#fc8d62,car
221240,9,7,61,0,2019,11,23,5,3,3,6,2,0,1,0,0,0,0,"638365,321","5359354,904","10,868391397","48,37218424",1,2,#fc8d62,car
221241,9,7,61,0,2019,11,16,5,3,2,6,2,0,1,0,0,0,0,"638471,631546","5360371,21768","10,870160934","48,381299409",0,2,#fc8d62,car
221242,9,7,61,0,2019,11,7,5,3,5,3,1,1,1,0,0,0,0,"641312,604214","5360730,48736","10,908629248","48,383899859",0,1,#66c2a5,bicycle
221243,9,7,61,0,2019,11,19,5,3,2,6,2,0,1,0,0,0,0,"641581,014454","5359584,6873","10,911866461","48,373537127",0,2,#fc8d62,car
221244,9,7,61,0,2019,11,17,5,3,1,5,2,1,1,0,0,0,0,"640679,976111","5358653,91584","10,899394721","48,365369462",1,1,#66c2a5,bicycle
221245,9,7,61,0,2019,11,15,5,3,4,2,0,0,1,0,1,0,0,"640242,568585","5358924,5234","10,893582641","48,367900014",0,2,#fc8d62,car
221265,9,1,73,126,2019,11,15,5,3,5,3,0,0,1,0,0,0,1,"681466,406569","5305895,8799","11,427155289","47,880730512",0,2,#fc8d62,car
221266,9,1,63,0,2019,11,15,5,3,5,2,0,1,1,0,0,0,0,"732716,822735","5305237,29953","12,111356604","47,858289553",1,1,#66c2a5,bicycle
221267,9,1,63,0,2019,11,15,5,3,2,6,0,0,1,0,0,0,0,"731056,424248","5303550,24325","12,088290137","47,843731581",0,2,#fc8d62,car
221268,9,1,82,125,2019,11,8,5,3,5,2,0,0,1,0,0,0,0,"712569,602","5297231,898","11,838424552","47,793330655",1,2,#fc8d62,car
221270,9,1,74,115,2019,11,20,5,2,6,4,2,0,1,1,0,0,0,"682570,844406","5348557,15135","11,46013521","48,263892413",0,2,#fc8d62,car
221271,9,1,78,124,2019,11,16,5,3,6,4,1,0,1,1,0,0,0,"702653,098099","5364364,95918","11,73803904","48,399843275",1,2,#fc8d62,car
221272,9,1,62,0,2019,11,8,4,3,0,7,0,0,1,0,1,0,0,"691267,335807","5333756,82785","11,570532991","48,128304529",0,2,#fc8d62,car
221273,9,1,62,0,2019,11,8,4,3,1,5,0,1,0,0,0,1,1,"692780,766928","5331730,36224","11,589935005","48,109634538",0,1,#66c2a5,bicycle
221274,9,1,62,0,2019,11,19,4,3,2,6,2,0,1,0,0,0,0,"696898,219388","5330458,0268","11,644603871","48,096940105",1,2,#fc8d62,car
221275,9,1,62,0,2019,11,18,4,2,6,4,2,0,0,1,0,0,1,"686327,114902","5331826,23228","11,503361861","48,112416832",0,3,#8da0cb,toilet
221276,9,1,62,0,2019,11,20,4,2,1,5,2,1,1,0,0,0,0,"685802,453353","5332288,07218","11,496521032","48,116721335",1,1,#66c2a5,bicycle
221277,9,1,62,0,2019,11,12,4,3,0,6,0,1,1,0,0,0,0,"691751,902764","5335024,48093","11,577609052","48,13955224",0,1,#66c2a5,bicycle
221278,9,1,62,0,2019,11,13,4,3,1,7,0,1,1,0,0,0,0,"689095,013498","5334394,05192","11,541650876","48,134680992",0,1,#66c2a5,bicycle
221279,9,1,62,0,2019,11,13,4,3,3,2,0,1,1,0,0,0,0,"684603,367652","5335009,48925","11,481604263","48,141531631",1,1,#66c2a5,bicycle
221280,9,1,84,130,2019,11,13,4,3,5,3,0,0,1,0,0,0,0,"699503,742313","5345165,26893","11,686457756","48,228304578",1,2,#fc8d62,car
221285,9,7,62,0,2019,11,17,4,3,4,2,2,0,1,0,0,0,0,"622900,365371","5303164,54996","10,643456626","47,870051701",0,2,#fc8d62,car
221288,9,7,72,184,2019,11,14,4,2,3,2,0,1,1,0,0,0,0,"635462,367462","5361683,13211","10,829963433","48,39374946",0,1,#66c2a5,bicycle
221289,9,7,71,142,2019,11,10,4,3,0,7,0,1,0,0,0,0,0,"645341,190337","5352813,89997","10,960275561","48,31180366",1,1,#66c2a5,bicycle
221290,9,7,72,163,2019,11,7,4,3,5,3,1,0,1,0,0,0,0,"639336,341044","5347476,59131","10,877571276","48,265162713",1,2,#fc8d62,car
221291,9,7,61,0,2019,11,10,4,3,0,1,0,1,0,0,0,0,0,"637140,297726","5360170,97027","10,852124769","48,37978962",1,1,#66c2a5,bicycle
221292,9,7,61,0,2019,11,13,4,3,6,7,0,0,1,1,0,0,0,"638762,545","5360941,882","10,8742762","48,386366768",1,2,#fc8d62,car
221293,9,7,61,0,2019,11,20,4,2,1,5,2,1,1,0,0,0,1,"642364,37757","5360438,82277","10,922727857","48,381040867",0,1,#66c2a5,bicycle
221294,9,7,61,0,2019,11,12,4,3,0,7,0,1,0,0,0,0,1,"640812,988001","5359564,01107","10,901494299","48,373523059",1,1,#66c2a5,bicycle
221295,9,7,61,0,2019,11,16,4,3,6,4,2,1,0,1,0,0,0,"640248,174681","5358941,35644","10,893663906","48,368050125",1,1,#66c2a5,bicycle
221296,9,7,71,113,2019,11,17,4,3,5,3,2,0,1,0,0,0,0,"658210,007181","5368942,36108","11,13979396","48,453715557",0,2,#fc8d62,car
221324,9,1,90,139,2019,11,15,4,3,4,1,1,1,1,0,0,0,0,"655684,823149","5295872,83632","11,078970194","47,797378449",1,1,#66c2a5,bicycle
221326,9,1,63,0,2019,11,10,4,3,0,1,0,1,0,0,0,0,0,"733487,037343","5306016,31063","12,122058977","47,865008856",0,1,#66c2a5,bicycle
221327,9,1,87,165,2019,11,17,4,2,8,1,2,1,0,0,0,0,0,"730149,083528","5300065,72698","12,074329607","47,812750413",0,1,#66c2a5,bicycle
221329,9,1,79,134,2019,11,17,4,3,1,5,2,0,1,0,0,0,0,"670641,54087","5342748,10431","11,297186931","48,214997296",1,2,#fc8d62,car
221330,9,1,79,119,2019,11,13,4,3,0,7,0,1,0,0,0,0,0,"669123,824012","5339201,41848","11,275359069","48,183519716",1,1,#66c2a5,bicycle
221331,9,1,62,0,2019,11,8,3,3,5,3,0,0,1,0,0,0,0,"693444,465","5332080,938","11,599001022","48,112584213",1,2,#fc8d62,car
221332,9,1,62,0,2019,11,13,3,2,3,6,0,0,1,0,1,0,0,"692247,737894","5340417,18823","11,586704677","48,187870982",0,2,#fc8d62,car
221333,9,1,62,0,2019,11,7,3,3,6,4,0,1,0,0,0,0,1,"690125,697449","5336384,73047","11,556379028","48,152266136",1,1,#66c2a5,bicycle
221334,9,1,84,149,2019,11,15,3,3,5,3,1,1,1,0,0,0,0,"691332,820962","5349598,31645","11,578552183","48,270664618",0,1,#66c2a5,bicycle
221335,9,1,62,0,2019,11,12,3,3,0,1,0,0,1,0,0,0,0,"690814,179059","5337205,5306","11,565994623","48,159437237",0,2,#fc8d62,car
221336,9,1,62,0,2019,11,19,3,3,6,7,2,1,0,1,0,0,0,"684039,104631","5333230,35339","11,473257707","48,125703187",0,1,#66c2a5,bicycle
221337,9,1,62,0,2019,11,17,3,3,1,5,2,1,1,0,0,0,0,"696271,505365","5337355,20751","11,639372007","48,159121432",0,1,#66c2a5,bicycle
221338,9,1,62,0,2019,11,5,3,3,5,3,2,1,1,0,0,0,0,"700163,689395","5334633,69427","11,690373582","48,133449901",1,1,#66c2a5,bicycle
221339,9,1,62,0,2019,11,13,3,3,5,3,0,1,1,0,0,0,0,"687622,747825","5334663,99559","11,52200082","48,13754306",0,1,#66c2a5,bicycle
221340,9,1,62,0,2019,11,7,3,2,0,1,0,1,0,0,0,0,0,"693905,544406","5335151,524","11,606586141","48,140041428",1,1,#66c2a5,bicycle
221341,9,1,62,0,2019,11,16,3,3,0,1,1,1,0,0,0,0,0,"695990,14574","5336047,39137","11,634990288","48,147454323",0,1,#66c2a5,bicycle
221342,9,1,62,0,2019,11,9,3,3,1,2,0,0,1,0,0,0,0,"688514,090591","5334214,06625","11,533770903","48,133235593",0,2,#fc8d62,car
221344,9,7,78,216,2019,11,10,3,2,6,1,0,0,1,1,0,0,0,"624159,491203","5321535,69194","10,66558904","48,035029781",0,2,#fc8d62,car
221349,9,7,71,130,2019,11,12,3,3,0,6,0,1,1,0,0,0,0,"647984,469059","5356944,46964","10,997354626","48,348329448",1,1,#66c2a5,bicycle
221350,9,7,72,163,2019,11,15,3,3,5,3,0,0,1,0,0,0,1,"640542,751598","5349671,35612","10,89454831","48,284631153",0,2,#fc8d62,car
221351,9,7,61,0,2019,11,20,3,3,6,1,2,0,1,1,0,0,0,"638299,088","5355924,019","10,866369992","48,341348774",0,2,#fc8d62,car
221352,9,7,61,0,2019,11,18,3,3,1,7,2,1,1,0,0,0,0,"642482,546892","5357490,81029","10,923324139","48,354507044",0,1,#66c2a5,bicycle
221353,9,7,61,0,2019,11,17,3,3,6,4,2,0,1,1,0,0,0,"639473,151837","5359041,4496","10,883238455","48,369121874",0,2,#fc8d62,car
221367,9,1,63,0,2019,11,18,3,3,3,6,2,0,1,0,0,0,0,"732364,33648","5304596,60612","12,106306983","47,852660992",0,2,#fc8d62,car
221368,9,1,87,122,2019,11,17,3,3,5,3,1,1,1,0,0,0,0,"720725,327888","5306417,45693","11,951862266","47,873124518",0,1,#66c2a5,bicycle
221369,9,1,87,122,2019,11,19,3,2,0,1,2,1,0,0,0,0,0,"716983,882673","5306474,19289","11,901921612","47,874909189",0,1,#66c2a5,bicycle
221370,9,1,81,122,2019,11,5,3,3,0,1,2,0,0,0,0,0,1,"652236,287491","5330022,46402","11,045033855","48,105261444",1,6,#ffd92f,circle
221371,9,1,79,123,2019,11,9,3,3,0,7,0,0,1,0,0,0,0,"675200,740432","5333083,80113","11,354527425","48,126879678",0,2,#fc8d62,car
221372,9,1,79,145,2019,11,8,3,3,1,7,0,1,1,0,0,0,0,"675170,858839","5339068,70144","11,356589803","48,180688171",1,1,#66c2a5,bicycle
221373,9,1,74,115,2019,11,18,3,3,5,3,2,0,1,0,0,0,0,"682923,287261","5348423,25225","11,464821904","48,262587206",0,2,#fc8d62,car
221374,9,1,74,126,2019,11,11,3,3,0,1,0,1,0,0,0,0,0,"682628,048344","5344982,86607","11,459363499","48,231748482",0,1,#66c2a5,bicycle
221375,9,1,78,124,2019,11,7,3,3,5,3,0,1,1,0,0,0,0,"702680,245348","5364272,15684","11,738360597","48,399000603",0,1,#66c2a5,bicycle
221376,9,1,62,0,2019,11,16,2,2,6,2,1,1,0,1,0,0,0,"691920,898407","5333880,58937","11,579363053","48,12922017",0,1,#66c2a5,bicycle
221377,9,1,62,0,2019,11,16,2,3,4,2,2,1,0,0,0,0,1,"687437,978491","5339317,89774","11,521569994","48,179427816",0,1,#66c2a5,bicycle
221378,9,1,62,0,2019,11,9,2,3,3,1,0,1,1,0,0,0,0,"691582,736654","5333836,07916","11,574803007","48,128921985",0,1,#66c2a5,bicycle
221379,9,1,62,0,2019,11,10,2,3,3,6,0,1,0,0,0,0,0,"689525,871283","5336060,85918","11,548178001","48,149534189",0,1,#66c2a5,bicycle
221380,9,1,62,0,2019,11,16,2,3,6,4,2,0,1,1,0,0,0,"683980,625405","5337555,10952","11,474341411","48,164593446",1,2,#fc8d62,car
221381,9,1,62,0,2019,11,7,2,3,1,5,0,1,0,0,0,0,1,"691441,092753","5338077,65866","11,574808825","48,167087347",0,1,#66c2a5,bicycle
221382,9,1,84,131,2019,11,16,2,3,5,3,1,0,1,0,0,0,0,"705622,991805","5339569,59873","11,766048783","48,176065946",1,2,#fc8d62,car
221383,9,1,62,0,2019,11,7,2,3,0,1,1,1,0,0,0,0,0,"687383,327086","5336057,98189","11,519399252","48,150143111",1,1,#66c2a5,bicycle
221384,9,1,62,0,2019,11,7,2,3,0,1,0,1,0,0,0,0,0,"683014,889067","5335749,15903","11,460588972","48,148639169",1,1,#66c2a5,bicycle
221385,9,1,84,120,2019,11,8,2,3,5,3,0,1,1,0,0,0,0,"681547,357065","5331901,4298","11,439237499","48,1144732",0,1,#66c2a5,bicycle
221386,9,1,62,0,2019,11,18,2,3,3,7,2,0,1,0,0,0,0,"689575,524354","5337295,30891","11,549394847","48,160614662",0,2,#fc8d62,car
221387,9,1,62,0,2019,11,16,2,3,9,7,1,1,0,0,0,0,0,"683160,526853","5337754,04345","11,463408245","48,166618388",0,1,#66c2a5,bicycle
221388,9,1,62,0,2019,11,20,2,3,1,6,2,0,1,0,0,0,0,"688137,011226","5338436,2631","11,530574237","48,171296988",1,2,#fc8d62,car
221389,9,1,62,0,2019,11,13,2,3,2,6,0,0,1,0,0,0,0,"690037,931095","5340185,47636","11,556898841","48,186453308",0,2,#fc8d62,car
221390,9,1,62,0,2019,11,16,2,3,4,2,1,0,1,0,0,0,0,"686219,431753","5333662,78588","11,502718738","48,128956017",1,2,#fc8d62,car
221391,9,1,62,0,2019,11,15,2,3,5,3,0,1,1,0,0,0,0,"697007,190654","5331812,17293","11,646691011","48,109076703",0,1,#66c2a5,bicycle
221392,9,1,62,0,2019,11,18,2,3,3,2,2,1,1,0,0,0,0,"693900,504192","5331290,82544","11,604762409","48,105344242",0,1,#66c2a5,bicycle
221393,9,1,62,0,2019,11,13,2,3,4,6,0,1,0,0,0,0,0,"695044,694211","5335729,39855","11,622147325","48,144886938",0,1,#66c2a5,bicycle
221394,9,1,62,0,2019,11,16,2,2,0,1,2,1,0,0,0,0,0,"696063,284874","5335253,65558","11,63560705","48,14029814",0,1,#66c2a5,bicycle
221395,9,1,62,0,2019,11,17,2,3,2,6,2,0,1,0,0,0,0,"692729,328038","5334262,72348","11,590389471","48,132410448",0,2,#fc8d62,car
221396,9,1,62,0,2019,11,16,2,3,4,2,1,1,0,0,0,0,0,"689464,781715","5333937,25484","11,546412758","48,130465288",0,1,#66c2a5,bicycle
221397,9,1,62,0,2019,11,15,2,3,2,1,0,1,1,0,0,0,0,"691443,91806","5337624,26711","11,574642699","48,163011489",0,1,#66c2a5,bicycle
221398,9,1,62,0,2019,11,11,2,3,6,7,0,0,1,1,0,0,0,"691488,377115","5334519,15439","11,573843168","48,135089784",0,2,#fc8d62,car
221424,9,1,86,143,2019,12,10,6,3,0,6,0,1,0,0,0,0,1,"684491,685027","5378321,2314","11,49906954","48,530856714",0,1,#66c2a5,bicycle
221427,9,1,79,126,2019,12,11,6,3,5,3,0,1,1,0,0,0,0,"677501,814401","5340503,59109","11,388519864","48,192939584",0,1,#66c2a5,bicycle
221430,9,1,74,111,2019,12,17,6,3,0,1,2,0,0,0,1,0,0,"667311,749233","5362099,94218","11,260068255","48,389851685",0,4,#e78ac3,marker
221431,9,1,75,132,2019,12,15,6,2,5,3,0,1,1,0,0,0,0,"707152,793","5332420,581","11,783124791","48,111325776",0,1,#66c2a5,bicycle
221432,9,1,75,132,2019,12,13,6,3,6,7,0,0,1,1,0,0,0,"706275,455301","5331533,08416","11,770922898","48,103635021",0,2,#fc8d62,car
221433,9,1,62,0,2019,12,5,5,3,6,3,2,0,1,1,0,0,0,"691712,417751","5335686,51594","11,577376889","48,14551441",0,2,#fc8d62,car
221434,9,1,62,0,2019,12,19,5,3,5,3,2,1,1,0,0,0,0,"690853,626226","5335289,21472","11,565665272","48,142201712",0,1,#66c2a5,bicycle
221435,9,1,62,0,2019,12,18,5,3,5,2,2,1,1,0,0,0,0,"692917,928778","5337838,80264","11,594542302","48,164494124",1,1,#66c2a5,bicycle
221436,9,1,62,0,2019,12,13,5,3,5,3,0,1,0,0,0,0,1,"687995,711","5334281,827","11,52684043","48,133997973",0,1,#66c2a5,bicycle
221437,9,1,84,144,2019,12,9,5,3,6,7,0,0,1,1,0,0,0,"687340,396787","5319042,51958","11,511364685","47,997214097",0,2,#fc8d62,car
221438,9,1,62,0,2019,12,17,5,2,6,2,2,0,1,1,0,0,0,"689382,024046","5334399,65952","11,545507169","48,134646052",0,2,#fc8d62,car
221439,9,1,62,0,2019,12,9,5,2,6,2,0,0,1,1,0,0,0,"691260,816199","5339261,16686","11,572919151","48,177778789",0,2,#fc8d62,car
221440,9,1,84,119,2019,12,7,5,3,1,3,0,1,1,0,0,0,0,"696816,580109","5346722,52536","11,651037129","48,243139341",0,1,#66c2a5,bicycle
221449,9,7,72,202,2019,12,17,5,3,1,2,2,1,1,0,0,0,0,"636717,422178","5358968,43734","10,846025722","48,369068316",0,1,#66c2a5,bicycle
221450,9,7,61,0,2019,12,17,5,3,3,1,2,1,1,0,0,0,0,"640616,828543","5357242,83383","10,89807105","48,352695536",0,1,#66c2a5,bicycle
221451,9,7,61,0,2019,12,15,5,3,0,1,0,1,0,0,0,0,0,"639477,537775","5358280,10629","10,883045179","48,362275099",0,1,#66c2a5,bicycle
221452,9,7,61,0,2019,12,13,5,3,5,1,0,0,1,0,0,0,0,"640576,52214","5352995,52857","10,896110269","48,314513903",0,2,#fc8d62,car
221464,9,2,61,0,2019,12,7,5,2,5,2,0,1,1,0,0,0,0,"731695,197118","5381890,06189","12,139560486","48,547270853",0,1,#66c2a5,bicycle
221465,9,1,90,139,2019,12,6,5,3,5,3,2,1,0,0,0,0,0,"654425,100768","5295974,3614","11,062195669","47,798594687",0,1,#66c2a5,bicycle
221471,9,1,87,182,2019,12,15,5,3,0,7,0,1,0,0,0,0,0,"741349,20865","5328861,22438","12,239839038","48,067317502",0,1,#66c2a5,bicycle
221473,9,1,87,130,2019,12,16,5,3,5,3,1,0,1,0,0,0,0,"715629,163","5306347,995","11,883764555","47,874231434",0,2,#fc8d62,car
221476,9,1,81,130,2019,12,8,5,3,5,3,1,1,1,0,0,0,0,"640238,994699","5323626,82278","10,881865636","48,050504969",0,1,#66c2a5,bicycle
221477,9,1,79,123,2019,12,10,5,3,6,4,0,0,1,1,0,0,0,"675999,4759","5333371,86938","11,36537116","48,129248878",1,2,#fc8d62,car
221478,9,1,62,0,2019,12,16,4,3,5,3,1,0,1,0,0,0,0,"690265,791866","5336885,60363","11,558484696","48,156726073",0,2,#fc8d62,car
221479,9,1,62,0,2019,12,19,4,3,3,6,2,0,1,0,0,0,0,"689685,934307","5334827,00362","11,549778172","48,138396535",0,2,#fc8d62,car
221480,9,1,62,0,2019,12,17,4,3,2,2,2,1,1,0,0,0,0,"689605,670495","5335462,91677","11,548983496","48,144136076",0,1,#66c2a5,bicycle
221481,9,1,62,0,2019,12,7,4,3,5,3,0,1,1,0,0,0,0,"689077,147463","5334922,90965","11,541645737","48,139439732",0,1,#66c2a5,bicycle
221482,9,1,62,0,2019,12,2,4,3,2,6,2,0,1,0,0,0,0,"684484,140391","5332887,58957","11,479084285","48,122493422",0,2,#fc8d62,car
221483,9,1,62,0,2019,12,10,4,3,5,3,0,1,1,0,0,0,0,"694846,023229","5333010,97046","11,618236132","48,120515754",0,1,#66c2a5,bicycle
221484,9,1,62,0,2019,12,7,4,3,5,3,0,0,1,0,0,0,0,"698741,595528","5329533,35111","11,668904755","48,088057588",1,2,#fc8d62,car
221485,9,1,62,0,2019,12,10,4,3,6,2,0,0,1,1,0,0,0,"692322,458693","5337519,88966","11,586398141","48,161808227",0,2,#fc8d62,car
221486,9,1,62,0,2019,12,10,4,3,2,6,0,0,1,0,0,1,0,"686153,388617","5338573,28768","11,503979704","48,173112669",0,2,#fc8d62,car
221487,9,1,62,0,2019,12,7,4,3,2,6,1,0,1,0,0,0,0,"689821,787692","5335813,2153","11,552042082","48,147220123",0,2,#fc8d62,car
221488,9,1,62,0,2019,12,7,4,3,5,3,0,1,1,0,0,0,0,"686883,069152","5334456,10138","11,511976875","48,135892101",0,1,#66c2a5,bicycle
221489,9,1,62,0,2019,12,13,4,3,1,6,0,0,0,0,0,0,1,"684771,486","5329092,729","11,481298526","48,088299729",0,6,#ffd92f,circle
221490,9,1,62,0,2019,12,17,4,3,5,3,2,1,1,0,0,0,0,"696121,430007","5335269,11056","11,636394932","48,140419122",0,1,#66c2a5,bicycle
221491,9,1,62,0,2019,12,10,4,3,6,2,0,0,1,1,0,0,0,"691009,93","5335895,563","11,568036311","48,147604613",0,2,#fc8d62,car
221498,9,7,72,209,2019,12,12,4,2,5,3,0,0,1,0,1,0,0,"635111,252811","5335508,57775","10,816855739","48,158457875",0,2,#fc8d62,car
221499,9,7,72,147,2019,12,17,4,3,5,3,2,1,1,0,0,0,0,"639170,274017","5366483,11074","10,881618361","48,436101941",0,1,#66c2a5,bicycle
221500,9,7,72,163,2019,12,7,4,3,5,2,0,1,1,0,0,0,0,"639716,320192","5349404,31832","10,883325793","48,28241293",0,1,#66c2a5,bicycle
221501,9,7,61,0,2019,12,17,4,3,6,7,2,0,1,1,0,0,0,"639181,476625","5358762,35503","10,879209948","48,36667671",0,2,#fc8d62,car
221502,9,7,61,0,2019,12,13,4,3,3,2,0,1,1,0,0,0,0,"639312,35916","5357204,5894","10,880460338","48,352640768",0,1,#66c2a5,bicycle
221528,9,2,61,0,2019,12,15,4,3,1,6,0,0,1,0,0,0,1,"731966,931493","5381969,37398","12,143280989","48,547882888",0,2,#fc8d62,car
221529,9,2,61,0,2019,12,17,4,3,2,6,2,0,1,0,1,0,0,"731449,538626","5383351,66552","12,137049289","48,560490849",0,2,#fc8d62,car
221530,9,2,61,0,2019,12,12,4,3,0,1,0,1,0,0,0,0,0,"732403,608574","5380083,09209","12,148137018","48,530777303",0,1,#66c2a5,bicycle
221531,9,2,61,0,2019,12,9,4,3,2,6,0,0,1,0,0,0,0,"732288,549144","5379505,74367","12,146259269","48,525633695",0,2,#fc8d62,car
221534,9,1,87,117,2019,12,17,4,3,6,4,1,0,1,1,0,0,0,"724892,08563","5305421,78408","12,006989625","47,862733074",0,2,#fc8d62,car
221537,9,1,88,120,2019,12,17,4,3,2,2,2,0,1,0,0,0,0,"676097,042518","5327211,299","11,364139188","48,073842362",0,2,#fc8d62,car
221538,9,1,78,124,2019,12,17,4,3,2,6,2,0,1,0,0,0,0,"704484,442934","5359155,49083","11,760218933","48,352439088",0,2,#fc8d62,car
221539,9,1,78,145,2019,12,12,4,3,9,1,0,0,1,0,0,0,0,"693454,325353","5358188,25781","11,611050586","48,347221158",0,2,#fc8d62,car
221540,9,1,78,120,2019,12,17,4,3,5,5,2,0,1,0,0,0,0,"694576,125","5353002,846","11,623782122","48,300274166",0,2,#fc8d62,car
221541,9,1,78,143,2019,12,9,4,3,4,6,0,0,1,0,0,1,0,"719284,375891","5372839,90438","11,966876521","48,470422506",0,2,#fc8d62,car
221542,9,1,62,0,2019,12,10,3,3,0,7,0,1,0,0,0,0,0,"691647,280398","5333866,49235","11,57568322","48,129175906",0,1,#66c2a5,bicycle
221543,9,1,62,0,2019,12,17,3,3,0,7,1,1,1,0,0,0,0,"691860,932512","5336441,52323","11,579711712","48,152255511",0,1,#66c2a5,bicycle
221544,9,1,62,0,2019,12,22,3,3,0,7,2,0,0,0,0,0,1,"693925,876829","5335085,24193","11,606828986","48,139439512",0,6,#ffd92f,circle
221545,9,1,62,0,2019,12,10,3,3,0,7,0,0,0,0,0,0,1,"684258,263177","5330951,62472","11,475215493","48,105157219",0,6,#ffd92f,circle
221546,9,1,62,0,2019,12,8,3,3,5,7,0,1,0,0,0,0,0,"690883,025","5335002,67","11,565931636","48,139617448",0,1,#66c2a5,bicycle
221547,9,1,62,0,2019,12,18,3,2,3,2,1,1,1,0,0,0,0,"696395,508","5336219,661","11,640513661","48,14887756",0,1,#66c2a5,bicycle
221548,9,1,62,0,2019,12,9,3,3,3,6,0,1,0,0,0,0,1,"690808,098243","5335148,32912","11,564990745","48,140949096",0,1,#66c2a5,bicycle