OBJECTID,ULAND,UREGBEZ,UKREIS,UGEMEINDE,UJAHR,UMONAT,USTUNDE,UWOCHENTAG,UKATEGORIE,UART,UTYP1,ULICHTVERH,IstRad,IstPKW,IstFuss,IstKrad,IstGkfz,IstSonstig,LINREFX,LINREFY,XGCSWGS84,YGCSWGS84,STRZUSTAND,Teilnehmer,color,symbol
221549,9,1,62,0,2019,12,8,3,3,0,7,0,1,1,0,0,0,0,"691468,796528","5340388,76873","11,576222182","48,187850814",0,1,#66c2a5,bicycle
221550,9,1,62,0,2019,12,8,3,3,2,6,0,0,1,0,1,0,0,"688695,737707","5333406,56505","11,535852322","48,125923814",0,2,#fc8d62,car
221551,9,1,62,0,2019,12,10,3,3,6,7,0,1,0,1,0,0,0,"691722,128631","5334682,38814","11,577055252","48,136486531",0,1,#66c2a5,bicycle
221552,9,1,62,0,2019,12,16,3,3,6,5,0,0,1,1,0,0,0,"689498,120672","5334291,89613","11,547018105","48,133642908",0,2,#fc8d62,car
221558,9,7,72,147,2019,12,15,3,3,5,3,0,0,1,0,0,0,0,"638208,374885","5365605,8558","10,868331149","48,428425777",0,2,#fc8d62,car
221576,9,2,61,0,2019,12,15,3,3,5,3,0,0,1,0,0,0,0,"730615,092758","5382408,93909","12,125234679","48,552329835",0,2,#fc8d62,car
221577,9,2,61,0,2019,12,19,3,3,6,2,2,0,1,1,0,0,0,"732393,920185","5381394,92596","12,148737396","48,542564762",1,2,#fc8d62,car
221582,9,1,85,113,2019,12,15,3,2,6,6,0,0,1,1,0,0,0,"669206,088628","5375003,57858","11,290849932","48,505341013",0,2,#fc8d62,car
221584,9,1,88,124,2019,12,15,3,3,6,2,0,0,1,1,0,0,0,"661879,205395","5318059,17936","11,169950927","47,995326508",0,2,#fc8d62,car
221585,9,1,74,126,2019,12,15,3,2,6,3,0,0,0,1,0,0,1,"684741,25297","5345076,78771","11,487834254","48,231980689",0,3,#8da0cb,toilet
221586,9,1,75,132,2019,12,12,3,3,0,5,0,0,1,0,0,0,1,"706999,606319","5336293,44456","11,782950355","48,146178549",0,2,#fc8d62,car
221587,9,1,75,115,2019,12,12,3,3,6,4,0,0,1,1,0,0,0,"721340,634769","5328911,25998","11,97166387","48,075023212",0,2,#fc8d62,car
221588,9,1,62,0,2019,12,17,2,3,5,2,2,0,1,0,0,0,1,"686764,799966","5336947,42521","11,511481712","48,158319603",0,2,#fc8d62,car
221589,9,1,62,0,2019,12,7,2,3,5,3,0,0,1,0,0,0,0,"685104,251694","5333081,08336","11,487493188","48,124052657",1,2,#fc8d62,car
221590,9,1,62,0,2019,12,12,2,3,5,3,0,0,1,0,0,0,1,"692656,343508","5333417,73799","11,589027554","48,124837995",0,2,#fc8d62,car
221591,9,1,62,0,2019,12,20,2,3,0,1,2,1,0,0,0,0,0,"692188,391","5335579,784","11,583720944","48,144411513",0,1,#66c2a5,bicycle
221592,9,1,62,0,2019,12,15,2,2,6,2,0,0,1,1,0,0,0,"688016,679959","5331923,44635","11,526081765","48,112794099",0,2,#fc8d62,car
221593,9,1,62,0,2019,12,17,2,3,5,2,2,1,1,0,0,0,0,"686492,411983","5338319,72458","11,508424204","48,170734182",0,1,#66c2a5,bicycle
221594,9,1,62,0,2019,12,14,2,3,2,6,0,0,1,0,0,0,0,"689306,874099","5336117,68747","11,54526187","48,150110179",0,2,#fc8d62,car
221595,9,1,62,0,2019,12,15,2,3,5,2,0,1,1,0,0,0,0,"688119,52615","5329978,26838","11,526604618","48,09527996",1,1,#66c2a5,bicycle
221596,9,1,84,131,2019,12,16,2,3,2,6,1,0,1,0,0,0,0,"704864,829662","5338940,21689","11,755558928","48,170654857",0,2,#fc8d62,car
221597,9,1,62,0,2019,12,10,2,3,0,1,0,1,0,0,0,0,0,"692025,632","5334959,634","11,581255527","48,138886861",1,1,#66c2a5,bicycle
221601,9,7,71,130,2019,12,18,2,3,1,6,2,0,1,0,0,0,1,"646626,097329","5361512,015","10,980624549","48,389714095",0,2,#fc8d62,car
221602,9,7,61,0,2019,12,14,2,3,2,6,0,0,1,0,0,1,0,"639281,350123","5361225,13631","10,881373727","48,388799367",0,2,#fc8d62,car
221613,9,1,90,157,2019,12,16,2,3,6,4,2,0,1,1,0,0,0,"660156,193312","5300429,98931","11,140321237","47,83725607",0,2,#fc8d62,car
221616,9,1,87,182,2019,12,13,2,3,5,3,0,0,1,0,0,0,0,"738662,997742","5328316,02085","12,203534215","48,063430423",0,2,#fc8d62,car
221617,9,1,63,0,2019,12,11,2,3,6,4,0,0,1,1,0,0,0,"733987,613685","5306211,15524","12,128847547","47,866577236",0,2,#fc8d62,car
221618,9,1,63,0,2019,12,16,2,3,1,6,2,0,1,0,0,0,1,"733801,64278","5303943,75018","12,125139073","47,846274549",1,2,#fc8d62,car
221619,9,1,88,141,2019,12,7,2,3,6,7,2,0,1,1,0,0,0,"670404,246095","5308993,15675","11,28054447","47,911607118",1,2,#fc8d62,car
221620,9,1,77,117,2019,12,19,2,3,5,3,2,1,1,0,0,0,0,"713889,511515","5354414,71649","11,884603431","48,306727451",0,1,#66c2a5,bicycle
221621,9,1,62,0,2019,12,17,1,3,4,3,1,0,1,0,0,0,0,"685681,087383","5331777,78887","11,49466974","48,112170069",0,2,#fc8d62,car
221622,9,1,62,0,2019,12,15,1,3,2,1,0,0,1,0,0,0,1,"691296,867095","5334139,84755","11,57110141","48,131738203",1,2,#fc8d62,car
221623,9,1,62,0,2019,12,0,1,3,5,2,2,0,1,0,0,0,1,"690684,477889","5337765,08825","11,564503099","48,164505399",0,2,#fc8d62,car
221624,9,1,62,0,2019,12,3,1,3,2,4,2,0,1,1,0,0,0,"686914,607225","5339305,58897","11,514530805","48,179471353",0,2,#fc8d62,car
221625,9,1,62,0,2019,12,9,1,3,5,3,0,1,1,0,0,0,0,"700707,320356","5331664,6044","11,696274396","48,106595432",1,1,#66c2a5,bicycle
221626,9,1,62,0,2019,12,16,1,2,4,1,1,0,1,0,0,0,0,"686250,792502","5331609,56385","11,502242852","48,110491649",1,2,#fc8d62,car
221627,9,1,62,0,2019,12,19,1,3,6,4,2,0,1,1,0,0,0,"684866,199978","5334498,03702","11,484912045","48,136858132",0,2,#fc8d62,car
221628,9,1,62,0,2019,12,11,1,3,6,3,0,1,0,1,0,0,0,"688016,618467","5331924,50205","11,526081405","48,112803606",0,1,#66c2a5,bicycle
221631,9,7,61,0,2019,12,20,1,2,0,7,2,1,0,0,0,0,0,"641717,805763","5362466,64776","10,914684694","48,399419721",0,1,#66c2a5,bicycle
221632,9,7,61,0,2019,12,5,1,3,0,1,1,1,0,0,0,0,0,"641268,976094","5359215,28089","10,907531111","48,370285499",0,1,#66c2a5,bicycle
221633,9,7,61,0,2019,12,19,1,3,2,6,2,0,1,0,0,0,0,"640127,869183","5358967,82348","10,892049253","48,36831483",0,2,#fc8d62,car
221634,9,7,71,158,2019,12,3,1,3,0,1,2,0,0,0,1,0,0,"642809,752293","5370588,27016","10,932196875","48,472197988",0,4,#e78ac3,marker
221644,9,1,87,134,2019,12,4,1,2,8,1,2,0,1,0,0,0,0,"739041,024255","5321185,23985","12,204622102","47,999232887",1,2,#fc8d62,car
221645,9,1,87,169,2019,12,17,1,2,6,7,2,0,1,1,0,0,0,"736838,580702","5298754,45887","12,162833164","47,798543852",1,2,#fc8d62,car
221647,9,1,62,0,2019,11,8,7,3,5,3,0,1,1,0,0,0,0,"696895,208467","5337740,38892","11,647928286","48,162390364",0,1,#66c2a5,bicycle
221648,9,1,62,0,2019,11,11,7,3,5,2,0,0,1,0,1,0,0,"683776,600582","5339743,98334","11,472546476","48,184327212",0,2,#fc8d62,car
221649,9,1,62,0,2019,11,12,7,3,5,2,0,1,1,0,0,0,0,"682775,139931","5334807,27784","11,456964353","48,140241838",0,1,#66c2a5,bicycle
221650,9,1,62,0,2019,11,17,7,3,6,4,2,0,1,1,0,0,0,"691773,633688","5332185,13083","11,576623247","48,114025967",0,2,#fc8d62,car
221651,9,1,62,0,2019,11,16,7,2,0,7,2,0,0,0,0,0,1,"694007,163171","5333743,69177","11,607309597","48,127357352",0,6,#ffd92f,circle
221652,9,1,62,0,2019,11,11,7,3,1,6,0,0,1,0,0,0,0,"692195,633006","5337012,08797","11,584464954","48,15728257",0,2,#fc8d62,car
221654,9,7,61,0,2019,11,22,7,3,4,2,2,1,1,0,0,0,0,"642478,818084","5360809,5011","10,924398226","48,384347989",0,1,#66c2a5,bicycle
221655,9,7,61,0,2019,11,16,7,3,5,1,0,1,1,0,0,0,0,"640927,153002","5357196,2199","10,902241861","48,352207224",0,1,#66c2a5,bicycle
221656,9,7,61,0,2019,11,14,7,3,2,2,0,0,1,0,0,0,0,"640548,960337","5359224,47944","10,897817495","48,370528966",0,2,#fc8d62,car
221657,9,7,61,0,2019,11,1,7,3,0,1,2,0,0,0,0,0,1,"639757,574802","5360075,09301","10,887420315","48,378353183",0,6,#ffd92f,circle
221686,9,1,81,118,2019,11,17,7,2,0,1,2,1,0,0,0,0,0,"652225,64902","5329544,72811","11,044720606","48,100968525",0,1,#66c2a5,bicycle
221687,9,1,81,130,2019,11,8,7,2,0,1,0,0,0,0,1,0,0,"638849,825581","5323549,1361","10,863209447","48,050110129",2,4,#e78ac3,marker
221688,9,1,62,0,2019,11,18,6,3,5,3,2,1,1,0,0,0,0,"688019,271721","5339139,11372","11,529303038","48,177649146",1,1,#66c2a5,bicycle
221689,9,1,62,0,2019,11,9,6,3,5,3,0,0,1,0,0,0,0,"690698,496675","5337053,13698","11,564372281","48,15810224",1,2,#fc8d62,car
221690,9,1,62,0,2019,11,17,6,2,0,7,1,0,0,0,1,0,0,"687163,756556","5336655,94738","11,516713021","48,155582426",0,4,#e78ac3,marker
221691,9,1,62,0,2019,11,17,6,3,6,4,2,0,1,1,0,0,0,"686221,942951","5333339,51603","11,502611196","48,126049606",1,2,#fc8d62,car
221692,9,1,84,130,2019,11,11,6,3,0,1,0,1,0,0,0,0,0,"698745,912078","5345078,81408","11,676224082","48,227765491",1,1,#66c2a5,bicycle
221693,9,1,62,0,2019,11,21,6,3,0,1,2,1,0,0,0,0,0,"690341,09","5334937,508","11,558625136","48,139194114",1,1,#66c2a5,bicycle
221694,9,1,62,0,2019,12,17,4,3,0,6,2,0,0,0,0,0,1,"700059,642673","5334569,14006","11,688946389","48,132902462",0,6,#ffd92f,circle
221695,9,1,62,0,2019,12,13,4,3,6,2,0,0,1,1,0,0,0,"694062,78771","5336375,97525","11,609255725","48,150998394",0,2,#fc8d62,car
221696,9,1,62,0,2019,12,6,4,3,5,3,2,0,1,0,0,0,1,"691658,947206","5332787,71715","11,575354796","48,119476479",0,2,#fc8d62,car
221697,9,1,62,0,2019,12,9,4,3,5,2,0,1,0,0,0,0,0,"692275,112132","5337357,77009","11,58568881","48,160365454",0,1,#66c2a5,bicycle
221698,9,1,62,0,2019,12,18,4,3,5,3,2,1,1,0,0,0,0,"692921,783589","5335353,41262","11,593467427","48,142154979",0,1,#66c2a5,bicycle
221701,9,7,72,200,2019,12,14,4,3,0,1,0,1,0,0,0,0,0,"630397,420252","5337655,02076","10,754158016","48,178744463",0,1,#66c2a5,bicycle
221702,9,7,61,0,2019,12,5,4,3,5,1,2,0,1,0,0,0,0,"639219,495099","5358603,5263","10,87967041","48,365240175",1,2,#fc8d62,car
221725,9,1,88,113,2019,12,17,4,2,6,6,1,0,1,1,0,0,0,"679342,084865","5311845,67968","11,401242059","47,934812707",1,2,#fc8d62,car
221726,9,1,81,130,2019,12,9,4,3,0,7,0,1,0,0,0,0,0,"639640,513","5322537,768","10,873483775","48,040843093",0,1,#66c2a5,bicycle
221727,9,1,79,123,2019,12,17,4,2,6,2,2,0,0,1,0,0,1,"676862,132883","5334387,02466","11,377376088","48,138135224",1,3,#8da0cb,toilet
221728,9,1,77,117,2019,12,13,4,3,4,2,0,1,1,0,0,0,0,"715059,519578","5352940,17151","11,899610645","48,293081765",0,1,#66c2a5,bicycle
221729,9,1,62,0,2019,12,17,3,3,0,7,2,0,0,0,0,0,1,"688834,477092","5331974,5767","11,537080699","48,113011726",0,6,#ffd92f,circle
221730,9,1,62,0,2019,12,8,3,3,6,2,0,0,1,1,0,0,0,"693972,652118","5334677,17031","11,607271251","48,135757653",0,2,#fc8d62,car
221731,9,1,62,0,2019,12,17,3,3,1,6,2,0,1,0,0,0,0,"690885,296518","5333149,81237","11,56513207","48,122963374",0,2,#fc8d62,car
221732,9,1,62,0,2019,12,18,3,3,3,2,2,1,1,0,0,0,0,"692514,385415","5334844,95727","11,587766696","48,137708493",0,1,#66c2a5,bicycle
221733,9,1,62,0,2019,12,16,3,3,0,7,1,0,0,0,1,0,0,"690765,473054","5340772,26431","11,566941047","48,191509215",0,4,#e78ac3,marker
221734,9,1,62,0,2019,12,18,3,3,6,4,2,1,0,1,0,0,0,"692316,172706","5341905,32107","11,588298485","48,201225149",0,1,#66c2a5,bicycle
221735,9,1,62,0,2019,12,16,3,3,6,2,2,0,1,1,0,0,0,"690274,994372","5336172,91768","11,558289668","48,150317723",0,2,#fc8d62,car
221736,9,1,62,0,2019,12,14,3,3,5,2,0,1,1,0,0,0,0,"687361,563256","5335035,11799","11,518656795","48,140955762",0,1,#66c2a5,bicycle
221741,9,7,61,0,2019,12,11,3,3,6,4,0,0,1,1,0,0,0,"641896,136753","5360958,76959","10,916583206","48,385821481",0,2,#fc8d62,car
221742,9,7,61,0,2019,12,7,3,3,5,3,1,0,1,0,0,0,0,"640733,267561","5351902,44251","10,897858649","48,304650273",1,2,#fc8d62,car
221743,9,7,61,0,2019,12,9,3,3,0,1,0,1,0,0,0,0,0,"640383,517599","5359082,51024","10,895537417","48,369289247",0,1,#66c2a5,bicycle
221766,9,2,61,0,2019,12,19,3,3,5,3,2,1,1,0,0,0,0,"735217,041552","5382573,73725","12,187592572","48,552101463",0,1,#66c2a5,bicycle
221767,9,2,61,0,2019,12,17,3,3,5,3,1,1,1,0,0,0,0,"731832,308654","5381711,13236","12,141315918","48,545612918",0,1,#66c2a5,bicycle
221772,9,1,82,125,2019,12,16,3,3,6,4,1,0,1,1,0,0,0,"712026,649132","5296734,25582","11,830940622","47,789037549",1,2,#fc8d62,car
221776,9,1,79,142,2019,12,11,3,3,2,3,0,0,1,0,0,0,1,"673316,788489","5340974,20146","11,332445969","48,198325991",0,2,#fc8d62,car
221777,9,1,79,142,2019,12,8,3,3,5,3,0,1,1,0,0,0,0,"673119,896888","5341617,03359","11,33006073","48,204158392",1,1,#66c2a5,bicycle
221778,9,1,75,115,2019,12,17,3,3,1,7,2,0,1,1,0,0,0,"720907,44589","5329285,90334","11,96604971","48,078539565",0,2,#fc8d62,car
221779,9,1,77,133,2019,12,13,3,3,3,6,0,0,1,0,0,1,0,"706185,334709","5359968,20951","11,783548354","48,359189247",0,2,#fc8d62,car
221780,9,1,62,0,2019,12,17,2,3,0,3,2,0,1,0,0,0,0,"693584,337481","5331317,87458","11,600531995","48,105683502",0,2,#fc8d62,car
221781,9,1,62,0,2019,12,7,2,3,5,3,1,1,1,0,0,0,0,"696288,361867","5330457,17342","11,636421289","48,097120572",0,1,#66c2a5,bicycle
221782,9,1,62,0,2019,12,8,2,3,5,3,0,1,1,0,0,0,0,"696480,795433","5332685,14784","11,640029099","48,117085103",0,1,#66c2a5,bicycle
221783,9,1,88,127,2019,12,12,2,3,0,1,0,1,0,0,0,0,0,"679209,826208","5329518,58412","11,406859027","48,093715709",0,1,#66c2a5,bicycle
221784,9,1,62,0,2019,12,7,2,3,3,7,1,1,0,0,0,0,1,"691828,536881","5334957,87686","11,578608119","48,138930515",0,1,#66c2a5,bicycle
221785,9,1,62,0,2019,12,17,2,3,3,2,2,0,1,0,0,0,1,"694101,855","5334740,715","11,609035011","48,136289376",0,2,#fc8d62,car
221786,9,1,62,0,2019,12,16,2,3,6,2,0,0,1,1,0,0,0,"693457,672617","5331838,68686","11,599068412","48,11040291",0,2,#fc8d62,car
221787,9,1,62,0,2019,12,12,2,3,0,3,0,1,1,0,0,0,0,"690750,405589","5334139,86305","11,563764407","48,131902348",0,1,#66c2a5,bicycle
221788,9,1,62,0,2019,12,22,2,3,1,1,2,0,1,0,0,1,0,"690657,084816","5342717,13138","11,566357618","48,209021913",1,2,#fc8d62,car
221789,9,1,62,0,2019,12,17,2,3,0,6,2,0,0,0,0,0,1,"692126,947602","5340436,30981","11,585089802","48,188079386",1,6,#ffd92f,circle
221790,9,1,62,0,2019,12,17,2,3,5,3,2,1,1,0,0,0,0,"687985,024","5337766,614","11,528235929","48,16532305",1,1,#66c2a5,bicycle
221791,9,1,62,0,2019,12,10,2,3,5,3,0,1,1,0,0,0,0,"688710,978843","5336272,2816","11,537326665","48,15167676",0,1,#66c2a5,bicycle
221792,9,1,62,0,2019,12,18,2,3,1,5,2,1,1,0,0,0,0,"690579,570118","5334746,3823","11,561742021","48,137404902",0,1,#66c2a5,bicycle
221797,9,7,72,147,2019,12,10,2,3,5,3,0,1,1,0,0,0,0,"638412,454728","5365668,36278","10,871109056","48,428943007",0,1,#66c2a5,bicycle
221798,9,7,61,0,2019,12,14,2,3,5,3,0,1,1,0,0,0,0,"638131,450148","5361791,70074","10,866036126","48,394146685",0,1,#66c2a5,bicycle
221799,9,7,61,0,2019,12,6,2,3,0,1,2,1,0,0,0,0,0,"644415,527107","5357136,57839","10,949279659","48,350882894",1,1,#66c2a5,bicycle
221800,9,7,71,113,2019,12,10,2,3,4,6,0,1,0,0,0,0,0,"657093,097026","5369644,11192","11,124961971","48,460304293",0,1,#66c2a5,bicycle
221829,9,1,87,150,2019,12,12,2,3,2,6,0,0,1,0,0,0,0,"729141,906149","5304414,83642","12,063196527","47,852184695",0,2,#fc8d62,car
221831,9,1,63,0,2019,12,7,2,3,5,3,1,1,0,0,0,0,0,"733313,522823","5306131,51422","12,119804563","47,866106881",0,1,#66c2a5,bicycle
221832,9,1,63,0,2019,12,18,2,3,6,3,2,0,1,1,0,0,0,"734066,414693","5305357,12375","12,129437355","47,858875943",1,2,#fc8d62,car
221834,9,1,74,113,2019,12,18,2,3,0,1,2,1,0,0,0,0,0,"676873,133516","5346495,57163","11,382567216","48,246977262",0,1,#66c2a5,bicycle
221835,9,1,78,116,2019,12,12,2,3,0,1,0,1,0,0,0,0,0,"701914,61747","5381936,16944","11,736559254","48,557978462",0,1,#66c2a5,bicycle
221836,9,1,62,0,2019,12,17,1,3,0,7,2,1,0,0,0,0,1,"684243,369916","5337524,37654","11,477858302","48,164241111",0,1,#66c2a5,bicycle
221837,9,1,62,0,2019,12,18,1,3,4,2,2,1,1,0,0,0,0,"696538,977078","5338498,81201","11,643493319","48,169316786",0,1,#66c2a5,bicycle
221838,9,1,62,0,2019,12,17,1,3,5,3,2,1,1,0,0,0,0,"691055,806662","5337730,93131","11,569476527","48,164086919",0,1,#66c2a5,bicycle
221841,9,7,72,184,2019,12,5,1,3,4,6,2,0,1,0,0,0,0,"636108,848075","5363308,13985","10,839218945","48,40822219",1,2,#fc8d62,car
221842,9,7,61,0,2019,12,11,1,3,5,3,0,0,1,0,0,0,0,"641764,430522","5365071,32048","10,916194313","48,422829168",0,2,#fc8d62,car
221859,9,1,82,133,2019,12,15,1,2,0,1,0,1,0,0,0,0,0,"708266,163262","5311534,83374","11,787919726","47,923273824",1,1,#66c2a5,bicycle
221860,9,1,74,115,2019,12,17,1,3,6,6,2,0,1,1,0,0,0,"682241,298051","5346883,24638","11,454977963","48,248941377",0,2,#fc8d62,car
221861,9,1,62,0,2019,12,12,7,3,0,7,0,0,0,1,0,0,1,"689001,220385","5337550,24525","11,541792827","48,163077017",0,3,#8da0cb,toilet
221862,9,1,62,0,2019,12,19,7,3,2,6,2,0,1,0,0,0,0,"693653,949488","5332471,40409","11,601989817","48,116029953",0,2,#fc8d62,car
221863,9,1,62,0,2019,12,13,7,3,5,3,0,0,1,0,0,0,0,"688906,908682","5342877,20284","11,542894677","48,210983902",1,2,#fc8d62,car
221864,9,1,84,136,2019,12,14,7,3,1,2,0,0,1,0,0,0,0,"698370,493405","5326233,4888","11,662395395","48,058516187",0,2,#fc8d62,car
221865,9,1,62,0,2019,12,12,7,3,3,6,0,0,1,0,0,0,1,"693147,592167","5331825,76686","11,594901121","48,11038089",0,2,#fc8d62,car
221866,9,1,62,0,2019,12,15,7,3,6,7,0,0,1,1,0,0,0,"691698,555237","5334641,39378","11,576720271","48,13612518",0,2,#fc8d62,car
221869,9,7,72,215,2019,12,18,7,3,5,3,2,1,1,0,0,0,0,"633768,277926","5345703,34755","10,80201978","48,250417482",1,1,#66c2a5,bicycle
221870,9,7,61,0,2019,12,11,7,3,5,3,0,0,0,0,1,0,1,"642149,175","5361712,094","10,920253901","48,392538038",0,4,#e78ac3,marker
221871,9,7,61,0,2019,12,18,7,3,3,2,2,0,1,0,0,0,1,"641725,850577","5359976,2361","10,91395315","48,377025254",0,2,#fc8d62,car
221872,9,7,61,0,2019,12,10,7,3,5,3,0,0,1,0,0,0,1,"640202,789083","5359141,72623","10,893118248","48,369861872",0,2,#fc8d62,car
221896,9,2,61,0,2019,12,17,7,3,6,4,2,0,1,1,0,0,0,"733000,824369","5382758,51117","12,157710178","48,554588318",0,2,#fc8d62,car
221897,9,2,61,0,2019,12,3,7,3,0,7,2,1,0,0,0,0,0,"731264,982251","5381742,58011","12,133658125","48,546104773",2,1,#66c2a5,bicycle
221903,9,1,63,0,2019,12,9,7,3,0,1,1,1,0,0,0,0,0,"733263,361824","5306000,24928","12,119064032","47,864945803",1,1,#66c2a5,bicycle
221904,9,1,87,174,2019,12,18,7,3,6,7,2,0,1,1,0,0,0,"741744,480123","5310656,66446","12,234891275","47,903639771",0,2,#fc8d62,car
221905,9,1,87,177,2019,12,8,7,2,0,1,0,1,0,0,0,0,1,"737330,881252","5305760,75963","12,173235611","47,861304829",2,1,#66c2a5,bicycle
221906,9,1,87,137,2019,12,5,7,3,9,1,2,0,1,0,0,0,0,"730066,536875","5311418,73837","12,079269335","47,914780132",2,2,#fc8d62,car
221911,9,1,79,142,2019,12,13,7,3,1,5,0,0,1,0,0,0,0,"673418,112059","5343560,61769","11,334865625","48,221548608",0,2,#fc8d62,car
221912,9,1,74,115,2019,12,14,7,3,5,7,0,1,1,0,0,0,0,"681326,645149","5347561,3592","11,4429588","48,255298974",1,1,#66c2a5,bicycle
221913,9,1,62,0,2019,12,9,6,3,4,2,0,1,1,0,0,0,0,"691920,719853","5333880,7998","11,57936075","48,129222115",0,1,#66c2a5,bicycle
221914,9,1,62,0,2019,12,17,6,3,4,2,2,1,1,0,0,0,0,"690233,051","5339010,458","11,558995369","48,175833942",0,1,#66c2a5,bicycle
221915,9,1,62,0,2019,12,7,6,3,1,5,0,0,1,0,0,0,0,"687268,123811","5339053,23747","11,519170643","48,177099078",1,2,#fc8d62,car
221916,9,1,62,0,2019,12,14,6,3,2,6,0,0,1,0,0,0,0,"692758,457204","5337953,1876","11,592451698","48,165570554",0,2,#fc8d62,car
221917,9,1,62,0,2019,12,13,6,2,0,1,0,1,0,0,0,0,0,"689950,427189","5334914,68413","11,553368958","48,139105712",1,1,#66c2a5,bicycle
221918,9,1,62,0,2019,12,12,6,3,5,2,0,0,1,0,0,0,0,"689652,623943","5340117,93301","11,551689845","48,185961378",0,2,#fc8d62,car
221919,9,1,62,0,2019,12,12,6,3,0,7,0,0,0,0,0,0,1,"691468,921138","5332289,72757","11,572580446","48,115057756",0,6,#ffd92f,circle
221920,9,1,62,0,2019,12,13,6,3,5,3,0,1,1,0,0,0,0,"693801,188312","5341096,63668","11,607894103","48,19350554",0,1,#66c2a5,bicycle
221921,9,1,62,0,2019,12,13,6,3,5,7,0,0,1,0,0,0,0,"690976,174812","5334320,71748","11,566876749","48,133460155",0,2,#fc8d62,car
221922,9,1,62,0,2019,12,13,6,3,6,7,0,0,1,1,0,0,0,"688121,060692","5337807,95767","11,530081942","48,165654413",0,2,#fc8d62,car
221923,9,1,62,0,2019,12,9,6,1,0,7,0,0,1,1,0,0,0,"689552,037978","5332467,69934","11,546930792","48,117230811",0,2,#fc8d62,car
221924,9,1,62,0,2019,12,17,6,3,6,4,2,0,1,1,0,0,0,"686563,624322","5338296,32844","11,50937083","48,170502993",0,2,#fc8d62,car
221925,9,1,84,138,2019,12,7,6,3,1,7,0,1,1,0,0,0,0,"682319,322294","5331331,69531","11,449356145","48,10913145",0,1,#66c2a5,bicycle
221926,9,1,62,0,2019,12,7,6,3,5,3,0,0,1,0,0,0,0,"687637,577","5329159,469","11,519778328","48,088062403",2,2,#fc8d62,car
221927,9,1,84,129,2019,12,12,6,3,5,3,0,1,1,0,0,0,0,"700218,32912","5326578,55297","11,687329176","48,061040251",0,1,#66c2a5,bicycle
221928,9,1,62,0,2019,12,9,6,3,0,5,0,0,1,0,0,0,0,"693905,506799","5335192,72466","11,606604394","48,140411737",0,2,#fc8d62,car
221929,9,1,62,0,2019,12,15,6,2,5,3,0,0,1,0,0,0,1,"689306,404528","5333470,00501","11,544078779","48,126312721",0,2,#fc8d62,car
221930,9,1,62,0,2019,12,8,6,3,6,2,0,0,1,1,0,0,0,"691210,007173","5335818,74666","11,570688943","48,146854088",0,2,#fc8d62,car
221933,9,7,72,223,2019,12,13,6,3,8,1,0,1,0,0,0,0,0,"617303,855455","5363841,17284","10,585368186","48,41679652",0,1,#66c2a5,bicycle
221934,9,7,72,202,2019,12,14,6,3,6,2,0,0,1,1,0,0,0,"636636,089842","5359738,68947","10,845178435","48,376011983",0,2,#fc8d62,car
221935,9,7,61,0,2019,12,16,6,3,4,7,1,0,1,0,0,0,0,"641420,898601","5359225,59087","10,909584778","48,370344178",0,2,#fc8d62,car
221958,9,2,74,126,2019,12,23,6,3,0,1,2,1,0,0,0,0,0,"733972,184866","5384760,07061","12,171978613","48,572205763",0,1,#66c2a5,bicycle
221962,9,1,82,120,2019,12,7,5,3,6,2,0,0,1,1,0,0,0,"702554,669815","5306734,33845","11,709299739","47,881960394",1,2,#fc8d62,car
221963,9,1,62,0,2019,12,17,4,3,6,7,2,0,1,1,0,0,0,"688240,815","5336836,651","11,531261098","48,156888722",0,2,#fc8d62,car
221964,9,1,62,0,2019,12,6,4,3,5,3,1,0,1,0,0,0,1,"691871,371","5332142,431","11,577915834","48,113612748",0,2,#fc8d62,car
221967,9,1,79,126,2019,12,9,5,3,0,1,0,1,0,0,0,0,0,"677598,576978","5341188,75745","11,390107361","48,199071523",1,1,#66c2a5,bicycle
221968,9,1,78,124,2019,12,15,5,2,1,6,0,1,1,0,0,0,0,"702490,628777","5363552,62886","11,735454874","48,392595625",1,1,#66c2a5,bicycle
221969,9,1,84,123,2019,12,7,4,3,6,4,0,0,1,1,0,0,0,"702729,853","5331792,435","11,723473891","48,107103825",0,2,#fc8d62,car
221973,9,1,75,115,2019,12,20,5,2,0,1,2,1,0,0,0,0,0,"720688,608629","5329514,99271","11,96323384","48,080673704",2,1,#66c2a5,bicycle
221974,9,1,62,0,2019,12,23,4,2,1,5,2,0,1,0,0,0,0,"687189,32672","5336166,50462","11,516841225","48,151175663",1,2,#fc8d62,car
221976,9,1,82,120,2019,12,18,5,3,0,1,2,1,0,0,0,0,0,"702096,137476","5306950,80321","11,70327493","47,884050326",2,1,#66c2a5,bicycle
221978,9,1,62,0,2019,12,21,4,2,0,7,2,1,0,0,0,0,0,"690457,111268","5335824,69315","11,560579934","48,147133391",0,1,#66c2a5,bicycle