OBJECTID,ULAND,UREGBEZ,UKREIS,UGEMEINDE,UJAHR,UMONAT,USTUNDE,UWOCHENTAG,UKATEGORIE,UART,UTYP1,ULICHTVERH,IstRad,IstPKW,IstFuss,IstKrad,IstGkfz,IstSonstig,LINREFX,LINREFY,XGCSWGS84,YGCSWGS84,STRZUSTAND,Teilnehmer,color,symbol
221979,9,1,62,0,2019,12,11,4,3,6,4,0,0,1,1,0,0,0,"690861,436","5337387,02","11,566710878","48,161054262",0,2,#fc8d62,car
221981,9,1,78,124,2019,12,17,5,3,0,1,2,1,0,0,0,0,0,"702673,742413","5363718,96158","11,738005882","48,394031526",1,1,#66c2a5,bicycle
221982,9,1,62,0,2019,12,19,4,3,6,4,2,0,1,1,0,0,0,"688993,003679","5341829,28075","11,54358571","48,201539564",1,2,#fc8d62,car
221983,9,1,62,0,2019,12,18,4,3,5,2,2,1,1,0,0,0,0,"689048,292","5332367,843","11,540124807","48,116483034",1,1,#66c2a5,bicycle
221984,9,1,62,0,2019,12,13,2,3,4,7,0,0,1,0,0,0,0,"688040,321076","5339630,35399","11,529803284","48,182058247",0,2,#fc8d62,car
221985,9,1,62,0,2019,12,18,2,3,4,3,2,1,1,0,0,0,0,"689824,336177","5337785,32471","11,552956082","48,164944688",0,1,#66c2a5,bicycle
221986,9,1,62,0,2019,12,16,2,3,5,2,1,0,1,0,0,0,0,"684376,429056","5332184,27681","11,477334128","48,116202841",0,2,#fc8d62,car
221987,9,1,84,129,2019,12,17,2,3,0,7,2,1,0,0,0,0,0,"699852,012636","5326404,93356","11,682336949","48,059594735",0,1,#66c2a5,bicycle
221988,9,1,62,0,2019,12,15,2,3,0,5,1,1,0,0,0,0,1,"686511,518758","5331073,04377","11,505507631","48,105592897",0,1,#66c2a5,bicycle
221989,9,1,62,0,2019,12,6,2,3,0,7,2,1,0,1,0,0,0,"688635,122649","5332704,09485","11,534727703","48,11962785",0,1,#66c2a5,bicycle
221990,9,1,62,0,2019,12,10,2,3,6,6,0,1,0,1,0,0,0,"690527,183001","5334784,29769","11,56105553","48,137761372",0,1,#66c2a5,bicycle
221991,9,1,62,0,2019,12,19,2,3,4,6,2,1,1,0,0,0,0,"689376,840622","5334760,4561","11,545597971","48,137890464",0,1,#66c2a5,bicycle
221992,9,1,62,0,2019,12,11,2,3,3,6,0,1,0,0,0,0,0,"692304,11639","5334259,40457","11,584678929","48,132509234",0,1,#66c2a5,bicycle
221993,9,7,62,0,2019,12,14,2,3,5,3,0,0,1,0,0,0,0,"622295,861673","5307900,48215","10,636718383","47,912760585",0,2,#fc8d62,car
221996,9,7,71,146,2019,12,7,2,3,0,1,1,0,0,0,1,0,0,"647297,630896","5347427,63123","10,984768358","48,262921317",0,4,#e78ac3,marker
221997,9,7,61,0,2019,12,14,2,3,5,3,0,1,1,0,0,0,0,"638659,320732","5358598,43343","10,87210975","48,365317681",0,1,#66c2a5,bicycle
221998,9,7,61,0,2019,12,22,2,3,1,5,2,0,1,0,0,0,1,"640734,677347","5358427,98151","10,900057259","48,363325744",0,2,#fc8d62,car
221999,9,7,61,0,2019,12,17,2,3,4,2,1,1,1,0,0,0,0,"640892,709192","5359236,59974","10,902460502","48,370561301",0,1,#66c2a5,bicycle
222022,9,2,61,0,2019,12,13,2,3,2,2,0,1,1,0,0,0,0,"732729,541078","5380777,34873","12,152932718","48,536892866",0,1,#66c2a5,bicycle
222028,9,1,87,182,2019,12,18,2,3,2,6,2,0,1,0,0,0,0,"740396,4","5328257,3","12,226730288","48,062252282",0,2,#fc8d62,car
222029,9,1,63,0,2019,12,12,2,3,2,6,0,0,1,0,0,0,0,"733849,930015","5304031,80397","12,125831095","47,847048066",0,2,#fc8d62,car
222030,9,1,63,0,2019,12,8,2,3,5,3,0,1,1,0,0,0,0,"733879,603848","5305333,75217","12,126930928","47,858733985",0,1,#66c2a5,bicycle
222031,9,1,87,117,2019,12,9,2,3,5,3,0,0,1,0,0,0,0,"724798,7547","5305717,12378","12,005897044","47,865419362",0,2,#fc8d62,car
222033,9,1,78,124,2019,12,7,2,3,0,1,0,1,0,0,0,0,0,"704419,63962","5364068,33671","11,761733615","48,396607607",1,1,#66c2a5,bicycle
222034,9,1,77,135,2019,12,10,2,3,5,3,0,0,1,0,0,0,0,"718380,834","5342563,539","11,938979435","48,198711286",0,2,#fc8d62,car
222035,9,1,77,117,2019,12,13,2,3,5,7,0,1,1,0,0,0,0,"715186,513678","5354086,53679","11,901904797","48,303338889",0,1,#66c2a5,bicycle
222036,9,1,62,0,2019,12,23,1,3,1,5,2,0,1,0,0,0,0,"694138,933891","5340987,78164","11,612384328","48,192424054",0,2,#fc8d62,car
222037,9,1,62,0,2019,12,20,1,3,1,5,2,0,1,0,0,0,0,"689689,526777","5332705,39549","11,548882021","48,119326306",0,2,#fc8d62,car
222038,9,1,62,0,2019,12,16,1,3,5,7,1,0,1,0,0,0,0,"687454,628008","5336060,4632","11,520358035","48,150144404",0,2,#fc8d62,car
222039,9,1,62,0,2019,12,19,1,3,1,5,2,0,1,0,1,0,0,"692143,283952","5333735,27238","11,582283186","48,127846995",0,2,#fc8d62,car
222040,9,1,84,148,2019,12,16,1,2,5,7,1,1,0,0,0,0,0,"694527,601293","5327331,81834","11,611374334","48,069570751",0,1,#66c2a5,bicycle
222041,9,1,62,0,2019,12,15,1,2,6,7,0,0,0,1,0,0,1,"698067,714682","5333030,9865","11,661488747","48,119701664",0,3,#8da0cb,toilet
222042,9,1,62,0,2019,12,14,1,3,6,4,0,0,1,1,0,0,0,"691976,906936","5333670,11481","11,580020186","48,127311566",0,2,#fc8d62,car
222043,9,1,62,0,2019,12,9,1,3,0,2,0,1,1,0,0,0,0,"689817,730568","5336699,01594","11,552382636","48,155182921",1,1,#66c2a5,bicycle
222045,9,7,61,0,2019,12,23,1,3,2,1,2,0,1,0,0,0,0,"641135,373714","5358183,22335","10,905381839","48,36103551",1,2,#fc8d62,car
222046,9,7,61,0,2019,12,3,1,3,0,7,2,1,0,0,0,0,0,"640129,879452","5358751,12415","10,89200418","48,366365888",1,1,#66c2a5,bicycle
222059,9,1,74,115,2019,12,7,1,3,2,6,0,0,1,0,0,0,0,"679780,191609","5346700,34835","11,421777624","48,248000167",0,2,#fc8d62,car
222060,9,1,62,0,2019,12,10,7,3,1,7,0,0,1,0,0,0,0,"690270,585091","5333981,17053","11,557251227","48,130619638",0,2,#fc8d62,car
222061,9,1,62,0,2019,12,18,7,3,3,5,2,1,1,0,0,0,0,"691451,399299","5337564,31101","11,574716219","48,16247036",0,1,#66c2a5,bicycle
222062,9,1,62,0,2019,12,0,7,3,5,2,2,0,1,0,0,0,0,"689659,021963","5340117,99316","11,551775866","48,185960008",0,2,#fc8d62,car
222063,9,1,62,0,2019,12,11,7,3,6,2,0,0,0,1,0,0,1,"691458,381608","5334589,78917","11,573472158","48,135733666",0,3,#8da0cb,toilet
222064,9,1,62,0,2019,12,17,7,3,2,6,1,0,1,0,0,0,0,"692284,82247","5337357,79367","11,585819266","48,16036273",0,2,#fc8d62,car
222065,9,1,62,0,2019,12,9,7,3,1,6,0,0,1,0,0,0,1,"683739,899461","5337559,89343","11,471109099","48,164706065",0,2,#fc8d62,car
222066,9,1,62,0,2019,12,11,7,3,5,2,0,1,1,0,0,0,0,"685141,314373","5331928,25245","11,487490172","48,113679648",0,1,#66c2a5,bicycle
222067,9,1,62,0,2019,12,18,7,3,4,2,2,1,1,0,0,0,0,"691058,800759","5333171,5868","11,567470966","48,123107039",0,1,#66c2a5,bicycle
222070,9,7,72,200,2019,12,10,7,3,7,6,0,0,1,0,0,0,0,"630487,634848","5338265,87379","10,75555864","48,184219143",0,2,#fc8d62,car
222071,9,7,72,147,2019,12,9,7,3,5,3,0,0,1,0,0,0,0,"638699,247453","5364772,8621","10,874687613","48,420827845",1,2,#fc8d62,car
222072,9,7,61,0,2019,12,10,7,3,5,2,0,0,1,0,0,0,0,"639263,65376","5362255,16904","10,88147638","48,398065033",1,2,#fc8d62,car
222073,9,7,61,0,2019,12,10,7,3,0,1,0,1,0,0,0,0,0,"640285,954578","5358791,20449","10,894123645","48,36669161",1,1,#66c2a5,bicycle
222093,9,2,61,0,2019,12,20,7,2,5,3,2,0,1,0,0,0,0,"730387,734033","5382466,91443","12,122190416","48,552934168",0,2,#fc8d62,car
222094,9,1,90,157,2019,12,13,7,3,5,3,0,0,1,0,0,0,0,"660950,84307","5301375,97518","11,151284967","47,845563093",1,2,#fc8d62,car
222098,9,1,79,123,2019,12,21,7,3,0,1,2,1,0,0,0,0,0,"675670,45696","5334243,07883","11,3613124","48,137171357",0,1,#66c2a5,bicycle
222099,9,1,62,0,2019,12,18,6,3,1,5,2,0,1,0,0,0,0,"686656,00881","5328759,78565","11,50643533","48,084758054",0,2,#fc8d62,car
222100,9,1,62,0,2019,12,6,6,3,5,3,2,1,1,0,0,0,0,"686789,408537","5328065,89137","11,507921484","48,078481963",0,1,#66c2a5,bicycle
222101,9,1,62,0,2019,12,20,6,3,5,3,2,0,1,0,0,0,0,"686222,614018","5333290,6828","11,502598869","48,125610477",0,2,#fc8d62,car
222102,9,1,62,0,2019,12,15,6,3,3,2,2,1,1,0,0,0,0,"689073,9541","5332577,74656","11,540562335","48,11836206",0,1,#66c2a5,bicycle
222103,9,1,62,0,2019,12,12,6,2,6,7,0,0,0,1,0,0,1,"690523,217611","5334620,42728","11,560928986","48,136289696",1,3,#8da0cb,toilet
222104,9,1,62,0,2019,12,11,6,3,5,7,0,1,1,0,0,0,0,"691678,170448","5342972,33495","11,580202907","48,211008105",1,1,#66c2a5,bicycle
222105,9,1,62,0,2019,12,7,6,3,3,3,1,1,1,0,0,0,0,"690062,101893","5337116,84756","11,555851824","48,158865398",1,1,#66c2a5,bicycle
222106,9,1,62,0,2019,12,7,6,3,1,6,0,0,1,0,0,0,0,"695154,676113","5332993,04288","11,622370936","48,120260105",1,2,#fc8d62,car
222107,9,1,62,0,2019,12,20,6,3,2,2,2,0,1,0,0,0,0,"690530,623726","5334744,79889","11,561084064","48,137405328",0,2,#fc8d62,car
222108,9,1,62,0,2019,12,17,6,3,4,2,2,1,0,0,0,0,1,"690874,702855","5336684,89634","11,56657412","48,154739662",1,1,#66c2a5,bicycle
222110,9,7,78,116,2019,12,11,6,3,6,7,0,0,0,1,0,0,1,"619192,900417","5318399,49359","10,598117829","48,007770363",1,3,#8da0cb,toilet
222115,9,7,71,146,2019,12,13,6,3,0,7,0,0,0,1,0,0,1,"646618,69728","5347523,82663","10,975659044","48,263943747",0,3,#8da0cb,toilet
222116,9,7,72,125,2019,12,11,6,3,5,3,0,0,1,0,0,0,0,"636489,756605","5347985,36828","10,839398227","48,270357467",2,2,#fc8d62,car
222117,9,7,61,0,2019,12,11,6,3,8,7,0,0,1,0,0,0,0,"640910,649628","5357329,05409","10,902063695","48,353405308",1,2,#fc8d62,car
222118,9,7,61,0,2019,12,11,6,3,2,1,0,0,1,0,0,0,0,"641474,495829","5358552,53781","10,910081674","48,36428034",1,2,#fc8d62,car
222148,9,2,61,0,2019,12,8,6,3,6,4,0,0,1,1,0,0,0,"732387,162946","5380295,3501","12,148032905","48,532690053",0,2,#fc8d62,car
222149,9,2,61,0,2019,12,13,6,3,5,2,0,1,1,0,0,0,0,"731719,646444","5381864,7607","12,139877192","48,547034548",1,1,#66c2a5,bicycle
222152,9,1,90,140,2019,12,18,6,3,4,2,2,0,1,0,1,0,0,"643985,565341","5295508,58583","10,922715388","47,796825598",1,2,#fc8d62,car
222154,9,1,63,0,2019,12,7,6,2,3,6,0,1,0,0,0,0,0,"733380,565696","5305604,42259","12,120415176","47,861347118",1,1,#66c2a5,bicycle
222155,9,1,63,0,2019,12,17,6,3,5,3,0,0,1,0,1,0,0,"733998,857716","5305704,53484","12,128723494","47,862021678",0,2,#fc8d62,car
222156,9,1,87,129,2019,12,18,6,3,5,3,2,0,1,0,0,0,0,"725727,147834","5295008,70636","12,012717061","47,768878734",1,2,#fc8d62,car
222157,9,1,87,117,2019,12,12,6,3,2,4,0,0,1,1,0,0,0,"724885,945942","5305418,04248","12,006905704","47,862701605",0,2,#fc8d62,car
222160,9,1,86,143,2019,12,19,6,3,5,2,2,1,1,0,0,0,0,"685063,189","5378228,541","11,50676211","48,529855394",0,1,#66c2a5,bicycle
222163,9,1,88,121,2019,12,17,6,3,5,3,2,0,1,0,0,0,0,"670446,74257","5332002,95207","11,290259809","48,118453789",1,2,#fc8d62,car
222164,9,1,88,137,2019,12,8,6,3,5,3,0,0,1,0,0,0,1,"671201,187324","5314761,29744","11,293494676","47,963250904",1,2,#fc8d62,car
222165,9,1,74,115,2019,12,0,6,3,0,1,2,1,0,0,0,0,0,"681337,128191","5347291,56199","11,442984305","48,252870875",2,1,#66c2a5,bicycle
222166,9,1,75,132,2019,12,7,6,3,5,3,0,0,1,0,0,0,0,"707519,385","5331782,392","11,787733547","48,105471457",0,2,#fc8d62,car
222167,9,1,84,122,2019,12,17,5,3,2,6,2,0,1,0,0,0,0,"688158,901559","5323956,92816","11,524483028","48,041146558",1,2,#fc8d62,car
222168,9,1,62,0,2019,12,6,5,3,4,2,2,1,1,0,0,0,0,"690733,655527","5340286,51818","11,566295229","48,187152956",1,1,#66c2a5,bicycle
222169,9,1,62,0,2019,12,22,5,3,0,1,2,1,0,0,0,0,0,"691149,158897","5337120,41679","11,570456361","48,158571635",1,1,#66c2a5,bicycle
222170,9,1,62,0,2019,12,9,5,3,5,3,0,1,1,0,0,0,0,"692265,731847","5337229,47143","11,585504816","48,159215173",0,1,#66c2a5,bicycle
222171,9,1,62,0,2019,12,19,5,3,5,3,2,1,1,0,0,0,0,"697485,346011","5333965,49313","11,65410497","48,128281264",2,1,#66c2a5,bicycle
222172,9,1,62,0,2019,12,23,5,3,4,6,2,1,0,0,0,0,0,"691755,707794","5335315,01634","11,577790966","48,142162382",2,1,#66c2a5,bicycle
222173,9,1,62,0,2019,12,23,5,3,3,2,2,1,1,0,0,0,0,"688281,249322","5335712,59162","11,531307003","48,146773531",1,1,#66c2a5,bicycle
222174,9,1,62,0,2019,12,17,5,3,6,2,2,0,0,1,0,0,1,"697008,518328","5331214,38783","11,646432813","48,103703752",0,3,#8da0cb,toilet
222175,9,1,62,0,2019,12,16,5,3,5,3,1,0,1,0,0,0,0,"688122,592464","5328186,88614","11,525856735","48,079177584",0,2,#fc8d62,car
222176,9,1,62,0,2019,12,16,5,3,1,5,1,1,1,0,0,0,0,"686205,582538","5339413,48449","11,505049171","48,180649321",0,1,#66c2a5,bicycle
222177,9,1,62,0,2019,12,18,5,3,0,4,2,1,0,1,0,0,0,"687443,486601","5335471,27298","11,519948961","48,144851903",0,1,#66c2a5,bicycle
222178,9,1,62,0,2019,12,9,5,3,0,3,0,0,0,0,1,0,1,"687444,902188","5336160,34748","11,520271389","48,151045054",1,4,#e78ac3,marker
222179,9,1,62,0,2019,12,17,5,3,1,5,2,1,1,0,0,0,0,"689000,261811","5328903,04093","11,537945761","48,085355005",1,1,#66c2a5,bicycle
222180,9,1,62,0,2019,12,13,5,3,6,4,0,0,1,1,0,0,0,"688673,978684","5330528,21621","11,534286919","48,100059106",1,2,#fc8d62,car
222181,9,1,84,123,2019,12,22,5,3,1,1,2,0,1,0,0,0,0,"702496,885556","5331715,95402","11,720311567","48,106490595",2,2,#fc8d62,car
222182,9,1,62,0,2019,12,8,5,3,4,3,0,1,0,0,0,0,0,"692354,774","5333923,17","11,585207291","48,129471914",1,1,#66c2a5,bicycle
222183,9,1,62,0,2019,12,6,5,3,5,3,2,0,1,0,1,0,0,"690036,058554","5333606,9096","11,553935522","48,127325831",1,2,#fc8d62,car
222184,9,1,62,0,2019,12,14,5,3,1,5,0,1,1,0,0,0,0,"689280,556685","5334750,14858","11,544300469","48,137826466",1,1,#66c2a5,bicycle
222185,9,1,62,0,2019,12,15,5,3,4,2,0,1,1,0,0,0,0,"690807,129129","5336512,21728","11,56558902","48,153207915",1,1,#66c2a5,bicycle
222190,9,7,61,0,2019,12,9,5,3,0,1,0,0,0,0,0,0,1,"640840,899311","5359080,70596","10,901709107","48,369171124",1,6,#ffd92f,circle
222191,9,7,72,163,2019,12,14,5,3,5,3,0,1,1,0,0,0,0,"640152,512221","5350071,62237","10,889423566","48,288316804",1,1,#66c2a5,bicycle
222192,9,7,61,0,2019,12,20,5,3,5,3,2,1,1,0,0,0,0,"639121,923784","5359229,81522","10,878560965","48,370893132",1,1,#66c2a5,bicycle
222193,9,7,61,0,2019,12,19,5,3,0,2,2,1,1,0,0,0,0,"639715,355","5356277,708","10,885589391","48,344217442",2,1,#66c2a5,bicycle
222194,9,7,61,0,2019,12,18,5,3,0,1,2,1,0,0,0,0,0,"639974,046776","5358083,95349","10,889679356","48,360401455",2,1,#66c2a5,bicycle
222204,9,1,86,143,2019,12,19,5,3,8,1,2,0,1,0,0,0,0,"683501,782718","5378813,78358","11,48589064","48,535573896",1,2,#fc8d62,car
222209,9,1,62,0,2019,12,13,4,3,0,3,0,0,1,0,0,0,0,"690782,914581","5339798,92109","11,56673835","48,182755711",0,2,#fc8d62,car
222210,9,1,62,0,2019,12,19,4,3,1,6,2,0,1,0,0,0,0,"689659,596156","5335671,12631","11,549800454","48,145991399",1,2,#fc8d62,car
222211,9,1,87,150,2019,12,12,5,3,4,2,0,1,1,0,0,0,0,"729450,469956","5304091,23634","12,06714374","47,849167236",1,1,#66c2a5,bicycle
222212,9,1,62,0,2019,12,10,6,2,6,2,0,0,1,1,0,0,0,"696983,184495","5331817,89854","11,646371501","48,109135585",0,2,#fc8d62,car
222213,9,1,62,0,2019,12,12,6,3,5,2,0,1,1,0,0,0,0,"687862,946002","5338148,32602","11,526764369","48,168790028",0,1,#66c2a5,bicycle
222214,9,1,62,0,2019,12,12,6,3,0,1,0,1,0,0,0,0,0,"690334,137801","5343172,37899","11,562219321","48,213210527",0,1,#66c2a5,bicycle
222215,9,1,62,0,2019,12,15,6,3,1,5,0,1,1,0,0,0,0,"693708,56342","5332230,34375","11,602613348","48,113846763",0,1,#66c2a5,bicycle
222216,9,1,62,0,2019,12,18,6,3,0,4,1,0,0,1,1,0,0,"691927,947173","5333479,14427","11,579276898","48,125609912",1,3,#8da0cb,toilet
222217,9,1,62,0,2019,12,14,6,3,5,3,0,1,1,0,0,0,0,"691097,827","5335531,242","11,569053286","48,144303732",0,1,#66c2a5,bicycle
222218,9,1,62,0,2019,12,18,6,3,1,6,2,0,1,0,0,0,0,"691712,231","5335691,616","11,577376678","48,145560305",0,2,#fc8d62,car
222222,9,7,73,182,2019,12,7,6,3,0,4,1,1,0,1,0,0,0,"623987,49425","5380347,55678","10,680557838","48,563951318",1,1,#66c2a5,bicycle
222223,9,7,72,121,2019,12,23,6,2,8,1,2,1,0,0,0,0,0,"633677,405735","5377279,86236","10,810846633","48,534375719",1,1,#66c2a5,bicycle
222224,9,7,72,147,2019,12,11,6,3,2,6,0,0,1,0,0,1,0,"638000,50828","5365624,32911","10,865528796","48,428637463",0,2,#fc8d62,car
222225,9,7,72,147,2019,12,12,6,3,5,3,0,1,1,0,0,0,0,"638264,960993","5365180,87402","10,868955503","48,424592039",0,1,#66c2a5,bicycle
222226,9,7,71,130,2019,12,11,6,3,0,1,0,1,0,0,0,0,0,"646411,757","5357842,552","10,976453227","48,356770875",0,1,#66c2a5,bicycle
222227,9,7,71,130,2019,12,15,6,3,0,1,0,1,0,0,0,0,0,"646290,617828","5361616,43142","10,976132065","48,390730829",1,1,#66c2a5,bicycle
222228,9,7,61,0,2019,12,23,6,3,6,2,2,0,1,1,0,0,0,"640535,990868","5358054,63982","10,897251613","48,360013038",1,2,#fc8d62,car
222230,9,1,75,122,2019,12,2,7,2,9,7,2,0,1,0,0,0,0,"722044,600021","5325694,96199","11,979432445","48,045880387",1,2,#fc8d62,car
222231,9,1,62,0,2019,12,8,6,3,5,3,0,1,1,0,0,0,0,"690339,985431","5343036,08956","11,562236806","48,211983825",0,1,#66c2a5,bicycle
222232,9,1,62,0,2019,12,11,6,3,5,2,0,1,1,0,0,0,0,"688018,180109","5339628,87764","11,529505059","48,182051529",0,1,#66c2a5,bicycle
222233,9,1,84,149,2019,12,9,6,3,0,7,0,1,0,0,0,0,0,"691888,275373","5350158,88789","11,586284427","48,275534772",2,1,#66c2a5,bicycle
222238,9,1,62,0,2019,12,21,6,3,0,1,2,1,0,0,0,0,0,"691585,967455","5334453,82194","11,575124148","48,134473212",1,1,#66c2a5,bicycle
222239,9,1,62,0,2019,12,12,6,3,0,1,0,0,0,0,0,0,1,"692000,330172","5334588,76792","11,580748602","48,135561213",0,6,#ffd92f,circle
222240,9,1,84,135,2019,12,11,6,3,6,3,0,0,1,1,0,0,0,"689280,882858","5347907,65189","11,550170783","48,256085692",0,2,#fc8d62,car
222241,9,1,62,0,2019,12,11,6,3,6,4,0,0,1,1,0,0,0,"686641,827874","5338892,19161","11,510683266","48,175835812",0,2,#fc8d62,car
222273,9,2,74,185,2019,12,8,6,3,5,3,0,0,1,0,0,0,1,"730475,831","5369403,989","12,116176068","48,435556768",1,2,#fc8d62,car
222277,9,1,82,136,2019,12,0,6,2,0,7,2,0,1,0,0,0,0,"703634,134939","5299392,76177","11,720266446","47,815638293",0,2,#fc8d62,car
222278,9,1,87,122,2019,12,17,6,3,4,7,2,0,1,1,0,0,0,"719778,883669","5306173,02461","11,939097983","47,871252704",0,2,#fc8d62,car
222281,9,1,74,126,2019,12,8,6,3,0,3,0,0,1,0,1,0,0,"683079,630529","5343763,86253","11,464912396","48,220661286",1,2,#fc8d62,car
222282,9,1,78,145,2019,12,10,6,3,5,5,0,1,1,0,0,0,0,"697213,53491","5355109,1823","11,660291395","48,318387309",0,1,#66c2a5,bicycle
222283,9,1,78,145,2019,12,14,6,3,5,3,0,0,1,0,0,0,0,"697681,667764","5353897,51695","11,666031398","48,307351974",1,2,#fc8d62,car
222284,9,1,78,124,2019,12,11,6,3,0,1,0,1,0,0,0,0,0,"702346,837","5364530,551","11,733985861","48,401429684",0,1,#66c2a5,bicycle
222285,9,1,78,124,2019,12,11,6,3,4,2,0,1,1,0,0,0,0,"703551,230547","5364618,41922","11,75028204","48,401831638",0,1,#66c2a5,bicycle
222286,9,1,77,116,2019,12,6,6,3,8,1,2,0,1,0,0,0,0,"713266,478912","5360127,3137","11,879102609","48,358267206",2,2,#fc8d62,car
222287,9,1,62,0,2019,12,15,5,3,5,3,0,0,1,0,1,0,0,"689794,893791","5335990,37813","11,551759868","48,148820491",0,2,#fc8d62,car
222288,9,1,62,0,2019,12,13,5,3,1,5,0,0,1,0,0,0,0,"698291,927692","5334501,97313","11,665182539","48,132852002",0,2,#fc8d62,car
222289,9,1,62,0,2019,12,23,5,3,0,1,2,1,0,0,0,0,0,"692715,500257","5338255,67932","11,592011652","48,168302284",1,1,#66c2a5,bicycle
222290,9,1,62,0,2019,12,9,5,3,6,4,0,1,0,1,0,0,0,"688221,767994","5336877,1654","11,531023156","48,15725851",0,1,#66c2a5,bicycle
222291,9,1,62,0,2019,12,22,5,3,5,3,2,0,1,0,0,0,0,"680072,569","5335657,517","11,421028388","48,148655171",0,2,#fc8d62,car
222292,9,1,62,0,2019,12,6,5,3,4,6,2,1,0,0,0,0,0,"692307,904638","5337511,49045","11,586198824","48,161737139",0,1,#66c2a5,bicycle
222293,9,1,62,0,2019,12,9,5,3,3,6,0,1,1,0,0,0,0,"687920,033694","5330596,27318","11,524200033","48,100893624",0,1,#66c2a5,bicycle
222294,9,1,62,0,2019,12,10,5,3,5,3,0,0,1,0,0,0,0,"700054,290717","5335223,0413","11,689181619","48,138780789",0,2,#fc8d62,car
222295,9,1,62,0,2019,12,15,5,3,3,6,0,1,1,0,0,0,0,"691472,16283","5334336,23347","11,573543243","48,133450589",0,1,#66c2a5,bicycle
222299,9,7,61,0,2019,12,13,5,3,3,6,0,1,1,0,0,0,0,"637188,356459","5360175,60409","10,852774978","48,379820838",0,1,#66c2a5,bicycle
222300,9,7,61,0,2019,12,11,5,3,5,2,0,0,1,0,0,0,0,"640853,86152","5353353,64494","10,899968515","48,317672276",0,2,#fc8d62,car
222301,9,7,61,0,2019,12,17,5,3,3,1,2,0,1,0,0,0,0,"639685,059212","5356154,92886","10,885140026","48,34312014",0,2,#fc8d62,car
222302,9,7,61,0,2019,12,18,5,3,5,3,2,1,1,0,0,0,0,"641892,015","5357506,04","10,915362522","48,354776952",1,1,#66c2a5,bicycle
222303,9,7,61,0,2019,12,10,5,3,3,2,0,1,1,0,0,0,0,"640554,086582","5359216,27068","10,897883931","48,370454014",0,1,#66c2a5,bicycle
222304,9,7,61,0,2019,12,7,5,3,0,7,0,1,0,0,0,0,0,"639578,880509","5358823,91632","10,884593059","48,367142499",1,1,#66c2a5,bicycle
222343,9,1,73,126,2019,12,15,5,3,1,5,0,0,1,0,0,0,0,"686069,580939","5302776,63611","11,487321868","47,851374463",0,2,#fc8d62,car
222346,9,1,88,118,2019,12,8,5,3,0,1,0,1,1,0,0,0,0,"671546,962536","5313381,86556","11,297572836","47,950757237",0,1,#66c2a5,bicycle
222347,9,1,79,142,2019,12,14,5,2,6,4,0,0,1,1,0,0,0,"673153,05044","5342148,4745","11,330723433","48,208926691",0,2,#fc8d62,car
222348,9,1,74,121,2019,12,20,5,3,8,1,2,0,1,0,0,0,0,"688945,901443","5354338,67957","11,548538055","48,313986695",0,2,#fc8d62,car
222349,9,1,78,124,2019,12,14,5,3,8,1,0,0,0,0,1,0,0,"703702,716493","5362599,41538","11,751347319","48,383639581",0,4,#e78ac3,marker
222350,9,1,77,117,2019,12,18,5,3,0,1,1,1,0,0,0,0,0,"715156,491844","5352913,61705","11,900902838","48,292810213",0,1,#66c2a5,bicycle
222351,9,1,62,0,2019,12,14,4,3,3,6,0,0,1,0,0,0,1,"687447,878459","5333363,63445","11,519080523","48,125906595",0,2,#fc8d62,car
222352,9,1,62,0,2019,12,17,4,3,0,3,2,1,1,0,0,0,0,"691124,002","5332041,754","11,567839811","48,112932584",1,1,#66c2a5,bicycle
222353,9,1,62,0,2019,12,9,4,3,4,2,0,1,1,0,0,0,0,"682019,567075","5334109,34639","11,446518899","48,134184895",0,1,#66c2a5,bicycle
222354,9,1,62,0,2019,12,8,4,3,6,4,0,0,1,1,0,0,0,"689695,474807","5332007,83569","11,548651563","48,113054802",1,2,#fc8d62,car
222355,9,1,62,0,2019,12,8,4,3,2,6,0,0,1,0,0,0,0,"692575,961553","5338024,20908","11,590032035","48,166264182",1,2,#fc8d62,car
222356,9,1,84,148,2019,12,11,4,3,6,7,0,0,1,1,0,0,0,"695472,263769","5325592,45564","11,623246997","48,05364919",0,2,#fc8d62,car
222357,9,1,62,0,2019,12,19,4,3,5,3,2,1,1,0,0,0,0,"689585,22","5328302,854","11,545526369","48,079786737",0,1,#66c2a5,bicycle
222358,9,1,62,0,2019,12,8,4,2,4,2,0,1,1,0,0,0,0,"693970,702314","5336353,81065","11,608008828","48,150827275",0,1,#66c2a5,bicycle
222359,9,1,62,0,2019,12,12,4,3,5,1,0,0,1,0,1,0,0,"691033,325927","5337268,97566","11,568967042","48,159941674",0,2,#fc8d62,car
222366,9,7,73,182,2019,12,11,4,3,6,7,0,0,1,1,0,0,0,"623791,558176","5380531,16847","10,677957891","48,565641159",0,2,#fc8d62,car
222367,9,7,61,0,2019,12,8,4,3,5,3,0,1,1,0,0,0,0,"640394,899769","5359253,96022","10,895748259","48,370828338",0,1,#66c2a5,bicycle