OBJECTID,ULAND,UREGBEZ,UKREIS,UGEMEINDE,UJAHR,UMONAT,USTUNDE,UWOCHENTAG,UKATEGORIE,UART,UTYP1,ULICHTVERH,IstRad,IstPKW,IstFuss,IstKrad,IstGkfz,IstSonstig,LINREFX,LINREFY,XGCSWGS84,YGCSWGS84,STRZUSTAND,Teilnehmer,color,symbol
222391,9,1,73,130,2019,12,0,4,3,9,1,2,0,1,0,0,0,0,"681765,014","5313860,993","11,434503974","47,952246028",0,2,#fc8d62,car
222394,9,1,87,122,2019,12,7,4,2,5,3,0,0,1,0,0,0,0,"719392,083617","5306887,4322","11,934295048","47,877804292",1,2,#fc8d62,car
222395,9,1,81,114,2019,12,14,4,3,2,6,0,0,1,0,0,0,0,"657153,48806","5312933,35068","11,104774296","47,950418308",0,2,#fc8d62,car
222396,9,1,74,115,2019,12,18,4,3,5,3,2,1,0,0,1,0,0,"681531,105847","5346554,54771","11,445279075","48,246190625",0,1,#66c2a5,bicycle
222397,9,1,77,117,2019,12,17,4,3,6,4,2,0,1,1,0,0,0,"715477,12218","5354400,38731","11,905978786","48,306059976",0,2,#fc8d62,car
222398,9,1,77,117,2019,12,17,4,2,0,1,1,1,0,0,0,0,0,"715647,835223","5354736,69619","11,908449823","48,309023581",0,1,#66c2a5,bicycle
222399,9,1,62,0,2019,12,7,3,3,0,7,0,1,0,0,0,0,0,"679868,521654","5336616,52269","11,418692888","48,15733333",0,1,#66c2a5,bicycle
222400,9,1,62,0,2019,12,12,3,3,6,4,0,1,0,1,0,0,0,"691536,748","5336685,622","11,575467244","48,154547142",0,1,#66c2a5,bicycle
222401,9,1,62,0,2019,12,16,3,3,3,2,1,1,1,0,0,0,0,"686911,975467","5334822,69755","11,512525901","48,139178692",0,1,#66c2a5,bicycle
222402,9,1,62,0,2019,12,6,3,3,1,7,2,0,0,0,1,1,0,"692070,438389","5334497,65632","11,581648881","48,134721162",0,4,#e78ac3,marker
222403,9,1,84,127,2019,12,18,3,3,5,3,2,1,1,0,0,0,0,"702132,553422","5322012,54597","11,710836929","48,019401871",0,1,#66c2a5,bicycle
222404,9,1,62,0,2019,12,13,3,3,3,3,0,1,1,0,0,0,0,"683008,69584","5334586,98612","11,46000628","48,138194576",0,1,#66c2a5,bicycle
222405,9,1,62,0,2019,12,9,3,3,0,7,0,1,0,0,0,0,0,"691316,02677","5332460,53454","11,570604928","48,116638907",0,1,#66c2a5,bicycle
222406,9,1,62,0,2019,12,17,3,3,3,7,1,0,1,0,0,0,1,"690271,799673","5334929,80225","11,557691233","48,139145578",0,2,#fc8d62,car
222407,9,1,62,0,2019,12,12,3,3,6,6,0,0,1,1,0,0,0,"690217,944","5335235,481","11,557104569","48,141909119",0,2,#fc8d62,car
222408,9,1,62,0,2019,12,11,3,3,6,7,0,0,1,1,0,0,0,"686087,561634","5337643,98523","11,502688434","48,164779072",0,2,#fc8d62,car
222409,9,1,62,0,2019,12,15,3,3,5,2,0,1,1,0,0,0,0,"685582,844727","5339009,87456","11,496503409","48,177203725",0,1,#66c2a5,bicycle
222410,9,1,62,0,2019,12,8,3,3,6,2,1,0,1,1,0,0,0,"686227,987491","5334853,29368","11,50335403","48,139654251",0,2,#fc8d62,car
222411,9,1,62,0,2019,12,18,3,2,0,7,2,1,0,1,0,0,0,"697951,344802","5331165,22985","11,659060974","48,10296972",0,1,#66c2a5,bicycle
222412,9,1,62,0,2019,12,11,3,3,0,5,0,1,1,0,0,0,0,"691388,884764","5332940,37221","11,571798241","48,120929761",0,1,#66c2a5,bicycle
222413,9,1,62,0,2019,12,9,3,3,3,7,0,0,1,0,0,0,0,"689069,185399","5332688,63909","11,540547497","48,119360194",0,2,#fc8d62,car
222414,9,1,62,0,2019,12,19,3,3,6,2,2,0,1,1,0,0,0,"692414,219105","5338385,66782","11,588022553","48,169561853",1,2,#fc8d62,car
222415,9,1,62,0,2019,12,19,3,3,4,3,2,1,0,0,0,0,0,"692629,139863","5334760,72675","11,589269493","48,136916721",0,1,#66c2a5,bicycle
222422,9,7,61,0,2019,12,20,3,3,2,2,2,0,1,0,0,0,0,"639709,128357","5356250,48726","10,885496373","48,343974057",1,2,#fc8d62,car
222423,9,7,72,136,2019,12,17,3,2,8,1,2,0,1,0,0,0,0,"637364,235786","5383733,61651","10,862893326","48,591608735",1,2,#fc8d62,car
222424,9,7,72,184,2019,12,7,3,3,5,3,0,0,1,0,0,0,0,"636264,617104","5361417,79815","10,840709151","48,391190753",0,2,#fc8d62,car
222425,9,7,61,0,2019,12,15,3,3,1,5,0,1,1,0,0,0,0,"640314,30232","5358159,63154","10,894295509","48,3610064",0,1,#66c2a5,bicycle
222426,9,7,71,113,2019,12,15,3,3,6,7,0,0,1,1,0,0,0,"658140,157381","5368921,78514","11,138842152","48,453548132",0,2,#fc8d62,car
222449,9,1,63,0,2019,12,16,3,3,2,6,2,0,1,0,0,0,0,"734634,407019","5304157,261","12,136368865","47,847889353",0,2,#fc8d62,car
222450,9,1,82,120,2019,12,6,3,3,0,1,2,1,0,0,0,0,0,"702438,533799","5306348,97351","11,707567538","47,878533624",0,1,#66c2a5,bicycle
222452,9,1,62,0,2019,12,17,3,3,3,6,2,0,1,0,0,1,0,"680520,935503","5338884,65236","11,428420603","48,177536302",0,2,#fc8d62,car
222453,9,1,79,142,2019,12,10,3,3,5,3,0,1,1,0,0,0,0,"673072,823143","5343529,67116","11,330208089","48,221364702",0,1,#66c2a5,bicycle
222454,9,1,78,120,2019,12,17,3,3,2,6,1,0,1,0,0,0,0,"695716,370175","5355852,69318","11,640463004","48,325534476",0,2,#fc8d62,car
222455,9,1,78,124,2019,12,12,3,3,2,6,0,0,1,0,0,0,1,"702656,66","5364357,926","11,738083714","48,399778928",0,2,#fc8d62,car
222456,9,1,77,117,2019,12,20,3,3,5,2,2,0,1,0,0,0,0,"714468,970537","5354168,82061","11,892282983","48,304321851",1,2,#fc8d62,car
222457,9,1,75,115,2019,12,21,3,3,4,1,2,0,1,0,0,0,1,"722339,473353","5329576,73467","11,985401411","48,080654987",0,2,#fc8d62,car
222458,9,1,62,0,2019,12,7,2,3,0,7,0,0,0,0,0,0,1,"684663,927914","5329160,19745","11,479884703","48,088937345",0,6,#ffd92f,circle
222459,9,1,62,0,2019,12,14,2,3,5,7,0,1,0,1,0,0,0,"691450,162828","5335860,7979","11,573933206","48,147159809",0,1,#66c2a5,bicycle
222460,9,1,62,0,2019,12,15,2,3,5,2,0,0,1,0,1,0,0,"686221,378666","5333664,69698","11,502745713","48,128972625",0,2,#fc8d62,car
222461,9,1,84,148,2019,12,15,2,3,5,3,1,1,1,0,0,0,0,"694713,063457","5326894,88504","11,613662354","48,065587136",0,1,#66c2a5,bicycle
222462,9,1,62,0,2019,12,17,2,3,5,3,2,1,0,0,0,0,0,"689441,5816","5338384,99856","11,548080834","48,170448737",0,1,#66c2a5,bicycle
222463,9,1,62,0,2019,12,17,2,3,2,3,2,0,1,0,0,0,0,"686251,522406","5333288,94942","11,50298622","48,12558644",0,2,#fc8d62,car
222464,9,1,62,0,2019,12,9,2,3,3,6,0,0,1,0,0,0,1,"687408,776088","5334882,2247","11,519223548","48,139567613",0,2,#fc8d62,car
222465,9,1,62,0,2019,12,18,2,3,6,4,2,0,1,1,0,0,0,"690886,591643","5335007,4834","11,565981687","48,139659641",0,2,#fc8d62,car
222466,9,1,62,0,2019,12,17,2,2,6,4,2,0,1,1,0,0,0,"689398,902395","5337124,47068","11,546946029","48,159131797",0,2,#fc8d62,car
222467,9,1,62,0,2019,12,7,2,3,5,2,1,1,1,0,0,0,0,"686223,916622","5336107,09591","11,503847767","48,150925068",0,1,#66c2a5,bicycle
222468,9,1,62,0,2019,12,18,2,3,5,2,2,1,1,0,0,0,0,"684516,678539","5338270,04308","11,481853963","48,170864251",0,1,#66c2a5,bicycle
222469,9,1,62,0,2019,12,12,3,3,5,3,0,0,1,0,0,0,0,"688505,130053","5341638,90637","11,536941749","48,199973503",1,2,#fc8d62,car
222470,9,1,62,0,2019,12,11,3,3,0,5,0,0,1,0,0,0,1,"690215,996883","5336156,7254","11,557490018","48,150189833",0,2,#fc8d62,car
222471,9,1,84,147,2019,12,8,3,3,4,2,0,0,1,0,0,0,0,"695587,340529","5339581,57876","11,631205812","48,179341586",1,2,#fc8d62,car
222473,9,7,62,0,2019,12,12,3,3,5,3,0,0,1,0,0,0,0,"622094,831","5306776,625","10,633710865","47,902691294",0,2,#fc8d62,car
222474,9,7,72,147,2019,12,10,3,3,0,7,0,0,1,0,0,0,0,"637922,648","5366964,5","10,864917953","48,440704977",0,2,#fc8d62,car
222480,9,2,61,0,2019,12,11,3,3,8,1,0,0,1,0,0,0,0,"731703,940229","5379676,83771","12,138448412","48,527386616",0,2,#fc8d62,car
222481,9,1,73,147,2019,12,17,3,3,0,1,1,1,0,0,0,0,0,"681133,405","5309731,337","11,424315417","47,915302575",0,1,#66c2a5,bicycle
222485,9,1,62,0,2019,12,22,2,3,0,7,2,0,0,0,0,0,1,"689859,497891","5332732,15181","11,551175512","48,119516137",0,6,#ffd92f,circle
222490,9,1,84,149,2019,12,15,3,3,5,2,0,1,1,0,0,0,0,"690716,06699","5350914,09474","11,57084265","48,282676424",1,1,#66c2a5,bicycle
222491,9,1,62,0,2019,12,18,3,2,6,4,2,0,1,1,0,0,1,"693810,757068","5336083,0966","11,605737354","48,148442952",1,2,#fc8d62,car
222492,9,1,84,136,2019,12,13,3,3,5,3,0,1,1,0,0,0,0,"699814,747621","5327089,71153","11,682157281","48,065760655",0,1,#66c2a5,bicycle
222493,9,1,62,0,2019,12,7,2,3,8,1,1,0,1,0,0,0,0,"691159,907453","5333053,34623","11,568775212","48,12201395",1,2,#fc8d62,car
222494,9,1,62,0,2019,12,14,2,3,2,6,0,0,1,0,0,0,0,"686217,931338","5334512,38451","11,503069937","48,136592975",0,2,#fc8d62,car
222495,9,1,62,0,2019,12,14,2,3,6,7,0,0,1,1,0,0,0,"690427,89847","5342511,63231","11,563183613","48,207243715",0,2,#fc8d62,car
222496,9,1,62,0,2019,12,12,2,3,5,3,0,0,1,0,0,0,0,"685651,413","5339761,636","11,497753332","48,183940788",0,2,#fc8d62,car
222497,9,1,62,0,2019,12,20,2,3,4,2,2,0,1,0,0,0,0,"691697,140697","5333717,48798","11,576285599","48,127821659",0,2,#fc8d62,car
222498,9,1,62,0,2019,12,17,2,3,5,3,2,1,1,0,0,0,0,"691102,058","5335616,695","11,56914846","48,145070505",0,1,#66c2a5,bicycle
222499,9,1,62,0,2019,12,23,2,3,5,2,2,0,1,0,0,0,0,"690913,344","5335103,131","11,566383807","48,140511289",0,2,#fc8d62,car
222505,9,7,72,148,2019,12,16,2,2,0,1,1,1,0,0,0,0,0,"628586,36681","5353042,6016","10,734480806","48,317489179",1,1,#66c2a5,bicycle
222506,9,7,71,142,2019,12,17,2,3,0,1,2,0,0,0,1,0,0,"646172,419927","5351395,38527","10,970988485","48,298857685",1,4,#e78ac3,marker
222507,9,7,61,0,2019,12,17,2,3,6,4,2,0,0,1,0,0,1,"641856,196013","5360409,79525","10,915858719","48,380894335",0,3,#8da0cb,toilet
222508,9,7,61,0,2019,12,13,2,3,5,3,0,0,1,0,0,0,0,"641958,597366","5361215,93184","10,91751326","48,38811971",0,2,#fc8d62,car
222509,9,7,61,0,2019,12,18,2,3,0,7,1,0,0,1,0,0,1,"640072,840887","5360130,06571","10,89169388","48,378777568",0,3,#8da0cb,toilet
222527,9,1,81,130,2019,12,23,2,3,0,1,2,0,0,0,1,0,0,"639838,179996","5324053,06488","10,87662941","48,054425803",1,4,#e78ac3,marker
222528,9,1,81,130,2019,12,16,2,3,9,1,1,0,1,0,0,0,0,"637726,125787","5321462,06827","10,847467418","48,031585786",2,2,#fc8d62,car
222529,9,1,81,130,2019,12,17,2,2,8,1,2,0,1,0,0,0,0,"641062,202055","5320104,53165","10,891745891","48,018650331",0,2,#fc8d62,car
222530,9,1,78,143,2019,12,9,2,3,5,3,0,0,1,0,0,0,0,"717314,072731","5373815,20588","11,940762213","48,479868928",0,2,#fc8d62,car
222531,9,1,78,124,2019,12,16,2,3,4,2,0,0,1,0,0,0,0,"704982,04266","5364561,0441","11,769563031","48,400852549",0,2,#fc8d62,car
222532,9,1,62,0,2019,12,17,1,3,5,3,2,0,1,0,1,0,0,"685208,969684","5339216,00874","11,491568726","48,179165617",0,2,#fc8d62,car
222533,9,1,62,0,2019,12,18,1,2,0,1,2,1,0,0,0,0,0,"696397,204051","5336146,61649","11,640502739","48,148220557",0,1,#66c2a5,bicycle
222534,9,1,62,0,2019,12,15,1,3,1,5,0,1,1,0,0,0,0,"686294,690488","5337226,4773","11,505288485","48,160965715",0,1,#66c2a5,bicycle
222535,9,1,62,0,2019,12,15,1,3,5,3,0,0,1,0,0,0,1,"691687,147466","5333718,96919","11,576152103","48,127837981",1,2,#fc8d62,car
222536,9,1,62,0,2019,12,1,1,3,5,3,2,0,1,0,0,0,0,"692225,293187","5337117,42733","11,584910966","48,158220372",0,2,#fc8d62,car
222539,9,7,71,113,2019,12,2,1,3,6,6,2,0,1,1,0,0,0,"654404,244687","5363712,86714","11,086430444","48,407644911",0,2,#fc8d62,car
222543,9,2,61,0,2019,12,18,1,3,0,7,2,0,0,0,0,0,1,"736458,09278","5384193,56069","12,205303632","48,566184504",0,6,#ffd92f,circle
222544,9,1,82,127,2019,12,15,1,3,5,3,0,0,1,0,0,0,0,"701329,538941","5311143,69523","11,694989177","47,921974302",0,2,#fc8d62,car
222545,9,1,81,130,2019,12,11,1,3,3,6,0,0,1,0,0,0,0,"639184,690338","5324454,5426","10,867995045","48,058178889",0,2,#fc8d62,car
222546,9,1,77,115,2019,12,9,1,3,0,1,0,1,0,0,0,0,0,"734607,577074","5351020,36807","12,161708561","48,268893568",0,1,#66c2a5,bicycle
222547,9,1,62,0,2019,12,16,7,3,3,2,0,1,1,0,0,0,0,"690436,891158","5342685,96822","11,563382774","48,208807922",0,1,#66c2a5,bicycle
222548,9,1,62,0,2019,12,17,7,3,0,6,2,0,0,0,0,0,1,"689731,195347","5333343,54518","11,549725371","48,12504963",0,6,#ffd92f,circle
222549,9,1,62,0,2019,12,10,7,3,6,3,0,1,0,1,0,0,0,"689100,836441","5332959,43126","11,541092472","48,121784713",0,1,#66c2a5,bicycle
222550,9,7,62,0,2019,12,9,7,3,5,3,0,0,1,0,0,0,0,"622089,66242","5305558,77028","10,63329713","47,891739272",1,2,#fc8d62,car
222552,9,7,61,0,2019,12,9,7,3,5,3,0,0,1,0,0,0,0,"638158,254","5357813,857","10,865090674","48,358372759",0,2,#fc8d62,car
222553,9,7,61,0,2019,12,18,7,3,2,6,2,0,1,0,0,0,0,"639298,113002","5361879,39088","10,881817011","48,394678535",0,2,#fc8d62,car
222560,9,2,61,0,2019,12,13,7,3,5,2,0,1,1,0,0,0,0,"731333,654688","5383302,39907","12,13545368","48,560091056",0,1,#66c2a5,bicycle
222561,9,1,78,124,2019,12,16,7,3,0,1,1,0,1,0,0,0,0,"702965,852295","5364585,62082","11,742366285","48,401725605",0,2,#fc8d62,car
222562,9,1,62,0,2019,12,22,6,3,5,3,2,0,1,0,0,0,0,"690801,457067","5334755,13283","11,564725414","48,137417061",0,2,#fc8d62,car
222563,9,1,62,0,2019,12,14,6,3,5,2,0,0,1,0,0,0,0,"694557,550201","5342645,94906","11,618771204","48,207198687",1,2,#fc8d62,car
222564,9,1,62,0,2019,12,13,6,3,5,3,0,0,1,0,0,0,0,"685657,140219","5333708,98778","11,495189325","48,129535551",1,2,#fc8d62,car
222565,9,1,62,0,2019,12,10,6,3,1,6,0,0,1,0,0,0,0,"689551,645487","5334907,21006","11,548010596","48,139157452",0,2,#fc8d62,car
222566,9,1,62,0,2019,12,18,6,3,0,1,2,1,0,0,0,0,0,"692965,12682","5337954,50465","11,595228884","48,165519694",1,1,#66c2a5,bicycle
222568,9,7,62,0,2019,12,11,6,3,0,7,0,0,0,0,0,0,1,"621818,369527","5303808,77968","10,629175612","47,876051891",0,6,#ffd92f,circle
222569,9,7,72,177,2019,12,10,6,3,5,3,0,0,1,0,0,0,0,"636656,825266","5379795,53867","10,852010718","48,556353974",1,2,#fc8d62,car
222570,9,7,61,0,2019,12,11,6,3,2,6,0,1,1,0,0,0,0,"638481,390359","5359648,31689","10,870054495","48,374797091",1,1,#66c2a5,bicycle
222571,9,7,61,0,2019,12,13,6,3,5,2,0,0,1,0,0,0,0,"639330,569806","5358753,73606","10,881219001","48,366566317",1,2,#fc8d62,car
222583,9,1,77,117,2019,12,10,6,3,5,3,0,0,1,0,0,0,0,"713719,634872","5352866,88892","11,88153194","48,292877131",0,2,#fc8d62,car
222584,9,1,62,0,2019,12,16,5,2,3,6,0,1,0,0,0,0,0,"690983,975064","5335114,8226","11,567337531","48,140595176",0,1,#66c2a5,bicycle
222585,9,1,84,145,2019,12,14,5,3,0,7,0,0,0,1,0,0,1,"694194,559504","5325429,99423","11,606044857","48,052579071",0,3,#8da0cb,toilet
222586,9,1,84,148,2019,12,14,5,3,4,6,0,1,0,0,0,0,0,"691601,538129","5324553,3736","11,570891243","48,045483669",1,1,#66c2a5,bicycle
222588,9,7,72,125,2019,12,14,5,3,5,3,0,0,1,0,0,0,0,"636697,077375","5348913,56059","10,842490836","48,278659149",0,2,#fc8d62,car
222596,9,1,77,117,2019,12,11,5,3,5,3,0,0,1,0,0,0,0,"715498,632058","5352945,59218","11,905525987","48,292981123",0,2,#fc8d62,car
222603,9,2,74,182,2019,12,19,4,3,2,7,2,0,1,0,0,0,0,"729822,484898","5376941,48921","12,111496788","48,503506272",0,2,#fc8d62,car
222605,9,1,81,130,2019,12,23,4,3,0,1,2,1,0,0,0,0,0,"639207,877894","5324361,63839","10,868275837","48,057338407",1,1,#66c2a5,bicycle
222606,9,1,62,0,2019,12,14,3,3,6,2,0,0,1,1,0,0,0,"687490,398173","5327842,77501","11,517226009","48,076270786",1,2,#fc8d62,car
222607,9,1,62,0,2019,12,10,3,3,4,7,0,0,1,0,0,0,0,"683448,416314","5336021,98227","11,466529622","48,150966589",1,2,#fc8d62,car
222608,9,1,62,0,2019,12,1,3,3,9,1,2,0,1,0,0,0,0,"684052,817614","5340869,49926","11,476746851","48,194363922",1,2,#fc8d62,car
222610,9,7,71,142,2019,12,14,3,3,5,3,0,0,1,0,1,0,0,"646446,458271","5351805,72824","10,974823699","48,302483858",1,2,#fc8d62,car
222611,9,7,61,0,2019,12,9,3,3,5,3,0,0,1,0,0,0,0,"637439,955612","5360783,4489","10,856369859","48,385231733",0,2,#fc8d62,car
222623,9,1,90,139,2019,12,8,3,2,0,1,0,1,0,0,0,0,0,"656327,649328","5296922,95859","11,087926916","47,806664894",2,1,#66c2a5,bicycle
222624,9,1,82,137,2019,12,13,3,3,4,6,0,0,1,0,0,0,0,"711551,753037","5307877,80526","11,830053113","47,889334889",1,2,#fc8d62,car
222625,9,1,86,143,2019,12,13,3,3,5,2,0,1,1,0,0,0,0,"684488,815113","5378322,95309","11,499031466","48,530873031",0,1,#66c2a5,bicycle
222626,9,1,79,123,2019,12,10,3,3,1,7,0,1,1,0,0,0,0,"675684,872933","5333915,44662","11,361370877","48,134222186",0,1,#66c2a5,bicycle
222627,9,1,62,0,2019,12,18,2,3,1,5,2,1,1,0,0,0,0,"691515,176625","5336026,88653","11,574881082","48,148633021",1,1,#66c2a5,bicycle
222628,9,1,62,0,2019,12,9,2,3,0,1,0,0,0,0,1,0,0,"690822,119558","5334963,29628","11,565096128","48,139281827",1,4,#e78ac3,marker
222629,9,1,62,0,2019,12,14,2,3,5,2,0,1,1,0,0,0,0,"688659,918038","5336286,10721","11,53664695","48,151816174",1,1,#66c2a5,bicycle
222630,9,1,62,0,2019,12,14,2,3,3,3,0,0,1,0,0,0,0,"692111,723492","5336710,48577","11,583201642","48,154597189",1,2,#fc8d62,car
222631,9,1,62,0,2019,12,8,2,3,0,7,0,0,1,0,0,0,1,"690372,497825","5333013,54714","11,558187319","48,121892157",1,2,#fc8d62,car
222632,9,1,62,0,2019,12,10,2,3,6,4,0,0,1,1,0,0,0,"686371,848887","5339370,89983","11,507265077","48,180217811",0,2,#fc8d62,car
222633,9,1,62,0,2019,12,8,2,3,0,7,0,0,0,0,1,0,1,"685594,97177","5332408,66244","11,493788448","48,11786576",1,4,#e78ac3,marker
222634,9,1,84,112,2019,12,12,2,3,6,6,0,0,1,1,0,0,0,"701683,487064","5339766,55582","11,713210122","48,179098393",1,2,#fc8d62,car
222635,9,1,62,0,2019,12,11,2,3,6,4,0,1,0,1,0,0,0,"695584,006798","5336900,14122","11,629927777","48,155243377",1,1,#66c2a5,bicycle
222636,9,1,62,0,2019,12,23,2,3,2,5,2,0,1,0,0,0,0,"690564,205448","5334627,15","11,561482363","48,136337847",1,2,#fc8d62,car
222637,9,7,78,116,2019,12,17,2,3,6,4,2,0,1,1,0,0,0,"619484,258076","5319876,42534","10,602434331","48,020998957",1,2,#fc8d62,car
222640,9,7,61,0,2019,12,12,2,2,6,4,0,0,1,1,0,0,0,"641541,291777","5362270,85125","10,912235271","48,397698859",1,2,#fc8d62,car
222641,9,7,61,0,2019,12,17,2,3,6,1,2,0,1,1,0,0,0,"640784,204885","5352774,04989","10,898835998","48,312476219",1,2,#fc8d62,car
222642,9,7,61,0,2019,12,18,2,3,6,4,2,0,1,1,0,0,0,"641215,941398","5359202,86062","10,906811234","48,37018569",1,2,#fc8d62,car
222643,9,7,61,0,2019,12,10,2,3,2,2,0,0,1,0,0,0,1,"639693,987668","5360039,17974","10,886550122","48,378044342",0,2,#fc8d62,car
222644,9,7,61,0,2019,12,12,2,3,1,7,0,0,1,0,1,0,0,"640166,194808","5359258,81701","10,892663435","48,370922844",1,2,#fc8d62,car
222661,9,2,61,0,2019,12,19,2,3,4,2,2,0,1,0,0,0,0,"731660,682369","5382220,59638","12,139277359","48,550252726",0,2,#fc8d62,car
222662,9,1,90,157,2019,12,10,2,3,5,3,0,0,1,0,0,0,0,"660765,767747","5301678,38239","11,148925391","47,848328377",1,2,#fc8d62,car
222663,9,1,73,147,2019,12,9,2,3,6,4,0,1,0,1,0,0,0,"681300,956277","5309664,70888","11,426527848","47,914656292",1,1,#66c2a5,bicycle
222664,9,1,87,122,2019,12,18,2,3,5,3,2,0,1,0,0,0,0,"721049,473684","5307954,96768","11,956977989","47,886828171",1,2,#fc8d62,car
222665,9,1,74,115,2019,12,11,2,3,1,6,0,0,1,0,0,0,0,"683748,8014","5348176,46139","11,475827444","48,260130082",1,2,#fc8d62,car
222666,9,1,75,132,2019,12,19,2,3,0,7,1,1,0,0,0,0,0,"705869,596","5331598,53","11,765509105","48,104354421",1,1,#66c2a5,bicycle
222667,9,1,62,0,2019,12,4,1,3,6,1,2,0,1,1,0,0,0,"690557,402931","5337740,1813","11,562784691","48,164319639",0,2,#fc8d62,car
222668,9,7,78,203,2019,12,15,1,2,0,7,0,1,0,0,0,0,0,"622379,437316","5324822,49418","10,642660023","48,064932982",1,1,#66c2a5,bicycle
222670,9,7,71,122,2019,12,0,1,3,9,1,2,0,1,0,0,0,0,"650161,024052","5363038,40374","11,028889372","48,402606043",2,2,#fc8d62,car
222671,9,7,61,0,2019,12,0,1,3,4,6,2,1,0,0,0,0,1,"639834,325992","5358635,54653","10,887977511","48,365392191",0,1,#66c2a5,bicycle
222672,9,7,61,0,2019,12,13,1,3,2,6,0,0,1,0,0,0,0,"639677,571133","5359320,25954","10,886089686","48,37158365",0,2,#fc8d62,car
222681,9,2,61,0,2019,12,1,1,3,9,1,2,0,1,0,0,0,0,"732854,373276","5381650,48316","12,155109115","48,544689656",1,2,#fc8d62,car
222682,9,2,61,0,2019,12,4,1,3,1,1,2,0,1,0,0,0,1,"732947,866566","5381939,14481","12,156535328","48,547247904",2,2,#fc8d62,car
222684,9,1,83,144,2019,12,21,1,3,9,1,2,0,1,0,0,0,0,"739832,573","5350784,791","12,231875004","48,264821181",1,2,#fc8d62,car
222685,9,1,79,142,2019,12,1,1,2,0,1,2,1,0,0,0,0,0,"673863,277625","5341928,96851","11,340185225","48,206759333",0,1,#66c2a5,bicycle
222686,9,1,81,132,2019,12,20,1,3,5,3,2,0,1,0,1,0,0,"643348,287511","5326031,44765","10,924371083","48,071436588",1,2,#fc8d62,car
222687,9,1,62,0,2019,12,17,7,3,5,3,2,0,1,0,0,0,0,"694197,107182","5334323,04859","11,610123584","48,132506486",1,2,#fc8d62,car
222688,9,1,62,0,2019,12,6,7,2,1,1,2,0,1,0,0,0,0,"689492,184315","5334197,57841","11,546896447","48,13279694",1,2,#fc8d62,car
222689,9,1,62,0,2019,12,13,7,3,5,2,0,0,1,0,0,0,0,"694794,187439","5340917,62086","11,621159851","48,191592864",1,2,#fc8d62,car
222690,9,1,62,0,2019,12,14,7,3,5,3,0,1,1,0,0,0,0,"689586,908098","5343218,85937","11,5521915","48,213851937",1,1,#66c2a5,bicycle
222691,9,1,62,0,2019,12,7,7,3,6,2,1,0,1,1,0,0,0,"689415,5497","5336089,40514","11,546708949","48,149823623",1,2,#fc8d62,car
222692,9,1,62,0,2019,12,20,7,3,4,6,2,1,0,0,0,0,0,"689849,389882","5333458,45545","11,551363293","48,126047214",0,1,#66c2a5,bicycle
222693,9,1,62,0,2019,12,15,7,2,1,7,1,1,1,0,0,0,0,"691054,719314","5335447,03334","11,56843658","48,143559819",1,1,#66c2a5,bicycle
222700,9,7,72,125,2019,12,18,7,2,6,2,2,0,1,1,0,0,0,"635806,356985","5347741,58139","10,830115015","48,268312208",1,2,#fc8d62,car
222701,9,7,61,0,2019,12,12,7,3,5,3,0,0,1,0,0,0,0,"642456,607088","5359946,20941","10,923805789","48,376590708",0,2,#fc8d62,car
222702,9,7,61,0,2019,12,20,7,3,6,4,2,0,1,1,0,0,0,"641886,84452","5360519,1229","10,916309317","48,381870468",1,2,#fc8d62,car
222703,9,7,61,0,2019,12,11,7,3,0,1,0,1,0,0,0,0,0,"639066,910915","5356710,16887","10,876985756","48,348249135",0,1,#66c2a5,bicycle
222704,9,7,71,112,2019,12,11,7,3,8,1,0,0,1,0,0,0,0,"642984,85406","5367111,66891","10,933376853","48,440898903",0,2,#fc8d62,car
222720,9,2,74,146,2019,12,11,7,2,0,1,0,1,0,0,0,0,0,"732738,538975","5377879,97318","12,151437741","48,510863175",1,1,#66c2a5,bicycle
222722,9,1,63,0,2019,12,12,7,3,5,2,0,1,1,0,0,0,0,"733515,16164","5305915,95446","12,122380262","47,864097033",0,1,#66c2a5,bicycle
222726,9,1,86,143,2019,12,18,7,3,5,3,2,0,1,0,0,0,0,"684585,188957","5378467,46708","11,500399613","48,532143556",0,2,#fc8d62,car
222728,9,1,88,139,2019,12,11,7,2,5,2,0,1,1,0,0,0,0,"674841,933","5318821,543","11,343878685","47,998767302",1,1,#66c2a5,bicycle
222729,9,1,88,127,2019,12,10,7,2,8,1,0,0,1,0,0,0,0,"676655,527847","5329214,33615","11,372458616","48,091693884",1,2,#fc8d62,car
222730,9,1,78,124,2019,12,23,7,3,9,1,2,0,0,0,1,0,0,"703840,605708","5363744,67647","11,753763131","48,393886565",1,4,#e78ac3,marker
222731,9,1,75,122,2019,12,2,7,2,1,7,2,0,1,1,0,0,0,"722046,661572","5325695,21671","11,979460201","48,045881959",1,2,#fc8d62,car